$MeshFormat
2.2 0 8
$EndMeshFormat
$PhysicalNames
5
1 1 "inlet"
1 2 "bottom"
1 3 "outlet"
1 4 "top"
2 5 "surface"
$EndPhysicalNames
$Nodes
4497
1 0 1 0
2 1 1 0
3 1 0 0
4 7 0 0
5 7 2 0
6 0 2 0
7 0.06249999999987061 1 0
8 0.1249999999997738 1 0
9 0.187499999999591 1 0
10 0.2499999999994083 1 0
11 0.3124999999992242 1 0
12 0.37499999999904 1 0
13 0.4374999999988559 1 0
14 0.4999999999986718 1 0
15 0.5624999999988379 1 0
16 0.6249999999990039 1 0
17 0.6874999999991699 1 0
18 0.7499999999993359 1 0
19 0.812499999999502 1 0
20 0.8749999999996679 1 0
21 0.937499999999834 1 0
22 1 0.9375000000001374 0
23 1 0.8750000000002633 0
24 1 0.8125000000005136 0
25 1 0.750000000000802 0
26 1 0.6875000000009006 0
27 1 0.6250000000009612 0
28 1 0.562500000001242 0
29 1 0.5000000000013304 0
30 1 0.4375000000011641 0
31 1 0.3750000000009978 0
32 1 0.3125000000008314 0
33 1 0.2500000000006652 0
34 1 0.1875000000004989 0
35 1 0.1250000000003326 0
36 1 0.06250000000016631 0
37 1.062499999999771 0 0
38 1.124999999999559 0 0
39 1.187499999999341 0 0
40 1.249999999999118 0 0
41 1.312499999998903 0 0
42 1.374999999998677 0 0
43 1.437499999998488 0 0
44 1.499999999998295 0 0
45 1.562499999998069 0 0
46 1.624999999997843 0 0
47 1.687499999997614 0 0
48 1.749999999997408 0 0
49 1.81249999999718 0 0
50 1.874999999996886 0 0
51 1.93749999999659 0 0
52 1.999999999996295 0 0
53 2.062499999996001 0 0
54 2.124999999995768 0 0
55 2.187499999995499 0 0
56 2.249999999995255 0 0
57 2.312499999995061 0 0
58 2.374999999994844 0 0
59 2.437499999994582 0 0
60 2.49999999999432 0 0
61 2.562499999994072 0 0
62 2.624999999993823 0 0
63 2.68749999999357 0 0
64 2.749999999993387 0 0
65 2.812499999993232 0 0
66 2.874999999993046 0 0
67 2.937499999992791 0 0
68 2.999999999992593 0 0
69 3.062499999992388 0 0
70 3.124999999992207 0 0
71 3.187499999991894 0 0
72 3.249999999991632 0 0
73 3.312499999991343 0 0
74 3.37499999999109 0 0
75 3.43749999999086 0 0
76 3.499999999990579 0 0
77 3.562499999990393 0 0
78 3.624999999990179 0 0
79 3.687499999989943 0 0
80 3.749999999989744 0 0
81 3.812499999989533 0 0
82 3.874999999989336 0 0
83 3.937499999989157 0 0
84 3.999999999988977 0 0
85 4.062499999989053 0 0
86 4.12499999998913 0 0
87 4.187499999989204 0 0
88 4.249999999989312 0 0
89 4.312499999989399 0 0
90 4.374999999989442 0 0
91 4.437499999989651 0 0
92 4.499999999989925 0 0
93 4.562499999990237 0 0
94 4.624999999990663 0 0
95 4.687499999991111 0 0
96 4.749999999991593 0 0
97 4.812499999991791 0 0
98 4.874999999992039 0 0
99 4.937499999992259 0 0
100 4.999999999992587 0 0
101 5.062499999992429 0 0
102 5.124999999992377 0 0
103 5.187499999992538 0 0
104 5.24999999999282 0 0
105 5.312499999993143 0 0
106 5.374999999993439 0 0
107 5.437499999993793 0 0
108 5.499999999994127 0 0
109 5.562499999994472 0 0
110 5.624999999994879 0 0
111 5.687499999995168 0 0
112 5.749999999995429 0 0
113 5.812499999995428 0 0
114 5.87499999999565 0 0
115 5.937499999995916 0 0
116 5.999999999996295 0 0
117 6.062499999996653 0 0
118 6.12499999999693 0 0
119 6.187499999997192 0 0
120 6.249999999997413 0 0
121 6.312499999997798 0 0
122 6.374999999998087 0 0
123 6.437499999998224 0 0
124 6.499999999998396 0 0
125 6.562499999998396 0 0
126 6.624999999998622 0 0
127 6.687499999998844 0 0
128 6.74999999999914 0 0
129 6.812499999999289 0 0
130 6.87499999999957 0 0
131 6.937499999999751 0 0
132 7 0.06249999999988411 0
133 7 0.1249999999997468 0
134 7 0.1874999999996529 0
135 7 0.2499999999995589 0
136 7 0.3124999999993789 0
137 7 0.374999999999199 0
138 7 0.437499999999019 0
139 7 0.499999999998839 0
140 7 0.5624999999986577 0
141 7 0.6249999999984763 0
142 7 0.687499999998295 0
143 7 0.7499999999981137 0
144 7 0.8124999999979324 0
145 7 0.8749999999977511 0
146 7 0.9374999999975697 0
147 7 0.9999999999973884 0
148 7 1.062499999997552 0
149 7 1.124999999997715 0
150 7 1.187499999997878 0
151 7 1.249999999998041 0
152 7 1.312499999998205 0
153 7 1.374999999998368 0
154 7 1.437499999998531 0
155 7 1.499999999998694 0
156 7 1.562499999998857 0
157 7 1.624999999999021 0
158 7 1.687499999999184 0
159 7 1.749999999999347 0
160 7 1.81249999999951 0
161 7 1.874999999999673 0
162 7 1.937499999999837 0
163 6.937499999999972 2 0
164 6.875000000000004 2 0
165 6.812499999999992 2 0
166 6.74999999999998 2 0
167 6.687500000000056 2 0
168 6.625000000000131 2 0
169 6.562500000000153 2 0
170 6.500000000000174 2 0
171 6.437500000000202 2 0
172 6.375000000000163 2 0
173 6.312500000000205 2 0
174 6.250000000000205 2 0
175 6.18750000000026 2 0
176 6.125000000000279 2 0
177 6.062500000000389 2 0
178 6.00000000000047 2 0
179 5.937500000000551 2 0
180 5.875000000000535 2 0
181 5.812500000000583 2 0
182 5.750000000000647 2 0
183 5.687500000000705 2 0
184 5.625000000000735 2 0
185 5.562500000000834 2 0
186 5.500000000000823 2 0
187 5.437500000000838 2 0
188 5.375000000000882 2 0
189 5.312500000000922 2 0
190 5.250000000000912 2 0
191 5.187500000000949 2 0
192 5.125000000000956 2 0
193 5.062500000000955 2 0
194 5.00000000000094 2 0
195 4.937500000000947 2 0
196 4.875000000001053 2 0
197 4.812500000001028 2 0
198 4.750000000001001 2 0
199 4.687500000001112 2 0
200 4.625000000001205 2 0
201 4.562500000001307 2 0
202 4.500000000001407 2 0
203 4.43750000000146 2 0
204 4.375000000001472 2 0
205 4.312500000001492 2 0
206 4.25000000000146 2 0
207 4.187500000001391 2 0
208 4.125000000001382 2 0
209 4.062500000001394 2 0
210 4.000000000001406 2 0
211 3.937500000001539 2 0
212 3.875000000001639 2 0
213 3.812500000001651 2 0
214 3.750000000001696 2 0
215 3.68750000000176 2 0
216 3.625000000001864 2 0
217 3.562500000001962 2 0
218 3.500000000002046 2 0
219 3.437500000001693 2 0
220 3.375000000001288 2 0
221 3.312500000000853 2 0
222 3.250000000000416 2 0
223 3.187499999999963 2 0
224 3.124999999999553 2 0
225 3.062499999999095 2 0
226 2.999999999998726 2 0
227 2.937499999998764 2 0
228 2.874999999998745 2 0
229 2.812499999998805 2 0
230 2.749999999998823 2 0
231 2.68749999999874 2 0
232 2.624999999998718 2 0
233 2.562499999998828 2 0
234 2.499999999998887 2 0
235 2.437499999998889 2 0
236 2.37499999999889 2 0
237 2.312499999998864 2 0
238 2.249999999998883 2 0
239 2.187499999998902 2 0
240 2.124999999998966 2 0
241 2.062499999998987 2 0
242 1.999999999999051 2 0
243 1.937499999999115 2 0
244 1.874999999999067 2 0
245 1.812499999999134 2 0
246 1.749999999999083 2 0
247 1.687499999999081 2 0
248 1.624999999999046 2 0
249 1.562499999999135 2 0
250 1.499999999999115 2 0
251 1.437499999999193 2 0
252 1.374999999999218 2 0
253 1.31249999999927 2 0
254 1.249999999999321 2 0
255 1.187499999999373 2 0
256 1.124999999999424 2 0
257 1.062499999999449 2 0
258 0.9999999999995266 2 0
259 0.937499999999468 2 0
260 0.8749999999993801 2 0
261 0.8124999999994964 2 0
262 0.749999999999555 2 0
263 0.6874999999996847 2 0
264 0.6249999999996749 2 0
265 0.5624999999997167 2 0
266 0.4999999999996767 2 0
267 0.4374999999996234 2 0
268 0.3749999999996847 2 0
269 0.3124999999996172 2 0
270 0.2499999999997211 2 0
271 0.1874999999999032 2 0
272 0.1249999999999174 2 0
273 0.06249999999996625 2 0
274 0 1.937500000000205 0
275 0 1.875000000000386 0
276 0 1.812500000000388 0
277 0 1.750000000000586 0
278 0 1.687500000000844 0
279 0 1.625000000001085 0
280 0 1.56250000000133 0
281 0 1.500000000001379 0
282 0 1.437500000001161 0
283 0 1.375000000000806 0
284 0 1.312500000000925 0
285 0 1.250000000000553 0
286 0 1.187500000000493 0
287 0 1.125000000000254 0
288 0 1.062500000000113 0
289 2.442730724752842 0.9277986367295774 0
290 4.504367566452755 0.9989809243564071 0
291 5.554739222541718 1.058739293846907 0
292 3.494640738560297 1.001551947272746 0
293 1.65745166615756 1.266317716836951 0
294 6.344040574809821 0.7267892233666136 0
295 6.393090946736934 1.380788310230986 0
296 1.604601413954367 0.6133618187824647 0
297 0.4999999999997633 1.5 0
298 2.221365362375947 1.463899318364789 0
299 2.721365362375784 1.463899318364789 0
300 4.25218378322708 1.499490462178203 0
301 4.752183783226847 1.499490462178203 0
302 3.747320369274637 0.5007759736363729 0
303 3.247320369276445 0.5007759736363729 0
304 5.777369611269006 0.5293696469234535 0
305 5.277369611267153 0.5293696469234535 0
306 5.029553394497237 1.028860109101657 0
307 5.277369611271329 1.529369646923453 0
308 2.96868573165657 0.9646752920011616 0
309 3.247320369279512 1.500775973636373 0
310 3.747320369280851 1.500775973636373 0
311 3.999504152506526 1.000266435814577 0
312 2.721365362372718 0.4638993183647887 0
313 4.252183783220866 0.4994904621782035 0
314 4.752183783222671 0.4994904621782035 0
315 1.828725833078306 1.633158858418476 0
316 2.050091195455201 1.097058176783265 0
317 6.172020287403058 0.3633946116833068 0
318 5.949389898675769 0.8927642586067602 0
319 5.777369611271094 1.529369646923453 0
320 2.221365362374569 0.4638993183647887 0
321 1.328725833078543 1.633158858418476 0
322 1.32872583307878 1.133158858418476 0
323 0.9999999999997633 1.5 0
324 6.67202028740491 0.863394611682001 0
325 6.67202028740491 0.3633946116833068 0
326 5.973915084639327 1.219763802038946 0
327 6.196545473368702 1.690394155115493 0
328 2.023666069353605 0.770580227756021 0
329 1.802300706975331 0.3066809093912323 0
330 6.368565760773377 1.0537887667988 0
331 1.631026540055964 0.9398397678097081 0
332 6.696545473368467 1.690394155115493 0
333 6.696545473368467 1.190394155114187 0
334 1.302300706977184 0.3066809093912323 0
335 1.302300706977184 0.8066809093912324 0
336 0.749999999999645 1.75 0
337 0.7499999999998817 1.25 0
338 0.2499999999998817 1.25 0
339 0.2499999999998817 1.75 0
340 2.110682681187499 1.731949659182394 0
341 2.360682681187417 1.731949659182394 0
342 2.471365362375865 1.463899318364789 0
343 2.610682681187336 1.731949659182394 0
344 2.332048043564394 1.195848977547183 0
345 2.582048043564313 1.195848977547183 0
346 2.860682681187255 1.731949659182394 0
347 4.126091891614243 1.749745231089102 0
348 4.376091891614244 1.749745231089102 0
349 4.502183783226964 1.499490462178203 0
350 4.626091891614127 1.749745231089102 0
351 4.378275674839918 1.249235693267305 0
352 4.628275674839801 1.249235693267305 0
353 4.876091891613894 1.749745231089102 0
354 3.873660184631807 0.2503879868181865 0
355 3.623660184632608 0.2503879868181865 0
356 3.497320369275541 0.5007759736363729 0
357 3.373660184633512 0.2503879868181865 0
358 3.620980553917467 0.7511639604545595 0
359 3.370980553918371 0.7511639604545595 0
360 3.123660184634519 0.2503879868181865 0
361 5.88868480563265 0.2646848234617267 0
362 5.638684805631566 0.2646848234617267 0
363 5.52736961126808 0.5293696469234535 0
364 5.38868480563064 0.2646848234617267 0
365 5.666054416905363 0.7940544703851802 0
366 5.416054416904435 0.7940544703851802 0
367 5.13868480562987 0.2646848234617267 0
368 4.766960480474996 1.013920516729032 0
369 4.890868588862042 1.26417528563993 0
370 5.153461502884283 1.279114878012555 0
371 5.014776697249088 1.514430054550828 0
372 5.292146308519477 1.043799701474282 0
373 5.416054416906523 1.29405447038518 0
374 5.138684805636134 1.764684823461727 0
375 2.705708228204706 0.9462369643653695 0
376 2.845025547016177 1.214287305182975 0
377 3.10800305046804 1.232725632818767 0
378 2.984342865827648 1.482337646000581 0
379 3.231663235108433 0.9831136196369538 0
380 3.370980553919904 1.251163960454559 0
381 3.123660184639119 1.750387986818186 0
382 3.873660184641129 1.750387986818186 0
383 3.999752076253966 1.500133217907288 0
384 3.873412260893689 1.250521204725475 0
385 4.125843967866803 1.24987844899639 0
386 3.620980553920574 1.251163960454559 0
387 3.747072445533411 1.000909191543661 0
388 4.251935859479641 0.9996236800854919 0
389 2.984342865824582 0.4823376460005808 0
390 2.860682681182655 0.2319496591823944 0
391 3.108003050466507 0.7327256328187672 0
392 2.845025547014644 0.7142873051829752 0
393 2.58204804356278 0.695848977547183 0
394 4.125843967863696 0.74987844899639 0
395 4.378275674836811 0.7492356932673053 0
396 3.873412260890581 0.7505212047254748 0
397 3.999752076247752 0.5001332179072883 0
398 4.126091891604922 0.2497452310891018 0
399 5.014776697244912 0.5144300545508285 0
400 4.876091891607629 0.2497452310891018 0
401 5.153461502882195 0.7791148780125552 0
402 4.890868588859954 0.7641752856399302 0
403 4.628275674837713 0.7492356932673053 0
404 1.914362916538679 1.816579429209238 0
405 2.025045597727126 1.548529088391632 0
406 1.939408514266754 1.36510851760087 0
407 2.135728278915574 1.280478747574027 0
408 1.743088749617933 1.449738287627714 0
409 1.853771430806381 1.181687946810108 0
410 2.246410960104022 1.012428406756421 0
411 6.086010143699676 0.1816973058416534 0
412 5.974694949336032 0.4463821293033801 0
413 6.060705093039413 0.6280794351450335 0
414 5.863379754972388 0.7110669527651068 0
415 6.258030431106439 0.5450919175249602 0
416 6.146715236742795 0.8097767409866869 0
417 5.752064560608744 0.9757517762268335 0
418 5.388684805636077 1.764684823461727 0
419 5.527369611271212 1.529369646923453 0
420 5.638684805635959 1.764684823461727 0
421 5.666054416906406 1.29405447038518 0
422 5.888684805635782 1.764684823461727 0
423 3.373660184640779 1.750387986818186 0
424 3.497320369280182 1.500775973636373 0
425 3.623660184641449 1.750387986818186 0
426 4.626091891606298 0.2497452310891018 0
427 4.502183783221769 0.4994904621782035 0
428 4.376091891605395 0.2497452310891018 0
429 2.610682681183519 0.2319496591823944 0
430 2.471365362373644 0.4638993183647887 0
431 2.360682681184445 0.2319496591823944 0
432 2.332048043563706 0.695848977547183 0
433 2.110682681185432 0.2319496591823944 0
434 1.164362916539035 1.816579429209238 0
435 1.414362916538829 1.816579429209238 0
436 1.578725833078425 1.633158858418476 0
437 1.664362916538711 1.816579429209238 0
438 1.493088749618052 1.449738287627714 0
439 1.16436291653939 1.066579429209238 0
440 1.164362916539272 1.316579429209238 0
441 0.9999999999998817 1.25 0
442 1.328725833078662 1.383158858418476 0
443 1.164362916539153 1.566579429209238 0
444 1.49308874961817 1.199738287627714 0
445 0.999999999999645 1.75 0
446 6.836010143702455 0.9316973058396947 0
447 6.836010143702455 0.6816973058404201 0
448 6.67202028740491 0.6133946116826539 0
449 6.836010143702455 0.4316973058410729 0
450 6.508030431107366 0.7950919175243073 0
451 6.508030431107366 0.5450919175249602 0
452 6.836010143702455 0.1816973058416534 0
453 6.586010143701653 0.1816973058416534 0
454 6.422020287403984 0.3633946116833068 0
455 6.336010143700727 0.1816973058416534 0
456 5.764327153590522 1.139251547942927 0
457 5.87564234795521 1.3745667244812 0
458 6.085230279004014 1.45507897857722 0
459 5.986957542319898 1.609881901019473 0
460 6.18350301568813 1.300276056134966 0
461 6.294818210052818 1.535591232673239 0
462 6.098272736684586 1.845197077557746 0
463 2.233198397053224 0.8491894322427992 0
464 2.122515715864087 0.6172397730604049 0
465 1.912983388164468 0.5386305685736267 0
466 2.01183303467495 0.3852901138780105 0
467 1.814133741653986 0.6919710232692429 0
468 1.703451060464849 0.4600213640868485 0
469 1.901150353485813 0.1533404546956162 0
470 6.356303167791599 0.8902889950827065 0
471 6.158977829724574 0.9732765127027798 0
472 6.171240422706352 1.136776284418873 0
473 5.961652491657548 1.056264030322853 0
474 6.380828353755156 1.217288538514893 0
475 1.644239103106762 1.10307874232333 0
476 1.840558867755583 1.018448972296486 0
477 1.827346304704784 0.8552099977828646 0
478 2.036878632404403 0.9338192022696428 0
479 1.617813977005166 0.7766007932960863 0
480 6.848272736684233 1.845197077557746 0
481 6.848272736684233 1.595197077557093 0
482 6.696545473368467 1.44039415511484 0
483 6.848272736684233 1.345197077556441 0
484 6.5448182100527 1.535591232673239 0
485 6.5448182100527 1.285591232672586 0
486 6.848272736684233 1.095197077555788 0
487 6.348272736684438 1.845197077557746 0
488 6.446545473368584 1.690394155115493 0
489 6.59827273668432 1.845197077557746 0
490 1.151150353488592 0.1533404546956162 0
491 1.151150353488592 0.4033404546962813 0
492 1.302300706977184 0.5566809093912324 0
493 1.151150353488592 0.6533404546962813 0
494 1.453451060465776 0.4600213640868485 0
495 1.453451060465776 0.7100213640868485 0
496 1.151150353488592 0.9033404546956162 0
497 1.651150353486813 0.1533404546956162 0
498 1.552300706976258 0.3066809093912323 0
499 1.401150353487739 0.1533404546956162 0
500 0.8749999999995858 1.875 0
501 0.8749999999997041 1.625 0
502 0.7499999999997633 1.5 0
503 0.8749999999998225 1.375 0
504 0.6249999999997041 1.625 0
505 0.6249999999998225 1.375 0
506 0.8749999999999408 1.125 0
507 0.1249999999999408 1.125 0
508 0.1249999999999408 1.375000000000689 0
509 0.2499999999998817 1.5 0
510 0.1249999999999408 1.625000000000689 0
511 0.3749999999998225 1.375 0
512 0.3749999999998225 1.625 0
513 0.1249999999999408 1.875 0
514 0.6249999999992768 1.125 0
515 0.4999999999998817 1.25 0
516 0.3749999999992767 1.125 0
517 0.3749999999997792 1.875 0
518 0.4999999999997633 1.75 0
519 0.6249999999996608 1.875 0
520 1.315513270027982 0.9699198839048541 0
521 1.466663623516574 0.8732603386004703 0
522 1.479876186567372 1.036499313114092 0
523 6.684282880386688 1.026894383398094 0
524 6.532555617070922 1.122091460956493 0
525 6.520293024089144 0.9585916892404003 0
526 2.055341340593275 1.865974829591197 0
527 2.180341340593191 1.865974829591197 0
528 2.235682681187458 1.731949659182394 0
529 2.30534134059315 1.865974829591197 0
530 2.166024021781723 1.597924488773592 0
531 2.291024021781682 1.597924488773592 0
532 2.430341340593152 1.865974829591197 0
533 2.346365362375906 1.463899318364789 0
534 2.416024021781641 1.597924488773592 0
535 2.541024021781601 1.597924488773592 0
536 2.485682681187376 1.731949659182394 0
537 2.596365362375825 1.463899318364789 0
538 2.66602402178156 1.597924488773592 0
539 2.555341340593111 1.865974829591197 0
540 2.27670670297017 1.329874147955986 0
541 2.40170670297013 1.329874147955986 0
542 2.457048043564354 1.195848977547183 0
543 2.526706702970089 1.329874147955986 0
544 2.387389384158618 1.06182380713838 0
545 2.512389384158578 1.06182380713838 0
546 2.651706702970049 1.329874147955986 0
547 2.680341340593079 1.865974829591197 0
548 2.735682681187296 1.731949659182394 0
549 2.805341340593039 1.865974829591197 0
550 2.79102402178152 1.597924488773592 0
551 2.930341340592991 1.865974829591197 0
552 4.063045945807824 1.874872615544551 0
553 4.188045945807851 1.874872615544551 0
554 4.251091891614243 1.749745231089102 0
555 4.313045945807852 1.874872615544551 0
556 4.189137837420661 1.624617846633653 0
557 4.314137837420661 1.624617846633653 0
558 4.438045945807826 1.874872615544551 0
559 4.377183783227022 1.499490462178203 0
560 4.439137837420604 1.624617846633653 0
561 4.564137837420546 1.624617846633653 0
562 4.501091891614186 1.749745231089102 0
563 4.627183783226906 1.499490462178203 0
564 4.689137837420487 1.624617846633653 0
565 4.563045945807767 1.874872615544551 0
566 4.315229729033499 1.374363077722754 0
567 4.44022972903344 1.374363077722754 0
568 4.503275674839859 1.249235693267305 0
569 4.565229729033383 1.374363077722754 0
570 4.441321620646336 1.124108308811856 0
571 4.566321620646278 1.124108308811856 0
572 4.690229729033325 1.374363077722754 0
573 4.688045945807565 1.874872615544551 0
574 4.75109189161401 1.749745231089102 0
575 4.813045945807447 1.874872615544551 0
576 4.81413783742037 1.624617846633653 0
577 4.938045945807417 1.874872615544551 0
578 3.936830092310392 0.1251939934090932 0
579 3.811830092310776 0.1251939934090932 0
580 3.748660184632207 0.2503879868181865 0
581 3.686830092311176 0.1251939934090932 0
582 3.810490276953222 0.3755819802272797 0
583 3.685490276953622 0.3755819802272797 0
584 3.561830092311594 0.1251939934090932 0
585 3.622320369275089 0.5007759736363729 0
586 3.560490276954074 0.3755819802272797 0
587 3.435490276954527 0.3755819802272797 0
588 3.49866018463306 0.2503879868181865 0
589 3.372320369275993 0.5007759736363729 0
590 3.310490276954979 0.3755819802272797 0
591 3.436830092312046 0.1251939934090932 0
592 3.684150461596052 0.6259699670454661 0
593 3.559150461596504 0.6259699670454661 0
594 3.495980553917919 0.7511639604545595 0
595 3.434150461596956 0.6259699670454661 0
596 3.557810646238882 0.8763579538636527 0
597 3.432810646239334 0.8763579538636527 0
598 3.309150461597408 0.6259699670454661 0
599 3.311830092312572 0.1251939934090932 0
600 3.248660184634016 0.2503879868181865 0
601 3.186830092313075 0.1251939934090932 0
602 3.185490276955482 0.3755819802272797 0
603 3.061830092313556 0.1251939934090932 0
604 5.944342402814472 0.1323424117308634 0
605 5.81934240281404 0.1323424117308634 0
606 5.763684805632108 0.2646848234617267 0
607 5.694342402813498 0.1323424117308634 0
608 5.833027208450828 0.3970272351925901 0
609 5.708027208450286 0.3970272351925901 0
610 5.569342402812847 0.1323424117308634 0
611 5.652369611268544 0.5293696469234535 0
612 5.583027208449823 0.3970272351925901 0
613 5.45802720844936 0.3970272351925901 0
614 5.513684805631103 0.2646848234617267 0
615 5.402369611267616 0.5293696469234535 0
616 5.333027208448897 0.3970272351925901 0
617 5.444342402812383 0.1323424117308634 0
618 5.721712014087185 0.6617120586543168 0
619 5.596712014086721 0.6617120586543168 0
620 5.541054416904899 0.7940544703851802 0
621 5.471712014086258 0.6617120586543168 0
622 5.61039681972354 0.9263968821160435 0
623 5.485396819723077 0.9263968821160435 0
624 5.346712014085794 0.6617120586543168 0
625 5.31934240281173 0.1323424117308634 0
626 5.263684805630255 0.2646848234617267 0
627 5.194342402811345 0.1323424117308634 0
628 5.208027208448511 0.3970272351925901 0
629 5.069342402811229 0.1323424117308634 0
630 4.635664023463876 1.00645072054272 0
631 4.697618077657399 1.131578104998169 0
632 4.828914534668518 1.139047901184481 0
633 4.759572131850922 1.256705489453618 0
634 4.898256937486116 1.021390312915345 0
635 4.96021099167964 1.146517697370794 0
636 4.821526186044444 1.381832873909067 0
637 5.091507448690759 1.153987493557106 0
638 5.022165045873162 1.271645081826243 0
639 5.084119100066685 1.396772466281692 0
640 4.952822643055566 1.389302670095379 0
641 5.215415557077806 1.404242262468004 0
642 5.146073154260209 1.521899850737141 0
643 4.883480240237968 1.506960258364516 0
644 5.160849851508357 1.036329905287969 0
645 5.22280390570188 1.161457289743419 0
646 5.354100362713 1.168927085929731 0
647 5.284757959895403 1.286584674198868 0
648 5.423442765530598 1.051269497660595 0
649 5.485396819724121 1.176396882116044 0
650 5.346712014088926 1.411712058654317 0
651 4.945434294431491 1.632087642819965 0
652 5.076730751442611 1.639557439006277 0
653 5.007388348625014 1.757215027275414 0
654 5.208027208453732 1.64702723519259 0
655 5.069342402818537 1.882342411730863 0
656 2.574219476478774 0.9370178005474734 0
657 2.64387813588451 1.071042970956276 0
658 2.775366887610442 1.080262134774172 0
659 2.713536795290245 1.205068141365079 0
660 2.837196979930638 0.9554561281832656 0
661 2.906855639336373 1.089481298592069 0
662 2.783195454695981 1.339093311773882 0
663 3.038344391062305 1.098700462409965 0
664 2.976514298742109 1.223506469000871 0
665 3.046172958147844 1.357531639409674 0
666 2.914684206421912 1.348312475591778 0
667 3.177661709873776 1.36675080322757 0
668 3.11583161755358 1.491556809818477 0
669 2.852854114101716 1.473118482182685 0
670 3.100174483382502 0.9738944558190576 0
671 3.169833142788237 1.107919626227861 0
672 3.301321894514169 1.117138790045757 0
673 3.239491802193972 1.241944796636663 0
674 3.363151986834365 0.9923327834548499 0
675 3.4328106462401 1.126357953863653 0
676 3.309150461599708 1.375969967045466 0
677 2.922512773507451 1.607143652591488 0
678 3.054001525233383 1.616362816409384 0
679 2.992171432913187 1.74116882300029 0
680 3.185490276959316 1.62558198022728 0
681 3.061830092318923 1.875193993409093 0
682 3.936830092321268 1.875193993409093 0
683 3.999876038127685 1.750066608953644 0
684 3.936706130447547 1.625260602362737 0
685 4.062921983934104 1.624939224498195 0
686 3.81049027696099 1.62558198022728 0
687 3.873536222767409 1.50045459577183 0
688 4.125967929740523 1.499811840042746 0
689 3.81036631508727 1.375648589180924 0
690 3.936582168573827 1.375327211316381 0
691 3.999628114380246 1.250199826860932 0
692 4.062798022060385 1.375005833451839 0
693 3.936458206700108 1.125393820270026 0
694 4.062674060186665 1.125072442405483 0
695 4.189013875546942 1.374684455587297 0
696 3.684150461600713 1.375969967045466 0
697 3.747196407407132 1.250842582590017 0
698 3.684026499726992 1.12603657599911 0
699 3.81024235321355 1.125715198134568 0
700 3.557810646240435 1.126357953863653 0
701 3.620856592046854 1.001230569408204 0
702 3.873288299019968 1.000587813679119 0
703 4.25205982135336 1.249557071131848 0
704 4.188889913673222 1.124751064540941 0
705 4.315105767159779 1.124429686676399 0
706 4.125720005993084 0.9999450579500342 0
707 4.378151712966198 0.9993023022209495 0
708 2.992171432908587 0.2411688230002904 0
709 2.930341340587624 0.1159748295911972 0
710 3.05400152522955 0.3663628164093836 0
711 2.922512773503619 0.3571436525914876 0
712 3.115831617550513 0.4915568098184769 0
713 2.852854114098649 0.4731184821826848 0
714 2.791024021777686 0.3479244887735915 0
715 3.177661709871476 0.6167508032275701 0
716 3.046172958145545 0.607531639409674 0
717 2.976514298740576 0.7235064690008712 0
718 2.914684206419613 0.598312475591778 0
719 3.038344391061539 0.8487004624099644 0
720 2.906855639335607 0.8394812985920684 0
721 2.783195454693681 0.5890933117738819 0
722 3.239491802192439 0.7419447966366634 0
723 3.301321894513402 0.8671387900457566 0
724 3.16983314278747 0.8579196262278606 0
725 2.713536795288712 0.7050681413650791 0
726 2.651706702967749 0.5798741479559859 0
727 2.775366887609675 0.8302621347741723 0
728 2.643878135883743 0.8210429709562763 0
729 2.512389384157811 0.8118238071383802 0
730 4.315105767158226 0.8744296866763985 0
731 4.441321620644783 0.8741083088118562 0
732 4.188889913671669 0.8747510645409409 0
733 4.252059821350254 0.7495570711318477 0
734 4.062674060185111 0.8750724424054832 0
735 4.189013875542281 0.6246844555872968 0
736 4.315229729028839 0.6243630777227545 0
737 3.936458206698553 0.8753938202700257 0
738 3.999628114377139 0.7501998268609325 0
739 3.936582168569166 0.6253272113163815 0
740 4.062798022055724 0.6250058334518391 0
741 3.810366315082609 0.6256485891809238 0
742 3.873536222761194 0.5004545957718306 0
743 4.125967929734309 0.4998118400427459 0
744 3.810242353211996 0.875715198134568 0
745 3.684026499725439 0.8760365759991103 0
746 3.747196407404024 0.7508425825900171 0
747 4.062921983926337 0.374939224498195 0
748 4.189137837412894 0.3746178466336527 0
749 3.936706130439779 0.3752606023627374 0
750 3.999876038118364 0.2500666089536441 0
751 4.06304594579695 0.1248726155445509 0
752 5.00738834861875 0.2572150272754142 0
753 4.938045945800108 0.1248726155445509 0
754 5.076730751437391 0.3895574390062776 0
755 4.945434294426271 0.3820876428199651 0
756 5.146073154256032 0.521899850737141 0
757 4.883480240233792 0.506960258364516 0
758 4.81413783741515 0.3746178466336527 0
759 5.215415557074674 0.6542422624680043 0
760 5.084119100063553 0.6467724662816918 0
761 5.022165045871074 0.7716450818262427 0
762 4.952822643052433 0.6393026700953793 0
763 5.091507448689716 0.9039874935571061 0
764 4.960210991678595 0.8965176973707936 0
765 4.821526186041313 0.6318328739090668 0
766 5.284757959893315 0.7865846741988677 0
767 5.354100362711956 0.918927085929731 0
768 5.222803905700836 0.9114572897434186 0
769 4.759572131848834 0.7567054894536178 0
770 4.690229729030192 0.6243630777227545 0
771 4.828914534667475 0.8890479011844811 0
772 4.697618077656355 0.8815781049981686 0
773 4.566321620645234 0.8741083088118562 0
774 1.957181458268865 1.908289714604619 0
775 2.012522798863089 1.774264544195816 0
776 1.969704257132902 1.682554258800435 0
777 2.067864139457313 1.640239373787013 0
778 1.871544374808492 1.724869143813857 0
779 1.926885715402716 1.590843973405054 0
780 2.123205480051536 1.506214203378211 0
781 1.88406717367253 1.499133688009673 0
782 1.98222705599694 1.456818802996251 0
783 2.037568396591164 1.322793632587449 0
784 2.08038693832135 1.41450391798283 0
785 1.994749854860978 1.231083347192067 0
786 2.092909737185388 1.188768462178646 0
787 2.17854682064576 1.372189032969408 0
788 1.785907291348119 1.541448573023095 0
789 1.841248631942343 1.407423402614292 0
790 1.798430090212157 1.315713117218911 0
791 1.896589972536567 1.273398232205489 0
792 1.700270207887747 1.358028002232333 0
793 1.755611548481971 1.22400283182353 0
794 1.951931313130791 1.139373061796686 0
795 2.233888161239984 1.238163862560605 0
796 2.191069619509798 1.146453577165224 0
797 2.289229501834208 1.104138692151802 0
798 2.148251077779612 1.054743291769843 0
799 2.344570842428432 0.9701135217429991 0
800 6.043005071847985 0.09084865292082669 0
801 5.987347474666163 0.2231910646516901 0
802 6.030352546517854 0.3140397175725168 0
803 5.931689877484341 0.3555334763825534 0
804 6.129015215551367 0.2725459587624801 0
805 6.073357618369545 0.4048883704933435 0
806 5.876032280302519 0.4878758881134168 0
807 6.116362690221235 0.4957370234141701 0
808 6.017700021187722 0.5372307822242068 0
809 5.962042424005901 0.6695731939550702 0
810 5.919037352154209 0.5787245410342434 0
811 6.005047495857591 0.7604218468758969 0
812 5.906384826824079 0.8019156056859336 0
813 5.820374683120697 0.6202182998442801 0
814 6.215025359254748 0.4542432646041335 0
815 6.159367762072926 0.5865856763349968 0
816 6.202372833924617 0.6774343292558236 0
817 6.103710164891104 0.7189280880658602 0
818 6.30103550295813 0.6359405704457869 0
819 6.245377905776308 0.7682829821766503 0
820 6.048052567709282 0.8512704997967235 0
821 5.764717085938875 0.7525607115751435 0
822 5.807722157790566 0.8434093644959701 0
823 5.709059488757053 0.8849031233060068 0
824 5.850727229642256 0.9342580174167969 0
825 5.653401891575231 1.01724553503687 0
826 5.194342402818523 1.882342411730863 0
827 5.263684805636105 1.764684823461727 0
828 5.319342402818494 1.882342411730863 0
829 5.333027208453703 1.64702723519259 0
830 5.44434240281845 1.882342411730863 0
831 5.40236961127127 1.529369646923453 0
832 5.458027208453644 1.64702723519259 0
833 5.583027208453585 1.64702723519259 0
834 5.513684805636018 1.764684823461727 0
835 5.652369611271153 1.529369646923453 0
836 5.708027208453527 1.64702723519259 0
837 5.569342402818391 1.882342411730863 0
838 5.471712014088867 1.411712058654317 0
839 5.541054416906465 1.29405447038518 0
840 5.596712014088808 1.411712058654317 0
841 5.610396819724063 1.176396882116044 0
842 5.72171201408875 1.411712058654317 0
843 5.694342402818303 1.882342411730863 0
844 5.76368480563587 1.764684823461727 0
845 5.819342402818214 1.882342411730863 0
846 5.833027208453438 1.64702723519259 0
847 5.944342402818126 1.882342411730863 0
848 3.186830092319767 1.875193993409093 0
849 3.248660184639949 1.750387986818186 0
850 3.311830092320597 1.875193993409093 0
851 3.310490276960145 1.62558198022728 0
852 3.436830092321412 1.875193993409093 0
853 3.372320369279847 1.500775973636373 0
854 3.43549027696048 1.62558198022728 0
855 3.560490276960815 1.62558198022728 0
856 3.498660184641114 1.750387986818186 0
857 3.622320369280517 1.500775973636373 0
858 3.68549027696115 1.62558198022728 0
859 3.561830092321747 1.875193993409093 0
860 3.434150461600043 1.375969967045466 0
861 3.495980553920239 1.251163960454559 0
862 3.559150461600378 1.375969967045466 0
863 3.686830092321572 1.875193993409093 0
864 3.748660184641289 1.750387986818186 0
865 3.811830092321412 1.875193993409093 0
866 4.813045945799611 0.1248726155445509 0
867 4.751091891606963 0.2497452310891018 0
868 4.688045945798946 0.1248726155445509 0
869 4.689137837414485 0.3746178466336527 0
870 4.563045945798111 0.1248726155445509 0
871 4.62718378322222 0.4994904621782035 0
872 4.564137837414034 0.3746178466336527 0
873 4.439137837413583 0.3746178466336527 0
874 4.501091891605847 0.2497452310891018 0
875 4.377183783221318 0.4994904621782035 0
876 4.314137837413131 0.3746178466336527 0
877 4.43804594579766 0.1248726155445509 0
878 4.565229729029741 0.6243630777227545 0
879 4.503275674837262 0.7492356932673053 0
880 4.44022972902929 0.6243630777227545 0
881 4.313045945797354 0.1248726155445509 0
882 4.251091891605158 0.2497452310891018 0
883 4.188045945797117 0.1248726155445509 0
884 2.805341340588021 0.1159748295911972 0
885 2.735682681183087 0.2319496591823944 0
886 2.680341340588453 0.1159748295911972 0
887 2.666024021778118 0.3479244887735915 0
888 2.555341340588919 0.1159748295911972 0
889 2.596365362373181 0.4638993183647887 0
890 2.541024021778581 0.3479244887735915 0
891 2.416024021779044 0.3479244887735915 0
892 2.485682681183982 0.2319496591823944 0
893 2.346365362374106 0.4638993183647887 0
894 2.291024021779507 0.3479244887735915 0
895 2.430341340589382 0.1159748295911972 0
896 2.526706702968212 0.5798741479559859 0
897 2.457048043563243 0.695848977547183 0
898 2.401706702968675 0.5798741479559859 0
899 2.387389384158274 0.8118238071383802 0
900 2.276706702969137 0.5798741479559859 0
901 2.30534134058985 0.1159748295911972 0
902 2.235682681184938 0.2319496591823944 0
903 2.180341340590344 0.1159748295911972 0
904 2.166024021780001 0.3479244887735915 0
905 2.055341340590864 0.1159748295911972 0
906 1.082181458269281 1.908289714604619 0
907 1.207181458269178 1.908289714604619 0
908 1.289362916538932 1.816579429209238 0
909 1.332181458269075 1.908289714604619 0
910 1.246544374808789 1.724869143813857 0
911 1.371544374808686 1.724869143813857 0
912 1.457181458268972 1.908289714604619 0
913 1.453725833078484 1.633158858418476 0
914 1.496544374808627 1.724869143813857 0
915 1.621544374808568 1.724869143813857 0
916 1.53936291653877 1.816579429209238 0
917 1.703725833078365 1.633158858418476 0
918 1.746544374808508 1.724869143813857 0
919 1.582181458268913 1.908289714604619 0
920 1.410907291348298 1.541448573023095 0
921 1.535907291348238 1.541448573023095 0
922 1.618088749617992 1.449738287627714 0
923 1.660907291348179 1.541448573023095 0
924 1.575270207887806 1.358028002232333 0
925 1.707181458268897 1.908289714604619 0
926 1.789362916538695 1.816579429209238 0
927 1.832181458268881 1.908289714604619 0
928 1.082181458269695 1.033289714604619 0
929 1.082181458269636 1.158289714604619 0
930 0.9999999999999408 1.125 0
931 1.164362916539331 1.191579429209238 0
932 1.082181458269577 1.283289714604619 0
933 1.246544374809085 1.099869143813857 0
934 1.246544374809026 1.224869143813857 0
935 1.082181458269518 1.408289714604619 0
936 0.9999999999998225 1.375 0
937 1.328725833078721 1.258158858418476 0
938 1.246544374808967 1.349869143813857 0
939 1.246544374808908 1.474869143813857 0
940 1.164362916539213 1.441579429209238 0
941 1.328725833078602 1.508158858418476 0
942 1.246544374808848 1.599869143813857 0
943 1.082181458269458 1.533289714604619 0
944 1.410907291348475 1.166448573023095 0
945 1.410907291348416 1.291448573023095 0
946 1.493088749618111 1.324738287627714 0
947 1.410907291348357 1.416448573023095 0
948 1.575270207887865 1.233028002232333 0
949 1.082181458269399 1.658289714604619 0
950 0.9999999999997041 1.625 0
951 1.164362916539094 1.691579429209238 0
952 1.08218145826934 1.783289714604619 0
953 0.9999999999995858 1.875 0
954 6.918005071851228 0.9658486529185415 0
955 6.918005071851228 0.8408486529189042 0
956 6.836010143702455 0.8066973058400574 0
957 6.918005071851228 0.7158486529192669 0
958 6.754015215553682 0.8975459587608479 0
959 6.754015215553682 0.7725459587612106 0
960 6.918005071851228 0.5908486529196295 0
961 6.67202028740491 0.7383946116823275 0
962 6.754015215553682 0.647545958761537 0
963 6.754015215553682 0.5225459587618634 0
964 6.836010143702455 0.5566973058407465 0
965 6.67202028740491 0.4883946116829803 0
966 6.754015215553682 0.3975459587621898 0
967 6.918005071851228 0.465848652919956 0
968 6.590025359256138 0.8292432646031542 0
969 6.590025359256138 0.7042432646034806 0
970 6.508030431107366 0.6700919175246338 0
971 6.590025359256138 0.579243264603807 0
972 6.426035502958593 0.7609405704454604 0
973 6.426035502958593 0.6359405704457869 0
974 6.590025359256138 0.4542432646041335 0
975 6.918005071851228 0.3408486529203159 0
976 6.836010143702455 0.3066973058413631 0
977 6.918005071851228 0.2158486529206061 0
978 6.754015215553682 0.2725459587624801 0
979 6.918005071851228 0.09084865292082669 0
980 6.793005071850798 0.09084865292082669 0
981 6.711010143702055 0.1816973058416534 0
982 6.668005071850397 0.09084865292082669 0
983 6.629015215553282 0.2725459587624801 0
984 6.543005071850025 0.09084865292082669 0
985 6.547020287404447 0.3633946116833068 0
986 6.504015215552819 0.2725459587624801 0
987 6.379015215552355 0.2725459587624801 0
988 6.46101014370119 0.1816973058416534 0
989 6.297020287403521 0.3633946116833068 0
990 6.254015215551892 0.2725459587624801 0
991 6.418005071849562 0.09084865292082669 0
992 6.465025359255675 0.4542432646041335 0
993 6.383030431106903 0.5450919175249602 0
994 6.340025359255211 0.4542432646041335 0
995 6.29300507184907 0.09084865292082669 0
996 6.211010143700202 0.1816973058416534 0
997 6.168005071848544 0.09084865292082669 0
998 5.659533188066121 1.098995420894917 0
999 5.715190785248464 1.216653009164054 0
1000 5.819984750772866 1.256909136212063 0
1001 5.770848382430808 1.33431059743319 0
1002 5.869121119114924 1.179507674990937 0
1003 5.924778716297268 1.297165263260073 0
1004 5.826505979613152 1.451968185702327 0
1005 6.02957268182167 1.337421390308083 0
1006 5.980436313479612 1.41482285152921 0
1007 6.036093910661956 1.532480439798346 0
1008 5.931299945137554 1.492224312750337 0
1009 6.140887876186358 1.572736566846356 0
1010 6.0917515078443 1.650138028067483 0
1011 5.882163576795496 1.569625773971463 0
1012 6.078709050163728 1.260019929086956 0
1013 6.134366647346072 1.377677517356093 0
1014 6.239160612870474 1.417933644404103 0
1015 6.190024244528416 1.495335105625229 0
1016 6.288296981212532 1.340532183182976 0
1017 6.343954578394876 1.458189771452112 0
1018 6.24568184171076 1.612992693894366 0
1019 5.93782117397784 1.6872833622406 0
1020 6.042615139502242 1.72753948928861 0
1021 5.993478771160184 1.804940950509736 0
1022 6.147409105026644 1.76779561633662 0
1023 6.049136368342528 1.922598538778873 0
1024 2.337964560903033 0.8884940344861882 0
1025 2.282623220308465 0.7725192048949912 0
1026 2.177857056458655 0.733214602651602 0
1027 2.227281879713896 0.6565443753037939 0
1028 2.128432233203414 0.8098848299994101 0
1029 2.073090892608846 0.6939100004082129 0
1030 2.171940539119328 0.5405695457125967 0
1031 1.968324728759037 0.6546053981648239 0
1032 2.017749552014278 0.5779351708170157 0
1033 1.962408211419709 0.4619603412258186 0
1034 2.067174375269519 0.5012649434692077 0
1035 1.8576420475699 0.4226557389824295 0
1036 1.907066870825141 0.3459855116346214 0
1037 2.11659919852476 0.4245947161213996 0
1038 1.918899905503796 0.7312756255126319 0
1039 1.863558564909227 0.6153007959214347 0
1040 1.758792401059418 0.5759961936780457 0
1041 1.808217224314659 0.4993259663302376 0
1042 1.709367577804177 0.6526664210258537 0
1043 1.654026237209608 0.5366915914346566 0
1044 1.75287588372009 0.3833511367390404 0
1045 2.061257857930191 0.3086198865302024 0
1046 1.956491694080382 0.2693152842868133 0
1047 2.005916517335623 0.1926450569390052 0
1048 1.851725530230572 0.2300106820434242 0
1049 1.950575176741054 0.07667022734780808 0
1050 6.350171871300709 0.8085391092246601 0
1051 6.251509202267197 0.8500328680346967 0
1052 6.257640498758086 0.9317827538927432 0
1053 6.152846533233684 0.8915266268447334 0
1054 6.362434464282488 0.972038880940753 0
1055 6.263771795248975 1.01353263975079 0
1056 6.054183864200171 0.9330203856547701 0
1057 6.269903091739865 1.095282525608836 0
1058 6.165109126215462 1.055026398560826 0
1059 6.06644645718195 1.096520157370863 0
1060 6.060315160691061 1.014770271512817 0
1061 6.072577753672839 1.17827004322891 0
1062 5.967783788148437 1.1380139161809 0
1063 5.955521195166659 0.9745141444648067 0
1064 6.374697057264266 1.135538652656846 0
1065 6.276034388230753 1.177032411466883 0
1066 6.282165684721643 1.258782297324929 0
1067 6.177371719197241 1.218526170276919 0
1068 6.386959650246045 1.299038424372939 0
1069 5.856858526133146 1.016007903274843 0
1070 5.862989822624035 1.09775778913289 0
1071 5.758195857099633 1.05750166208488 0
1072 1.650845384632161 1.184698229580141 0
1073 1.749005266956571 1.142383344566719 0
1074 1.742398985431172 1.060763857309908 0
1075 1.847165149280982 1.100068459553297 0
1076 1.637632821581363 1.021459255066519 0
1077 1.735792703905773 0.9791443700530972 0
1078 1.945325031605392 1.057753574539875 0
1079 1.729186422380374 0.8975248827962863 0
1080 1.833952586230184 0.9368294850396754 0
1081 1.932112468554594 0.8945146000262536 0
1082 1.938718750079993 0.9761340872830645 0
1083 1.925506187029195 0.8128951127694428 0
1084 2.030272350879004 0.8521997150128319 0
1085 2.043484913929802 1.015438689526454 0
1086 1.624420258530565 0.8582202805528972 0
1087 1.722580140854975 0.8159053955394755 0
1088 1.715973859329576 0.7342859082826646 0
1089 1.820740023179385 0.7735905105260537 0
1090 1.611207695479766 0.6949813060392755 0
1091 2.141644796254213 0.9731238045130318 0
1092 2.135038514728814 0.8915043172562209 0
1093 2.239804678578623 0.9308089194996101 0
1094 6.924136368342117 1.922598538778873 0
1095 6.924136368342117 1.797598538778547 0
1096 6.848272736684233 1.72019707755742 0
1097 6.924136368342117 1.67259853877822 0
1098 6.77240910502635 1.76779561633662 0
1099 6.77240910502635 1.642795616336293 0
1100 6.924136368342117 1.547598538777894 0
1101 6.696545473368467 1.565394155115166 0
1102 6.77240910502635 1.517795616335967 0
1103 6.77240910502635 1.39279561633564 0
1104 6.848272736684233 1.470197077556767 0
1105 6.696545473368467 1.315394155114514 0
1106 6.77240910502635 1.267795616335314 0
1107 6.924136368342117 1.422598538777567 0
1108 6.620681841710583 1.612992693894366 0
1109 6.620681841710583 1.48799269389404 0
1110 6.5448182100527 1.410591232672913 0
1111 6.620681841710583 1.362992693893713 0
1112 6.468954578394817 1.458189771452112 0
1113 6.468954578394817 1.333189771451786 0
1114 6.620681841710583 1.237992693893387 0
1115 6.924136368342117 1.297598538777241 0
1116 6.848272736684233 1.220197077556114 0
1117 6.924136368342117 1.172598538776914 0
1118 6.77240910502635 1.142795616334987 0
1119 6.924136368342117 1.047598538776588 0
1120 6.174136368342396 1.922598538778873 0
1121 6.223272736684512 1.845197077557746 0
1122 6.299136368342321 1.922598538778873 0
1123 6.27240910502657 1.76779561633662 0
1124 6.424136368342306 1.922598538778873 0
1125 6.321545473368642 1.690394155115493 0
1126 6.397409105026511 1.76779561633662 0
1127 6.522409105026452 1.76779561633662 0
1128 6.473272736684379 1.845197077557746 0
1129 6.571545473368525 1.690394155115493 0
1130 6.647409105026393 1.76779561633662 0
1131 6.549136368342247 1.922598538778873 0
1132 6.370681841710701 1.612992693894366 0
1133 6.419818210052759 1.535591232673239 0
1134 6.495681841710642 1.612992693894366 0
1135 6.67413636834215 1.922598538778873 0
1136 6.723272736684277 1.845197077557746 0
1137 6.799136368342107 1.922598538778873 0
1138 1.075575176744296 0.07667022734780808 0
1139 1.075575176744296 0.2016702273481407 0
1140 1.151150353488592 0.2783404546959487 0
1141 1.075575176744296 0.3266702273484733 0
1142 1.226725530232888 0.2300106820434242 0
1143 1.226725530232888 0.3550106820437569 0
1144 1.075575176744296 0.4516702273488059 0
1145 1.302300706977184 0.4316809093912324 0
1146 1.226725530232888 0.4800106820437569 0
1147 1.226725530232888 0.6050106820437569 0
1148 1.151150353488592 0.5283404546962813 0
1149 1.302300706977184 0.6816809093912324 0
1150 1.226725530232888 0.7300106820437569 0
1151 1.075575176744296 0.5766702273488058 0
1152 1.37787588372148 0.3833511367390404 0
1153 1.37787588372148 0.5083511367390404 0
1154 1.453451060465776 0.5850213640868485 0
1155 1.37787588372148 0.6333511367390404 0
1156 1.529026237210072 0.5366915914346566 0
1157 1.529026237210072 0.6616915914346566 0
1158 1.37787588372148 0.7583511367390404 0
1159 1.075575176744296 0.7016702273485417 0
1160 1.151150353488592 0.7783404546959487 0
1161 1.075575176744296 0.8266702273482092 0
1162 1.226725530232888 0.8550106820434242 0
1163 1.075575176744296 0.9516702273478082 0
1164 1.825575176741611 0.07667022734780808 0
1165 1.776150353486313 0.1533404546956162 0
1166 1.700575176742111 0.07667022734780808 0
1167 1.726725530231072 0.2300106820434242 0
1168 1.575575176742554 0.07667022734780808 0
1169 1.677300706975795 0.3066809093912323 0
1170 1.601725530231535 0.2300106820434242 0
1171 1.476725530231998 0.2300106820434242 0
1172 1.526150353487276 0.1533404546956162 0
1173 1.427300706976721 0.3066809093912323 0
1174 1.351725530232462 0.2300106820434242 0
1175 1.450575176743017 0.07667022734780808 0
1176 1.627875883720554 0.3833511367390404 0
1177 1.578451060465313 0.4600213640868485 0
1178 1.502875883721017 0.3833511367390404 0
1179 1.325575176743429 0.07667022734780808 0
1180 1.276150353488166 0.1533404546956162 0
1181 1.200575176743855 0.07667022734780808 0
1182 0.9374999999995561 1.9375 0
1183 0.9374999999996154 1.8125 0
1184 0.874999999999645 1.75 0
1185 0.9374999999996745 1.6875 0
1186 0.8124999999996154 1.8125 0
1187 0.8124999999996745 1.6875 0
1188 0.9374999999997338 1.5625 0
1189 0.7499999999997041 1.625 0
1190 0.8124999999997338 1.5625 0
1191 0.8124999999997928 1.4375 0
1192 0.8749999999997633 1.5 0
1193 0.7499999999998225 1.375 0
1194 0.8124999999998521 1.3125 0
1195 0.9374999999997928 1.4375 0
1196 0.6874999999996745 1.6875 0
1197 0.6874999999997338 1.5625 0
1198 0.6249999999997633 1.5 0
1199 0.6874999999997928 1.4375 0
1200 0.5624999999997338 1.5625 0
1201 0.5624999999997928 1.4375 0
1202 0.6874999999998521 1.3125 0
1203 0.9374999999998521 1.3125 0
1204 0.8749999999998817 1.25 0
1205 0.9374999999999112 1.1875 0
1206 0.8124999999999112 1.1875 0
1207 0.9374999999999705 1.0625 0
1208 0.06249999999997041 1.0625 0
1209 0.06249999999997041 1.187500000000277 0
1210 0.1249999999999408 1.250000000000345 0
1211 0.06249999999997041 1.312500000000621 0
1212 0.1874999999999112 1.1875 0
1213 0.1874999999999112 1.312500000000345 0
1214 0.06249999999997041 1.437500000001034 0
1215 0.2499999999998817 1.375 0
1216 0.1874999999999112 1.437500000000345 0
1217 0.1874999999999112 1.562500000000345 0
1218 0.1249999999999408 1.500000000000689 0
1219 0.2499999999998817 1.625 0
1220 0.1874999999999112 1.687500000000345 0
1221 0.06249999999997041 1.562500000001034 0
1222 0.3124999999998521 1.3125 0
1223 0.3124999999998521 1.4375 0
1224 0.3749999999998225 1.5 0
1225 0.3124999999998521 1.5625 0
1226 0.4374999999997929 1.4375 0
1227 0.4374999999997929 1.5625 0
1228 0.3124999999998521 1.6875 0
1229 0.06249999999997041 1.687500000000638 0
1230 0.1249999999999408 1.750000000000345 0
1231 0.06249999999997041 1.812500000000293 0
1232 0.1874999999999112 1.8125 0
1233 0.06249999999997041 1.9375 0
1234 0.8124999999996383 1.0625 0
1235 0.7499999999996088 1.125 0
1236 0.6874999999993063 1.0625 0
1237 0.6874999999995792 1.1875 0
1238 0.5624999999989744 1.0625 0
1239 0.6249999999998817 1.25 0
1240 0.5624999999995792 1.1875 0
1241 0.4374999999995792 1.1875 0
1242 0.4999999999992768 1.125 0
1243 0.3749999999998817 1.25 0
1244 0.3124999999995792 1.1875 0
1245 0.4374999999989743 1.0625 0
1246 0.5624999999998521 1.3125 0
1247 0.4999999999998225 1.375 0
1248 0.4374999999998521 1.3125 0
1249 0.3124999999993425 1.0625 0
1250 0.2499999999996088 1.125 0
1251 0.1874999999996745 1.0625 0
1252 0.187499999999831 1.9375 0
1253 0.24999999999986 1.875 0
1254 0.3124999999997501 1.9375 0
1255 0.3124999999998304 1.8125 0
1256 0.4374999999997279 1.9375 0
1257 0.3749999999998225 1.75 0
1258 0.4374999999997712 1.8125 0
1259 0.562499999999712 1.8125 0
1260 0.49999999999972 1.875 0
1261 0.6249999999997041 1.75 0
1262 0.6874999999996529 1.8125 0
1263 0.5624999999996687 1.9375 0
1264 0.4374999999997929 1.6875 0
1265 0.4999999999997633 1.625 0
1266 0.5624999999997338 1.6875 0
1267 0.6874999999996079 1.9375 0
1268 0.7499999999996233 1.875 0
1269 0.8124999999995703 1.9375 0
1270 1.157756635013991 0.9849599419524271 0
1271 1.233331811758287 0.9366301693002351 0
1272 1.239938093283686 1.018249656557046 0
1273 1.308906988502583 0.8883003966480432 0
1274 1.322119551553381 1.051539371161665 0
1275 1.384482165246879 0.8399706239958513 0
1276 1.391088446772278 0.9215901112526621 0
1277 1.473269905041973 0.9548798258572812 0
1278 1.397694728297677 1.003209598509473 0
1279 1.548845081786269 0.9065500532050892 0
1280 1.555451363311668 0.9881695404619001 0
1281 1.404301009823076 1.084829085766284 0
1282 1.460057341991175 0.7916408513436594 0
1283 1.535632518735471 0.7433110786914674 0
1284 1.54223880026087 0.8249305659482783 0
1285 1.486482468092771 1.118118800370903 0
1286 1.562057644837067 1.069789027718711 0
1287 1.568663926362466 1.151408514975522 0
1288 6.842141440193345 1.013447191697741 0
1289 6.766277808535461 1.061045730476941 0
1290 6.760146512044572 0.9792958446188944 0
1291 6.690414176877578 1.10864426925614 0
1292 6.678151583895799 0.9451444975400476 0
1293 6.614550545219695 1.15624280803534 0
1294 6.608419248728805 1.074492922177294 0
1295 6.526424320580032 1.040341575098447 0
1296 6.602287952237916 0.9927430363192472 0
1297 6.450560688922149 1.087940113877646 0
1298 6.44442939243126 1.0061902280196 0
1299 6.596156655747027 0.9109931504612007 0
1300 6.538686913561811 1.20384134681454 0
1301 6.462823281903928 1.251439885593739 0
1302 6.456691985413039 1.169689999735693 0
1303 6.514161727598255 0.8768418033823537 0
1304 6.438298095940372 0.9244403421615535 0
1305 6.432166799449482 0.8426904563035069 0
1306 2.027670670296163 1.932987414795599 0
1307 2.09017067029612 1.932987414795599 0
1308 2.117841340593233 1.865974829591197 0
1309 2.152670670296079 1.932987414795599 0
1310 2.083012010890387 1.798962244386796 0
1311 2.145512010890345 1.798962244386796 0
1312 2.215170670296037 1.932987414795599 0
1313 2.173182681187479 1.731949659182394 0
1314 2.208012010890324 1.798962244386796 0
1315 2.270512010890304 1.798962244386796 0
1316 2.24284134059317 1.865974829591197 0
1317 2.298182681187438 1.731949659182394 0
1318 2.333012010890283 1.798962244386796 0
1319 2.277670670296016 1.932987414795599 0
1320 2.138353351484611 1.664937073977993 0
1321 2.20085335148459 1.664937073977993 0
1322 2.228524021781702 1.597924488773592 0
1323 2.26335335148457 1.664937073977993 0
1324 2.193694692078835 1.53091190356919 0
1325 2.256194692078814 1.53091190356919 0
1326 2.325853351484549 1.664937073977993 0
1327 2.34017067029602 1.932987414795599 0
1328 2.367841340593151 1.865974829591197 0
1329 2.402670670296021 1.932987414795599 0
1330 2.395512010890284 1.798962244386796 0
1331 2.46517067029602 1.932987414795599 0
1332 2.283865362375926 1.463899318364789 0
1333 2.318694692078794 1.53091190356919 0
1334 2.381194692078774 1.53091190356919 0
1335 2.353524021781661 1.597924488773592 0
1336 2.408865362375885 1.463899318364789 0
1337 2.443694692078753 1.53091190356919 0
1338 2.388353351484529 1.664937073977993 0
1339 2.506194692078733 1.53091190356919 0
1340 2.478524021781621 1.597924488773592 0
1341 2.513353351484489 1.664937073977993 0
1342 2.450853351484509 1.664937073977993 0
1343 2.575853351484468 1.664937073977993 0
1344 2.548182681187356 1.731949659182394 0
1345 2.423182681187397 1.731949659182394 0
1346 2.533865362375845 1.463899318364789 0
1347 2.568694692078713 1.53091190356919 0
1348 2.631194692078692 1.53091190356919 0
1349 2.60352402178158 1.597924488773592 0
1350 2.658865362375805 1.463899318364789 0
1351 2.693694692078672 1.53091190356919 0
1352 2.638353351484448 1.664937073977993 0
1353 2.458012010890264 1.798962244386796 0
1354 2.520512010890244 1.798962244386796 0
1355 2.492841340593132 1.865974829591197 0
1356 2.583012010890223 1.798962244386796 0
1357 2.527670670295999 1.932987414795599 0
1358 2.249036032673058 1.396886733160387 0
1359 2.311536032673038 1.396886733160387 0
1360 2.33920670297015 1.329874147955986 0
1361 2.374036032673018 1.396886733160387 0
1362 2.304377373267283 1.262861562751584 0
1363 2.366877373267262 1.262861562751584 0
1364 2.436536032672998 1.396886733160387 0
1365 2.394548043564374 1.195848977547183 0
1366 2.429377373267242 1.262861562751584 0
1367 2.491877373267221 1.262861562751584 0
1368 2.46420670297011 1.329874147955986 0
1369 2.519548043564334 1.195848977547183 0
1370 2.554377373267201 1.262861562751584 0
1371 2.499036032672977 1.396886733160387 0
1372 2.359718713861506 1.128836392342782 0
1373 2.422218713861486 1.128836392342782 0
1374 2.449889384158598 1.06182380713838 0
1375 2.484718713861466 1.128836392342782 0
1376 2.41506005445573 0.9948112219339788 0
1377 2.47756005445571 0.9948112219339788 0
1378 2.547218713861445 1.128836392342782 0
1379 2.561536032672957 1.396886733160387 0
1380 2.589206702970069 1.329874147955986 0
1381 2.624036032672937 1.396886733160387 0
1382 2.616877373267181 1.262861562751584 0
1383 2.686536032672916 1.396886733160387 0
1384 2.590170670295915 1.932987414795599 0
1385 2.617841340593095 1.865974829591197 0
1386 2.652670670295899 1.932987414795599 0
1387 2.645512010890207 1.798962244386796 0
1388 2.715170670295951 1.932987414795599 0
1389 2.673182681187316 1.731949659182394 0
1390 2.708012010890188 1.798962244386796 0
1391 2.770512010890168 1.798962244386796 0
1392 2.742841340593059 1.865974829591197 0
1393 2.798182681187275 1.731949659182394 0
1394 2.833012010890148 1.798962244386796 0
1395 2.777670670295931 1.932987414795599 0
1396 2.700853351484428 1.664937073977993 0
1397 2.72852402178154 1.597924488773592 0
1398 2.763353351484408 1.664937073977993 0
1399 2.756194692078652 1.53091190356919 0
1400 2.825853351484388 1.664937073977993 0
1401 2.840170670295892 1.932987414795599 0
1402 2.867841340593015 1.865974829591197 0
1403 2.902670670295868 1.932987414795599 0
1404 2.895512010890123 1.798962244386796 0
1405 2.965170670295858 1.932987414795599 0
1406 4.031522972904614 1.937436307772275 0
1407 4.094022972904603 1.937436307772275 0
1408 4.125545945807838 1.874872615544551 0
1409 4.156522972904616 1.937436307772275 0
1410 4.094568918711033 1.812308923316826 0
1411 4.157068918711047 1.812308923316826 0
1412 4.219022972904655 1.937436307772275 0
1413 4.188591891614243 1.749745231089102 0
1414 4.219568918711047 1.812308923316826 0
1415 4.282068918711047 1.812308923316826 0
1416 4.250545945807852 1.874872615544551 0
1417 4.313591891614243 1.749745231089102 0
1418 4.344568918711047 1.812308923316826 0
1419 4.281522972904656 1.937436307772275 0
1420 4.157614864517452 1.687181538861377 0
1421 4.220114864517452 1.687181538861377 0
1422 4.251637837420661 1.624617846633653 0
1423 4.282614864517452 1.687181538861377 0
1424 4.220660810323871 1.562054154405928 0
1425 4.283160810323871 1.562054154405928 0
1426 4.345114864517452 1.687181538861377 0
1427 4.344022972904662 1.937436307772275 0
1428 4.375545945807839 1.874872615544551 0
1429 4.406522972904648 1.937436307772275 0
1430 4.407068918711035 1.812308923316826 0
1431 4.469022972904616 1.937436307772275 0
1432 4.314683783227051 1.499490462178203 0
1433 4.345660810323841 1.562054154405928 0
1434 4.408160810323812 1.562054154405928 0
1435 4.376637837420633 1.624617846633653 0
1436 4.439683783226993 1.499490462178203 0
1437 4.470660810323784 1.562054154405928 0
1438 4.407614864517424 1.687181538861377 0
1439 4.533160810323755 1.562054154405928 0
1440 4.501637837420574 1.624617846633653 0
1441 4.532614864517366 1.687181538861377 0
1442 4.470114864517395 1.687181538861377 0
1443 4.595114864517337 1.687181538861377 0
1444 4.563591891614156 1.749745231089102 0
1445 4.438591891614214 1.749745231089102 0
1446 4.564683783226934 1.499490462178203 0
1447 4.595660810323726 1.562054154405928 0
1448 4.658160810323697 1.562054154405928 0
1449 4.626637837420517 1.624617846633653 0
1450 4.689683783226877 1.499490462178203 0
1451 4.720660810323667 1.562054154405928 0
1452 4.657614864517307 1.687181538861377 0
1453 4.469568918711006 1.812308923316826 0
1454 4.532068918710976 1.812308923316826 0
1455 4.500545945807796 1.874872615544551 0
1456 4.594568918710947 1.812308923316826 0
1457 4.531522972904587 1.937436307772275 0
1458 4.28370675613029 1.436926769950479 0
1459 4.34620675613026 1.436926769950479 0
1460 4.37772972903347 1.374363077722754 0
1461 4.408706756130231 1.436926769950479 0
1462 4.346752701936708 1.31179938549503 0
1463 4.409252701936679 1.31179938549503 0
1464 4.471206756130202 1.436926769950479 0
1465 4.440775674839888 1.249235693267305 0
1466 4.47175270193665 1.31179938549503 0
1467 4.534252701936621 1.31179938549503 0
1468 4.502729729033412 1.374363077722754 0
1469 4.565775674839831 1.249235693267305 0
1470 4.596752701936592 1.31179938549503 0
1471 4.533706756130173 1.436926769950479 0
1472 4.409798647743127 1.186672001039581 0
1473 4.472298647743098 1.186672001039581 0
1474 4.503821620646307 1.124108308811856 0
1475 4.534798647743068 1.186672001039581 0
1476 4.472844593549546 1.061544616584132 0
1477 4.535344593549516 1.061544616584132 0
1478 4.59729864774304 1.186672001039581 0
1479 4.596206756130144 1.436926769950479 0
1480 4.627729729033353 1.374363077722754 0
1481 4.658706756130115 1.436926769950479 0
1482 4.659252701936563 1.31179938549503 0
1483 4.721206756130086 1.436926769950479 0
1484 4.594022972904487 1.937436307772275 0
1485 4.625545945807666 1.874872615544551 0
1486 4.656522972904385 1.937436307772275 0
1487 4.657068918710846 1.812308923316826 0
1488 4.719022972904282 1.937436307772275 0
1489 4.688591891614069 1.749745231089102 0
1490 4.719568918710787 1.812308923316826 0
1491 4.782068918710729 1.812308923316826 0
1492 4.750545945807506 1.874872615544551 0
1493 4.813591891613951 1.749745231089102 0
1494 4.844568918710671 1.812308923316826 0
1495 4.781522972904224 1.937436307772275 0
1496 4.720114864517249 1.687181538861377 0
1497 4.751637837420429 1.624617846633653 0
1498 4.78261486451719 1.687181538861377 0
1499 4.783160810323609 1.562054154405928 0
1500 4.845114864517132 1.687181538861377 0
1501 4.84402297290425 1.937436307772275 0
1502 4.875545945807432 1.874872615544551 0
1503 4.906522972904235 1.937436307772275 0
1504 4.907068918710655 1.812308923316826 0
1505 4.969022972904178 1.937436307772275 0
1506 3.968415046149684 0.06259699670454662 0
1507 3.905915046149864 0.06259699670454662 0
1508 3.874330092310584 0.1251939934090932 0
1509 3.843415046150056 0.06259699670454662 0
1510 3.905245138471099 0.1877909901136399 0
1511 3.842745138471291 0.1877909901136399 0
1512 3.78091504615026 0.06259699670454662 0
1513 3.811160184632007 0.2503879868181865 0
1514 3.780245138471491 0.1877909901136399 0
1515 3.717745138471692 0.1877909901136399 0
1516 3.749330092310976 0.1251939934090932 0
1517 3.686160184632408 0.2503879868181865 0
1518 3.655245138471892 0.1877909901136399 0
1519 3.71841504615046 0.06259699670454662 0
1520 3.842075230792514 0.3129849835227331 0
1521 3.779575230792715 0.3129849835227331 0
1522 3.747990276953422 0.3755819802272797 0
1523 3.717075230792915 0.3129849835227331 0
1524 3.778905323113929 0.4381789769318263 0
1525 3.71640532311413 0.4381789769318263 0
1526 3.654575230793115 0.3129849835227331 0
1527 3.655915046150678 0.06259699670454662 0
1528 3.624330092311385 0.1251939934090932 0
1529 3.593415046150886 0.06259699670454662 0
1530 3.592745138472101 0.1877909901136399 0
1531 3.530915046151086 0.06259699670454662 0
1532 3.684820369274863 0.5007759736363729 0
1533 3.653905323114356 0.4381789769318263 0
1534 3.591405323114582 0.4381789769318263 0
1535 3.622990276953848 0.3755819802272797 0
1536 3.559820369275315 0.5007759736363729 0
1537 3.528905323114808 0.4381789769318263 0
1538 3.592075230793341 0.3129849835227331 0
1539 3.466405323115034 0.4381789769318263 0
1540 3.497990276954301 0.3755819802272797 0
1541 3.467075230793793 0.3129849835227331 0
1542 3.529575230793567 0.3129849835227331 0
1543 3.404575230794019 0.3129849835227331 0
1544 3.436160184633286 0.2503879868181865 0
1545 3.561160184632834 0.2503879868181865 0
1546 3.434820369275767 0.5007759736363729 0
1547 3.40390532311526 0.4381789769318263 0
1548 3.341405323115486 0.4381789769318263 0
1549 3.372990276954753 0.3755819802272797 0
1550 3.309820369276219 0.5007759736363729 0
1551 3.278905323115712 0.4381789769318263 0
1552 3.342075230794245 0.3129849835227331 0
1553 3.530245138472327 0.1877909901136399 0
1554 3.467745138472553 0.1877909901136399 0
1555 3.49933009231182 0.1251939934090932 0
1556 3.405245138472779 0.1877909901136399 0
1557 3.468415046151312 0.06259699670454662 0
1558 3.715735415435344 0.5633729703409196 0
1559 3.65323541543557 0.5633729703409196 0
1560 3.621650461596278 0.6259699670454661 0
1561 3.590735415435796 0.5633729703409196 0
1562 3.652565507756759 0.6885669637500128 0
1563 3.590065507756985 0.6885669637500128 0
1564 3.528235415436022 0.5633729703409196 0
1565 3.558480553917693 0.7511639604545595 0
1566 3.527565507757211 0.6885669637500128 0
1567 3.465065507757437 0.6885669637500128 0
1568 3.49665046159673 0.6259699670454661 0
1569 3.433480553918145 0.7511639604545595 0
1570 3.402565507757664 0.6885669637500128 0
1571 3.465735415436249 0.5633729703409196 0
1572 3.589395600078174 0.813760957159106 0
1573 3.5268956000784 0.813760957159106 0
1574 3.495310646239108 0.8763579538636527 0
1575 3.464395600078626 0.813760957159106 0
1576 3.526225692399589 0.9389549505681993 0
1577 3.463725692399815 0.9389549505681993 0
1578 3.401895600078852 0.813760957159106 0
1579 3.403235415436475 0.5633729703409196 0
1580 3.371650461597182 0.6259699670454661 0
1581 3.340735415436701 0.5633729703409196 0
1582 3.34006550775789 0.6885669637500128 0
1583 3.278235415436927 0.5633729703409196 0
1584 3.405915046151568 0.06259699670454662 0
1585 3.374330092312309 0.1251939934090932 0
1586 3.343415046151831 0.06259699670454662 0
1587 3.342745138473042 0.1877909901136399 0
1588 3.280915046152102 0.06259699670454662 0
1589 3.311160184633764 0.2503879868181865 0
1590 3.280245138473294 0.1877909901136399 0
1591 3.217745138473545 0.1877909901136399 0
1592 3.249330092312824 0.1251939934090932 0
1593 3.186160184634268 0.2503879868181865 0
1594 3.155245138473798 0.1877909901136399 0
1595 3.218415046152353 0.06259699670454662 0
1596 3.279575230794497 0.3129849835227331 0
1597 3.24799027695523 0.3755819802272797 0
1598 3.217075230794749 0.3129849835227331 0
1599 3.216405323115964 0.4381789769318263 0
1600 3.154575230795001 0.3129849835227331 0
1601 3.155915046152641 0.06259699670454662 0
1602 3.124330092313316 0.1251939934090932 0
1603 3.093415046152882 0.06259699670454662 0
1604 3.092745138474038 0.1877909901136399 0
1605 3.030915046153074 0.06259699670454662 0
1606 5.972171201405383 0.06617120586543168 0
1607 5.909671201405061 0.06617120586543168 0
1608 5.881842402814256 0.1323424117308634 0
1609 5.847171201404844 0.06617120586543168 0
1610 5.916513604223561 0.198513617596295 0
1611 5.854013604223345 0.198513617596295 0
1612 5.784671201404734 0.06617120586543168 0
1613 5.826184805632379 0.2646848234617267 0
1614 5.791513604223073 0.198513617596295 0
1615 5.729013604222803 0.198513617596295 0
1616 5.756842402813769 0.1323424117308634 0
1617 5.701184805631837 0.2646848234617267 0
1618 5.666513604222532 0.198513617596295 0
1619 5.722171201404464 0.06617120586543168 0
1620 5.860856007041739 0.3308560293271584 0
1621 5.798356007041468 0.3308560293271584 0
1622 5.770527208450557 0.3970272351925901 0
1623 5.735856007041197 0.3308560293271584 0
1624 5.805198409859917 0.4631984410580218 0
1625 5.742698409859646 0.4631984410580218 0
1626 5.673356007040926 0.3308560293271584 0
1627 5.659671201404189 0.06617120586543168 0
1628 5.631842402813172 0.1323424117308634 0
1629 5.597171201403863 0.06617120586543168 0
1630 5.604013604222207 0.198513617596295 0
1631 5.534671201403487 0.06617120586543168 0
1632 5.714869611268774 0.5293696469234535 0
1633 5.680198409859415 0.4631984410580218 0
1634 5.617698409859184 0.4631984410580218 0
1635 5.645527208450055 0.3970272351925901 0
1636 5.589869611268312 0.5293696469234535 0
1637 5.555198409858951 0.4631984410580218 0
1638 5.610856007040695 0.3308560293271584 0
1639 5.49269840985872 0.4631984410580218 0
1640 5.520527208449591 0.3970272351925901 0
1641 5.485856007040232 0.3308560293271584 0
1642 5.548356007040463 0.3308560293271584 0
1643 5.423356007040001 0.3308560293271584 0
1644 5.451184805630872 0.2646848234617267 0
1645 5.576184805631335 0.2646848234617267 0
1646 5.464869611267848 0.5293696469234535 0
1647 5.430198409858488 0.4631984410580218 0
1648 5.367698409858257 0.4631984410580218 0
1649 5.395527208449129 0.3970272351925901 0
1650 5.339869611267384 0.5293696469234535 0
1651 5.305198409858025 0.4631984410580218 0
1652 5.360856007039768 0.3308560293271584 0
1653 5.541513604221975 0.198513617596295 0
1654 5.479013604221743 0.198513617596295 0
1655 5.506842402812615 0.1323424117308634 0
1656 5.416513604221512 0.198513617596295 0
1657 5.472171201403255 0.06617120586543168 0
1658 5.749540812678095 0.5955408527888851 0
1659 5.687040812677864 0.5955408527888851 0
1660 5.659212014086953 0.6617120586543168 0
1661 5.624540812677632 0.5955408527888851 0
1662 5.693883215496274 0.7278832645197485 0
1663 5.631383215496042 0.7278832645197485 0
1664 5.562040812677401 0.5955408527888851 0
1665 5.603554416905131 0.7940544703851802 0
1666 5.56888321549581 0.7278832645197485 0
1667 5.506383215495578 0.7278832645197485 0
1668 5.534212014086489 0.6617120586543168 0
1669 5.478554416904667 0.7940544703851802 0
1670 5.443883215495346 0.7278832645197485 0
1671 5.499540812677169 0.5955408527888851 0
1672 5.638225618314451 0.8602256762506119 0
1673 5.57572561831422 0.8602256762506119 0
1674 5.547896819723309 0.9263968821160435 0
1675 5.513225618313988 0.8602256762506119 0
1676 5.582568021132629 0.9925680879814752 0
1677 5.520068021132397 0.9925680879814752 0
1678 5.450725618313756 0.8602256762506119 0
1679 5.437040812676937 0.5955408527888851 0
1680 5.409212014086026 0.6617120586543168 0
1681 5.374540812676705 0.5955408527888851 0
1682 5.381383215495115 0.7278832645197485 0
1683 5.312040812676473 0.5955408527888851 0
1684 5.409671201402912 0.06617120586543168 0
1685 5.381842402812056 0.1323424117308634 0
1686 5.347171201402585 0.06617120586543168 0
1687 5.354013604221185 0.198513617596295 0
1688 5.284671201402275 0.06617120586543168 0
1689 5.326184805630447 0.2646848234617267 0
1690 5.291513604220992 0.198513617596295 0
1691 5.2290136042208 0.198513617596295 0
1692 5.256842402811538 0.1323424117308634 0
1693 5.201184805630063 0.2646848234617267 0
1694 5.166513604220608 0.198513617596295 0
1695 5.222171201402082 0.06617120586543168 0
1696 5.298356007039576 0.3308560293271584 0
1697 5.270527208448704 0.3970272351925901 0
1698 5.235856007039383 0.3308560293271584 0
1699 5.242698409857832 0.4631984410580218 0
1700 5.173356007039191 0.3308560293271584 0
1701 5.159671201401861 0.06617120586543168 0
1702 5.131842402811287 0.1323424117308634 0
1703 5.097171201401803 0.06617120586543168 0
1704 5.104013604220549 0.198513617596295 0
1705 5.034671201401908 0.06617120586543168 0
1706 4.570015794958316 1.002715822449563 0
1707 4.600992822055076 1.065279514677288 0
1708 4.666641050560637 1.069014412770444 0
1709 4.631969849151838 1.127843206905012 0
1710 4.701312251969435 1.010185618635876 0
1711 4.732289279066197 1.0727493108636 0
1712 4.662946876248601 1.190406899132737 0
1713 4.797937507571757 1.076484208956757 0
1714 4.763266306162959 1.135313003091325 0
1715 4.79424333325972 1.197876695319049 0
1716 4.72859510475416 1.194141797225893 0
1717 4.859891561765281 1.201611593412206 0
1718 4.825220360356482 1.260440387546774 0
1719 4.693923903345361 1.252970591360461 0
1720 4.832608708980557 1.017655414822188 0
1721 4.863585736077317 1.080219107049913 0
1722 4.929233964582878 1.083954005143069 0
1723 4.894562763174079 1.142782799277637 0
1724 4.963905165991676 1.025125211008501 0
1725 4.994882193088438 1.087688903236225 0
1726 4.925539790270841 1.205346491505362 0
1727 4.724900930442123 1.315534283588186 0
1728 4.790549158947683 1.319269181681342 0
1729 4.755877957538885 1.378097975815911 0
1730 4.856197387453243 1.323004079774499 0
1731 4.786854984635646 1.440661668043635 0
1732 5.060530421593998 1.091423801329382 0
1733 5.025859220185199 1.15025259546395 0
1734 5.056836247281961 1.212816287691674 0
1735 4.991188018776401 1.209081389598518 0
1736 5.122484475787521 1.216551185784831 0
1737 5.087813274378723 1.275379979919399 0
1738 4.956516817367602 1.267910183733086 0
1739 5.118790301475483 1.337943672147123 0
1740 5.053142072969924 1.334208774053967 0
1741 5.018470871561125 1.393037568188536 0
1742 4.987493844464364 1.330473875960811 0
1743 5.049447898657887 1.45560126041626 0
1744 4.983799670152327 1.451866362323104 0
1745 4.921845615958803 1.326738977867655 0
1746 5.184438529981044 1.34167857024028 0
1747 5.149767328572246 1.400507364374848 0
1748 5.180744355669008 1.463071056602573 0
1749 5.115096127163447 1.459336158509416 0
1750 5.246392584174568 1.466805954695729 0
1751 5.211721382765768 1.525634748830297 0
1752 5.080424925754649 1.518164952643985 0
1753 4.887174414550005 1.385567772002223 0
1754 4.918151441646767 1.448131464229948 0
1755 4.852503213141206 1.444396566136791 0
1756 4.949128468743528 1.510695156457672 0
1757 4.817832011732408 1.50322536027136 0
1758 5.095201623002797 1.032595007194813 0
1759 5.126178650099558 1.095158699422538 0
1760 5.191826878605118 1.098893597515694 0
1761 5.15715567719632 1.157722391650262 0
1762 5.226498080013917 1.040064803381126 0
1763 5.257475107110679 1.10262849560885 0
1764 5.188132704293082 1.220286083877987 0
1765 5.323123335616239 1.106363393702007 0
1766 5.28845213420744 1.165192187836575 0
1767 5.319429161304202 1.227755880064299 0
1768 5.253780932798642 1.224020981971143 0
1769 5.385077389809762 1.231490778157456 0
1770 5.350406188400964 1.290319572292024 0
1771 5.219109731389842 1.282849776105711 0
1772 5.357794537025038 1.047534599567438 0
1773 5.388771564121798 1.110098291795163 0
1774 5.454419792627359 1.113833189888319 0
1775 5.419748591218561 1.172661984022887 0
1776 5.489090994036157 1.055004395753751 0
1777 5.52006802113292 1.117568087981475 0
1778 5.450725618315323 1.235225676250612 0
1779 5.250086758486605 1.345413468333436 0
1780 5.315734986992164 1.349148366426592 0
1781 5.281063785583366 1.407977160561161 0
1782 5.381383215497724 1.352883264519749 0
1783 5.312040812680127 1.470540852788885 0
1784 4.848809038829168 1.565789052499084 0
1785 4.914457267334729 1.56952395059224 0
1786 4.879786065925931 1.628352744726809 0
1787 4.98010549584029 1.573258848685397 0
1788 4.910763093022693 1.690916436954534 0
1789 5.045753724345849 1.576993746778553 0
1790 5.011082522937051 1.635822540913121 0
1791 5.042059550033812 1.698386233140846 0
1792 4.976411321528253 1.69465133504769 0
1793 5.107707778539373 1.702121131234002 0
1794 5.073036577130575 1.760949925368571 0
1795 4.941740120119453 1.753480129182258 0
1796 5.111401952851409 1.580728644871709 0
1797 5.17705018135697 1.584463542964865 0
1798 5.142378979948171 1.643292337099434 0
1799 5.24269840986253 1.588198441058022 0
1800 5.173356007044934 1.705856029327158 0
1801 4.972717147216215 1.816043821409983 0
1802 5.038365375721775 1.819778719503139 0
1803 5.003694174312977 1.878607513637707 0
1804 5.104013604227335 1.823513617596295 0
1805 5.034671201409738 1.941171205865432 0
1806 2.508475100615808 0.9324082186385254 0
1807 2.543304430318676 0.9994208038429268 0
1808 2.609048806181642 1.004030385751875 0
1809 2.578133760021544 1.066433389047328 0
1810 2.63996385234174 0.9416273824564214 0
1811 2.674793182044608 1.008639967660823 0
1812 2.612963089724412 1.13344597425173 0
1813 2.740537557907574 1.013249549569771 0
1814 2.709622511747476 1.075652552865224 0
1815 2.744451841450343 1.142665138069626 0
1816 2.678707465587378 1.138055556160678 0
1817 2.810196217313309 1.147274719978574 0
1818 2.779281171153211 1.209677723274027 0
1819 2.647792419427279 1.200458559456131 0
1820 2.771452604067672 0.9508465462743176 0
1821 2.80628193377054 1.017859131478719 0
1822 2.872026309633505 1.022468713387667 0
1823 2.841111263473407 1.084871716683121 0
1824 2.902941355793604 0.9600657100922136 0
1825 2.937770685496472 1.027078295296615 0
1826 2.875940593176275 1.151884301887522 0
1827 2.682621749130147 1.267471144660532 0
1828 2.748366124993113 1.27208072656948 0
1829 2.717451078833014 1.334483729864934 0
1830 2.814110500856079 1.276690308478428 0
1831 2.752280408535882 1.401496315069335 0
1832 3.003515061359438 1.031687877205563 0
1833 2.972600015199339 1.094090880501017 0
1834 3.007429344902207 1.161103465705418 0
1835 2.941684969039241 1.15649388379647 0
1836 3.073173720765173 1.165713047614366 0
1837 3.042258674605074 1.228116050909819 0
1838 2.910769922879143 1.218896887091923 0
1839 3.077088004307942 1.29512863611422 0
1840 3.011343628444976 1.290519054205272 0
1841 2.980428582284878 1.352922057500726 0
1842 2.94559925258201 1.285909472296324 0
1843 3.015257911987746 1.419934642705127 0
1844 2.94951353612478 1.415325060796179 0
1845 2.879854876719045 1.281299890387376 0
1846 3.142832380170908 1.299738218023168 0
1847 3.11191733401081 1.362141221318622 0
1848 3.146746663713678 1.429153806523023 0
1849 3.081002287850712 1.424544224614075 0
1850 3.212491039576644 1.433763388431971 0
1851 3.181575993416546 1.496166391727425 0
1852 3.050087241690614 1.486947227909529 0
1853 2.848939830558947 1.34370289368283 0
1854 2.883769160261814 1.410715478887231 0
1855 2.818024784398848 1.406105896978283 0
1856 2.918598489964682 1.477728064091633 0
1857 2.78710973823875 1.468508900273737 0
1858 3.034430107519536 0.9692848739101096 0
1859 3.069259437222403 1.036297459114511 0
1860 3.135003813085369 1.040907041023459 0
1861 3.104088766925271 1.103310044318913 0
1862 3.165918859245467 0.9785040377280056 0
1863 3.200748188948335 1.045516622932407 0
1864 3.138918096628139 1.170322629523314 0
1865 3.266492564811301 1.050126204841355 0
1866 3.235577518651203 1.112529208136809 0
1867 3.27040684835407 1.17954179334121 0
1868 3.204662472491105 1.174932211432262 0
1869 3.336151224217036 1.184151375250158 0
1870 3.305236178056938 1.246554378545611 0
1871 3.173747426331007 1.237335214727715 0
1872 3.297407610971399 0.9877232015459019 0
1873 3.332236940674267 1.054735786750303 0
1874 3.397981316537233 1.059345368659251 0
1875 3.367066270377134 1.121748371954705 0
1876 3.428896362697331 0.9969423653637979 0
1877 3.463725692400199 1.063954950568199 0
1878 3.401895600080002 1.188760957159106 0
1879 3.208576756033874 1.304347799932117 0
1880 3.27432113189684 1.308957381841065 0
1881 3.243406085736742 1.371360385136518 0
1882 3.340065507759806 1.313566963750013 0
1883 3.278235415439609 1.438372970340919 0
1884 2.821939067941618 1.535521485478138 0
1885 2.887683443804583 1.540131067387086 0
1886 2.856768397644486 1.60253407068254 0
1887 2.953427819667549 1.544740649296034 0
1888 2.891597727347353 1.669546655886941 0
1889 3.019172195530516 1.549350231204982 0
1890 2.988257149370417 1.611753234500436 0
1891 3.023086479073285 1.678765819704837 0
1892 2.957342103210319 1.674156237795889 0
1893 3.088830854936251 1.683375401613785 0
1894 3.057915808776153 1.745778404909238 0
1895 2.926427057050221 1.736559241091342 0
1896 3.084916571393482 1.55395981311393 0
1897 3.150660947256448 1.558569395022878 0
1898 3.11974590109635 1.620972398318332 0
1899 3.216405323119414 1.563178976931826 0
1900 3.154575230799217 1.687984983522733 0
1901 2.961256386753089 1.803571826295744 0
1902 3.027000762616055 1.808181408204692 0
1903 2.996085716455957 1.870584411500145 0
1904 3.092745138479021 1.81279099011364 0
1905 3.030915046158825 1.937596996704547 0
1906 3.968415046161337 1.937596996704547 0
1907 3.999938019064546 1.875033304476822 0
1908 3.968353065224477 1.812630301181369 0
1909 4.031460991967755 1.812469612249097 0
1910 3.905245138481198 1.81279099011364 0
1911 3.936768111384407 1.750227297885915 0
1912 4.062983964870964 1.749905920021373 0
1913 3.905183157544338 1.687824294590462 0
1914 3.968291084287616 1.687663605658191 0
1915 3.999814057190826 1.625099913430466 0
1916 4.031399011030895 1.687502916725919 0
1917 3.968229103350756 1.562696910135013 0
1918 4.031337030094035 1.562536221202742 0
1919 4.094506937774174 1.687342227793649 0
1920 3.84207523080106 1.687984983522733 0
1921 3.873598203704268 1.625421291295009 0
1922 3.842013249864199 1.563018287999555 0
1923 3.905121176607478 1.562857599067284 0
1924 3.778905323120921 1.563178976931826 0
1925 3.81042829602413 1.500615284704102 0
1926 3.936644149510687 1.500293906839559 0
1927 4.126029910677383 1.624778535565924 0
1928 4.094444956837314 1.56237553227047 0
1929 4.157552883580593 1.562214843338199 0
1930 4.062860002997244 1.499972528975017 0
1931 4.189075856483802 1.499651151110475 0
1932 3.778843342184061 1.438212281408648 0
1933 3.841951268927339 1.438051592476377 0
1934 3.873474241830549 1.375487900248653 0
1935 3.905059195670618 1.437890903544106 0
1936 3.84188928799048 1.313084896953199 0
1937 3.904997214733758 1.312924208020928 0
1938 3.968167122413897 1.437730214611835 0
1939 3.936520187636968 1.250360515793204 0
1940 3.968105141477037 1.312763519088657 0
1941 4.031213068220316 1.312602830156386 0
1942 3.999690095317106 1.37516652238411 0
1943 4.062736041123525 1.250039137928661 0
1944 4.094320994963594 1.312442141224115 0
1945 4.031275049157175 1.437569525679564 0
1946 3.904935233796898 1.18795751249775 0
1947 3.968043160540177 1.187796823565479 0
1948 3.999566133443386 1.125233131337754 0
1949 4.031151087283456 1.187636134633208 0
1950 3.967981179603317 1.062830128042301 0
1951 4.031089106346595 1.06266943911003 0
1952 4.094259014026735 1.187475445700937 0
1953 4.094382975900453 1.437408836747292 0
1954 4.125905948803663 1.374845144519568 0
1955 4.157490902643732 1.437248147815021 0
1956 4.157428921706872 1.312281452291844 0
1957 4.220598829387011 1.43708745888275 0
1958 3.715735415440782 1.438372970340919 0
1959 3.747258388343992 1.375809278113195 0
1960 3.715673434503922 1.313406274817742 0
1961 3.778781361247201 1.313245585885471 0
1962 3.652565507760643 1.313566963750013 0
1963 3.684088480663853 1.251003271522288 0
1964 3.81030433415041 1.250681893657746 0
1965 3.652503526823783 1.188600268226835 0
1966 3.715611453567062 1.188439579294564 0
1967 3.747134426470272 1.125875887066839 0
1968 3.778719380310341 1.188278890362293 0
1969 3.715549472630202 1.063472883771386 0
1970 3.778657399373481 1.063312194839114 0
1971 3.841827307053619 1.188118201430021 0
1972 3.589395600080505 1.188760957159106 0
1973 3.620918572983714 1.126197264931381 0
1974 3.589333619143645 1.063794261635928 0
1975 3.652441545886923 1.063633572703657 0
1976 3.526225692400366 1.063954950568199 0
1977 3.557748665303575 1.001391258340475 0
1978 3.683964518790133 1.001069880475932 0
1979 3.873350279956829 1.125554509202297 0
1980 3.841765326116759 1.063151505906843 0
1981 3.904873252860038 1.062990816974572 0
1982 3.81018037227669 1.00074850261139 0
1983 3.936396225763247 1.000427124746848 0
1984 4.252121802290221 1.374523766655026 0
1985 4.220536848450151 1.312120763359572 0
1986 4.28364477519343 1.311960074427301 0
1987 4.188951894610081 1.249717760064119 0
1988 4.315167748096639 1.249396382199576 0
1989 4.157366940770013 1.187314756768665 0
1990 4.220474867513291 1.187154067836394 0
1991 4.2519978404165 1.12459037560867 0
1992 4.28358279425657 1.186993378904123 0
1993 4.220412886576431 1.062187372313216 0
1994 4.28352081331971 1.062026683380945 0
1995 4.346690720999849 1.186832689971852 0
1996 4.125781986929944 1.124911753473212 0
1997 4.094197033089874 1.062508750177759 0
1998 4.157304959833153 1.062348061245487 0
1999 4.062612079249805 1.000105746882305 0
2000 4.188827932736363 0.999784369017763 0
2001 4.378213693903058 1.124268997744127 0
2002 4.346628740062989 1.061865994448674 0
2003 4.409736666806268 1.061705305516403 0
2004 4.315043786222919 0.9994629911532207 0
2005 4.441259639709477 0.9991416132886783 0
2006 2.99608571645059 0.1205844115001452 0
2007 2.965170670290108 0.05798741479559859 0
2008 3.027000762611072 0.1831814082046918 0
2009 2.961256386748106 0.1785718262957438 0
2010 3.057915808771553 0.2457784049092384 0
2011 2.926427057045621 0.2365592410913424 0
2012 2.89551201088514 0.1739622443867958 0
2013 3.088830854932035 0.3083754016137851 0
2014 3.023086479069069 0.303765819704837 0
2015 2.988257149366585 0.3617532345004356 0
2016 2.957342103206103 0.299156237795889 0
2017 3.019172195527066 0.4243502312049822 0
2018 2.9534278196641 0.4197406492960342 0
2019 2.891597727343137 0.294546655886941 0
2020 3.119745901092516 0.3709723983183317 0
2021 3.150660947252998 0.4335693950228783 0
2022 3.084916571390032 0.4289598131139303 0
2023 3.181575993413479 0.4961663917274249 0
2024 3.050087241687548 0.4869472279095288 0
2025 2.856768397640653 0.3525340706825396 0
2026 2.825853351480171 0.289937073977993 0
2027 2.887683443801134 0.4151310673870862 0
2028 2.821939067938168 0.4105214854781382 0
2029 2.918598489961616 0.4777280640916328 0
2030 2.787109738235683 0.4685089002737367 0
2031 2.756194692075202 0.4059119035691901 0
2032 3.212491039573961 0.5587633884319716 0
2033 3.146746663710995 0.5541538065230235 0
2034 3.111917334008511 0.6121412213186221 0
2035 3.081002287848029 0.5495442246140755 0
2036 3.142832380168992 0.6747382180231687 0
2037 3.077088004306026 0.6701286361142207 0
2038 3.015257911985063 0.5449346427051274 0
2039 3.042258674603541 0.7281160509098192 0
2040 3.01134362844306 0.6655190542052727 0
2041 2.945599252580094 0.6609094722963247 0
2042 2.980428582282578 0.602922057500726 0
2043 2.91076992287761 0.7188968870919232 0
2044 2.879854876717128 0.6562998903873767 0
2045 2.949513536122097 0.5403250607961794 0
2046 3.073173720764023 0.7907130476143658 0
2047 3.007429344901057 0.7861034657054178 0
2048 2.972600015198573 0.8440908805010164 0
2049 2.941684969038091 0.7814938837964698 0
2050 3.003515061359054 0.9066878772055631 0
2051 2.937770685496088 0.9020782952966151 0
2052 2.875940593175125 0.7768843018875218 0
2053 2.883769160259131 0.5357154788872314 0
2054 2.848939830556647 0.5937028936828299 0
2055 2.818024784396165 0.5311058969782834 0
2056 2.814110500854162 0.6516903084784286 0
2057 2.752280408533199 0.5264963150693354 0
2058 3.243406085734442 0.6213603851365181 0
2059 3.274321131894924 0.6839573818410647 0
2060 3.208576756031958 0.6793477999321167 0
2061 3.305236178055405 0.7465543785456115 0
2062 3.173747426329474 0.7373352147277152 0
2063 3.336151224215887 0.809151375250158 0
2064 3.270406848352921 0.80454179334121 0
2065 3.235577518650437 0.8625292081368086 0
2066 3.204662472489955 0.799932211432262 0
2067 3.266492564810918 0.9251262048413551 0
2068 3.200748188947952 0.9205166229324071 0
2069 3.138918096626989 0.7953226295233139 0
2070 3.367066270376368 0.8717483719547046 0
2071 3.39798131653685 0.9343453686592513 0
2072 3.332236940673884 0.9297357867503032 0
2073 3.104088766924504 0.8533100443189126 0
2074 3.135003813084986 0.9159070410234591 0
2075 3.06925943722202 0.9112974591145111 0
2076 2.717451078830715 0.5844837298649339 0
2077 2.686536032670233 0.5218867331603874 0
2078 2.748366124991196 0.6470807265694805 0
2079 2.68262174912823 0.6424711446605325 0
2080 2.779281171151678 0.7096777232740272 0
2081 2.647792419425746 0.700458559456131 0
2082 2.616877373265265 0.6378615627515845 0
2083 2.81019621731216 0.7722747199785738 0
2084 2.744451841449194 0.7676651380696258 0
2085 2.709622511746709 0.8256525528652243 0
2086 2.678707465586228 0.7630555561606778 0
2087 2.74053755790719 0.8882495495697709 0
2088 2.674793182044225 0.8836399676608229 0
2089 2.612963089723261 0.7584459742517297 0
2090 2.841111263472641 0.8348717166831203 0
2091 2.872026309633123 0.8974687133876671 0
2092 2.806281933770157 0.892859131478719 0
2093 2.578133760020777 0.8164333890473283 0
2094 2.547218713860295 0.7538363923427815 0
2095 2.609048806181259 0.8790303857518749 0
2096 2.543304430318293 0.8744208038429269 0
2097 2.477560054455327 0.8698112219339789 0
2098 4.40973666680549 0.9367053055164029 0
2099 4.47284459354877 0.9365446165841316 0
2100 4.346628740062211 0.936865994448674 0
2101 4.378213693901504 0.8742689977441274 0
2102 4.283520813318933 0.9370266833809452 0
2103 4.346690720997518 0.811832689971852 0
2104 4.409798647740796 0.8116720010395808 0
2105 4.220412886575655 0.9371873723132164 0
2106 4.251997840414948 0.8745903756086697 0
2107 4.220474867510961 0.8121540678363943 0
2108 4.28358279425424 0.8119933789041232 0
2109 4.157366940767682 0.8123147567686655 0
2110 4.188951894606975 0.7497177600641188 0
2111 4.315167748093533 0.7493963821995765 0
2112 4.157304959832376 0.9373480612454875 0
2113 4.094197033089097 0.9375087501777587 0
2114 4.12578198692839 0.874911753473212 0
2115 4.031089106345819 0.9376694391100299 0
2116 4.094259014024404 0.8124754457009367 0
2117 4.283644775189546 0.686960074427301 0
2118 4.346752701932825 0.6867993854950298 0
2119 4.220536848446267 0.6871207633595722 0
2120 4.25212180228556 0.6245237666550256 0
2121 4.157428921702989 0.6872814522918433 0
2122 4.220598829381574 0.5620874588827501 0
2123 4.283706756124852 0.561926769950479 0
2124 3.96798117960254 0.9378301280423011 0
2125 3.999566133441832 0.8752331313377544 0
2126 3.968043160537846 0.812796823565479 0
2127 4.031151087281125 0.8126361346332078 0
2128 3.904935233794567 0.8129575124977502 0
2129 3.93652018763386 0.7503605157932036 0
2130 4.062736041120417 0.7500391379286613 0
2131 3.904997214729874 0.6879242080209281 0
2132 3.968105141473153 0.687763519088657 0
2133 3.999690095312445 0.6251665223841103 0
2134 4.031213068216432 0.6876028301563858 0
2135 3.968167122408459 0.5627302146118349 0
2136 4.031275049151738 0.5625695256795638 0
2137 4.094320994959711 0.6874421412241145 0
2138 3.841889287986595 0.6880848969531993 0
2139 3.873474241825888 0.6254879002486526 0
2140 3.841951268921902 0.5630515924763773 0
2141 3.90505919566518 0.5628909035441061 0
2142 3.778843342178623 0.5632122814086484 0
2143 3.810428296017915 0.5006152847041018 0
2144 3.936644149504473 0.5002939068395594 0
2145 4.125905948799003 0.624845144519568 0
2146 4.094382975895017 0.5624088367472926 0
2147 4.157490902638296 0.5622481478150214 0
2148 4.06286000299103 0.4999725289750171 0
2149 4.189075856477588 0.4996511511104748 0
2150 3.904873252859261 0.9379908169745723 0
2151 3.841765326115982 0.9381515059068435 0
2152 3.873350279955275 0.8755545092022968 0
2153 3.778657399372704 0.9383121948391147 0
2154 3.841827307051289 0.8131182014300213 0
2155 3.715549472629425 0.9384728837713858 0
2156 3.747134426468718 0.8758758870668392 0
2157 3.715611453564732 0.8134395792945637 0
2158 3.77871938030801 0.8132788903622925 0
2159 3.652503526821453 0.8136002682268348 0
2160 3.684088480660745 0.7510032715222883 0
2161 3.810304334147303 0.750681893657746 0
2162 3.652441545886147 0.938633572703657 0
2163 3.589333619142868 0.9387942616359282 0
2164 3.62091857298216 0.8761972649313815 0
2165 3.778781361243317 0.6882455858854705 0
2166 3.715673434500038 0.6884062748177416 0
2167 3.74725838833933 0.625809278113195 0
2168 4.157552883573602 0.4372148433381993 0
2169 4.220660810316881 0.4370541544059281 0
2170 4.094444956830323 0.4373755322704704 0
2171 4.126029910669615 0.3747785355659238 0
2172 4.031337030087045 0.4375362212027416 0
2173 4.09450693776563 0.3123422277936484 0
2174 4.157614864508908 0.3121815388613772 0
2175 3.968229103343766 0.4376969101350128 0
2176 3.999814057183058 0.3750999134304662 0
2177 3.968291084279072 0.3126636056581907 0
2178 4.031399011022351 0.3125029167259196 0
2179 3.905183157535793 0.3128242945904619 0
2180 3.936768111375086 0.2502272978859153 0
2181 4.062983964861643 0.249905920021373 0
2182 3.905121176600487 0.437857599067284 0
2183 3.842013249857208 0.4380182879995552 0
2184 3.8735982036965 0.3754212912950086 0
2185 4.031460991957657 0.1874696122490975 0
2186 4.094568918700936 0.1873089233168263 0
2187 3.968353065214378 0.1876303011813687 0
2188 3.999938019053671 0.1250333044768221 0
2189 4.031522972892963 0.06243630777227544 0
2190 5.003694174305668 0.1286075136377071 0
2191 4.969022972896347 0.06243630777227544 0
2192 5.038365375714989 0.1947787195031388 0
2193 4.972717147209429 0.1910438214099826 0
2194 5.073036577124309 0.2609499253685705 0
2195 4.94174012011319 0.253480129182258 0
2196 4.907068918703869 0.1873089233168263 0
2197 5.10770777853363 0.3271211312340022 0
2198 5.04205955002807 0.3233862331408459 0
2199 5.011082522931831 0.3858225409131213 0
2200 4.976411321522511 0.3196513350476897 0
2201 5.045753724341152 0.451993746778553 0
2202 4.980105495835591 0.4482588486853968 0
2203 4.91076309301695 0.3159164369545334 0
2204 5.142378979942951 0.3932923370994338 0
2205 5.177050181352271 0.4594635429648655 0
2206 5.111401952846712 0.4557286448717093 0
2207 5.211721382761592 0.5256347488302973 0
2208 5.080424925750473 0.5181649526439847 0
2209 4.87978606592071 0.3783527447268089 0
2210 4.845114864511389 0.3121815388613772 0
2211 4.914457267330031 0.4445239505922405 0
2212 4.848809038824471 0.4407890524990843 0
2213 4.949128468739351 0.5106951564576723 0
2214 4.817832011728232 0.5032253602713598 0
2215 4.783160810318911 0.4370541544059281 0
2216 5.246392584170913 0.5918059546957288 0
2217 5.180744355665353 0.5880710566025726 0
2218 5.149767328569114 0.650507364374848 0
2219 5.115096127159793 0.5843361585094164 0
2220 5.184438529978435 0.7166785702402798 0
2221 5.118790301472874 0.7129436721471235 0
2222 5.049447898654233 0.5806012604162601 0
2223 5.087813274376634 0.775379979919399 0
2224 5.053142072967313 0.7092087740539672 0
2225 4.987493844461754 0.705473875960811 0
2226 5.018470871557993 0.6430375681885356 0
2227 4.956516817365515 0.7679101837330864 0
2228 4.921845615956194 0.7017389778676548 0
2229 4.983799670148672 0.5768663623231038 0
2230 5.122484475785955 0.8415511857848306 0
2231 5.056836247280395 0.8378162876916744 0
2232 5.025859220184156 0.9002525954639498 0
2233 4.991188018774835 0.8340813895985182 0
2234 5.060530421593477 0.9664238013293815 0
2235 4.994882193087916 0.9626889032362252 0
2236 4.925539790269275 0.8303464915053619 0
2237 4.918151441643112 0.5731314642299477 0
2238 4.887174414546873 0.635567772002223 0
2239 4.852503213137553 0.5693965661367915 0
2240 4.856197387450633 0.6980040797744985 0
2241 4.786854984631992 0.5656616680436352 0
2242 5.281063785580233 0.6579771605611606 0
2243 5.315734986989554 0.7241483664265922 0
2244 5.250086758483994 0.720413468333436 0
2245 5.350406188398875 0.790319572292024 0
2246 5.219109731387755 0.7828497761057114 0
2247 5.385077389808195 0.8564907781574556 0
2248 5.319429161302636 0.8527558800642994 0
2249 5.288452134206397 0.9151921878365747 0
2250 5.253780932797076 0.8490209819711432 0
2251 5.323123335615717 0.9813633937020065 0
2252 5.257475107110157 0.9776284956088502 0
2253 5.188132704291515 0.8452860838779869 0
2254 5.419748591217516 0.9226619840228873 0
2255 5.454419792626837 0.988833189888319 0
2256 5.388771564121277 0.9850982917951627 0
2257 5.157155677195275 0.9077223916502624 0
2258 5.191826878604596 0.9738935975156939 0
2259 5.126178650099036 0.9701586994225377 0
2260 4.755877957535752 0.6280979758159106 0
2261 4.721206756126431 0.561926769950479 0
2262 4.790549158945073 0.6942691816813423 0
2263 4.724900930439513 0.6905342835881861 0
2264 4.825220360354393 0.760440387546774 0
2265 4.693923903343274 0.7529705913604616 0
2266 4.659252701933953 0.6867993854950298 0
2267 4.859891561763714 0.8266115934122056 0
2268 4.794243333258154 0.8228766953190494 0
2269 4.763266306161915 0.8853130030913248 0
2270 4.728595104752594 0.8191417972258932 0
2271 4.797937507571236 0.9514842089567566 0
2272 4.732289279065675 0.9477493108636003 0
2273 4.662946876247034 0.815406899132737 0
2274 4.894562763173035 0.8927827992776374 0
2275 4.929233964582355 0.9589540051430691 0
2276 4.863585736076796 0.9552191070499128 0
2277 4.631969849150794 0.8778432069050124 0
2278 4.597298647741473 0.8116720010395808 0
2279 4.666641050560115 0.9440144127704441 0
2280 4.600992822054555 0.9402795146772879 0
2281 4.535344593548995 0.9365446165841316 0
2282 1.978590729133958 1.954144857302309 0
2283 2.00626139943107 1.887132272097908 0
2284 1.984852128565977 1.841277129400217 0
2285 2.033932069728182 1.820119686893507 0
2286 1.935772187403772 1.862434571906928 0
2287 1.963442857700884 1.795421986702527 0
2288 2.061602740025294 1.753107101689105 0
2289 1.942033586835791 1.749566844004836 0
2290 1.991113527997995 1.728409401498125 0
2291 2.018784198295108 1.661396816293724 0
2292 2.040193469160201 1.707251958991415 0
2293 1.997374927430014 1.615541673596034 0
2294 2.046454868592219 1.594384231089323 0
2295 2.089273410322406 1.686094516484704 0
2296 1.892953645673586 1.770724286511547 0
2297 1.920624315970697 1.703711701307146 0
2298 1.899215045105604 1.657856558609455 0
2299 1.948294986267809 1.636699116102744 0
2300 1.850135103943399 1.679014001116166 0
2301 1.877805774240511 1.612001415911765 0
2302 1.975965656564921 1.569686530898343 0
2303 2.116944080619517 1.619081931280303 0
2304 2.095534809754424 1.573226788582612 0
2305 2.14461475091663 1.552069346075901 0
2306 2.074125538889331 1.527371645884922 0
2307 2.172285421213742 1.4850567608715 0
2308 1.856396503375418 1.566146273214074 0
2309 1.905476444537623 1.544988830707363 0
2310 1.933147114834735 1.477976245502962 0
2311 1.954556385699828 1.523831388200652 0
2312 1.911737843969642 1.432121102805271 0
2313 1.960817785131847 1.410963660298561 0
2314 2.003636326862033 1.502673945693942 0
2315 1.988488455428959 1.343951075094159 0
2316 2.009897726294052 1.38980621779185 0
2317 2.058977667456257 1.368648775285139 0
2318 2.031306997159145 1.435661360489541 0
2319 2.086648337753369 1.301636190080738 0
2320 2.108057608618462 1.347491332778428 0
2321 2.052716268024238 1.481516503187231 0
2322 1.967079184563866 1.298095932396469 0
2323 2.01615912572607 1.276938489889758 0
2324 2.043829796023183 1.209925904685357 0
2325 2.065239066888276 1.255781047383047 0
2326 2.02242052515809 1.164070761987666 0
2327 2.071500466320295 1.142913319480955 0
2328 2.114319008050481 1.234623604876336 0
2329 2.101796209186443 1.46035906068052 0
2330 2.129466879483555 1.393346475476119 0
2331 2.150876150348648 1.439201618173809 0
2332 2.157137549780667 1.326333890271717 0
2333 2.199956091510853 1.418044175667098 0
2334 1.807316562213213 1.587303715720785 0
2335 1.834987232510324 1.520291130516384 0
2336 1.813577961645231 1.474435987818693 0
2337 1.862657902807436 1.453278545311982 0
2338 1.764498020483026 1.495593430325404 0
2339 1.792168690780138 1.428580845121003 0
2340 1.890328573104548 1.386265960107581 0
2341 1.770759419915045 1.382725702423312 0
2342 1.81983936107725 1.361568259916601 0
2343 1.847510031374362 1.2945556747122 0
2344 1.868919302239455 1.34041081740989 0
2345 1.826100760509269 1.248700532014509 0
2346 1.875180701671474 1.227543089507799 0
2347 1.917999243401661 1.31925337490318 0
2348 1.72167947875284 1.403883144930023 0
2349 1.749350149049952 1.336870559725622 0
2350 1.727940878184859 1.291015417027931 0
2351 1.777020819347064 1.26985797452122 0
2352 1.678860937022653 1.312172859534642 0
2353 1.706531607319765 1.245160274330241 0
2354 1.804691489644176 1.202845389316819 0
2355 1.945669913698773 1.252240789698778 0
2356 1.924260642833679 1.206385647001088 0
2357 1.973340583995884 1.185228204494377 0
2358 1.902851371968586 1.160530504303397 0
2359 2.001011254292997 1.118215619289975 0
2360 2.227626761807965 1.351031590462697 0
2361 2.206217490942872 1.305176447765006 0
2362 2.255297432105078 1.284019005258295 0
2363 2.184808220077779 1.259321305067316 0
2364 2.282968102402189 1.217006420053894 0
2365 2.163398949212686 1.213466162369625 0
2366 2.212478890374891 1.192308719862914 0
2367 2.240149560672003 1.125296134658513 0
2368 2.261558831537096 1.171151277356203 0
2369 2.21874028980691 1.079440991960822 0
2370 2.267820230969115 1.058283549454111 0
2371 2.310638772699301 1.149993834849492 0
2372 2.141989678347593 1.167611019671935 0
2373 2.1205804074825 1.121755876974244 0
2374 2.169660348644705 1.100598434467533 0
2375 2.099171136617406 1.075900734276554 0
2376 2.197331018941817 1.033585849263132 0
2377 2.338309442996414 1.082981249645091 0
2378 2.31690017213132 1.0371261069474 0
2379 2.365980113293525 1.01596866444069 0
2380 2.295490901266227 0.99127096424971 0
2381 2.393650783590637 0.9489560792362883 0
2382 6.02150253592214 0.04542432646041335 0
2383 5.993673737331228 0.111595532325845 0
2384 6.015176273257074 0.1570198587862584 0
2385 5.965844938740318 0.1777667381912767 0
2386 6.06450760777383 0.1362729793812401 0
2387 6.03667880918292 0.2024441852466717 0
2388 5.938016140149406 0.2439379440567084 0
2389 6.058181345108765 0.2478685117070851 0
2390 6.008850010592008 0.2686153911121034 0
2391 5.981021212001098 0.3347865969775351 0
2392 5.959518676075252 0.2893622705171217 0
2393 6.002523747926943 0.3802109234379484 0
2394 5.953192413410186 0.4009578028429668 0
2395 5.910187341558496 0.3101091499221401 0
2396 6.107512679625522 0.2271216323020668 0
2397 6.07968388103461 0.2932928381674984 0
2398 6.101186416960456 0.3387171646279118 0
2399 6.0518550824437 0.3594640440329301 0
2400 6.150517751477212 0.3179702852228934 0
2401 6.122688952886302 0.3841414910883251 0
2402 6.024026283852788 0.4256352498983618 0
2403 5.882358542967584 0.3762803557875717 0
2404 5.90386107889343 0.4217046822479851 0
2405 5.854529744376674 0.4424515616530034 0
2406 5.925363614819275 0.4671290087083985 0
2407 5.826700945785763 0.5086227675184352 0
2408 6.144191488812146 0.4295658175487385 0
2409 6.09486015429539 0.4503126969537568 0
2410 6.067031355704479 0.5164839028191885 0
2411 6.045528819778633 0.4710595763587752 0
2412 6.088533891630324 0.5619082292796018 0
2413 6.039202557113567 0.5826551086846201 0
2414 5.996197485261877 0.4918064557637934 0
2415 6.011373758522657 0.6488263145500519 0
2416 5.989871222596811 0.6034019880896385 0
2417 5.940539888080055 0.6241488674946568 0
2418 5.968368686670965 0.5579776616292251 0
2419 5.912711089489145 0.6903200733600885 0
2420 5.891208553563299 0.6448957468996751 0
2421 5.94686615074512 0.5125533351688117 0
2422 6.032876294448502 0.6942506410104652 0
2423 5.983544959931746 0.7149975204154835 0
2424 5.955716161340835 0.7811687262809153 0
2425 5.93421362541499 0.7357443998205019 0
2426 5.977218697266681 0.8265930527413285 0
2427 5.927887362749924 0.8473399321463468 0
2428 5.884882290898233 0.7564912792255202 0
2429 5.897534816228364 0.5333002145738301 0
2430 5.869706017637453 0.5994714204392617 0
2431 5.848203481711608 0.5540470939788484 0
2432 5.841877219046543 0.6656426263046935 0
2433 5.798872147194851 0.5747939733838667 0
2434 6.193522823328903 0.4088189381437202 0
2435 6.165694024737991 0.4749901440091518 0
2436 6.187196560663837 0.5204144704695651 0
2437 6.137865226147081 0.5411613498745835 0
2438 6.236527895180593 0.4996675910645468 0
2439 6.208699096589683 0.5658387969299785 0
2440 6.110036427556169 0.6073325557400151 0
2441 6.230201632515528 0.6112631233903919 0
2442 6.180870297998771 0.6320100027954102 0
2443 6.153041499407861 0.6981812086608419 0
2444 6.131538963482015 0.6527568822004285 0
2445 6.174544035333706 0.7436055351212553 0
2446 6.125212700816949 0.7643524145262736 0
2447 6.082207628965259 0.6735037616054469 0
2448 6.279532967032285 0.5905162439853735 0
2449 6.251704168441373 0.6566874498508053 0
2450 6.273206704367219 0.7021117763112186 0
2451 6.223875369850463 0.7228586557162369 0
2452 6.322538038883975 0.6813648969062003 0
2453 6.294709240293065 0.7475361027716318 0
2454 6.196046571259551 0.7890298615816687 0
2455 6.054378830374347 0.7396749674708785 0
2456 6.075881366300193 0.7850992939312919 0
2457 6.026550031783437 0.8058461733363103 0
2458 6.097383902226039 0.8305236203917052 0
2459 5.998721233192526 0.8720173792017418 0
2460 5.771043348603941 0.6409651792492985 0
2461 5.792545884529786 0.6863895057097118 0
2462 5.74321455001303 0.7071363851147301 0
2463 5.814048420455631 0.7318138321701251 0
2464 5.715385751422119 0.7733075909801619 0
2465 5.835550956381477 0.7772381586305385 0
2466 5.786219621864721 0.7979850380355569 0
2467 5.75839082327381 0.8641562439009884 0
2468 5.736888287347965 0.8187319174405752 0
2469 5.779893359199655 0.9095805703614018 0
2470 5.730562024682898 0.9303274497664202 0
2471 5.687556952831208 0.8394787968455935 0
2472 5.857053492307323 0.8226624850909519 0
2473 5.878556028233167 0.8680868115513652 0
2474 5.829224693716411 0.8888336909563835 0
2475 5.900058564159012 0.9135111380117786 0
2476 5.8013958951255 0.9550048968218152 0
2477 5.659728154240296 0.9056500027110252 0
2478 5.681230690166142 0.9510743291714385 0
2479 5.631899355649386 0.9718212085764569 0
2480 5.702733226091988 0.9964986556318519 0
2481 5.604070557058474 1.037992414441889 0
2482 5.097171201409746 1.941171205865432 0
2483 5.131842402818529 1.882342411730863 0
2484 5.15967120140974 1.941171205865432 0
2485 5.166513604227329 1.823513617596295 0
2486 5.222171201409718 1.941171205865432 0
2487 5.201184805636119 1.764684823461727 0
2488 5.229013604227314 1.823513617596295 0
2489 5.291513604227299 1.823513617596295 0
2490 5.256842402818508 1.882342411730863 0
2491 5.326184805636091 1.764684823461727 0
2492 5.354013604227285 1.823513617596295 0
2493 5.284671201409703 1.941171205865432 0
2494 5.235856007044918 1.705856029327158 0
2495 5.270527208453718 1.64702723519259 0
2496 5.298356007044903 1.705856029327158 0
2497 5.305198409862516 1.588198441058022 0
2498 5.360856007044889 1.705856029327158 0
2499 5.347171201409688 1.941171205865432 0
2500 5.381842402818472 1.882342411730863 0
2501 5.409671201409665 1.941171205865432 0
2502 5.416513604227263 1.823513617596295 0
2503 5.472171201409637 1.941171205865432 0
2504 5.3398696112713 1.529369646923453 0
2505 5.367698409862486 1.588198441058022 0
2506 5.430198409862458 1.588198441058022 0
2507 5.395527208453673 1.64702723519259 0
2508 5.464869611271241 1.529369646923453 0
2509 5.492698409862427 1.588198441058022 0
2510 5.423356007044861 1.705856029327158 0
2511 5.555198409862399 1.588198441058022 0
2512 5.520527208453615 1.64702723519259 0
2513 5.548356007044802 1.705856029327158 0
2514 5.485856007044831 1.705856029327158 0
2515 5.610856007044772 1.705856029327158 0
2516 5.576184805635989 1.764684823461727 0
2517 5.451184805636047 1.764684823461727 0
2518 5.589869611271182 1.529369646923453 0
2519 5.617698409862369 1.588198441058022 0
2520 5.68019840986234 1.588198441058022 0
2521 5.645527208453556 1.64702723519259 0
2522 5.714869611271124 1.529369646923453 0
2523 5.74269840986231 1.588198441058022 0
2524 5.673356007044744 1.705856029327158 0
2525 5.479013604227234 1.823513617596295 0
2526 5.541513604227204 1.823513617596295 0
2527 5.50684240281842 1.882342411730863 0
2528 5.604013604227175 1.823513617596295 0
2529 5.534671201409607 1.941171205865432 0
2530 5.374540812680098 1.470540852788885 0
2531 5.409212014088896 1.411712058654317 0
2532 5.437040812680069 1.470540852788885 0
2533 5.443883215497696 1.352883264519749 0
2534 5.499540812680039 1.470540852788885 0
2535 5.478554416906494 1.29405447038518 0
2536 5.506383215497666 1.352883264519749 0
2537 5.568883215497637 1.352883264519749 0
2538 5.534212014088838 1.411712058654317 0
2539 5.603554416906436 1.29405447038518 0
2540 5.631383215497607 1.352883264519749 0
2541 5.56204081268001 1.470540852788885 0
2542 5.513225618315293 1.235225676250612 0
2543 5.547896819724092 1.176396882116044 0
2544 5.575725618315264 1.235225676250612 0
2545 5.58256802113289 1.117568087981475 0
2546 5.638225618315234 1.235225676250612 0
2547 5.624540812679981 1.470540852788885 0
2548 5.659212014088779 1.411712058654317 0
2549 5.687040812679951 1.470540852788885 0
2550 5.693883215497578 1.352883264519749 0
2551 5.749540812679922 1.470540852788885 0
2552 5.597171201409563 1.941171205865432 0
2553 5.631842402818346 1.882342411730863 0
2554 5.65967120140952 1.941171205865432 0
2555 5.666513604227131 1.823513617596295 0
2556 5.722171201409475 1.941171205865432 0
2557 5.701184805635915 1.764684823461727 0
2558 5.729013604227086 1.823513617596295 0
2559 5.791513604227042 1.823513617596295 0
2560 5.756842402818259 1.882342411730863 0
2561 5.826184805635826 1.764684823461727 0
2562 5.854013604226997 1.823513617596295 0
2563 5.784671201409431 1.941171205865432 0
2564 5.735856007044699 1.705856029327158 0
2565 5.770527208453482 1.64702723519259 0
2566 5.798356007044655 1.705856029327158 0
2567 5.805198409862266 1.588198441058022 0
2568 5.86085600704461 1.705856029327158 0
2569 5.847171201409374 1.941171205865432 0
2570 5.881842402818171 1.882342411730863 0
2571 5.90967120140933 1.941171205865432 0
2572 5.916513604226954 1.823513617596295 0
2573 5.972171201409298 1.941171205865432 0
2574 3.093415046159238 1.937596996704547 0
2575 3.124330092319345 1.875193993409093 0
2576 3.15591504615966 1.937596996704547 0
2577 3.155245138479443 1.81279099011364 0
2578 3.218415046160092 1.937596996704547 0
2579 3.186160184639534 1.750387986818186 0
2580 3.217745138479858 1.81279099011364 0
2581 3.280245138480273 1.81279099011364 0
2582 3.249330092320182 1.875193993409093 0
2583 3.311160184640364 1.750387986818186 0
2584 3.342745138480688 1.81279099011364 0
2585 3.280915046160506 1.937596996704547 0
2586 3.217075230799632 1.687984983522733 0
2587 3.24799027695973 1.62558198022728 0
2588 3.279575230800047 1.687984983522733 0
2589 3.278905323119829 1.563178976931826 0
2590 3.342075230800462 1.687984983522733 0
2591 3.343415046160943 1.937596996704547 0
2592 3.374330092321005 1.875193993409093 0
2593 3.405915046161351 1.937596996704547 0
2594 3.405245138481096 1.81279099011364 0
2595 3.468415046161729 1.937596996704547 0
2596 3.309820369279679 1.500775973636373 0
2597 3.341405323119996 1.563178976931826 0
2598 3.403905323120163 1.563178976931826 0
2599 3.372990276960313 1.62558198022728 0
2600 3.434820369280014 1.500775973636373 0
2601 3.466405323120331 1.563178976931826 0
2602 3.40457523080063 1.687984983522733 0
2603 3.528905323120498 1.563178976931826 0
2604 3.497990276960648 1.62558198022728 0
2605 3.529575230800964 1.687984983522733 0
2606 3.467075230800797 1.687984983522733 0
2607 3.592075230801132 1.687984983522733 0
2608 3.561160184641281 1.750387986818186 0
2609 3.436160184640946 1.750387986818186 0
2610 3.559820369280349 1.500775973636373 0
2611 3.591405323120666 1.563178976931826 0
2612 3.653905323120833 1.563178976931826 0
2613 3.622990276960983 1.62558198022728 0
2614 3.684820369280684 1.500775973636373 0
2615 3.716405323121001 1.563178976931826 0
2616 3.654575230801299 1.687984983522733 0
2617 3.467745138481263 1.81279099011364 0
2618 3.530245138481431 1.81279099011364 0
2619 3.49933009232158 1.875193993409093 0
2620 3.592745138481598 1.81279099011364 0
2621 3.530915046161897 1.937596996704547 0
2622 3.340735415439777 1.438372970340919 0
2623 3.371650461599875 1.375969967045466 0
2624 3.403235415439945 1.438372970340919 0
2625 3.402565507759974 1.313566963750013 0
2626 3.465735415440112 1.438372970340919 0
2627 3.433480553920071 1.251163960454559 0
2628 3.465065507760141 1.313566963750013 0
2629 3.527565507760309 1.313566963750013 0
2630 3.49665046160021 1.375969967045466 0
2631 3.558480553920407 1.251163960454559 0
2632 3.590065507760476 1.313566963750013 0
2633 3.52823541544028 1.438372970340919 0
2634 3.46439560008017 1.188760957159106 0
2635 3.495310646240268 1.126357953863653 0
2636 3.526895600080337 1.188760957159106 0
2637 3.590735415440447 1.438372970340919 0
2638 3.621650461600546 1.375969967045466 0
2639 3.653235415440615 1.438372970340919 0
2640 3.593415046161806 1.937596996704547 0
2641 3.62433009232166 1.875193993409093 0
2642 3.655915046161718 1.937596996704547 0
2643 3.655245138481511 1.81279099011364 0
2644 3.718415046161634 1.937596996704547 0
2645 3.686160184641369 1.750387986818186 0
2646 3.717745138481431 1.81279099011364 0
2647 3.780245138481351 1.81279099011364 0
2648 3.749330092321492 1.875193993409093 0
2649 3.811160184641209 1.750387986818186 0
2650 3.842745138481271 1.81279099011364 0
2651 3.780915046161554 1.937596996704547 0
2652 3.717075230801219 1.687984983522733 0
2653 3.74799027696107 1.62558198022728 0
2654 3.779575230801139 1.687984983522733 0
2655 3.843415046161526 1.937596996704547 0
2656 3.87433009232134 1.875193993409093 0
2657 3.905915046161453 1.937596996704547 0
2658 4.906522972896074 0.06243630777227544 0
2659 4.87554594579986 0.1248726155445509 0
2660 4.844022972895825 0.06243630777227544 0
2661 4.84456891870362 0.1873089233168263 0
2662 4.781522972895601 0.06243630777227544 0
2663 4.813591891607296 0.2497452310891018 0
2664 4.782068918703287 0.1873089233168263 0
2665 4.719568918702954 0.1873089233168263 0
2666 4.750545945799278 0.1248726155445509 0
2667 4.688591891606631 0.2497452310891018 0
2668 4.657068918702622 0.1873089233168263 0
2669 4.719022972895269 0.06243630777227544 0
2670 4.782614864511057 0.3121815388613772 0
2671 4.751637837414817 0.3746178466336527 0
2672 4.720114864510724 0.3121815388613772 0
2673 4.720660810318578 0.4370541544059281 0
2674 4.657614864510391 0.3121815388613772 0
2675 4.656522972894804 0.06243630777227544 0
2676 4.625545945798528 0.1248726155445509 0
2677 4.594022972894386 0.06243630777227544 0
2678 4.594568918702205 0.1873089233168263 0
2679 4.531522972894018 0.06243630777227544 0
2680 4.689683783222446 0.4994904621782035 0
2681 4.658160810318352 0.4370541544059281 0
2682 4.595660810318127 0.4370541544059281 0
2683 4.626637837414259 0.3746178466336527 0
2684 4.564683783221994 0.4994904621782035 0
2685 4.533160810317901 0.4370541544059281 0
2686 4.595114864510165 0.3121815388613772 0
2687 4.470660810317676 0.4370541544059281 0
2688 4.501637837413808 0.3746178466336527 0
2689 4.470114864509714 0.3121815388613772 0
2690 4.53261486450994 0.3121815388613772 0
2691 4.407614864509489 0.3121815388613772 0
2692 4.438591891605621 0.2497452310891018 0
2693 4.563591891606072 0.2497452310891018 0
2694 4.439683783221543 0.4994904621782035 0
2695 4.40816081031745 0.4370541544059281 0
2696 4.345660810317225 0.4370541544059281 0
2697 4.376637837413357 0.3746178466336527 0
2698 4.314683783221092 0.4994904621782035 0
2699 4.283160810316999 0.4370541544059281 0
2700 4.345114864509263 0.3121815388613772 0
2701 4.532068918701979 0.1873089233168263 0
2702 4.469568918701754 0.1873089233168263 0
2703 4.500545945797885 0.1248726155445509 0
2704 4.407068918701528 0.1873089233168263 0
2705 4.469022972893792 0.06243630777227544 0
2706 4.658706756126206 0.561926769950479 0
2707 4.627729729029967 0.6243630777227545 0
2708 4.59620675612598 0.561926769950479 0
2709 4.596752701933728 0.6867993854950298 0
2710 4.533706756125754 0.561926769950479 0
2711 4.565775674837488 0.7492356932673053 0
2712 4.534252701933502 0.6867993854950298 0
2713 4.471752701933276 0.6867993854950298 0
2714 4.502729729029515 0.6243630777227545 0
2715 4.440775674837036 0.7492356932673053 0
2716 4.409252701933051 0.6867993854950298 0
2717 4.471206756125529 0.561926769950479 0
2718 4.534798647741248 0.8116720010395808 0
2719 4.503821620645009 0.8741083088118562 0
2720 4.472298647741022 0.8116720010395808 0
2721 4.408706756125303 0.561926769950479 0
2722 4.377729729029064 0.6243630777227545 0
2723 4.346206756125078 0.561926769950479 0
2724 4.406522972893551 0.06243630777227544 0
2725 4.375545945797507 0.1248726155445509 0
2726 4.344022972893399 0.06243630777227544 0
2727 4.344568918701375 0.1873089233168263 0
2728 4.281522972893333 0.06243630777227544 0
2729 4.313591891605277 0.2497452310891018 0
2730 4.282068918701256 0.1873089233168263 0
2731 4.219568918701137 0.1873089233168263 0
2732 4.250545945797235 0.1248726155445509 0
2733 4.18859189160504 0.2497452310891018 0
2734 4.15706891870102 0.1873089233168263 0
2735 4.219022972893214 0.06243630777227544 0
2736 4.282614864509145 0.3121815388613772 0
2737 4.251637837413012 0.3746178466336527 0
2738 4.220114864509027 0.3121815388613772 0
2739 4.156522972893123 0.06243630777227544 0
2740 4.125545945797033 0.1248726155445509 0
2741 4.09402297289304 0.06243630777227544 0
2742 2.902670670290335 0.05798741479559859 0
2743 2.867841340587823 0.1159748295911972 0
2744 2.840170670290533 0.05798741479559859 0
2745 2.833012010885338 0.1739622443867958 0
2746 2.777670670290704 0.05798741479559859 0
2747 2.798182681182871 0.2319496591823944 0
2748 2.770512010885554 0.1739622443867958 0
2749 2.70801201088577 0.1739622443867958 0
2750 2.742841340588237 0.1159748295911972 0
2751 2.673182681183303 0.2319496591823944 0
2752 2.645512010885986 0.1739622443867958 0
2753 2.71517067029092 0.05798741479559859 0
2754 2.763353351480387 0.289937073977993 0
2755 2.728524021777902 0.3479244887735915 0
2756 2.700853351480602 0.289937073977993 0
2757 2.693694692075418 0.4059119035691901 0
2758 2.638353351480818 0.289937073977993 0
2759 2.652670670291138 0.05798741479559859 0
2760 2.617841340588686 0.1159748295911972 0
2761 2.590170670291371 0.05798741479559859 0
2762 2.583012010886219 0.1739622443867958 0
2763 2.527670670291619 0.05798741479559859 0
2764 2.658865362372949 0.4638993183647887 0
2765 2.631194692075649 0.4059119035691901 0
2766 2.568694692075881 0.4059119035691901 0
2767 2.60352402177835 0.3479244887735915 0
2768 2.533865362373412 0.4638993183647887 0
2769 2.506194692076112 0.4059119035691901 0
2770 2.57585335148105 0.289937073977993 0
2771 2.443694692076344 0.4059119035691901 0
2772 2.478524021778813 0.3479244887735915 0
2773 2.450853351481513 0.289937073977993 0
2774 2.513353351481281 0.289937073977993 0
2775 2.388353351481745 0.289937073977993 0
2776 2.423182681184213 0.2319496591823944 0
2777 2.54818268118375 0.2319496591823944 0
2778 2.408865362373875 0.4638993183647887 0
2779 2.381194692076575 0.4059119035691901 0
2780 2.318694692076806 0.4059119035691901 0
2781 2.353524021779275 0.3479244887735915 0
2782 2.283865362374338 0.4638993183647887 0
2783 2.256194692077038 0.4059119035691901 0
2784 2.325853351481975 0.289937073977993 0
2785 2.52051201088645 0.1739622443867958 0
2786 2.458012010886682 0.1739622443867958 0
2787 2.492841340589151 0.1159748295911972 0
2788 2.395512010886913 0.1739622443867958 0
2789 2.465170670291851 0.05798741479559859 0
2790 2.624036032670465 0.5218867331603874 0
2791 2.58920670296798 0.5798741479559859 0
2792 2.561536032670696 0.5218867331603874 0
2793 2.554377373265496 0.6378615627515845 0
2794 2.499036032670928 0.5218867331603874 0
2795 2.519548043563011 0.695848977547183 0
2796 2.491877373265727 0.6378615627515845 0
2797 2.429377373265959 0.6378615627515845 0
2798 2.464206702968443 0.5798741479559859 0
2799 2.394548043563475 0.695848977547183 0
2800 2.36687737326619 0.6378615627515845 0
2801 2.436536032671159 0.5218867331603874 0
2802 2.484718713860527 0.7538363923427815 0
2803 2.449889384158042 0.8118238071383802 0
2804 2.422218713860758 0.7538363923427815 0
2805 2.415060054455558 0.8698112219339789 0
2806 2.35971871386099 0.7538363923427815 0
2807 2.37403603267139 0.5218867331603874 0
2808 2.339206702968906 0.5798741479559859 0
2809 2.311536032671622 0.5218867331603874 0
2810 2.304377373266422 0.6378615627515845 0
2811 2.249036032671853 0.5218867331603874 0
2812 2.402670670292113 0.05798741479559859 0
2813 2.367841340589616 0.1159748295911972 0
2814 2.340170670292347 0.05798741479559859 0
2815 2.333012010887147 0.1739622443867958 0
2816 2.277670670292553 0.05798741479559859 0
2817 2.298182681184691 0.2319496591823944 0
2818 2.270512010887394 0.1739622443867958 0
2819 2.208012010887641 0.1739622443867958 0
2820 2.242841340590097 0.1159748295911972 0
2821 2.173182681185185 0.2319496591823944 0
2822 2.145512010887888 0.1739622443867958 0
2823 2.2151706702928 0.05798741479559859 0
2824 2.263353351482222 0.289937073977993 0
2825 2.228524021779754 0.3479244887735915 0
2826 2.200853351482469 0.289937073977993 0
2827 2.193694692077285 0.4059119035691901 0
2828 2.138353351482716 0.289937073977993 0
2829 2.152670670293056 0.05798741479559859 0
2830 2.117841340590604 0.1159748295911972 0
2831 2.090170670293316 0.05798741479559859 0
2832 2.083012010888148 0.1739622443867958 0
2833 2.027670670293579 0.05798741479559859 0
2834 1.041090729134404 1.954144857302309 0
2835 1.103590729134353 1.954144857302309 0
2836 1.14468145826923 1.908289714604619 0
2837 1.166090729134301 1.954144857302309 0
2838 1.123272187404158 1.862434571906928 0
2839 1.185772187404107 1.862434571906928 0
2840 1.22859072913425 1.954144857302309 0
2841 1.226862916538983 1.816579429209238 0
2842 1.248272187404055 1.862434571906928 0
2843 1.310772187404004 1.862434571906928 0
2844 1.269681458269127 1.908289714604619 0
2845 1.351862916538881 1.816579429209238 0
2846 1.373272187403952 1.862434571906928 0
2847 1.291090729134198 1.954144857302309 0
2848 1.205453645673912 1.770724286511547 0
2849 1.267953645673861 1.770724286511547 0
2850 1.309044374808738 1.724869143813857 0
2851 1.330453645673809 1.770724286511547 0
2852 1.287635103943666 1.679014001116166 0
2853 1.350135103943615 1.679014001116166 0
2854 1.392953645673758 1.770724286511547 0
2855 1.353590729134147 1.954144857302309 0
2856 1.394681458269024 1.908289714604619 0
2857 1.416090729134095 1.954144857302309 0
2858 1.435772187403901 1.862434571906928 0
2859 1.478590729134044 1.954144857302309 0
2860 1.391225833078514 1.633158858418476 0
2861 1.412635103943585 1.679014001116166 0
2862 1.475135103943555 1.679014001116166 0
2863 1.434044374808657 1.724869143813857 0
2864 1.516225833078454 1.633158858418476 0
2865 1.537635103943526 1.679014001116166 0
2866 1.455453645673728 1.770724286511547 0
2867 1.600135103943496 1.679014001116166 0
2868 1.559044374808597 1.724869143813857 0
2869 1.580453645673669 1.770724286511547 0
2870 1.517953645673698 1.770724286511547 0
2871 1.642953645673639 1.770724286511547 0
2872 1.60186291653874 1.816579429209238 0
2873 1.4768629165388 1.816579429209238 0
2874 1.641225833078395 1.633158858418476 0
2875 1.662635103943467 1.679014001116166 0
2876 1.725135103943437 1.679014001116166 0
2877 1.684044374808538 1.724869143813857 0
2878 1.766225833078336 1.633158858418476 0
2879 1.787635103943407 1.679014001116166 0
2880 1.70545364567361 1.770724286511547 0
2881 1.498272187403871 1.862434571906928 0
2882 1.560772187403841 1.862434571906928 0
2883 1.519681458268943 1.908289714604619 0
2884 1.623272187403812 1.862434571906928 0
2885 1.541090729134014 1.954144857302309 0
2886 1.36981656221342 1.587303715720785 0
2887 1.432316562213391 1.587303715720785 0
2888 1.473407291348268 1.541448573023095 0
2889 1.494816562213361 1.587303715720785 0
2890 1.451998020483175 1.495593430325404 0
2891 1.514498020483145 1.495593430325404 0
2892 1.557316562213332 1.587303715720785 0
2893 1.555588749618022 1.449738287627714 0
2894 1.576998020483115 1.495593430325404 0
2895 1.639498020483086 1.495593430325404 0
2896 1.598407291348209 1.541448573023095 0
2897 1.680588749617963 1.449738287627714 0
2898 1.701998020483056 1.495593430325404 0
2899 1.619816562213302 1.587303715720785 0
2900 1.534179478752929 1.403883144930023 0
2901 1.596679478752899 1.403883144930023 0
2902 1.637770207887776 1.358028002232333 0
2903 1.65917947875287 1.403883144930023 0
2904 1.616360937022683 1.312172859534642 0
2905 1.682316562213272 1.587303715720785 0
2906 1.723407291348149 1.541448573023095 0
2907 1.744816562213242 1.587303715720785 0
2908 1.603590729133979 1.954144857302309 0
2909 1.644681458268905 1.908289714604619 0
2910 1.666090729133971 1.954144857302309 0
2911 1.685772187403804 1.862434571906928 0
2912 1.72859072913399 1.954144857302309 0
2913 1.726862916538703 1.816579429209238 0
2914 1.748272187403796 1.862434571906928 0
2915 1.810772187403788 1.862434571906928 0
2916 1.769681458268889 1.908289714604619 0
2917 1.851862916538687 1.816579429209238 0
2918 1.87327218740378 1.862434571906928 0
2919 1.791090729133982 1.954144857302309 0
2920 1.767953645673602 1.770724286511547 0
2921 1.8090443748085 1.724869143813857 0
2922 1.830453645673594 1.770724286511547 0
2923 1.853590729133974 1.954144857302309 0
2924 1.894681458268873 1.908289714604619 0
2925 1.916090729133966 1.954144857302309 0
2926 1.041090729134847 1.016644857302309 0
2927 1.041090729134818 1.079144857302309 0
2928 0.9999999999999705 1.0625 0
2929 1.082181458269665 1.095789714604619 0
2930 1.041090729134788 1.141644857302309 0
2931 1.123272187404543 1.049934571906928 0
2932 1.123272187404513 1.112434571906928 0
2933 1.041090729134759 1.204144857302309 0
2934 0.9999999999999112 1.1875 0
2935 1.164362916539361 1.129079429209238 0
2936 1.123272187404483 1.174934571906928 0
2937 1.123272187404454 1.237434571906928 0
2938 1.082181458269606 1.220789714604619 0
2939 1.164362916539301 1.254079429209238 0
2940 1.123272187404424 1.299934571906928 0
2941 1.041090729134729 1.266644857302309 0
2942 1.205453645674238 1.083224286511547 0
2943 1.205453645674208 1.145724286511547 0
2944 1.246544374809055 1.162369143813857 0
2945 1.205453645674178 1.208224286511547 0
2946 1.287635103943933 1.116514001116166 0
2947 1.287635103943903 1.179014001116166 0
2948 1.205453645674149 1.270724286511547 0
2949 1.0410907291347 1.329144857302309 0
2950 0.9999999999998521 1.3125 0
2951 1.082181458269547 1.345789714604619 0
2952 1.04109072913467 1.391644857302309 0
2953 1.123272187404395 1.362434571906928 0
2954 1.04109072913464 1.454144857302309 0
2955 0.9999999999997928 1.4375 0
2956 1.328725833078751 1.195658858418476 0
2957 1.287635103943873 1.241514001116166 0
2958 1.287635103943844 1.304014001116166 0
2959 1.246544374808996 1.287369143813857 0
2960 1.328725833078691 1.320658858418476 0
2961 1.287635103943814 1.366514001116166 0
2962 1.205453645674119 1.333224286511547 0
2963 1.287635103943785 1.429014001116166 0
2964 1.246544374808937 1.412369143813857 0
2965 1.20545364567406 1.458224286511547 0
2966 1.20545364567409 1.395724286511547 0
2967 1.205453645674031 1.520724286511547 0
2968 1.164362916539183 1.504079429209238 0
2969 1.164362916539242 1.379079429209238 0
2970 1.328725833078632 1.445658858418476 0
2971 1.287635103943755 1.491514001116166 0
2972 1.287635103943725 1.554014001116166 0
2973 1.246544374808878 1.537369143813857 0
2974 1.328725833078573 1.570658858418476 0
2975 1.287635103943696 1.616514001116166 0
2976 1.205453645674001 1.583224286511547 0
2977 1.123272187404365 1.424934571906928 0
2978 1.123272187404335 1.487434571906928 0
2979 1.082181458269488 1.470789714604619 0
2980 1.123272187404306 1.549934571906928 0
2981 1.041090729134611 1.516644857302309 0
2982 1.369816562213628 1.149803715720785 0
2983 1.369816562213598 1.212303715720785 0
2984 1.410907291348446 1.228948573023095 0
2985 1.369816562213569 1.274803715720785 0
2986 1.451998020483323 1.183093430325404 0
2987 1.451998020483293 1.245593430325404 0
2988 1.369816562213539 1.337303715720785 0
2989 1.493088749618141 1.262238287627714 0
2990 1.451998020483263 1.308093430325404 0
2991 1.451998020483234 1.370593430325404 0
2992 1.410907291348386 1.353948573023095 0
2993 1.493088749618081 1.387238287627714 0
2994 1.451998020483204 1.433093430325404 0
2995 1.369816562213509 1.399803715720785 0
2996 1.534179478753018 1.216383144930023 0
2997 1.534179478752988 1.278883144930023 0
2998 1.575270207887836 1.295528002232333 0
2999 1.534179478752959 1.341383144930023 0
3000 1.616360937022713 1.249672859534642 0
3001 1.36981656221348 1.462303715720785 0
3002 1.410907291348327 1.478948573023095 0
3003 1.36981656221345 1.524803715720785 0
3004 1.041090729134581 1.579144857302309 0
3005 0.9999999999997338 1.5625 0
3006 1.082181458269429 1.595789714604619 0
3007 1.041090729134552 1.641644857302309 0
3008 1.123272187404276 1.612434571906928 0
3009 1.041090729134522 1.704144857302309 0
3010 0.9999999999996745 1.6875 0
3011 1.164362916539124 1.629079429209238 0
3012 1.123272187404247 1.674934571906928 0
3013 1.123272187404217 1.737434571906928 0
3014 1.08218145826937 1.720789714604619 0
3015 1.164362916539065 1.754079429209238 0
3016 1.123272187404188 1.799934571906928 0
3017 1.041090729134492 1.766644857302309 0
3018 1.205453645673971 1.645724286511547 0
3019 1.246544374808819 1.662369143813857 0
3020 1.205453645673942 1.708224286511547 0
3021 1.041090729134463 1.829144857302309 0
3022 0.9999999999996154 1.8125 0
3023 1.08218145826931 1.845789714604619 0
3024 1.041090729134433 1.891644857302309 0
3025 0.9999999999995561 1.9375 0
3026 6.959002535925614 0.982924326457965 0
3027 6.959002535925614 0.9204243264581463 0
3028 6.918005071851228 0.9033486529187229 0
3029 6.959002535925614 0.8579243264583276 0
3030 6.877007607776841 0.9487729793791181 0
3031 6.877007607776841 0.8862729793792994 0
3032 6.959002535925614 0.795424326458509 0
3033 6.836010143702455 0.8691973058398761 0
3034 6.877007607776841 0.8237729793794808 0
3035 6.877007607776841 0.7612729793796622 0
3036 6.918005071851228 0.7783486529190855 0
3037 6.836010143702455 0.7441973058402387 0
3038 6.877007607776841 0.6987729793798435 0
3039 6.959002535925614 0.7329243264586903 0
3040 6.795012679628069 0.9146216323002713 0
3041 6.795012679628069 0.8521216323004526 0
3042 6.754015215553682 0.8350459587610293 0
3043 6.795012679628069 0.789621632300634 0
3044 6.713017751479296 0.8804702852214245 0
3045 6.713017751479296 0.8179702852216058 0
3046 6.795012679628069 0.7271216323008154 0
3047 6.959002535925614 0.6704243264588716 0
3048 6.918005071851228 0.6533486529194482 0
3049 6.959002535925614 0.6079243264590529 0
3050 6.877007607776841 0.6362729793800248 0
3051 6.959002535925614 0.5454243264592342 0
3052 6.67202028740491 0.8008946116821642 0
3053 6.713017751479296 0.755470285221769 0
3054 6.713017751479296 0.6929702852219322 0
3055 6.754015215553682 0.7100459587613738 0
3056 6.67202028740491 0.6758946116824907 0
3057 6.713017751479296 0.6304702852220954 0
3058 6.795012679628069 0.6646216323009786 0
3059 6.713017751479296 0.5679702852222586 0
3060 6.754015215553682 0.5850459587617002 0
3061 6.795012679628069 0.539621632301305 0
3062 6.795012679628069 0.6021216323011418 0
3063 6.795012679628069 0.4771216323014681 0
3064 6.836010143702455 0.4941973058409097 0
3065 6.836010143702455 0.6191973058405833 0
3066 6.67202028740491 0.5508946116828171 0
3067 6.713017751479296 0.5054702852224219 0
3068 6.713017751479296 0.4429702852225851 0
3069 6.754015215553682 0.4600459587620266 0
3070 6.67202028740491 0.4258946116831436 0
3071 6.713017751479296 0.3804702852227483 0
3072 6.795012679628069 0.4146216323016314 0
3073 6.877007607776841 0.573772979380188 0
3074 6.877007607776841 0.5112729793803512 0
3075 6.918005071851228 0.5283486529197927 0
3076 6.877007607776841 0.4487729793805144 0
3077 6.959002535925614 0.4829243264593975 0
3078 6.631022823330524 0.8463189381425776 0
3079 6.631022823330524 0.7838189381427408 0
3080 6.590025359256138 0.7667432646033174 0
3081 6.631022823330524 0.721318938142904 0
3082 6.549027895181752 0.8121675910637307 0
3083 6.549027895181752 0.7496675910638939 0
3084 6.631022823330524 0.6588189381430672 0
3085 6.508030431107366 0.7325919175244706 0
3086 6.549027895181752 0.6871675910640572 0
3087 6.549027895181752 0.6246675910642204 0
3088 6.590025359256138 0.6417432646036438 0
3089 6.508030431107366 0.607591917524797 0
3090 6.549027895181752 0.5621675910643836 0
3091 6.631022823330524 0.5963189381432304 0
3092 6.46703296703298 0.7780162439848839 0
3093 6.46703296703298 0.7155162439850471 0
3094 6.426035502958593 0.6984405704456236 0
3095 6.46703296703298 0.6530162439852103 0
3096 6.385038038884207 0.743864896906037 0
3097 6.385038038884207 0.6813648969062003 0
3098 6.46703296703298 0.5905162439853735 0
3099 6.631022823330524 0.5338189381433937 0
3100 6.590025359256138 0.5167432646039702 0
3101 6.631022823330524 0.4713189381435569 0
3102 6.549027895181752 0.4996675910645468 0
3103 6.631022823330524 0.4088189381437202 0
3104 6.959002535925614 0.4204243264595775 0
3105 6.918005071851228 0.4033486529201359 0
3106 6.959002535925614 0.3579243264597575 0
3107 6.877007607776841 0.3862729793806944 0
3108 6.959002535925614 0.2954243264599374 0
3109 6.836010143702455 0.369197305841218 0
3110 6.877007607776841 0.3237729793808395 0
3111 6.877007607776841 0.2612729793809846 0
3112 6.918005071851228 0.278348652920461 0
3113 6.836010143702455 0.2441973058415083 0
3114 6.877007607776841 0.1987729793811298 0
3115 6.959002535925614 0.2329243264600825 0
3116 6.795012679628069 0.3521216323017765 0
3117 6.754015215553682 0.335045958762335 0
3118 6.795012679628069 0.2896216323019216 0
3119 6.713017751479296 0.3179702852228934 0
3120 6.795012679628069 0.2271216323020668 0
3121 6.959002535925614 0.1704243264601765 0
3122 6.918005071851228 0.1533486529207164 0
3123 6.959002535925614 0.1079243264602868 0
3124 6.877007607776841 0.1362729793812401 0
3125 6.959002535925614 0.04542432646041335 0
3126 6.896502535925399 0.04542432646041335 0
3127 6.855505071851013 0.09084865292082669 0
3128 6.834002535925184 0.04542432646041335 0
3129 6.814507607776626 0.1362729793812401 0
3130 6.771502535924969 0.04542432646041335 0
3131 6.773510143702255 0.1816973058416534 0
3132 6.752007607776426 0.1362729793812401 0
3133 6.689507607776226 0.1362729793812401 0
3134 6.730505071850597 0.09084865292082669 0
3135 6.648510143701854 0.1816973058416534 0
3136 6.627007607776025 0.1362729793812401 0
3137 6.709002535924768 0.04542432646041335 0
3138 6.732512679627868 0.2271216323020668 0
3139 6.691515215553482 0.2725459587624801 0
3140 6.670012679627668 0.2271216323020668 0
3141 6.650517751479097 0.3179702852228934 0
3142 6.607512679627467 0.2271216323020668 0
3143 6.64650253592451 0.04542432646041335 0
3144 6.60550507185021 0.09084865292082669 0
3145 6.584002535924323 0.04542432646041335 0
3146 6.564507607775839 0.1362729793812401 0
3147 6.52150253592421 0.04542432646041335 0
3148 6.609520287404679 0.3633946116833068 0
3149 6.588017751478864 0.3179702852228934 0
3150 6.525517751478633 0.3179702852228934 0
3151 6.56651521555305 0.2725459587624801 0
3152 6.484520287404216 0.3633946116833068 0
3153 6.463017751478402 0.3179702852228934 0
3154 6.545012679627236 0.2271216323020668 0
3155 6.400517751478169 0.3179702852228934 0
3156 6.441515215552587 0.2725459587624801 0
3157 6.420012679626772 0.2271216323020668 0
3158 6.482512679627004 0.2271216323020668 0
3159 6.357512679626542 0.2271216323020668 0
3160 6.398510143700959 0.1816973058416534 0
3161 6.523510143701421 0.1816973058416534 0
3162 6.359520287403752 0.3633946116833068 0
3163 6.338017751477938 0.3179702852228934 0
3164 6.275517751477707 0.3179702852228934 0
3165 6.316515215552124 0.2725459587624801 0
3166 6.234520287403289 0.3633946116833068 0
3167 6.213017751477475 0.3179702852228934 0
3168 6.295012679626309 0.2271216323020668 0
3169 6.502007607775607 0.1362729793812401 0
3170 6.439507607775376 0.1362729793812401 0
3171 6.480505071849793 0.09084865292082669 0
3172 6.377007607775145 0.1362729793812401 0
3173 6.459002535923979 0.04542432646041335 0
3174 6.568522823330293 0.4088189381437202 0
3175 6.527525359255907 0.4542432646041335 0
3176 6.506022823330061 0.4088189381437202 0
3177 6.486527895181521 0.4996675910645468 0
3178 6.443522823329829 0.4088189381437202 0
3179 6.445530431107134 0.5450919175249602 0
3180 6.424027895181289 0.4996675910645468 0
3181 6.361527895181057 0.4996675910645468 0
3182 6.402525359255443 0.4542432646041335 0
3183 6.320530431106671 0.5450919175249602 0
3184 6.299027895180825 0.4996675910645468 0
3185 6.381022823329598 0.4088189381437202 0
3186 6.404532967032748 0.5905162439853735 0
3187 6.363535502958362 0.6359405704457869 0
3188 6.342032967032516 0.5905162439853735 0
3189 6.318522823329366 0.4088189381437202 0
3190 6.27752535925498 0.4542432646041335 0
3191 6.256022823329134 0.4088189381437202 0
3192 6.396502535923824 0.04542432646041335 0
3193 6.355505071849316 0.09084865292082669 0
3194 6.334002535923578 0.04542432646041335 0
3195 6.314507607774898 0.1362729793812401 0
3196 6.271502535923242 0.04542432646041335 0
3197 6.273510143700465 0.1816973058416534 0
3198 6.252007607774636 0.1362729793812401 0
3199 6.189507607774373 0.1362729793812401 0
3200 6.230505071848807 0.09084865292082669 0
3201 6.148510143699939 0.1816973058416534 0
3202 6.12700760777411 0.1362729793812401 0
3203 6.209002535922979 0.04542432646041335 0
3204 6.232512679626047 0.2271216323020668 0
3205 6.191515215551629 0.2725459587624801 0
3206 6.170012679625785 0.2271216323020668 0
3207 6.146502535922737 0.04542432646041335 0
3208 6.105505071848265 0.09084865292082669 0
3209 6.084002535922458 0.04542432646041335 0
3210 5.607136205303919 1.078867357370912 0
3211 5.634965003895092 1.13769615150548 0
3212 5.687361986657292 1.157824215029485 0
3213 5.662793802486263 1.196524945640049 0
3214 5.711930170828321 1.119123484418922 0
3215 5.739758969419493 1.17795227855349 0
3216 5.690622601077435 1.255353739774617 0
3217 5.792155952181695 1.198080342077495 0
3218 5.767587768010666 1.236781072688058 0
3219 5.795416566601837 1.295609866822627 0
3220 5.743019583839637 1.275481803298622 0
3221 5.847813549364038 1.315737930346632 0
3222 5.823245365193009 1.354438660957195 0
3223 5.718451399668607 1.314182533909185 0
3224 5.816724136352724 1.159379611466932 0
3225 5.844552934943895 1.2182084056015 0
3226 5.896949917706096 1.238336469125505 0
3227 5.872381733535067 1.277037199736068 0
3228 5.921518101877125 1.199635738514941 0
3229 5.949346900468298 1.25846453264951 0
3230 5.900210532126239 1.335865993870637 0
3231 5.746280198259779 1.373011328043753 0
3232 5.79867718102198 1.393139391567758 0
3233 5.774108996850951 1.431840122178322 0
3234 5.851074163784181 1.413267455091763 0
3235 5.801937795442123 1.49066891631289 0
3236 6.001743883230498 1.278592596173515 0
3237 5.977175699059469 1.317293326784078 0
3238 6.005004497650641 1.376122120918646 0
3239 5.95260751488844 1.355994057394641 0
3240 6.057401480412842 1.396250184442651 0
3241 6.032833296241813 1.434950915053215 0
3242 5.928039330717411 1.394694788005205 0
3243 6.060662094832985 1.493779709187783 0
3244 6.008265112070784 1.473651645663778 0
3245 5.983696927899755 1.512352376274341 0
3246 5.955868129308583 1.453523582139773 0
3247 6.011525726490927 1.57118117040891 0
3248 5.959128743728726 1.551053106884905 0
3249 5.903471146546382 1.433395518615768 0
3250 6.113059077595186 1.513907772711788 0
3251 6.088490893424157 1.552608503322351 0
3252 6.116319692015329 1.61143729745692 0
3253 6.063922709253128 1.591309233932915 0
3254 6.16871667477753 1.631565360980924 0
3255 6.144148490606501 1.670266091591488 0
3256 6.039354525082099 1.630009964543478 0
3257 5.878902962375353 1.472096249226332 0
3258 5.906731760966525 1.5309250433609 0
3259 5.854334778204324 1.510796979836895 0
3260 5.934560559557697 1.589753837495468 0
3261 5.829766594033295 1.549497710447458 0
3262 6.026312067401527 1.239891865562951 0
3263 6.054140865992699 1.29872065969752 0
3264 6.1065378487549 1.318848723221524 0
3265 6.081969664583871 1.357549453832088 0
3266 6.131106032925929 1.280147992610961 0
3267 6.158934831517101 1.338976786745529 0
3268 6.109798463175043 1.416378247966656 0
3269 6.211331814279302 1.359104850269534 0
3270 6.186763630108273 1.397805580880098 0
3271 6.214592428699445 1.456634375014666 0
3272 6.162195445937244 1.436506311490661 0
3273 6.266989411461646 1.476762438538671 0
3274 6.242421227290617 1.515463169149234 0
3275 6.137627261766215 1.475207042101224 0
3276 6.235899998450331 1.320404119658971 0
3277 6.263728797041503 1.379232913793539 0
3278 6.316125779803704 1.399360977317544 0
3279 6.291557595632675 1.438061707928108 0
3280 6.340693963974733 1.360660246706981 0
3281 6.368522762565905 1.419489040841549 0
3282 6.319386394223847 1.496890502062676 0
3283 6.165456060357387 1.534035836235793 0
3284 6.217853043119588 1.554163899759798 0
3285 6.193284858948559 1.592864630370361 0
3286 6.270250025881789 1.574291963283803 0
3287 6.221113657539731 1.65169342450493 0
3288 5.857595392624467 1.608326504582027 0
3289 5.909992375386668 1.628454568106032 0
3290 5.885424191215639 1.667155298716595 0
3291 5.962389358148869 1.648582631630036 0
3292 5.913252989806811 1.725984092851163 0
3293 6.01478634091107 1.668710695154041 0
3294 5.990218156740041 1.707411425764605 0
3295 6.018046955331213 1.766240219899173 0
3296 5.965649972569012 1.746112156375168 0
3297 6.070443938093414 1.786368283423178 0
3298 6.045875753922385 1.825069014033741 0
3299 5.941081788397983 1.784812886985732 0
3300 6.067183323673271 1.688838758678046 0
3301 6.119580306435472 1.708966822202051 0
3302 6.095012122264443 1.747667552812615 0
3303 6.171977289197673 1.729094885726056 0
3304 6.122840920855615 1.806496346947183 0
3305 5.968910586989155 1.8436416811203 0
3306 6.021307569751356 1.863769744644305 0
3307 5.996739385580327 1.902470475254868 0
3308 6.073704552513557 1.88389780816831 0
3309 6.024568184171499 1.961299269389437 0
3310 2.390347642827938 0.9081463356078828 0
3311 2.362676972530653 0.8501589208122842 0
3312 2.310293890605749 0.8305066196905897 0
3313 2.335006302233369 0.7921715060166856 0
3314 2.285581478978128 0.8688417333644938 0
3315 2.257910808680844 0.8108543185688952 0
3316 2.307335631936085 0.7341840912210871 0
3317 2.20552772675594 0.7912020174472005 0
3318 2.23024013838356 0.7528669037732966 0
3319 2.202569468086276 0.6948794889776979 0
3320 2.254952550011181 0.7145317900993926 0
3321 2.150186386161371 0.6752271878560034 0
3322 2.174898797788992 0.6368920741820994 0
3323 2.279664961638801 0.6761966764254885 0
3324 2.180815315128319 0.8295371311211046 0
3325 2.153144644831035 0.7715497163255061 0
3326 2.10076156290613 0.7518974152038116 0
3327 2.125473974533751 0.7135623015299075 0
3328 2.07604915127851 0.7902325288777156 0
3329 2.048378480981226 0.7322451140821169 0
3330 2.097803304236467 0.655574886734309 0
3331 2.251994291341517 0.61820926162989 0
3332 2.199611209416612 0.5985569605081953 0
3333 2.224323621044233 0.5602218468342913 0
3334 2.147228127491708 0.5789046593865008 0
3335 2.196652950746949 0.5022344320386927 0
3336 1.995995399056321 0.7125928129604224 0
3337 2.020707810683941 0.6742576992865184 0
3338 1.993037140386657 0.6162702844909198 0
3339 2.045420222311562 0.6359225856126143 0
3340 1.940654058461752 0.5966179833692253 0
3341 1.965366470089373 0.5582828696953213 0
3342 2.070132633939182 0.5975874719387103 0
3343 1.937695799792089 0.5002954548997226 0
3344 1.990078881716993 0.5199477560214172 0
3345 2.014791293344614 0.4816126423475131 0
3346 2.042461963641898 0.5396000571431117 0
3347 1.98712062304733 0.4236252275519146 0
3348 2.039503704972234 0.4432775286736091 0
3349 2.094845045566803 0.5592523582648063 0
3350 1.885312717867184 0.4806431537780281 0
3351 1.910025129494805 0.4423080401041241 0
3352 1.88235445919752 0.3843206253085255 0
3353 1.934737541122425 0.40397292643022 0
3354 1.829971377272616 0.3646683241868309 0
3355 1.854683788900236 0.3263332105129269 0
3356 1.959449952750046 0.365637812756316 0
3357 2.119557457194423 0.5209172445909023 0
3358 2.091886786897139 0.4629298297953036 0
3359 2.144269868822044 0.4825821309169982 0
3360 2.064216116599855 0.4049424149997051 0
3361 2.168982280449664 0.4442470172430941 0
3362 1.9712829874287 0.7509279266343265 0
3363 1.943612317131416 0.692940511838728 0
3364 1.891229235206511 0.6732882107170333 0
3365 1.915941646834132 0.6349530970431293 0
3366 1.866516823578891 0.7116233243909373 0
3367 1.838846153281607 0.6536359095953388 0
3368 1.888270976536848 0.5769656822475306 0
3369 1.786463071356702 0.6339836084736443 0
3370 1.811175482984323 0.5956484947997402 0
3371 1.783504812687038 0.5376610800041416 0
3372 1.835887894611943 0.5573133811258362 0
3373 1.731121730762134 0.518008778882447 0
3374 1.755834142389754 0.479673665208543 0
3375 1.860600306239564 0.5189782674519321 0
3376 1.761750659729082 0.6723187221475483 0
3377 1.734079989431797 0.6143313073519496 0
3378 1.681696907506893 0.5946790062302552 0
3379 1.706409319134513 0.5563438925563511 0
3380 1.656984495879272 0.6330141199041592 0
3381 1.629313825581988 0.5750267051085607 0
3382 1.678738648837229 0.4983564777607525 0
3383 1.832929635942279 0.4609908526563335 0
3384 1.780546554017375 0.441338551534639 0
3385 1.805258965644995 0.4030034378607349 0
3386 1.72816347209247 0.4216862504129444 0
3387 1.777588295347711 0.3450160230651363 0
3388 2.14131161015238 0.3862596024474956 0
3389 2.088928528227475 0.366607301325801 0
3390 2.113640939855096 0.328272187651897 0
3391 2.036545446302571 0.3469550002041065 0
3392 2.085970269557812 0.2702847728562984 0
3393 1.984162364377666 0.3273026990824119 0
3394 2.008874776005286 0.2889675854085079 0
3395 1.981204105708002 0.2309801706129093 0
3396 2.033587187632907 0.2506324717346038 0
3397 1.928821023783098 0.2113278694912147 0
3398 1.953533435410718 0.1729927558173107 0
3399 2.058299599260527 0.2122973580606998 0
3400 1.931779282452761 0.3076503979607174 0
3401 1.879396200527857 0.2879980968390228 0
3402 1.904108612155477 0.2496629831651188 0
3403 1.827013118602952 0.2683457957173283 0
3404 1.876437941858193 0.1916755683695202 0
3405 2.030628928963243 0.1543099432651012 0
3406 1.978245847038339 0.1346576421434067 0
3407 2.002958258665959 0.09632252846950262 0
3408 1.925862765113434 0.1150053410217121 0
3409 1.975287588368675 0.03833511367390404 0
3410 6.347106223055265 0.7676641662956368 0
3411 6.297774888538509 0.7884110457006552 0
3412 6.300840536783953 0.8292859886296784 0
3413 6.248443554021753 0.8091579251056735 0
3414 6.353237519546154 0.8494140521536833 0
3415 6.303906185029398 0.8701609315587016 0
3416 6.199112219504996 0.8299048045106918 0
3417 6.306971833274842 0.9110358744877249 0
3418 6.254574850512642 0.89090781096372 0
3419 6.205243515995885 0.9116546903687384 0
3420 6.202177867750441 0.870779747439715 0
3421 6.20830916424133 0.9525296332977615 0
3422 6.155912181479129 0.9324015697737567 0
3423 6.149780884988239 0.8506516839157101 0
3424 6.359368816037044 0.9311639380117298 0
3425 6.310037481520287 0.9519108174167481 0
3426 6.313103129765732 0.9927857603457714 0
3427 6.26070614700353 0.9726576968217665 0
3428 6.365500112527933 1.012913823869776 0
3429 6.316168778011177 1.033660703274795 0
3430 6.211374812486774 0.9934045762267848 0
3431 6.100449550471483 0.8713985633207284 0
3432 6.103515198716927 0.9122735062497518 0
3433 6.051118215954727 0.8921454427257468 0
3434 6.106580846962372 0.9531484491787749 0
3435 6.001786881437971 0.9128923221307652 0
3436 6.319234426256621 1.074535646203818 0
3437 6.266837443494421 1.054407582679813 0
3438 6.217506108977664 1.075154462084831 0
3439 6.214440460732218 1.034279519155808 0
3440 6.220571757223109 1.116029405013855 0
3441 6.168174774460907 1.09590134148985 0
3442 6.162043477970018 1.014151455631803 0
3443 6.11884343994415 1.116648220894868 0
3444 6.115777791698706 1.075773277965845 0
3445 6.063380808936506 1.05564521444184 0
3446 6.112712143453262 1.034898335036821 0
3447 6.014049474419749 1.076392093846858 0
3448 6.010983826174304 1.035517150917835 0
3449 6.109646495207818 0.9940233921077982 0
3450 6.121909088189595 1.157523163823891 0
3451 6.069512105427394 1.137395100299886 0
3452 6.020180770910638 1.158141979704905 0
3453 6.017115122665194 1.117267036775881 0
3454 6.023246419156083 1.199016922633928 0
3455 5.970849436393882 1.178888859109923 0
3456 5.964718139902992 1.097138973251877 0
3457 6.057249512445615 0.9738953285837934 0
3458 6.007918177928859 0.9946422079888116 0
3459 6.004852529683415 0.9537672650597884 0
3460 5.958586843412103 1.01538908739383 0
3461 5.952455546921215 0.9336392015357835 0
3462 6.371631409018821 1.094663709727823 0
3463 6.322300074502065 1.115410589132841 0
3464 6.32536572274751 1.156285532061864 0
3465 6.272968739985309 1.136157468537859 0
3466 6.377762705509712 1.176413595585869 0
3467 6.328431370992955 1.197160474990888 0
3468 6.223637405468553 1.156904347942878 0
3469 6.3314970192384 1.238035417919911 0
3470 6.279100036476198 1.217907354395906 0
3471 6.229768701959442 1.238654233800924 0
3472 6.226703053713997 1.197779290871901 0
3473 6.232834350204886 1.279529176729948 0
3474 6.180437367442686 1.259401113205943 0
3475 6.174306070951797 1.177651227347896 0
3476 6.3838940020006 1.258163481443916 0
3477 6.334562667483844 1.278910360848934 0
3478 6.337628315729289 1.319785303777957 0
3479 6.285231332967088 1.299657240253953 0
3480 6.390025298491489 1.339913367301962 0
3481 6.12497473643504 1.198398106752915 0
3482 6.128040384680485 1.239273049681938 0
3483 6.075643401918283 1.219144986157933 0
3484 5.903124212404458 0.9543860809408018 0
3485 5.906189860649903 0.9952610238698251 0
3486 5.853792877887701 0.9751329603458202 0
3487 5.909255508895347 1.036135966798848 0
3488 5.804461543370945 0.9958798397508385 0
3489 5.912321157140791 1.077010909727872 0
3490 5.859924174378591 1.056882846203867 0
3491 5.810592839861834 1.077629725608885 0
3492 5.807527191616389 1.036754782679862 0
3493 5.813658488107279 1.118504668537908 0
3494 5.761261505345077 1.098376605013903 0
3495 5.755130208854188 1.016626719155857 0
3496 5.915386805386236 1.117885852656895 0
3497 5.91845245363168 1.158760795585918 0
3498 5.86605547086948 1.138632732061913 0
3499 5.705798874337432 1.037373598560875 0
3500 5.708864522582877 1.078248541489898 0
3501 5.656467539820676 1.058120477965893 0
3502 1.654148525394861 1.225507973208546 0
3503 1.703228466557066 1.204350530701835 0
3504 1.699925325794366 1.16354078707343 0
3505 1.752308407719271 1.183193088195124 0
3506 1.647542243869462 1.143888485951735 0
3507 1.696622185031667 1.122731043445024 0
3508 1.801388348881476 1.162035645688413 0
3509 1.693319044268967 1.081921299816619 0
3510 1.745702126193872 1.101573600938313 0
3511 1.794782067356077 1.080416158431603 0
3512 1.798085208118777 1.121225902060008 0
3513 1.791478926593377 1.039606414803197 0
3514 1.843862008518282 1.059258715924892 0
3515 1.850468290043681 1.140878203181702 0
3516 1.640935962344062 1.062268998694925 0
3517 1.690015903506268 1.041111556188214 0
3518 1.686712762743568 1.000301812559808 0
3519 1.739095844668473 1.019954113681503 0
3520 1.634329680818663 0.9806495114381136 0
3521 1.683409621980869 0.9594920689314026 0
3522 1.788175785830678 0.9987966711747918 0
3523 1.899548231205886 1.119720760674992 0
3524 1.896245090443187 1.078911017046586 0
3525 1.948628172368092 1.098563318168281 0
3526 1.892941949680487 1.038101273418181 0
3527 1.997708113530297 1.07740587566157 0
3528 1.680106481218169 0.9186823253029972 0
3529 1.732489563143074 0.9383346264246917 0
3530 1.781569504305279 0.9171771839179809 0
3531 1.784872645067978 0.9579869275463864 0
3532 1.778266363542579 0.8763674402895754 0
3533 1.830649445467484 0.8960197414112701 0
3534 1.837255726992883 0.9776392286680808 0
3535 1.879729386629689 0.8748622989045591 0
3536 1.883032527392389 0.9156720425329645 0
3537 1.935415609317293 0.935324343654659 0
3538 1.886335668155088 0.9564817861613699 0
3539 1.984495550479499 0.9141669011479482 0
3540 1.987798691242198 0.9549766447763537 0
3541 1.889638808917788 0.9972915297897753 0
3542 1.87642624586699 0.8340525552761537 0
3543 1.928809327791894 0.8537048563978482 0
3544 1.977889268954099 0.8325474138911373 0
3545 1.981192409716799 0.8733571575195427 0
3546 1.9745861281914 0.7917376702627319 0
3547 2.026969210116305 0.8113899713844264 0
3548 2.033575491641704 0.8930094586412374 0
3549 1.942021890842692 1.01694383091147 0
3550 1.991101832004898 0.9957863884047591 0
3551 1.994404972767597 1.036596132033165 0
3552 2.040181773167103 0.9746289458980483 0
3553 2.046788054692502 1.056248433154859 0
3554 1.627723399293264 0.8990300241813027 0
3555 1.676803340455469 0.8778725816745918 0
3556 1.67350019969277 0.8370628380461864 0
3557 1.725883281617675 0.8567151391678809 0
3558 1.621117117767865 0.8174105369244917 0
3559 1.67019705893007 0.7962530944177809 0
3560 1.77496322277988 0.83555769666117 0
3561 1.666893918167371 0.7554433507893754 0
3562 1.719277000092275 0.7750956519110701 0
3563 1.768356941254481 0.7539382094043592 0
3564 1.77166008201718 0.7947479530327646 0
3565 1.765053800491781 0.7131284657759538 0
3566 1.817436882416686 0.7327807668976483 0
3567 1.824043163942085 0.814400254154459 0
3568 1.614510836242466 0.7357910496676809 0
3569 1.663590777404671 0.71463360716097 0
3570 1.660287636641972 0.6738238635325646 0
3571 1.712670718566876 0.6934761646542591 0
3572 1.607904554717067 0.6541715624108702 0
3573 1.87312310510429 0.7932428116477482 0
3574 1.86981996434159 0.7524330680193427 0
3575 1.922203046266495 0.7720853691410374 0
3576 2.095867995854707 1.035090990648148 0
3577 2.092564855092007 0.9942812470197429 0
3578 2.144947937016912 1.013933548141437 0
3579 2.089261714329308 0.9534715033913372 0
3580 2.194027878179117 0.9927761056347264 0
3581 2.085958573566608 0.9126617597629318 0
3582 2.138341655491513 0.9323140608846263 0
3583 2.187421596653718 0.9111566183779155 0
3584 2.190724737416418 0.951966362006321 0
3585 2.184118455891019 0.87034687474951 0
3586 2.236501537815923 0.8899991758712047 0
3587 2.243107819341323 0.9716186631280155 0
3588 2.082655432803909 0.8718520161345265 0
3589 2.079352292041209 0.8310422725061211 0
3590 2.131735373966114 0.8506945736278155 0
3591 2.292187760503527 0.9504612206213046 0
3592 2.288884619740828 0.9096514769928992 0
3593 2.341267701665732 0.9293037781145936 0
3594 6.962068184171058 1.961299269389437 0
3595 6.962068184171058 1.898799269389273 0
3596 6.924136368342117 1.86009853877871 0
3597 6.962068184171058 1.83629926938911 0
3598 6.886204552513175 1.88389780816831 0
3599 6.886204552513175 1.821397808168147 0
3600 6.962068184171058 1.773799269388947 0
3601 6.848272736684233 1.782697077557583 0
3602 6.886204552513175 1.758897808167983 0
3603 6.886204552513175 1.69639780816782 0
3604 6.924136368342117 1.735098538778383 0
3605 6.848272736684233 1.657697077557257 0
3606 6.886204552513175 1.633897808167657 0
3607 6.962068184171058 1.711299269388784 0
3608 6.810340920855292 1.806496346947183 0
3609 6.810340920855292 1.74399634694702 0
3610 6.77240910502635 1.705295616336456 0
3611 6.810340920855292 1.681496346946856 0
3612 6.734477289197408 1.729094885726056 0
3613 6.734477289197408 1.666594885725893 0
3614 6.810340920855292 1.618996346946693 0
3615 6.962068184171058 1.64879926938862 0
3616 6.924136368342117 1.610098538778057 0
3617 6.962068184171058 1.586299269388457 0
3618 6.886204552513175 1.571397808167494 0
3619 6.962068184171058 1.523799269388294 0
3620 6.696545473368467 1.62789415511533 0
3621 6.734477289197408 1.60409488572573 0
3622 6.734477289197408 1.541594885725567 0
3623 6.77240910502635 1.58029561633613 0
3624 6.696545473368467 1.502894155115003 0
3625 6.734477289197408 1.479094885725403 0
3626 6.810340920855292 1.55649634694653 0
3627 6.734477289197408 1.41659488572524 0
3628 6.77240910502635 1.455295616335804 0
3629 6.810340920855292 1.431496346946204 0
3630 6.810340920855292 1.493996346946367 0
3631 6.810340920855292 1.36899634694604 0
3632 6.848272736684233 1.407697077556604 0
3633 6.848272736684233 1.53269707755693 0
3634 6.696545473368467 1.377894155114677 0
3635 6.734477289197408 1.354094885725077 0
3636 6.734477289197408 1.291594885724914 0
3637 6.77240910502635 1.330295616335477 0
3638 6.696545473368467 1.25289415511435 0
3639 6.734477289197408 1.22909488572475 0
3640 6.810340920855292 1.306496346945877 0
3641 6.886204552513175 1.50889780816733 0
3642 6.886204552513175 1.446397808167167 0
3643 6.924136368342117 1.48509853877773 0
3644 6.886204552513175 1.383897808167004 0
3645 6.962068184171058 1.461299269388131 0
3646 6.658613657539525 1.65169342450493 0
3647 6.658613657539525 1.589193424504766 0
3648 6.620681841710583 1.550492693894203 0
3649 6.658613657539525 1.526693424504603 0
3650 6.582750025881642 1.574291963283803 0
3651 6.582750025881642 1.51179196328364 0
3652 6.658613657539525 1.46419342450444 0
3653 6.5448182100527 1.473091232673076 0
3654 6.582750025881642 1.449291963283476 0
3655 6.582750025881642 1.386791963283313 0
3656 6.620681841710583 1.425492693893876 0
3657 6.5448182100527 1.348091232672749 0
3658 6.582750025881642 1.32429196328315 0
3659 6.658613657539525 1.401693424504276 0
3660 6.506886394223758 1.496890502062676 0
3661 6.506886394223758 1.434390502062513 0
3662 6.468954578394817 1.395689771451949 0
3663 6.506886394223758 1.371890502062349 0
3664 6.431022762565876 1.419489040841549 0
3665 6.431022762565876 1.356989040841386 0
3666 6.506886394223758 1.309390502062186 0
3667 6.658613657539525 1.339193424504113 0
3668 6.620681841710583 1.30049269389355 0
3669 6.658613657539525 1.27669342450395 0
3670 6.582750025881642 1.261791963282986 0
3671 6.658613657539525 1.214193424503787 0
3672 6.962068184171058 1.398799269387967 0
3673 6.924136368342117 1.360098538777404 0
3674 6.962068184171058 1.336299269387804 0
3675 6.886204552513175 1.321397808166841 0
3676 6.962068184171058 1.273799269387641 0
3677 6.848272736684233 1.282697077556277 0
3678 6.886204552513175 1.258897808166678 0
3679 6.886204552513175 1.196397808166514 0
3680 6.924136368342117 1.235098538777078 0
3681 6.848272736684233 1.157697077555951 0
3682 6.886204552513175 1.133897808166351 0
3683 6.962068184171058 1.211299269387478 0
3684 6.810340920855292 1.243996346945714 0
3685 6.77240910502635 1.205295616335151 0
3686 6.810340920855292 1.181496346945551 0
3687 6.734477289197408 1.166594885724587 0
3688 6.810340920855292 1.118996346945388 0
3689 6.962068184171058 1.148799269387315 0
3690 6.924136368342117 1.110098538776751 0
3691 6.962068184171058 1.086299269387152 0
3692 6.886204552513175 1.071397808166188 0
3693 6.962068184171058 1.023799269386988 0
3694 6.087068184171404 1.961299269389437 0
3695 6.111636368342461 1.922598538778873 0
3696 6.149568184171337 1.961299269389437 0
3697 6.13620455251349 1.88389780816831 0
3698 6.212068184171301 1.961299269389437 0
3699 6.160772736684549 1.845197077557746 0
3700 6.198704552513454 1.88389780816831 0
3701 6.261204552513417 1.88389780816831 0
3702 6.236636368342358 1.922598538778873 0
3703 6.285772736684475 1.845197077557746 0
3704 6.323704552513379 1.88389780816831 0
3705 6.274568184171263 1.961299269389437 0
3706 6.185340920855579 1.806496346947183 0
3707 6.209909105026608 1.76779561633662 0
3708 6.247840920855541 1.806496346947183 0
3709 6.234477289197637 1.729094885726056 0
3710 6.310340920855504 1.806496346947183 0
3711 6.337068184171242 1.961299269389437 0
3712 6.361636368342314 1.922598538778873 0
3713 6.399568184171234 1.961299269389437 0
3714 6.386204552513371 1.88389780816831 0
3715 6.46206818417124 1.961299269389437 0
3716 6.259045473368673 1.690394155115493 0
3717 6.296977289197606 1.729094885726056 0
3718 6.359477289197576 1.729094885726056 0
3719 6.33490910502654 1.76779561633662 0
3720 6.384045473368613 1.690394155115493 0
3721 6.421977289197548 1.729094885726056 0
3722 6.372840920855474 1.806496346947183 0
3723 6.484477289197518 1.729094885726056 0
3724 6.459909105026481 1.76779561633662 0
3725 6.497840920855415 1.806496346947183 0
3726 6.435340920855445 1.806496346947183 0
3727 6.560340920855387 1.806496346947183 0
3728 6.53577273668435 1.845197077557746 0
3729 6.410772736684408 1.845197077557746 0
3730 6.509045473368555 1.690394155115493 0
3731 6.546977289197489 1.729094885726056 0
3732 6.609477289197459 1.729094885726056 0
3733 6.584909105026423 1.76779561633662 0
3734 6.634045473368496 1.690394155115493 0
3735 6.67197728919743 1.729094885726056 0
3736 6.622840920855356 1.806496346947183 0
3737 6.448704552513343 1.88389780816831 0
3738 6.511204552513313 1.88389780816831 0
3739 6.486636368342277 1.922598538778873 0
3740 6.573704552513284 1.88389780816831 0
3741 6.52456818417121 1.961299269389437 0
3742 6.283613657539702 1.65169342450493 0
3743 6.308181841710731 1.612992693894366 0
3744 6.346113657539671 1.65169342450493 0
3745 6.33275002588176 1.574291963283803 0
3746 6.408613657539642 1.65169342450493 0
3747 6.357318210052789 1.535591232673239 0
3748 6.39525002588173 1.574291963283803 0
3749 6.4577500258817 1.574291963283803 0
3750 6.433181841710671 1.612992693894366 0
3751 6.482318210052729 1.535591232673239 0
3752 6.520250025881671 1.574291963283803 0
3753 6.471113657539613 1.65169342450493 0
3754 6.381886394223818 1.496890502062676 0
3755 6.406454578394847 1.458189771452112 0
3756 6.444386394223788 1.496890502062676 0
3757 6.533613657539584 1.65169342450493 0
3758 6.558181841710613 1.612992693894366 0
3759 6.596113657539554 1.65169342450493 0
3760 6.587068184171189 1.961299269389437 0
3761 6.611636368342198 1.922598538778873 0
3762 6.649568184171141 1.961299269389437 0
3763 6.636204552513235 1.88389780816831 0
3764 6.712068184171065 1.961299269389437 0
3765 6.660772736684299 1.845197077557746 0
3766 6.698704552513213 1.88389780816831 0
3767 6.761204552513192 1.88389780816831 0
3768 6.736636368342129 1.922598538778873 0
3769 6.785772736684255 1.845197077557746 0
3770 6.823704552513171 1.88389780816831 0
3771 6.774568184171043 1.961299269389437 0
3772 6.685340920855335 1.806496346947183 0
3773 6.709909105026371 1.76779561633662 0
3774 6.747840920855314 1.806496346947183 0
3775 6.837068184171056 1.961299269389437 0
3776 6.861636368342111 1.922598538778873 0
3777 6.89956818417106 1.961299269389437 0
3778 1.037787588372148 0.03833511367390404 0
3779 1.037787588372148 0.1008351136740704 0
3780 1.075575176744296 0.1391702273479744 0
3781 1.037787588372148 0.1633351136742367 0
3782 1.113362765116444 0.1150053410217121 0
3783 1.113362765116444 0.1775053410218784 0
3784 1.037787588372148 0.225835113674403 0
3785 1.151150353488592 0.2158404546957824 0
3786 1.113362765116444 0.2400053410220447 0
3787 1.113362765116444 0.302505341022211 0
3788 1.075575176744296 0.264170227348307 0
3789 1.151150353488592 0.340840454696115 0
3790 1.113362765116444 0.3650053410223773 0
3791 1.037787588372148 0.2883351136745693 0
3792 1.18893794186074 0.1916755683695202 0
3793 1.18893794186074 0.2541755683696865 0
3794 1.226725530232888 0.2925106820435905 0
3795 1.18893794186074 0.3166755683698528 0
3796 1.264513118605036 0.2683457957173283 0
3797 1.264513118605036 0.3308457957174946 0
3798 1.18893794186074 0.3791755683700191 0
3799 1.037787588372148 0.3508351136747355 0
3800 1.075575176744296 0.3891702273486396 0
3801 1.037787588372148 0.4133351136749018 0
3802 1.113362765116444 0.4275053410225436 0
3803 1.037787588372148 0.4758351136750681 0
3804 1.302300706977184 0.3691809093912324 0
3805 1.264513118605036 0.3933457957174946 0
3806 1.264513118605036 0.4558457957174946 0
3807 1.226725530232888 0.4175106820437569 0
3808 1.302300706977184 0.4941809093912324 0
3809 1.264513118605036 0.5183457957174946 0
3810 1.18893794186074 0.4416755683700191 0
3811 1.264513118605036 0.5808457957174946 0
3812 1.226725530232888 0.5425106820437569 0
3813 1.18893794186074 0.5666755683700191 0
3814 1.18893794186074 0.5041755683700191 0
3815 1.18893794186074 0.6291755683700191 0
3816 1.151150353488592 0.5908404546962813 0
3817 1.151150353488592 0.4658404546962813 0
3818 1.302300706977184 0.6191809093912324 0
3819 1.264513118605036 0.6433457957174946 0
3820 1.264513118605036 0.7058457957174946 0
3821 1.226725530232888 0.6675106820437569 0
3822 1.302300706977184 0.7441809093912324 0
3823 1.264513118605036 0.7683457957174946 0
3824 1.18893794186074 0.6916755683700191 0
3825 1.113362765116444 0.4900053410225436 0
3826 1.113362765116444 0.5525053410225436 0
3827 1.075575176744296 0.5141702273488058 0
3828 1.113362765116444 0.6150053410225436 0
3829 1.037787588372148 0.538335113675068 0
3830 1.340088295349332 0.3450160230651363 0
3831 1.340088295349332 0.4075160230651364 0
3832 1.37787588372148 0.4458511367390404 0
3833 1.340088295349332 0.4700160230651364 0
3834 1.415663472093628 0.4216862504129444 0
3835 1.415663472093628 0.4841862504129444 0
3836 1.340088295349332 0.5325160230651365 0
3837 1.453451060465776 0.5225213640868485 0
3838 1.415663472093628 0.5466862504129444 0
3839 1.415663472093628 0.6091862504129444 0
3840 1.37787588372148 0.5708511367390404 0
3841 1.453451060465776 0.6475213640868485 0
3842 1.415663472093628 0.6716862504129444 0
3843 1.340088295349332 0.5950160230651365 0
3844 1.491238648837923 0.4983564777607525 0
3845 1.491238648837923 0.5608564777607525 0
3846 1.529026237210072 0.5991915914346566 0
3847 1.491238648837923 0.6233564777607525 0
3848 1.566813825582219 0.5750267051085607 0
3849 1.566813825582219 0.6375267051085607 0
3850 1.491238648837923 0.6858564777607525 0
3851 1.340088295349332 0.6575160230651365 0
3852 1.37787588372148 0.6958511367390404 0
3853 1.340088295349332 0.7200160230651365 0
3854 1.415663472093628 0.7341862504129444 0
3855 1.340088295349332 0.7825160230651365 0
3856 1.037787588372148 0.6008351136748835 0
3857 1.075575176744296 0.6391702273486737 0
3858 1.037787588372148 0.6633351136747514 0
3859 1.113362765116444 0.6775053410224114 0
3860 1.037787588372148 0.7258351136746719 0
3861 1.151150353488592 0.715840454696115 0
3862 1.113362765116444 0.7400053410222451 0
3863 1.113362765116444 0.8025053410220789 0
3864 1.075575176744296 0.7641702273483755 0
3865 1.151150353488592 0.8408404546957824 0
3866 1.113362765116444 0.8650053410219127 0
3867 1.037787588372148 0.7883351136745056 0
3868 1.18893794186074 0.7541755683698528 0
3869 1.226725530232888 0.7925106820435905 0
3870 1.18893794186074 0.8166755683696865 0
3871 1.264513118605036 0.8308457957173283 0
3872 1.18893794186074 0.8791755683695202 0
3873 1.037787588372148 0.8508351136742363 0
3874 1.075575176744296 0.8891702273480087 0
3875 1.037787588372148 0.9133351136740357 0
3876 1.113362765116444 0.9275053410217122 0
3877 1.037787588372148 0.9758351136739041 0
3878 1.91278758836897 0.03833511367390404 0
3879 1.888075176741333 0.07667022734780808 0
3880 1.850287588369248 0.03833511367390404 0
3881 1.863362765113712 0.1150053410217121 0
3882 1.787787588369509 0.03833511367390404 0
3883 1.838650353486063 0.1533404546956162 0
3884 1.800862765113962 0.1150053410217121 0
3885 1.738362765114212 0.1150053410217121 0
3886 1.763075176741861 0.07667022734780808 0
3887 1.713650353486563 0.1533404546956162 0
3888 1.675862765114462 0.1150053410217121 0
3889 1.725287588369759 0.03833511367390404 0
3890 1.813937941858443 0.1916755683695202 0
3891 1.789225530230822 0.2300106820434242 0
3892 1.751437941858693 0.1916755683695202 0
3893 1.764513118603202 0.2683457957173283 0
3894 1.688937941858943 0.1916755683695202 0
3895 1.662787588369977 0.03833511367390404 0
3896 1.638075176742332 0.07667022734780808 0
3897 1.600287588370199 0.03833511367390404 0
3898 1.613362765114684 0.1150053410217121 0
3899 1.537787588370425 0.03833511367390404 0
3900 1.739800706975563 0.3066809093912323 0
3901 1.702013118603434 0.2683457957173283 0
3902 1.639513118603665 0.2683457957173283 0
3903 1.664225530231304 0.2300106820434242 0
3904 1.614800706976026 0.3066809093912323 0
3905 1.577013118603896 0.2683457957173283 0
3906 1.626437941859174 0.1916755683695202 0
3907 1.514513118604128 0.2683457957173283 0
3908 1.539225530231767 0.2300106820434242 0
3909 1.501437941859637 0.1916755683695202 0
3910 1.563937941859406 0.1916755683695202 0
3911 1.438937941859869 0.1916755683695202 0
3912 1.463650353487508 0.1533404546956162 0
3913 1.588650353487045 0.1533404546956162 0
3914 1.489800706976489 0.3066809093912323 0
3915 1.452013118604359 0.2683457957173283 0
3916 1.389513118604591 0.2683457957173283 0
3917 1.41422553023223 0.2300106820434242 0
3918 1.364800706976952 0.3066809093912323 0
3919 1.327013118604823 0.2683457957173283 0
3920 1.3764379418601 0.1916755683695202 0
3921 1.550862765114915 0.1150053410217121 0
3922 1.488362765115147 0.1150053410217121 0
3923 1.513075176742786 0.07667022734780808 0
3924 1.425862765115378 0.1150053410217121 0
3925 1.475287588370656 0.03833511367390404 0
3926 1.715088295347942 0.3450160230651363 0
3927 1.690375883720322 0.3833511367390404 0
3928 1.652588295348174 0.3450160230651363 0
3929 1.665663472092701 0.4216862504129444 0
3930 1.590088295348405 0.3450160230651363 0
3931 1.640951060465081 0.4600213640868485 0
3932 1.603163472092933 0.4216862504129444 0
3933 1.540663472093164 0.4216862504129444 0
3934 1.565375883720785 0.3833511367390404 0
3935 1.515951060465544 0.4600213640868485 0
3936 1.478163472093396 0.4216862504129444 0
3937 1.527588295348637 0.3450160230651363 0
3938 1.61623864883746 0.4983564777607525 0
3939 1.59152623720984 0.5366915914346566 0
3940 1.553738648837692 0.4983564777607525 0
3941 1.465088295348869 0.3450160230651363 0
3942 1.440375883721248 0.3833511367390404 0
3943 1.4025882953491 0.3450160230651363 0
3944 1.412787588370847 0.03833511367390404 0
3945 1.388075176743223 0.07667022734780808 0
3946 1.350287588371053 0.03833511367390404 0
3947 1.363362765115584 0.1150053410217121 0
3948 1.287787588371273 0.03833511367390404 0
3949 1.338650353487953 0.1533404546956162 0
3950 1.300862765115797 0.1150053410217121 0
3951 1.23836276511601 0.1150053410217121 0
3952 1.263075176743642 0.07667022734780808 0
3953 1.213650353488379 0.1533404546956162 0
3954 1.175862765116223 0.1150053410217121 0
3955 1.225287588371486 0.03833511367390404 0
3956 1.313937941860314 0.1916755683695202 0
3957 1.289225530232675 0.2300106820434242 0
3958 1.251437941860527 0.1916755683695202 0
3959 1.162787588371707 0.03833511367390404 0
3960 1.138075176744075 0.07667022734780808 0
3961 1.100287588371927 0.03833511367390404 0
3962 0.9687499999995414 1.96875 0
3963 0.968749999999571 1.90625 0
3964 0.9374999999995858 1.875 0
3965 0.9687499999996005 1.84375 0
3966 0.906249999999571 1.90625 0
3967 0.9062499999996005 1.84375 0
3968 0.9687499999996302 1.78125 0
3969 0.8749999999996154 1.8125 0
3970 0.9062499999996302 1.78125 0
3971 0.9062499999996597 1.71875 0
3972 0.937499999999645 1.75 0
3973 0.8749999999996745 1.6875 0
3974 0.9062499999996894 1.65625 0
3975 0.9687499999996597 1.71875 0
3976 0.8437499999996005 1.84375 0
3977 0.8437499999996302 1.78125 0
3978 0.812499999999645 1.75 0
3979 0.8437499999996597 1.71875 0
3980 0.7812499999996302 1.78125 0
3981 0.7812499999996597 1.71875 0
3982 0.8437499999996894 1.65625 0
3983 0.9687499999996894 1.65625 0
3984 0.9374999999997041 1.625 0
3985 0.9687499999997189 1.59375 0
3986 0.9062499999997189 1.59375 0
3987 0.9687499999997485 1.53125 0
3988 0.7499999999996745 1.6875 0
3989 0.7812499999996894 1.65625 0
3990 0.7812499999997189 1.59375 0
3991 0.8124999999997041 1.625 0
3992 0.7499999999997338 1.5625 0
3993 0.7812499999997485 1.53125 0
3994 0.8437499999997189 1.59375 0
3995 0.7812499999997781 1.46875 0
3996 0.8124999999997633 1.5 0
3997 0.8437499999997781 1.46875 0
3998 0.8437499999997485 1.53125 0
3999 0.8437499999998077 1.40625 0
4000 0.8749999999997928 1.4375 0
4001 0.8749999999997338 1.5625 0
4002 0.7499999999997928 1.4375 0
4003 0.7812499999998077 1.40625 0
4004 0.7812499999998372 1.34375 0
4005 0.8124999999998225 1.375 0
4006 0.7499999999998521 1.3125 0
4007 0.7812499999998669 1.28125 0
4008 0.8437499999998372 1.34375 0
4009 0.9062499999997485 1.53125 0
4010 0.9062499999997781 1.46875 0
4011 0.9374999999997633 1.5 0
4012 0.9062499999998077 1.40625 0
4013 0.9687499999997781 1.46875 0
4014 0.7187499999996597 1.71875 0
4015 0.7187499999996894 1.65625 0
4016 0.6874999999997041 1.625 0
4017 0.7187499999997189 1.59375 0
4018 0.6562499999996894 1.65625 0
4019 0.6562499999997189 1.59375 0
4020 0.7187499999997485 1.53125 0
4021 0.6249999999997338 1.5625 0
4022 0.6562499999997485 1.53125 0
4023 0.6562499999997781 1.46875 0
4024 0.6874999999997633 1.5 0
4025 0.6249999999997928 1.4375 0
4026 0.6562499999998077 1.40625 0
4027 0.7187499999997781 1.46875 0
4028 0.5937499999997189 1.59375 0
4029 0.5937499999997485 1.53125 0
4030 0.5624999999997633 1.5 0
4031 0.5937499999997781 1.46875 0
4032 0.5312499999997485 1.53125 0
4033 0.5312499999997781 1.46875 0
4034 0.5937499999998077 1.40625 0
4035 0.7187499999998077 1.40625 0
4036 0.6874999999998225 1.375 0
4037 0.7187499999998372 1.34375 0
4038 0.6562499999998372 1.34375 0
4039 0.7187499999998669 1.28125 0
4040 0.9687499999998077 1.40625 0
4041 0.9374999999998225 1.375 0
4042 0.9687499999998372 1.34375 0
4043 0.9062499999998372 1.34375 0
4044 0.9687499999998669 1.28125 0
4045 0.8749999999998521 1.3125 0
4046 0.9062499999998669 1.28125 0
4047 0.9062499999998964 1.21875 0
4048 0.9374999999998817 1.25 0
4049 0.8749999999999112 1.1875 0
4050 0.9062499999999261 1.15625 0
4051 0.9687499999998964 1.21875 0
4052 0.8437499999998669 1.28125 0
4053 0.8124999999998817 1.25 0
4054 0.8437499999998964 1.21875 0
4055 0.7812499999998964 1.21875 0
4056 0.8437499999999261 1.15625 0
4057 0.9687499999999261 1.15625 0
4058 0.9374999999999408 1.125 0
4059 0.9687499999999556 1.09375 0
4060 0.9062499999999556 1.09375 0
4061 0.9687499999999852 1.03125 0
4062 0.03124999999998521 1.03125 0
4063 0.03124999999998521 1.093750000000127 0
4064 0.06249999999997041 1.125000000000138 0
4065 0.03124999999998521 1.156250000000265 0
4066 0.09374999999995562 1.09375 0
4067 0.09374999999995562 1.156250000000138 0
4068 0.03124999999998521 1.218750000000415 0
4069 0.1249999999999408 1.187500000000172 0
4070 0.09374999999995562 1.218750000000311 0
4071 0.09374999999995562 1.281250000000483 0
4072 0.06249999999997041 1.250000000000449 0
4073 0.1249999999999408 1.312500000000517 0
4074 0.09374999999995562 1.343750000000655 0
4075 0.03124999999998521 1.281250000000587 0
4076 0.156249999999926 1.15625 0
4077 0.156249999999926 1.218750000000172 0
4078 0.1874999999999112 1.250000000000172 0
4079 0.156249999999926 1.281250000000345 0
4080 0.2187499999998964 1.21875 0
4081 0.2187499999998964 1.281250000000172 0
4082 0.156249999999926 1.343750000000517 0
4083 0.03124999999998521 1.343750000000714 0
4084 0.06249999999997041 1.375000000000828 0
4085 0.03124999999998521 1.40625000000092 0
4086 0.09374999999995562 1.406250000000862 0
4087 0.03124999999998521 1.468750000001207 0
4088 0.2499999999998817 1.3125 0
4089 0.2187499999998964 1.343750000000172 0
4090 0.2187499999998964 1.406250000000172 0
4091 0.1874999999999112 1.375000000000345 0
4092 0.2499999999998817 1.4375 0
4093 0.2187499999998964 1.468750000000172 0
4094 0.156249999999926 1.406250000000517 0
4095 0.2187499999998964 1.531250000000172 0
4096 0.1874999999999112 1.500000000000345 0
4097 0.156249999999926 1.531250000000517 0
4098 0.156249999999926 1.468750000000517 0
4099 0.156249999999926 1.593750000000517 0
4100 0.1249999999999408 1.562500000000689 0
4101 0.1249999999999408 1.437500000000689 0
4102 0.2499999999998817 1.5625 0
4103 0.2187499999998964 1.593750000000172 0
4104 0.2187499999998964 1.656250000000172 0
4105 0.1874999999999112 1.625000000000345 0
4106 0.2499999999998817 1.6875 0
4107 0.2187499999998964 1.718750000000172 0
4108 0.156249999999926 1.656250000000517 0
4109 0.09374999999995562 1.468750000000862 0
4110 0.09374999999995562 1.531250000000862 0
4111 0.06249999999997041 1.500000000001034 0
4112 0.09374999999995562 1.593750000000862 0
4113 0.03124999999998521 1.531250000001207 0
4114 0.2812499999998669 1.28125 0
4115 0.2812499999998669 1.34375 0
4116 0.3124999999998521 1.375 0
4117 0.2812499999998669 1.40625 0
4118 0.3437499999998372 1.34375 0
4119 0.3437499999998372 1.40625 0
4120 0.2812499999998669 1.46875 0
4121 0.3749999999998225 1.4375 0
4122 0.3437499999998372 1.46875 0
4123 0.3437499999998372 1.53125 0
4124 0.3124999999998521 1.5 0
4125 0.3749999999998225 1.5625 0
4126 0.3437499999998372 1.59375 0
4127 0.2812499999998669 1.53125 0
4128 0.4062499999998077 1.40625 0
4129 0.4062499999998077 1.46875 0
4130 0.4374999999997929 1.5 0
4131 0.4062499999998077 1.53125 0
4132 0.4687499999997781 1.46875 0
4133 0.4687499999997781 1.53125 0
4134 0.4062499999998077 1.59375 0
4135 0.2812499999998669 1.59375 0
4136 0.3124999999998521 1.625 0
4137 0.2812499999998669 1.65625 0
4138 0.3437499999998372 1.65625 0
4139 0.2812499999998669 1.71875 0
4140 0.03124999999998521 1.59375000000106 0
4141 0.06249999999997041 1.625000000000836 0
4142 0.03124999999998521 1.656250000000861 0
4143 0.09374999999995562 1.656250000000663 0
4144 0.03124999999998521 1.718750000000612 0
4145 0.1249999999999408 1.687500000000517 0
4146 0.09374999999995562 1.718750000000491 0
4147 0.09374999999995562 1.781250000000319 0
4148 0.06249999999997041 1.750000000000465 0
4149 0.1249999999999408 1.812500000000172 0
4150 0.09374999999995562 1.843750000000147 0
4151 0.03124999999998521 1.781250000000439 0
4152 0.156249999999926 1.718750000000345 0
4153 0.1874999999999112 1.750000000000172 0
4154 0.156249999999926 1.781250000000172 0
4155 0.2187499999998964 1.78125 0
4156 0.156249999999926 1.84375 0
4157 0.03124999999998521 1.84375000000034 0
4158 0.06249999999997041 1.875000000000147 0
4159 0.03124999999998521 1.906250000000193 0
4160 0.09374999999995562 1.90625 0
4161 0.03124999999998521 1.96875 0
4162 0.9062499999998193 1.03125 0
4163 0.8749999999998044 1.0625 0
4164 0.8437499999996532 1.03125 0
4165 0.8437499999997895 1.09375 0
4166 0.7812499999994871 1.03125 0
4167 0.8124999999997748 1.125 0
4168 0.7812499999996235 1.09375 0
4169 0.7187499999994575 1.09375 0
4170 0.7499999999994723 1.0625 0
4171 0.6874999999994428 1.125 0
4172 0.6562499999992916 1.09375 0
4173 0.7187499999993211 1.03125 0
4174 0.78124999999976 1.15625 0
4175 0.7499999999997452 1.1875 0
4176 0.718749999999594 1.15625 0
4177 0.7187499999997304 1.21875 0
4178 0.656249999999428 1.15625 0
4179 0.6562499999991551 1.03125 0
4180 0.6249999999991404 1.0625 0
4181 0.5937499999989891 1.03125 0
4182 0.5937499999991256 1.09375 0
4183 0.5312499999988232 1.03125 0
4184 0.6874999999998817 1.25 0
4185 0.6562499999997304 1.21875 0
4186 0.5937499999997304 1.21875 0
4187 0.6249999999995792 1.1875 0
4188 0.5624999999998817 1.25 0
4189 0.5312499999997304 1.21875 0
4190 0.593749999999428 1.15625 0
4191 0.4687499999997304 1.21875 0
4192 0.4999999999995792 1.1875 0
4193 0.468749999999428 1.15625 0
4194 0.531249999999428 1.15625 0
4195 0.406249999999428 1.15625 0
4196 0.4374999999992768 1.125 0
4197 0.5624999999992768 1.125 0
4198 0.4374999999998817 1.25 0
4199 0.4062499999997304 1.21875 0
4200 0.3437499999997304 1.21875 0
4201 0.3749999999995792 1.1875 0
4202 0.3124999999998817 1.25 0
4203 0.2812499999997304 1.21875 0
4204 0.343749999999428 1.15625 0
4205 0.5312499999991256 1.09375 0
4206 0.4687499999991255 1.09375 0
4207 0.4999999999989743 1.0625 0
4208 0.4062499999991255 1.09375 0
4209 0.4687499999988231 1.03125 0
4210 0.6562499999998669 1.28125 0
4211 0.6249999999998521 1.3125 0
4212 0.5937499999998669 1.28125 0
4213 0.5937499999998372 1.34375 0
4214 0.5312499999998669 1.28125 0
4215 0.5624999999998225 1.375 0
4216 0.5312499999998372 1.34375 0
4217 0.4687499999998372 1.34375 0
4218 0.4999999999998521 1.3125 0
4219 0.4374999999998225 1.375 0
4220 0.4062499999998372 1.34375 0
4221 0.4687499999998669 1.28125 0
4222 0.5312499999998077 1.40625 0
4223 0.4999999999997928 1.4375 0
4224 0.4687499999998077 1.40625 0
4225 0.4062499999998669 1.28125 0
4226 0.3749999999998521 1.3125 0
4227 0.3437499999998669 1.28125 0
4228 0.4062499999990071 1.03125 0
4229 0.3749999999991584 1.0625 0
4230 0.3437499999991913 1.03125 0
4231 0.3437499999993097 1.09375 0
4232 0.2812499999993754 1.03125 0
4233 0.3124999999994428 1.125 0
4234 0.2812499999994756 1.09375 0
4235 0.2187499999996417 1.09375 0
4236 0.2499999999995085 1.0625 0
4237 0.1874999999997748 1.125 0
4238 0.1562499999998077 1.09375 0
4239 0.2187499999995414 1.03125 0
4240 0.281249999999594 1.15625 0
4241 0.2499999999997452 1.1875 0
4242 0.21874999999976 1.15625 0
4243 0.1562499999997242 1.03125 0
4244 0.1249999999998225 1.0625 0
4245 0.09374999999987213 1.03125 0
4246 0.09374999999994391 1.96875 0
4247 0.1249999999999007 1.9375 0
4248 0.1562499999998742 1.96875 0
4249 0.1562499999998859 1.90625 0
4250 0.218749999999776 1.96875 0
4251 0.1874999999999004 1.875 0
4252 0.2187499999998455 1.90625 0
4253 0.281249999999805 1.90625 0
4254 0.2499999999997906 1.9375 0
4255 0.3124999999998196 1.875 0
4256 0.3437499999997646 1.90625 0
4257 0.2812499999997357 1.96875 0
4258 0.2187499999998856 1.84375 0
4259 0.2499999999998708 1.8125 0
4260 0.2812499999998452 1.84375 0
4261 0.281249999999856 1.78125 0
4262 0.3437499999998048 1.84375 0
4263 0.3437499999997174 1.96875 0
4264 0.374999999999739 1.9375 0
4265 0.4062499999997063 1.96875 0
4266 0.4062499999997535 1.90625 0
4267 0.4687499999997023 1.96875 0
4268 0.3124999999998521 1.75 0
4269 0.3437499999998265 1.78125 0
4270 0.4062499999997968 1.78125 0
4271 0.3749999999998008 1.8125 0
4272 0.4374999999997929 1.75 0
4273 0.4687499999997673 1.78125 0
4274 0.4062499999997752 1.84375 0
4275 0.5312499999997377 1.78125 0
4276 0.4999999999997417 1.8125 0
4277 0.531249999999716 1.84375 0
4278 0.4687499999997456 1.84375 0
4279 0.5937499999996865 1.84375 0
4280 0.5624999999996905 1.875 0
4281 0.4374999999997496 1.875 0
4282 0.5624999999997338 1.75 0
4283 0.593749999999708 1.78125 0
4284 0.6562499999996785 1.78125 0
4285 0.6249999999996825 1.8125 0
4286 0.6874999999996745 1.75 0
4287 0.7187499999996489 1.78125 0
4288 0.6562499999996569 1.84375 0
4289 0.468749999999724 1.90625 0
4290 0.5312499999996944 1.90625 0
4291 0.4999999999996984 1.9375 0
4292 0.5937499999996647 1.90625 0
4293 0.5312499999996727 1.96875 0
4294 0.3437499999998372 1.71875 0
4295 0.3749999999998225 1.6875 0
4296 0.4062499999998077 1.71875 0
4297 0.4062499999998077 1.65625 0
4298 0.4687499999997781 1.71875 0
4299 0.4374999999997929 1.625 0
4300 0.4687499999997781 1.65625 0
4301 0.5312499999997485 1.65625 0
4302 0.4999999999997633 1.6875 0
4303 0.5624999999997338 1.625 0
4304 0.5937499999997189 1.65625 0
4305 0.5312499999997485 1.71875 0
4306 0.4687499999997781 1.59375 0
4307 0.4999999999997633 1.5625 0
4308 0.5312499999997485 1.59375 0
4309 0.5937499999997189 1.71875 0
4310 0.6249999999997041 1.6875 0
4311 0.6562499999996894 1.71875 0
4312 0.5937499999996718 1.96875 0
4313 0.6249999999996383 1.9375 0
4314 0.6562499999996414 1.96875 0
4315 0.6562499999996343 1.90625 0
4316 0.7187499999995814 1.96875 0
4317 0.6874999999996421 1.875 0
4318 0.7187499999996156 1.90625 0
4319 0.7812499999995968 1.90625 0
4320 0.7499999999995891 1.9375 0
4321 0.8124999999996045 1.875 0
4322 0.8437499999995781 1.90625 0
4323 0.7812499999995627 1.96875 0
4324 0.7187499999996381 1.84375 0
4325 0.7499999999996342 1.8125 0
4326 0.7812499999996194 1.84375 0
4327 0.8437499999994752 1.96875 0
4328 0.8749999999995632 1.9375 0
4329 0.9062499999994681 1.96875 0
4330 1.078878317506995 0.9924799709762135 0
4331 1.116665905879143 0.9683150846501176 0
4332 1.119969046641843 1.009124828278523 0
4333 1.154453494251291 0.9441501983240217 0
4334 1.161059775776691 1.025769685580832 0
4335 1.192241082623439 0.9199853119979257 0
4336 1.195544223386139 0.9607950556263312 0
4337 1.236634952520987 0.9774399129286406 0
4338 1.198847364148838 1.001604799254737 0
4339 1.274422540893134 0.9532750266025446 0
4340 1.277725681655834 0.9940847702309501 0
4341 1.202150504911538 1.042414542883142 0
4342 1.230028670995587 0.8958204256718296 0
4343 1.267816259367735 0.8716555393457337 0
4344 1.271119400130435 0.9124652829741391 0
4345 1.305603847739883 0.8474906530196378 0
4346 1.312210129265282 0.9291101402764486 0
4347 1.243241234046386 1.059059400185451 0
4348 1.281028822418534 1.034894513859355 0
4349 1.284331963181233 1.075704257487761 0
4350 1.318816410790681 1.01072962753326 0
4351 1.325422692316081 1.09234911479007 0
4352 1.343391436112031 0.8233257666935418 0
4353 1.346694576874731 0.8641355103219472 0
4354 1.387785306009578 0.8807803676242567 0
4355 1.34999771763743 0.9049452539503526 0
4356 1.425572894381726 0.8566154812981608 0
4357 1.428876035144426 0.8974252249265662 0
4358 1.35330085840013 0.945754997578758 0
4359 1.469966764279273 0.9140700822288756 0
4360 1.432179175907125 0.9382349685549716 0
4361 1.435482316669825 0.9790447121833772 0
4362 1.394391587534977 0.9623998548810676 0
4363 1.476573045804672 0.9956895694856867 0
4364 1.438785457432525 1.019854455811783 0
4365 1.356603999162829 0.9865647412071636 0
4366 1.507754352651421 0.8899051959027797 0
4367 1.511057493414121 0.9307149395311851 0
4368 1.552148222548968 0.9473597968334946 0
4369 1.51436063417682 0.9715246831595906 0
4370 1.589935810921116 0.9231949105073987 0
4371 1.593238951683816 0.9640046541358041 0
4372 1.51766377493952 1.012334426787996 0
4373 1.359907139925529 1.027374484835569 0
4374 1.400997869060376 1.044019342137879 0
4375 1.363210280688228 1.068184228463974 0
4376 1.442088598195224 1.060664199440188 0
4377 1.366513421450928 1.10899397209238 0
4378 1.381179024484179 0.7991608803674459 0
4379 1.418966612856327 0.7749959940413499 0
4380 1.422269753619027 0.8158057376697554 0
4381 1.456754201228475 0.7508311077152539 0
4382 1.463360482753874 0.8324505949720649 0
4383 1.494541789600623 0.7266662213891579 0
4384 1.497844930363323 0.7674759650175633 0
4385 1.53893565949817 0.7841208223198728 0
4386 1.501148071126022 0.8082857086459688 0
4387 1.576723247870318 0.7599559359937769 0
4388 1.580026388633018 0.8007656796221823 0
4389 1.504451211888722 0.8490954522743743 0
4390 1.532329377972771 0.702501335063062 0
4391 1.570116966344919 0.6783364487369661 0
4392 1.573420107107619 0.7191461923653715 0
4393 1.545541941023569 0.8657403095766838 0
4394 1.583329529395717 0.8415754232505878 0
4395 1.586632670158417 0.8823851668789933 0
4396 1.407604150585775 1.125638829394689 0
4397 1.445391738957924 1.101473943068593 0
4398 1.448694879720623 1.142283686696999 0
4399 1.483179327330072 1.077309056742497 0
4400 1.489785608855471 1.158928543999308 0
4401 1.520966915702219 1.053144170416402 0
4402 1.524270056464919 1.093953914044807 0
4403 1.565360785599767 1.110598771347116 0
4404 1.527573197227619 1.134763657673212 0
4405 1.603148373971915 1.08643388502102 0
4406 1.606451514734614 1.127243628649426 0
4407 1.530876337990318 1.175573401301618 0
4408 1.558754504074368 1.028979284090306 0
4409 1.596542092446515 1.00481439776421 0
4410 1.599845233209215 1.045624141392615 0
4411 1.571967067125166 1.192218258603927 0
4412 1.609754655497314 1.168053372277831 0
4413 1.613057796260013 1.208863115906237 0
4414 6.921070720096672 1.006723595847565 0
4415 6.883138904267731 1.030522865237165 0
4416 6.880073256022286 0.9896479223081414 0
4417 6.845207088438789 1.054322134626764 0
4418 6.8390757919479 0.972572248768718 0
4419 6.807275272609847 1.078121404016364 0
4420 6.804209624364403 1.037246461087341 0
4421 6.763212160290017 1.020170787547918 0
4422 6.801143976118958 0.9963715181583178 0
4423 6.725280344461074 1.043970056937518 0
4424 6.72221469621563 1.003095114008494 0
4425 6.798078327873514 0.9554965752292945 0
4426 6.769343456780906 1.101920673405964 0
4427 6.731411640951964 1.125719942795564 0
4428 6.72834599270652 1.084844999866541 0
4429 6.693479825123022 1.149519212185164 0
4430 6.687348528632134 1.067769326327117 0
4431 6.757080863799127 0.9384209016898711 0
4432 6.719149047970186 0.962220171079471 0
4433 6.716083399724741 0.9213452281504477 0
4434 6.681217232141243 0.9860194404690709 0
4435 6.675085935650355 0.9042695546110243 0
4436 6.655548009294081 1.173318481574764 0
4437 6.652482361048636 1.13244353864574 0
4438 6.61148489697425 1.115367865106317 0
4439 6.649416712803191 1.091568595716717 0
4440 6.573553081145308 1.139167134495917 0
4441 6.570487432899863 1.098292191566893 0
4442 6.646351064557747 1.050693652787694 0
4443 6.529489968825477 1.08121651802747 0
4444 6.567421784654419 1.05741724863787 0
4445 6.564356136408974 1.016542305708847 0
4446 6.60535360048336 1.03361797924827 0
4447 6.523358672334588 0.9994666321694236 0
4448 6.56129048816353 0.9756673627798238 0
4449 6.643285416312303 1.009818709858671 0
4450 6.491558152996536 1.10501578741707 0
4451 6.488492504751091 1.064140844488047 0
4452 6.447495040676705 1.047065170948623 0
4453 6.485426856505646 1.023265901559023 0
4454 6.409563224847763 1.070864440338223 0
4455 6.406497576602319 1.0299894974092 0
4456 6.482361208260202 0.98239095863 0
4457 6.640219768066857 0.9689437669296475 0
4458 6.599222303992471 0.9518680933902239 0
4459 6.637154119821413 0.9280688240006241 0
4460 6.558224839918085 0.9347924198508004 0
4461 6.634088471575969 0.8871938810716009 0
4462 6.617616193465139 1.197117750964363 0
4463 6.579684377636197 1.220917020353963 0
4464 6.576618729390753 1.18004207742494 0
4465 6.541752561807256 1.244716289743563 0
4466 6.535621265316367 1.162966403885517 0
4467 6.503820745978314 1.268515559133163 0
4468 6.50075509773287 1.22764061620414 0
4469 6.459757633658484 1.210564942664716 0
4470 6.497689449487425 1.186765673275116 0
4471 6.421825817829542 1.234364212054316 0
4472 6.418760169584098 1.193489269125293 0
4473 6.49462380124198 1.145890730346093 0
4474 6.465888930149372 1.292314828522763 0
4475 6.427957114320431 1.316114097912362 0
4476 6.424891466074986 1.275239154983339 0
4477 6.453626337167594 1.128815056806669 0
4478 6.415694521338652 1.152614326196269 0
4479 6.412628873093208 1.111739383267246 0
4480 6.593091007501583 0.8701182075321774 0
4481 6.555159191672641 0.8939174769217773 0
4482 6.552093543427197 0.853042533992754 0
4483 6.517227375843699 0.917716746311377 0
4484 6.511096079352811 0.8359668604533306 0
4485 6.479295560014758 0.9415160157009769 0
4486 6.476229911769313 0.9006410727719536 0
4487 6.435232447694927 0.8835653992325302 0
4488 6.473164263523868 0.8597661298429303 0
4489 6.397300631865985 0.9073646686221299 0
4490 6.394234983620541 0.8664897256931068 0
4491 6.470098615278424 0.8188911869139071 0
4492 6.441363744185816 0.9653152850905766 0
4493 6.403431928356874 0.9891145544801764 0
4494 6.40036628011143 0.9482396115511532 0
4495 6.429101151204037 0.8018155133744836 0
4496 6.391169335375096 0.8256147827640835 0
4497 6.388103687129651 0.7847398398350602 0
$EndNodes
$Elements
8992
1 1 2 2 1 1 7
2 1 2 2 1 7 8
3 1 2 2 1 8 9
4 1 2 2 1 9 10
5 1 2 2 1 10 11
6 1 2 2 1 11 12
7 1 2 2 1 12 13
8 1 2 2 1 13 14
9 1 2 2 1 14 15
10 1 2 2 1 15 16
11 1 2 2 1 16 17
12 1 2 2 1 17 18
13 1 2 2 1 18 19
14 1 2 2 1 19 20
15 1 2 2 1 20 21
16 1 2 2 1 21 2
17 1 2 2 2 2 22
18 1 2 2 2 22 23
19 1 2 2 2 23 24
20 1 2 2 2 24 25
21 1 2 2 2 25 26
22 1 2 2 2 26 27
23 1 2 2 2 27 28
24 1 2 2 2 28 29
25 1 2 2 2 29 30
26 1 2 2 2 30 31
27 1 2 2 2 31 32
28 1 2 2 2 32 33
29 1 2 2 2 33 34
30 1 2 2 2 34 35
31 1 2 2 2 35 36
32 1 2 2 2 36 3
33 1 2 2 3 3 37
34 1 2 2 3 37 38
35 1 2 2 3 38 39
36 1 2 2 3 39 40
37 1 2 2 3 40 41
38 1 2 2 3 41 42
39 1 2 2 3 42 43
40 1 2 2 3 43 44
41 1 2 2 3 44 45
42 1 2 2 3 45 46
43 1 2 2 3 46 47
44 1 2 2 3 47 48
45 1 2 2 3 48 49
46 1 2 2 3 49 50
47 1 2 2 3 50 51
48 1 2 2 3 51 52
49 1 2 2 3 52 53
50 1 2 2 3 53 54
51 1 2 2 3 54 55
52 1 2 2 3 55 56
53 1 2 2 3 56 57
54 1 2 2 3 57 58
55 1 2 2 3 58 59
56 1 2 2 3 59 60
57 1 2 2 3 60 61
58 1 2 2 3 61 62
59 1 2 2 3 62 63
60 1 2 2 3 63 64
61 1 2 2 3 64 65
62 1 2 2 3 65 66
63 1 2 2 3 66 67
64 1 2 2 3 67 68
65 1 2 2 3 68 69
66 1 2 2 3 69 70
67 1 2 2 3 70 71
68 1 2 2 3 71 72
69 1 2 2 3 72 73
70 1 2 2 3 73 74
71 1 2 2 3 74 75
72 1 2 2 3 75 76
73 1 2 2 3 76 77
74 1 2 2 3 77 78
75 1 2 2 3 78 79
76 1 2 2 3 79 80
77 1 2 2 3 80 81
78 1 2 2 3 81 82
79 1 2 2 3 82 83
80 1 2 2 3 83 84
81 1 2 2 3 84 85
82 1 2 2 3 85 86
83 1 2 2 3 86 87
84 1 2 2 3 87 88
85 1 2 2 3 88 89
86 1 2 2 3 89 90
87 1 2 2 3 90 91
88 1 2 2 3 91 92
89 1 2 2 3 92 93
90 1 2 2 3 93 94
91 1 2 2 3 94 95
92 1 2 2 3 95 96
93 1 2 2 3 96 97
94 1 2 2 3 97 98
95 1 2 2 3 98 99
96 1 2 2 3 99 100
97 1 2 2 3 100 101
98 1 2 2 3 101 102
99 1 2 2 3 102 103
100 1 2 2 3 103 104
101 1 2 2 3 104 105
102 1 2 2 3 105 106
103 1 2 2 3 106 107
104 1 2 2 3 107 108
105 1 2 2 3 108 109
106 1 2 2 3 109 110
107 1 2 2 3 110 111
108 1 2 2 3 111 112
109 1 2 2 3 112 113
110 1 2 2 3 113 114
111 1 2 2 3 114 115
112 1 2 2 3 115 116
113 1 2 2 3 116 117
114 1 2 2 3 117 118
115 1 2 2 3 118 119
116 1 2 2 3 119 120
117 1 2 2 3 120 121
118 1 2 2 3 121 122
119 1 2 2 3 122 123
120 1 2 2 3 123 124
121 1 2 2 3 124 125
122 1 2 2 3 125 126
123 1 2 2 3 126 127
124 1 2 2 3 127 128
125 1 2 2 3 128 129
126 1 2 2 3 129 130
127 1 2 2 3 130 131
128 1 2 2 3 131 4
129 1 2 3 4 4 132
130 1 2 3 4 132 133
131 1 2 3 4 133 134
132 1 2 3 4 134 135
133 1 2 3 4 135 136
134 1 2 3 4 136 137
135 1 2 3 4 137 138
136 1 2 3 4 138 139
137 1 2 3 4 139 140
138 1 2 3 4 140 141
139 1 2 3 4 141 142
140 1 2 3 4 142 143
141 1 2 3 4 143 144
142 1 2 3 4 144 145
143 1 2 3 4 145 146
144 1 2 3 4 146 147
145 1 2 3 4 147 148
146 1 2 3 4 148 149
147 1 2 3 4 149 150
148 1 2 3 4 150 151
149 1 2 3 4 151 152
150 1 2 3 4 152 153
151 1 2 3 4 153 154
152 1 2 3 4 154 155
153 1 2 3 4 155 156
154 1 2 3 4 156 157
155 1 2 3 4 157 158
156 1 2 3 4 158 159
157 1 2 3 4 159 160
158 1 2 3 4 160 161
159 1 2 3 4 161 162
160 1 2 3 4 162 5
161 1 2 4 5 5 163
162 1 2 4 5 163 164
163 1 2 4 5 164 165
164 1 2 4 5 165 166
165 1 2 4 5 166 167
166 1 2 4 5 167 168
167 1 2 4 5 168 169
168 1 2 4 5 169 170
169 1 2 4 5 170 171
170 1 2 4 5 171 172
171 1 2 4 5 172 173
172 1 2 4 5 173 174
173 1 2 4 5 174 175
174 1 2 4 5 175 176
175 1 2 4 5 176 177
176 1 2 4 5 177 178
177 1 2 4 5 178 179
178 1 2 4 5 179 180
179 1 2 4 5 180 181
180 1 2 4 5 181 182
181 1 2 4 5 182 183
182 1 2 4 5 183 184
183 1 2 4 5 184 185
184 1 2 4 5 185 186
185 1 2 4 5 186 187
186 1 2 4 5 187 188
187 1 2 4 5 188 189
188 1 2 4 5 189 190
189 1 2 4 5 190 191
190 1 2 4 5 191 192
191 1 2 4 5 192 193
192 1 2 4 5 193 194
193 1 2 4 5 194 195
194 1 2 4 5 195 196
195 1 2 4 5 196 197
196 1 2 4 5 197 198
197 1 2 4 5 198 199
198 1 2 4 5 199 200
199 1 2 4 5 200 201
200 1 2 4 5 201 202
201 1 2 4 5 202 203
202 1 2 4 5 203 204
203 1 2 4 5 204 205
204 1 2 4 5 205 206
205 1 2 4 5 206 207
206 1 2 4 5 207 208
207 1 2 4 5 208 209
208 1 2 4 5 209 210
209 1 2 4 5 210 211
210 1 2 4 5 211 212
211 1 2 4 5 212 213
212 1 2 4 5 213 214
213 1 2 4 5 214 215
214 1 2 4 5 215 216
215 1 2 4 5 216 217
216 1 2 4 5 217 218
217 1 2 4 5 218 219
218 1 2 4 5 219 220
219 1 2 4 5 220 221
220 1 2 4 5 221 222
221 1 2 4 5 222 223
222 1 2 4 5 223 224
223 1 2 4 5 224 225
224 1 2 4 5 225 226
225 1 2 4 5 226 227
226 1 2 4 5 227 228
227 1 2 4 5 228 229
228 1 2 4 5 229 230
229 1 2 4 5 230 231
230 1 2 4 5 231 232
231 1 2 4 5 232 233
232 1 2 4 5 233 234
233 1 2 4 5 234 235
234 1 2 4 5 235 236
235 1 2 4 5 236 237
236 1 2 4 5 237 238
237 1 2 4 5 238 239
238 1 2 4 5 239 240
239 1 2 4 5 240 241
240 1 2 4 5 241 242
241 1 2 4 5 242 243
242 1 2 4 5 243 244
243 1 2 4 5 244 245
244 1 2 4 5 245 246
245 1 2 4 5 246 247
246 1 2 4 5 247 248
247 1 2 4 5 248 249
248 1 2 4 5 249 250
249 1 2 4 5 250 251
250 1 2 4 5 251 252
251 1 2 4 5 252 253
252 1 2 4 5 253 254
253 1 2 4 5 254 255
254 1 2 4 5 255 256
255 1 2 4 5 256 257
256 1 2 4 5 257 258
257 1 2 4 5 258 259
258 1 2 4 5 259 260
259 1 2 4 5 260 261
260 1 2 4 5 261 262
261 1 2 4 5 262 263
262 1 2 4 5 263 264
263 1 2 4 5 264 265
264 1 2 4 5 265 266
265 1 2 4 5 266 267
266 1 2 4 5 267 268
267 1 2 4 5 268 269
268 1 2 4 5 269 270
269 1 2 4 5 270 271
270 1 2 4 5 271 272
271 1 2 4 5 272 273
272 1 2 4 5 273 6
273 1 2 1 6 6 274
274 1 2 1 6 274 275
275 1 2 1 6 275 276
276 1 2 1 6 276 277
277 1 2 1 6 277 278
278 1 2 1 6 278 279
279 1 2 1 6 279 280
280 1 2 1 6 280 281
281 1 2 1 6 281 282
282 1 2 1 6 282 283
283 1 2 1 6 283 284
284 1 2 1 6 284 285
285 1 2 1 6 285 286
286 1 2 1 6 286 287
287 1 2 1 6 287 288
288 1 2 1 6 288 1
289 2 2 5 1 242 1306 241
290 2 2 5 1 1306 1307 241
291 2 2 5 1 1306 526 1307
292 2 2 5 1 241 1307 240
293 2 2 5 1 526 1308 1307
294 2 2 5 1 1308 1309 1307
295 2 2 5 1 1308 527 1309
296 2 2 5 1 1307 1309 240
297 2 2 5 1 526 1310 1308
298 2 2 5 1 1310 1311 1308
299 2 2 5 1 1310 340 1311
300 2 2 5 1 1308 1311 527
301 2 2 5 1 240 1309 239
302 2 2 5 1 1309 1312 239
303 2 2 5 1 1309 527 1312
304 2 2 5 1 239 1312 238
305 2 2 5 1 340 1313 1311
306 2 2 5 1 1313 1314 1311
307 2 2 5 1 1313 528 1314
308 2 2 5 1 1311 1314 527
309 2 2 5 1 528 1315 1314
310 2 2 5 1 1315 1316 1314
311 2 2 5 1 1315 529 1316
312 2 2 5 1 1314 1316 527
313 2 2 5 1 528 1317 1315
314 2 2 5 1 1317 1318 1315
315 2 2 5 1 1317 341 1318
316 2 2 5 1 1315 1318 529
317 2 2 5 1 527 1316 1312
318 2 2 5 1 1316 1319 1312
319 2 2 5 1 1316 529 1319
320 2 2 5 1 1312 1319 238
321 2 2 5 1 340 1320 1313
322 2 2 5 1 1320 1321 1313
323 2 2 5 1 1320 530 1321
324 2 2 5 1 1313 1321 528
325 2 2 5 1 530 1322 1321
326 2 2 5 1 1322 1323 1321
327 2 2 5 1 1322 531 1323
328 2 2 5 1 1321 1323 528
329 2 2 5 1 530 1324 1322
330 2 2 5 1 1324 1325 1322
331 2 2 5 1 1324 298 1325
332 2 2 5 1 1322 1325 531
333 2 2 5 1 528 1323 1317
334 2 2 5 1 1323 1326 1317
335 2 2 5 1 1323 531 1326
336 2 2 5 1 1317 1326 341
337 2 2 5 1 238 1319 237
338 2 2 5 1 1319 1327 237
339 2 2 5 1 1319 529 1327
340 2 2 5 1 237 1327 236
341 2 2 5 1 529 1328 1327
342 2 2 5 1 1328 1329 1327
343 2 2 5 1 1328 532 1329
344 2 2 5 1 1327 1329 236
345 2 2 5 1 529 1318 1328
346 2 2 5 1 1318 1330 1328
347 2 2 5 1 1318 341 1330
348 2 2 5 1 1328 1330 532
349 2 2 5 1 236 1329 235
350 2 2 5 1 1329 1331 235
351 2 2 5 1 1329 532 1331
352 2 2 5 1 235 1331 234
353 2 2 5 1 298 1332 1325
354 2 2 5 1 1332 1333 1325
355 2 2 5 1 1332 533 1333
356 2 2 5 1 1325 1333 531
357 2 2 5 1 533 1334 1333
358 2 2 5 1 1334 1335 1333
359 2 2 5 1 1334 534 1335
360 2 2 5 1 1333 1335 531
361 2 2 5 1 533 1336 1334
362 2 2 5 1 1336 1337 1334
363 2 2 5 1 1336 342 1337
364 2 2 5 1 1334 1337 534
365 2 2 5 1 531 1335 1326
366 2 2 5 1 1335 1338 1326
367 2 2 5 1 1335 534 1338
368 2 2 5 1 1326 1338 341
369 2 2 5 1 342 1339 1337
370 2 2 5 1 1339 1340 1337
371 2 2 5 1 1339 535 1340
372 2 2 5 1 1337 1340 534
373 2 2 5 1 535 1341 1340
374 2 2 5 1 1341 1342 1340
375 2 2 5 1 1341 536 1342
376 2 2 5 1 1340 1342 534
377 2 2 5 1 535 1343 1341
378 2 2 5 1 1343 1344 1341
379 2 2 5 1 1343 343 1344
380 2 2 5 1 1341 1344 536
381 2 2 5 1 534 1342 1338
382 2 2 5 1 1342 1345 1338
383 2 2 5 1 1342 536 1345
384 2 2 5 1 1338 1345 341
385 2 2 5 1 342 1346 1339
386 2 2 5 1 1346 1347 1339
387 2 2 5 1 1346 537 1347
388 2 2 5 1 1339 1347 535
389 2 2 5 1 537 1348 1347
390 2 2 5 1 1348 1349 1347
391 2 2 5 1 1348 538 1349
392 2 2 5 1 1347 1349 535
393 2 2 5 1 537 1350 1348
394 2 2 5 1 1350 1351 1348
395 2 2 5 1 1350 299 1351
396 2 2 5 1 1348 1351 538
397 2 2 5 1 535 1349 1343
398 2 2 5 1 1349 1352 1343
399 2 2 5 1 1349 538 1352
400 2 2 5 1 1343 1352 343
401 2 2 5 1 341 1345 1330
402 2 2 5 1 1345 1353 1330
403 2 2 5 1 1345 536 1353
404 2 2 5 1 1330 1353 532
405 2 2 5 1 536 1354 1353
406 2 2 5 1 1354 1355 1353
407 2 2 5 1 1354 539 1355
408 2 2 5 1 1353 1355 532
409 2 2 5 1 536 1344 1354
410 2 2 5 1 1344 1356 1354
411 2 2 5 1 1344 343 1356
412 2 2 5 1 1354 1356 539
413 2 2 5 1 532 1355 1331
414 2 2 5 1 1355 1357 1331
415 2 2 5 1 1355 539 1357
416 2 2 5 1 1331 1357 234
417 2 2 5 1 298 1358 1332
418 2 2 5 1 1358 1359 1332
419 2 2 5 1 1358 540 1359
420 2 2 5 1 1332 1359 533
421 2 2 5 1 540 1360 1359
422 2 2 5 1 1360 1361 1359
423 2 2 5 1 1360 541 1361
424 2 2 5 1 1359 1361 533
425 2 2 5 1 540 1362 1360
426 2 2 5 1 1362 1363 1360
427 2 2 5 1 1362 344 1363
428 2 2 5 1 1360 1363 541
429 2 2 5 1 533 1361 1336
430 2 2 5 1 1361 1364 1336
431 2 2 5 1 1361 541 1364
432 2 2 5 1 1336 1364 342
433 2 2 5 1 344 1365 1363
434 2 2 5 1 1365 1366 1363
435 2 2 5 1 1365 542 1366
436 2 2 5 1 1363 1366 541
437 2 2 5 1 542 1367 1366
438 2 2 5 1 1367 1368 1366
439 2 2 5 1 1367 543 1368
440 2 2 5 1 1366 1368 541
441 2 2 5 1 542 1369 1367
442 2 2 5 1 1369 1370 1367
443 2 2 5 1 1369 345 1370
444 2 2 5 1 1367 1370 543
445 2 2 5 1 541 1368 1364
446 2 2 5 1 1368 1371 1364
447 2 2 5 1 1368 543 1371
448 2 2 5 1 1364 1371 342
449 2 2 5 1 344 1372 1365
450 2 2 5 1 1372 1373 1365
451 2 2 5 1 1372 544 1373
452 2 2 5 1 1365 1373 542
453 2 2 5 1 544 1374 1373
454 2 2 5 1 1374 1375 1373
455 2 2 5 1 1374 545 1375
456 2 2 5 1 1373 1375 542
457 2 2 5 1 544 1376 1374
458 2 2 5 1 1376 1377 1374
459 2 2 5 1 1376 289 1377
460 2 2 5 1 1374 1377 545
461 2 2 5 1 542 1375 1369
462 2 2 5 1 1375 1378 1369
463 2 2 5 1 1375 545 1378
464 2 2 5 1 1369 1378 345
465 2 2 5 1 342 1371 1346
466 2 2 5 1 1371 1379 1346
467 2 2 5 1 1371 543 1379
468 2 2 5 1 1346 1379 537
469 2 2 5 1 543 1380 1379
470 2 2 5 1 1380 1381 1379
471 2 2 5 1 1380 546 1381
472 2 2 5 1 1379 1381 537
473 2 2 5 1 543 1370 1380
474 2 2 5 1 1370 1382 1380
475 2 2 5 1 1370 345 1382
476 2 2 5 1 1380 1382 546
477 2 2 5 1 537 1381 1350
478 2 2 5 1 1381 1383 1350
479 2 2 5 1 1381 546 1383
480 2 2 5 1 1350 1383 299
481 2 2 5 1 234 1357 233
482 2 2 5 1 1357 1384 233
483 2 2 5 1 1357 539 1384
484 2 2 5 1 233 1384 232
485 2 2 5 1 539 1385 1384
486 2 2 5 1 1385 1386 1384
487 2 2 5 1 1385 547 1386
488 2 2 5 1 1384 1386 232
489 2 2 5 1 539 1356 1385
490 2 2 5 1 1356 1387 1385
491 2 2 5 1 1356 343 1387
492 2 2 5 1 1385 1387 547
493 2 2 5 1 232 1386 231
494 2 2 5 1 1386 1388 231
495 2 2 5 1 1386 547 1388
496 2 2 5 1 231 1388 230
497 2 2 5 1 343 1389 1387
498 2 2 5 1 1389 1390 1387
499 2 2 5 1 1389 548 1390
500 2 2 5 1 1387 1390 547
501 2 2 5 1 548 1391 1390
502 2 2 5 1 1391 1392 1390
503 2 2 5 1 1391 549 1392
504 2 2 5 1 1390 1392 547
505 2 2 5 1 548 1393 1391
506 2 2 5 1 1393 1394 1391
507 2 2 5 1 1393 346 1394
508 2 2 5 1 1391 1394 549
509 2 2 5 1 547 1392 1388
510 2 2 5 1 1392 1395 1388
511 2 2 5 1 1392 549 1395
512 2 2 5 1 1388 1395 230
513 2 2 5 1 343 1352 1389
514 2 2 5 1 1352 1396 1389
515 2 2 5 1 1352 538 1396
516 2 2 5 1 1389 1396 548
517 2 2 5 1 538 1397 1396
518 2 2 5 1 1397 1398 1396
519 2 2 5 1 1397 550 1398
520 2 2 5 1 1396 1398 548
521 2 2 5 1 538 1351 1397
522 2 2 5 1 1351 1399 1397
523 2 2 5 1 1351 299 1399
524 2 2 5 1 1397 1399 550
525 2 2 5 1 548 1398 1393
526 2 2 5 1 1398 1400 1393
527 2 2 5 1 1398 550 1400
528 2 2 5 1 1393 1400 346
529 2 2 5 1 230 1395 229
530 2 2 5 1 1395 1401 229
531 2 2 5 1 1395 549 1401
532 2 2 5 1 229 1401 228
533 2 2 5 1 549 1402 1401
534 2 2 5 1 1402 1403 1401
535 2 2 5 1 1402 551 1403
536 2 2 5 1 1401 1403 228
537 2 2 5 1 549 1394 1402
538 2 2 5 1 1394 1404 1402
539 2 2 5 1 1394 346 1404
540 2 2 5 1 1402 1404 551
541 2 2 5 1 228 1403 227
542 2 2 5 1 1403 1405 227
543 2 2 5 1 1403 551 1405
544 2 2 5 1 227 1405 226
545 2 2 5 1 210 1406 209
546 2 2 5 1 1406 1407 209
547 2 2 5 1 1406 552 1407
548 2 2 5 1 209 1407 208
549 2 2 5 1 552 1408 1407
550 2 2 5 1 1408 1409 1407
551 2 2 5 1 1408 553 1409
552 2 2 5 1 1407 1409 208
553 2 2 5 1 552 1410 1408
554 2 2 5 1 1410 1411 1408
555 2 2 5 1 1410 347 1411
556 2 2 5 1 1408 1411 553
557 2 2 5 1 208 1409 207
558 2 2 5 1 1409 1412 207
559 2 2 5 1 1409 553 1412
560 2 2 5 1 207 1412 206
561 2 2 5 1 347 1413 1411
562 2 2 5 1 1413 1414 1411
563 2 2 5 1 1413 554 1414
564 2 2 5 1 1411 1414 553
565 2 2 5 1 554 1415 1414
566 2 2 5 1 1415 1416 1414
567 2 2 5 1 1415 555 1416
568 2 2 5 1 1414 1416 553
569 2 2 5 1 554 1417 1415
570 2 2 5 1 1417 1418 1415
571 2 2 5 1 1417 348 1418
572 2 2 5 1 1415 1418 555
573 2 2 5 1 553 1416 1412
574 2 2 5 1 1416 1419 1412
575 2 2 5 1 1416 555 1419
576 2 2 5 1 1412 1419 206
577 2 2 5 1 347 1420 1413
578 2 2 5 1 1420 1421 1413
579 2 2 5 1 1420 556 1421
580 2 2 5 1 1413 1421 554
581 2 2 5 1 556 1422 1421
582 2 2 5 1 1422 1423 1421
583 2 2 5 1 1422 557 1423
584 2 2 5 1 1421 1423 554
585 2 2 5 1 556 1424 1422
586 2 2 5 1 1424 1425 1422
587 2 2 5 1 1424 300 1425
588 2 2 5 1 1422 1425 557
589 2 2 5 1 554 1423 1417
590 2 2 5 1 1423 1426 1417
591 2 2 5 1 1423 557 1426
592 2 2 5 1 1417 1426 348
593 2 2 5 1 206 1419 205
594 2 2 5 1 1419 1427 205
595 2 2 5 1 1419 555 1427
596 2 2 5 1 205 1427 204
597 2 2 5 1 555 1428 1427
598 2 2 5 1 1428 1429 1427
599 2 2 5 1 1428 558 1429
600 2 2 5 1 1427 1429 204
601 2 2 5 1 555 1418 1428
602 2 2 5 1 1418 1430 1428
603 2 2 5 1 1418 348 1430
604 2 2 5 1 1428 1430 558
605 2 2 5 1 204 1429 203
606 2 2 5 1 1429 1431 203
607 2 2 5 1 1429 558 1431
608 2 2 5 1 203 1431 202
609 2 2 5 1 300 1432 1425
610 2 2 5 1 1432 1433 1425
611 2 2 5 1 1432 559 1433
612 2 2 5 1 1425 1433 557
613 2 2 5 1 559 1434 1433
614 2 2 5 1 1434 1435 1433
615 2 2 5 1 1434 560 1435
616 2 2 5 1 1433 1435 557
617 2 2 5 1 559 1436 1434
618 2 2 5 1 1436 1437 1434
619 2 2 5 1 1436 349 1437
620 2 2 5 1 1434 1437 560
621 2 2 5 1 557 1435 1426
622 2 2 5 1 1435 1438 1426
623 2 2 5 1 1435 560 1438
624 2 2 5 1 1426 1438 348
625 2 2 5 1 349 1439 1437
626 2 2 5 1 1439 1440 1437
627 2 2 5 1 1439 561 1440
628 2 2 5 1 1437 1440 560
629 2 2 5 1 561 1441 1440
630 2 2 5 1 1441 1442 1440
631 2 2 5 1 1441 562 1442
632 2 2 5 1 1440 1442 560
633 2 2 5 1 561 1443 1441
634 2 2 5 1 1443 1444 1441
635 2 2 5 1 1443 350 1444
636 2 2 5 1 1441 1444 562
637 2 2 5 1 560 1442 1438
638 2 2 5 1 1442 1445 1438
639 2 2 5 1 1442 562 1445
640 2 2 5 1 1438 1445 348
641 2 2 5 1 349 1446 1439
642 2 2 5 1 1446 1447 1439
643 2 2 5 1 1446 563 1447
644 2 2 5 1 1439 1447 561
645 2 2 5 1 563 1448 1447
646 2 2 5 1 1448 1449 1447
647 2 2 5 1 1448 564 1449
648 2 2 5 1 1447 1449 561
649 2 2 5 1 563 1450 1448
650 2 2 5 1 1450 1451 1448
651 2 2 5 1 1450 301 1451
652 2 2 5 1 1448 1451 564
653 2 2 5 1 561 1449 1443
654 2 2 5 1 1449 1452 1443
655 2 2 5 1 1449 564 1452
656 2 2 5 1 1443 1452 350
657 2 2 5 1 348 1445 1430
658 2 2 5 1 1445 1453 1430
659 2 2 5 1 1445 562 1453
660 2 2 5 1 1430 1453 558
661 2 2 5 1 562 1454 1453
662 2 2 5 1 1454 1455 1453
663 2 2 5 1 1454 565 1455
664 2 2 5 1 1453 1455 558
665 2 2 5 1 562 1444 1454
666 2 2 5 1 1444 1456 1454
667 2 2 5 1 1444 350 1456
668 2 2 5 1 1454 1456 565
669 2 2 5 1 558 1455 1431
670 2 2 5 1 1455 1457 1431
671 2 2 5 1 1455 565 1457
672 2 2 5 1 1431 1457 202
673 2 2 5 1 300 1458 1432
674 2 2 5 1 1458 1459 1432
675 2 2 5 1 1458 566 1459
676 2 2 5 1 1432 1459 559
677 2 2 5 1 566 1460 1459
678 2 2 5 1 1460 1461 1459
679 2 2 5 1 1460 567 1461
680 2 2 5 1 1459 1461 559
681 2 2 5 1 566 1462 1460
682 2 2 5 1 1462 1463 1460
683 2 2 5 1 1462 351 1463
684 2 2 5 1 1460 1463 567
685 2 2 5 1 559 1461 1436
686 2 2 5 1 1461 1464 1436
687 2 2 5 1 1461 567 1464
688 2 2 5 1 1436 1464 349
689 2 2 5 1 351 1465 1463
690 2 2 5 1 1465 1466 1463
691 2 2 5 1 1465 568 1466
692 2 2 5 1 1463 1466 567
693 2 2 5 1 568 1467 1466
694 2 2 5 1 1467 1468 1466
695 2 2 5 1 1467 569 1468
696 2 2 5 1 1466 1468 567
697 2 2 5 1 568 1469 1467
698 2 2 5 1 1469 1470 1467
699 2 2 5 1 1469 352 1470
700 2 2 5 1 1467 1470 569
701 2 2 5 1 567 1468 1464
702 2 2 5 1 1468 1471 1464
703 2 2 5 1 1468 569 1471
704 2 2 5 1 1464 1471 349
705 2 2 5 1 351 1472 1465
706 2 2 5 1 1472 1473 1465
707 2 2 5 1 1472 570 1473
708 2 2 5 1 1465 1473 568
709 2 2 5 1 570 1474 1473
710 2 2 5 1 1474 1475 1473
711 2 2 5 1 1474 571 1475
712 2 2 5 1 1473 1475 568
713 2 2 5 1 570 1476 1474
714 2 2 5 1 1476 1477 1474
715 2 2 5 1 1476 290 1477
716 2 2 5 1 1474 1477 571
717 2 2 5 1 568 1475 1469
718 2 2 5 1 1475 1478 1469
719 2 2 5 1 1475 571 1478
720 2 2 5 1 1469 1478 352
721 2 2 5 1 349 1471 1446
722 2 2 5 1 1471 1479 1446
723 2 2 5 1 1471 569 1479
724 2 2 5 1 1446 1479 563
725 2 2 5 1 569 1480 1479
726 2 2 5 1 1480 1481 1479
727 2 2 5 1 1480 572 1481
728 2 2 5 1 1479 1481 563
729 2 2 5 1 569 1470 1480
730 2 2 5 1 1470 1482 1480
731 2 2 5 1 1470 352 1482
732 2 2 5 1 1480 1482 572
733 2 2 5 1 563 1481 1450
734 2 2 5 1 1481 1483 1450
735 2 2 5 1 1481 572 1483
736 2 2 5 1 1450 1483 301
737 2 2 5 1 202 1457 201
738 2 2 5 1 1457 1484 201
739 2 2 5 1 1457 565 1484
740 2 2 5 1 201 1484 200
741 2 2 5 1 565 1485 1484
742 2 2 5 1 1485 1486 1484
743 2 2 5 1 1485 573 1486
744 2 2 5 1 1484 1486 200
745 2 2 5 1 565 1456 1485
746 2 2 5 1 1456 1487 1485
747 2 2 5 1 1456 350 1487
748 2 2 5 1 1485 1487 573
749 2 2 5 1 200 1486 199
750 2 2 5 1 1486 1488 199
751 2 2 5 1 1486 573 1488
752 2 2 5 1 199 1488 198
753 2 2 5 1 350 1489 1487
754 2 2 5 1 1489 1490 1487
755 2 2 5 1 1489 574 1490
756 2 2 5 1 1487 1490 573
757 2 2 5 1 574 1491 1490
758 2 2 5 1 1491 1492 1490
759 2 2 5 1 1491 575 1492
760 2 2 5 1 1490 1492 573
761 2 2 5 1 574 1493 1491
762 2 2 5 1 1493 1494 1491
763 2 2 5 1 1493 353 1494
764 2 2 5 1 1491 1494 575
765 2 2 5 1 573 1492 1488
766 2 2 5 1 1492 1495 1488
767 2 2 5 1 1492 575 1495
768 2 2 5 1 1488 1495 198
769 2 2 5 1 350 1452 1489
770 2 2 5 1 1452 1496 1489
771 2 2 5 1 1452 564 1496
772 2 2 5 1 1489 1496 574
773 2 2 5 1 564 1497 1496
774 2 2 5 1 1497 1498 1496
775 2 2 5 1 1497 576 1498
776 2 2 5 1 1496 1498 574
777 2 2 5 1 564 1451 1497
778 2 2 5 1 1451 1499 1497
779 2 2 5 1 1451 301 1499
780 2 2 5 1 1497 1499 576
781 2 2 5 1 574 1498 1493
782 2 2 5 1 1498 1500 1493
783 2 2 5 1 1498 576 1500
784 2 2 5 1 1493 1500 353
785 2 2 5 1 198 1495 197
786 2 2 5 1 1495 1501 197
787 2 2 5 1 1495 575 1501
788 2 2 5 1 197 1501 196
789 2 2 5 1 575 1502 1501
790 2 2 5 1 1502 1503 1501
791 2 2 5 1 1502 577 1503
792 2 2 5 1 1501 1503 196
793 2 2 5 1 575 1494 1502
794 2 2 5 1 1494 1504 1502
795 2 2 5 1 1494 353 1504
796 2 2 5 1 1502 1504 577
797 2 2 5 1 196 1503 195
798 2 2 5 1 1503 1505 195
799 2 2 5 1 1503 577 1505
800 2 2 5 1 195 1505 194
801 2 2 5 1 84 1506 83
802 2 2 5 1 1506 1507 83
803 2 2 5 1 1506 578 1507
804 2 2 5 1 83 1507 82
805 2 2 5 1 578 1508 1507
806 2 2 5 1 1508 1509 1507
807 2 2 5 1 1508 579 1509
808 2 2 5 1 1507 1509 82
809 2 2 5 1 578 1510 1508
810 2 2 5 1 1510 1511 1508
811 2 2 5 1 1510 354 1511
812 2 2 5 1 1508 1511 579
813 2 2 5 1 82 1509 81
814 2 2 5 1 1509 1512 81
815 2 2 5 1 1509 579 1512
816 2 2 5 1 81 1512 80
817 2 2 5 1 354 1513 1511
818 2 2 5 1 1513 1514 1511
819 2 2 5 1 1513 580 1514
820 2 2 5 1 1511 1514 579
821 2 2 5 1 580 1515 1514
822 2 2 5 1 1515 1516 1514
823 2 2 5 1 1515 581 1516
824 2 2 5 1 1514 1516 579
825 2 2 5 1 580 1517 1515
826 2 2 5 1 1517 1518 1515
827 2 2 5 1 1517 355 1518
828 2 2 5 1 1515 1518 581
829 2 2 5 1 579 1516 1512
830 2 2 5 1 1516 1519 1512
831 2 2 5 1 1516 581 1519
832 2 2 5 1 1512 1519 80
833 2 2 5 1 354 1520 1513
834 2 2 5 1 1520 1521 1513
835 2 2 5 1 1520 582 1521
836 2 2 5 1 1513 1521 580
837 2 2 5 1 582 1522 1521
838 2 2 5 1 1522 1523 1521
839 2 2 5 1 1522 583 1523
840 2 2 5 1 1521 1523 580
841 2 2 5 1 582 1524 1522
842 2 2 5 1 1524 1525 1522
843 2 2 5 1 1524 302 1525
844 2 2 5 1 1522 1525 583
845 2 2 5 1 580 1523 1517
846 2 2 5 1 1523 1526 1517
847 2 2 5 1 1523 583 1526
848 2 2 5 1 1517 1526 355
849 2 2 5 1 80 1519 79
850 2 2 5 1 1519 1527 79
851 2 2 5 1 1519 581 1527
852 2 2 5 1 79 1527 78
853 2 2 5 1 581 1528 1527
854 2 2 5 1 1528 1529 1527
855 2 2 5 1 1528 584 1529
856 2 2 5 1 1527 1529 78
857 2 2 5 1 581 1518 1528
858 2 2 5 1 1518 1530 1528
859 2 2 5 1 1518 355 1530
860 2 2 5 1 1528 1530 584
861 2 2 5 1 78 1529 77
862 2 2 5 1 1529 1531 77
863 2 2 5 1 1529 584 1531
864 2 2 5 1 77 1531 76
865 2 2 5 1 302 1532 1525
866 2 2 5 1 1532 1533 1525
867 2 2 5 1 1532 585 1533
868 2 2 5 1 1525 1533 583
869 2 2 5 1 585 1534 1533
870 2 2 5 1 1534 1535 1533
871 2 2 5 1 1534 586 1535
872 2 2 5 1 1533 1535 583
873 2 2 5 1 585 1536 1534
874 2 2 5 1 1536 1537 1534
875 2 2 5 1 1536 356 1537
876 2 2 5 1 1534 1537 586
877 2 2 5 1 583 1535 1526
878 2 2 5 1 1535 1538 1526
879 2 2 5 1 1535 586 1538
880 2 2 5 1 1526 1538 355
881 2 2 5 1 356 1539 1537
882 2 2 5 1 1539 1540 1537
883 2 2 5 1 1539 587 1540
884 2 2 5 1 1537 1540 586
885 2 2 5 1 587 1541 1540
886 2 2 5 1 1541 1542 1540
887 2 2 5 1 1541 588 1542
888 2 2 5 1 1540 1542 586
889 2 2 5 1 587 1543 1541
890 2 2 5 1 1543 1544 1541
891 2 2 5 1 1543 357 1544
892 2 2 5 1 1541 1544 588
893 2 2 5 1 586 1542 1538
894 2 2 5 1 1542 1545 1538
895 2 2 5 1 1542 588 1545
896 2 2 5 1 1538 1545 355
897 2 2 5 1 356 1546 1539
898 2 2 5 1 1546 1547 1539
899 2 2 5 1 1546 589 1547
900 2 2 5 1 1539 1547 587
901 2 2 5 1 589 1548 1547
902 2 2 5 1 1548 1549 1547
903 2 2 5 1 1548 590 1549
904 2 2 5 1 1547 1549 587
905 2 2 5 1 589 1550 1548
906 2 2 5 1 1550 1551 1548
907 2 2 5 1 1550 303 1551
908 2 2 5 1 1548 1551 590
909 2 2 5 1 587 1549 1543
910 2 2 5 1 1549 1552 1543
911 2 2 5 1 1549 590 1552
912 2 2 5 1 1543 1552 357
913 2 2 5 1 355 1545 1530
914 2 2 5 1 1545 1553 1530
915 2 2 5 1 1545 588 1553
916 2 2 5 1 1530 1553 584
917 2 2 5 1 588 1554 1553
918 2 2 5 1 1554 1555 1553
919 2 2 5 1 1554 591 1555
920 2 2 5 1 1553 1555 584
921 2 2 5 1 588 1544 1554
922 2 2 5 1 1544 1556 1554
923 2 2 5 1 1544 357 1556
924 2 2 5 1 1554 1556 591
925 2 2 5 1 584 1555 1531
926 2 2 5 1 1555 1557 1531
927 2 2 5 1 1555 591 1557
928 2 2 5 1 1531 1557 76
929 2 2 5 1 302 1558 1532
930 2 2 5 1 1558 1559 1532
931 2 2 5 1 1558 592 1559
932 2 2 5 1 1532 1559 585
933 2 2 5 1 592 1560 1559
934 2 2 5 1 1560 1561 1559
935 2 2 5 1 1560 593 1561
936 2 2 5 1 1559 1561 585
937 2 2 5 1 592 1562 1560
938 2 2 5 1 1562 1563 1560
939 2 2 5 1 1562 358 1563
940 2 2 5 1 1560 1563 593
941 2 2 5 1 585 1561 1536
942 2 2 5 1 1561 1564 1536
943 2 2 5 1 1561 593 1564
944 2 2 5 1 1536 1564 356
945 2 2 5 1 358 1565 1563
946 2 2 5 1 1565 1566 1563
947 2 2 5 1 1565 594 1566
948 2 2 5 1 1563 1566 593
949 2 2 5 1 594 1567 1566
950 2 2 5 1 1567 1568 1566
951 2 2 5 1 1567 595 1568
952 2 2 5 1 1566 1568 593
953 2 2 5 1 594 1569 1567
954 2 2 5 1 1569 1570 1567
955 2 2 5 1 1569 359 1570
956 2 2 5 1 1567 1570 595
957 2 2 5 1 593 1568 1564
958 2 2 5 1 1568 1571 1564
959 2 2 5 1 1568 595 1571
960 2 2 5 1 1564 1571 356
961 2 2 5 1 358 1572 1565
962 2 2 5 1 1572 1573 1565
963 2 2 5 1 1572 596 1573
964 2 2 5 1 1565 1573 594
965 2 2 5 1 596 1574 1573
966 2 2 5 1 1574 1575 1573
967 2 2 5 1 1574 597 1575
968 2 2 5 1 1573 1575 594
969 2 2 5 1 596 1576 1574
970 2 2 5 1 1576 1577 1574
971 2 2 5 1 1576 292 1577
972 2 2 5 1 1574 1577 597
973 2 2 5 1 594 1575 1569
974 2 2 5 1 1575 1578 1569
975 2 2 5 1 1575 597 1578
976 2 2 5 1 1569 1578 359
977 2 2 5 1 356 1571 1546
978 2 2 5 1 1571 1579 1546
979 2 2 5 1 1571 595 1579
980 2 2 5 1 1546 1579 589
981 2 2 5 1 595 1580 1579
982 2 2 5 1 1580 1581 1579
983 2 2 5 1 1580 598 1581
984 2 2 5 1 1579 1581 589
985 2 2 5 1 595 1570 1580
986 2 2 5 1 1570 1582 1580
987 2 2 5 1 1570 359 1582
988 2 2 5 1 1580 1582 598
989 2 2 5 1 589 1581 1550
990 2 2 5 1 1581 1583 1550
991 2 2 5 1 1581 598 1583
992 2 2 5 1 1550 1583 303
993 2 2 5 1 76 1557 75
994 2 2 5 1 1557 1584 75
995 2 2 5 1 1557 591 1584
996 2 2 5 1 75 1584 74
997 2 2 5 1 591 1585 1584
998 2 2 5 1 1585 1586 1584
999 2 2 5 1 1585 599 1586
1000 2 2 5 1 1584 1586 74
1001 2 2 5 1 591 1556 1585
1002 2 2 5 1 1556 1587 1585
1003 2 2 5 1 1556 357 1587
1004 2 2 5 1 1585 1587 599
1005 2 2 5 1 74 1586 73
1006 2 2 5 1 1586 1588 73
1007 2 2 5 1 1586 599 1588
1008 2 2 5 1 73 1588 72
1009 2 2 5 1 357 1589 1587
1010 2 2 5 1 1589 1590 1587
1011 2 2 5 1 1589 600 1590
1012 2 2 5 1 1587 1590 599
1013 2 2 5 1 600 1591 1590
1014 2 2 5 1 1591 1592 1590
1015 2 2 5 1 1591 601 1592
1016 2 2 5 1 1590 1592 599
1017 2 2 5 1 600 1593 1591
1018 2 2 5 1 1593 1594 1591
1019 2 2 5 1 1593 360 1594
1020 2 2 5 1 1591 1594 601
1021 2 2 5 1 599 1592 1588
1022 2 2 5 1 1592 1595 1588
1023 2 2 5 1 1592 601 1595
1024 2 2 5 1 1588 1595 72
1025 2 2 5 1 357 1552 1589
1026 2 2 5 1 1552 1596 1589
1027 2 2 5 1 1552 590 1596
1028 2 2 5 1 1589 1596 600
1029 2 2 5 1 590 1597 1596
1030 2 2 5 1 1597 1598 1596
1031 2 2 5 1 1597 602 1598
1032 2 2 5 1 1596 1598 600
1033 2 2 5 1 590 1551 1597
1034 2 2 5 1 1551 1599 1597
1035 2 2 5 1 1551 303 1599
1036 2 2 5 1 1597 1599 602
1037 2 2 5 1 600 1598 1593
1038 2 2 5 1 1598 1600 1593
1039 2 2 5 1 1598 602 1600
1040 2 2 5 1 1593 1600 360
1041 2 2 5 1 72 1595 71
1042 2 2 5 1 1595 1601 71
1043 2 2 5 1 1595 601 1601
1044 2 2 5 1 71 1601 70
1045 2 2 5 1 601 1602 1601
1046 2 2 5 1 1602 1603 1601
1047 2 2 5 1 1602 603 1603
1048 2 2 5 1 1601 1603 70
1049 2 2 5 1 601 1594 1602
1050 2 2 5 1 1594 1604 1602
1051 2 2 5 1 1594 360 1604
1052 2 2 5 1 1602 1604 603
1053 2 2 5 1 70 1603 69
1054 2 2 5 1 1603 1605 69
1055 2 2 5 1 1603 603 1605
1056 2 2 5 1 69 1605 68
1057 2 2 5 1 116 1606 115
1058 2 2 5 1 1606 1607 115
1059 2 2 5 1 1606 604 1607
1060 2 2 5 1 115 1607 114
1061 2 2 5 1 604 1608 1607
1062 2 2 5 1 1608 1609 1607
1063 2 2 5 1 1608 605 1609
1064 2 2 5 1 1607 1609 114
1065 2 2 5 1 604 1610 1608
1066 2 2 5 1 1610 1611 1608
1067 2 2 5 1 1610 361 1611
1068 2 2 5 1 1608 1611 605
1069 2 2 5 1 114 1609 113
1070 2 2 5 1 1609 1612 113
1071 2 2 5 1 1609 605 1612
1072 2 2 5 1 113 1612 112
1073 2 2 5 1 361 1613 1611
1074 2 2 5 1 1613 1614 1611
1075 2 2 5 1 1613 606 1614
1076 2 2 5 1 1611 1614 605
1077 2 2 5 1 606 1615 1614
1078 2 2 5 1 1615 1616 1614
1079 2 2 5 1 1615 607 1616
1080 2 2 5 1 1614 1616 605
1081 2 2 5 1 606 1617 1615
1082 2 2 5 1 1617 1618 1615
1083 2 2 5 1 1617 362 1618
1084 2 2 5 1 1615 1618 607
1085 2 2 5 1 605 1616 1612
1086 2 2 5 1 1616 1619 1612
1087 2 2 5 1 1616 607 1619
1088 2 2 5 1 1612 1619 112
1089 2 2 5 1 361 1620 1613
1090 2 2 5 1 1620 1621 1613
1091 2 2 5 1 1620 608 1621
1092 2 2 5 1 1613 1621 606
1093 2 2 5 1 608 1622 1621
1094 2 2 5 1 1622 1623 1621
1095 2 2 5 1 1622 609 1623
1096 2 2 5 1 1621 1623 606
1097 2 2 5 1 608 1624 1622
1098 2 2 5 1 1624 1625 1622
1099 2 2 5 1 1624 304 1625
1100 2 2 5 1 1622 1625 609
1101 2 2 5 1 606 1623 1617
1102 2 2 5 1 1623 1626 1617
1103 2 2 5 1 1623 609 1626
1104 2 2 5 1 1617 1626 362
1105 2 2 5 1 112 1619 111
1106 2 2 5 1 1619 1627 111
1107 2 2 5 1 1619 607 1627
1108 2 2 5 1 111 1627 110
1109 2 2 5 1 607 1628 1627
1110 2 2 5 1 1628 1629 1627
1111 2 2 5 1 1628 610 1629
1112 2 2 5 1 1627 1629 110
1113 2 2 5 1 607 1618 1628
1114 2 2 5 1 1618 1630 1628
1115 2 2 5 1 1618 362 1630
1116 2 2 5 1 1628 1630 610
1117 2 2 5 1 110 1629 109
1118 2 2 5 1 1629 1631 109
1119 2 2 5 1 1629 610 1631
1120 2 2 5 1 109 1631 108
1121 2 2 5 1 304 1632 1625
1122 2 2 5 1 1632 1633 1625
1123 2 2 5 1 1632 611 1633
1124 2 2 5 1 1625 1633 609
1125 2 2 5 1 611 1634 1633
1126 2 2 5 1 1634 1635 1633
1127 2 2 5 1 1634 612 1635
1128 2 2 5 1 1633 1635 609
1129 2 2 5 1 611 1636 1634
1130 2 2 5 1 1636 1637 1634
1131 2 2 5 1 1636 363 1637
1132 2 2 5 1 1634 1637 612
1133 2 2 5 1 609 1635 1626
1134 2 2 5 1 1635 1638 1626
1135 2 2 5 1 1635 612 1638
1136 2 2 5 1 1626 1638 362
1137 2 2 5 1 363 1639 1637
1138 2 2 5 1 1639 1640 1637
1139 2 2 5 1 1639 613 1640
1140 2 2 5 1 1637 1640 612
1141 2 2 5 1 613 1641 1640
1142 2 2 5 1 1641 1642 1640
1143 2 2 5 1 1641 614 1642
1144 2 2 5 1 1640 1642 612
1145 2 2 5 1 613 1643 1641
1146 2 2 5 1 1643 1644 1641
1147 2 2 5 1 1643 364 1644
1148 2 2 5 1 1641 1644 614
1149 2 2 5 1 612 1642 1638
1150 2 2 5 1 1642 1645 1638
1151 2 2 5 1 1642 614 1645
1152 2 2 5 1 1638 1645 362
1153 2 2 5 1 363 1646 1639
1154 2 2 5 1 1646 1647 1639
1155 2 2 5 1 1646 615 1647
1156 2 2 5 1 1639 1647 613
1157 2 2 5 1 615 1648 1647
1158 2 2 5 1 1648 1649 1647
1159 2 2 5 1 1648 616 1649
1160 2 2 5 1 1647 1649 613
1161 2 2 5 1 615 1650 1648
1162 2 2 5 1 1650 1651 1648
1163 2 2 5 1 1650 305 1651
1164 2 2 5 1 1648 1651 616
1165 2 2 5 1 613 1649 1643
1166 2 2 5 1 1649 1652 1643
1167 2 2 5 1 1649 616 1652
1168 2 2 5 1 1643 1652 364
1169 2 2 5 1 362 1645 1630
1170 2 2 5 1 1645 1653 1630
1171 2 2 5 1 1645 614 1653
1172 2 2 5 1 1630 1653 610
1173 2 2 5 1 614 1654 1653
1174 2 2 5 1 1654 1655 1653
1175 2 2 5 1 1654 617 1655
1176 2 2 5 1 1653 1655 610
1177 2 2 5 1 614 1644 1654
1178 2 2 5 1 1644 1656 1654
1179 2 2 5 1 1644 364 1656
1180 2 2 5 1 1654 1656 617
1181 2 2 5 1 610 1655 1631
1182 2 2 5 1 1655 1657 1631
1183 2 2 5 1 1655 617 1657
1184 2 2 5 1 1631 1657 108
1185 2 2 5 1 304 1658 1632
1186 2 2 5 1 1658 1659 1632
1187 2 2 5 1 1658 618 1659
1188 2 2 5 1 1632 1659 611
1189 2 2 5 1 618 1660 1659
1190 2 2 5 1 1660 1661 1659
1191 2 2 5 1 1660 619 1661
1192 2 2 5 1 1659 1661 611
1193 2 2 5 1 618 1662 1660
1194 2 2 5 1 1662 1663 1660
1195 2 2 5 1 1662 365 1663
1196 2 2 5 1 1660 1663 619
1197 2 2 5 1 611 1661 1636
1198 2 2 5 1 1661 1664 1636
1199 2 2 5 1 1661 619 1664
1200 2 2 5 1 1636 1664 363
1201 2 2 5 1 365 1665 1663
1202 2 2 5 1 1665 1666 1663
1203 2 2 5 1 1665 620 1666
1204 2 2 5 1 1663 1666 619
1205 2 2 5 1 620 1667 1666
1206 2 2 5 1 1667 1668 1666
1207 2 2 5 1 1667 621 1668
1208 2 2 5 1 1666 1668 619
1209 2 2 5 1 620 1669 1667
1210 2 2 5 1 1669 1670 1667
1211 2 2 5 1 1669 366 1670
1212 2 2 5 1 1667 1670 621
1213 2 2 5 1 619 1668 1664
1214 2 2 5 1 1668 1671 1664
1215 2 2 5 1 1668 621 1671
1216 2 2 5 1 1664 1671 363
1217 2 2 5 1 365 1672 1665
1218 2 2 5 1 1672 1673 1665
1219 2 2 5 1 1672 622 1673
1220 2 2 5 1 1665 1673 620
1221 2 2 5 1 622 1674 1673
1222 2 2 5 1 1674 1675 1673
1223 2 2 5 1 1674 623 1675
1224 2 2 5 1 1673 1675 620
1225 2 2 5 1 622 1676 1674
1226 2 2 5 1 1676 1677 1674
1227 2 2 5 1 1676 291 1677
1228 2 2 5 1 1674 1677 623
1229 2 2 5 1 620 1675 1669
1230 2 2 5 1 1675 1678 1669
1231 2 2 5 1 1675 623 1678
1232 2 2 5 1 1669 1678 366
1233 2 2 5 1 363 1671 1646
1234 2 2 5 1 1671 1679 1646
1235 2 2 5 1 1671 621 1679
1236 2 2 5 1 1646 1679 615
1237 2 2 5 1 621 1680 1679
1238 2 2 5 1 1680 1681 1679
1239 2 2 5 1 1680 624 1681
1240 2 2 5 1 1679 1681 615
1241 2 2 5 1 621 1670 1680
1242 2 2 5 1 1670 1682 1680
1243 2 2 5 1 1670 366 1682
1244 2 2 5 1 1680 1682 624
1245 2 2 5 1 615 1681 1650
1246 2 2 5 1 1681 1683 1650
1247 2 2 5 1 1681 624 1683
1248 2 2 5 1 1650 1683 305
1249 2 2 5 1 108 1657 107
1250 2 2 5 1 1657 1684 107
1251 2 2 5 1 1657 617 1684
1252 2 2 5 1 107 1684 106
1253 2 2 5 1 617 1685 1684
1254 2 2 5 1 1685 1686 1684
1255 2 2 5 1 1685 625 1686
1256 2 2 5 1 1684 1686 106
1257 2 2 5 1 617 1656 1685
1258 2 2 5 1 1656 1687 1685
1259 2 2 5 1 1656 364 1687
1260 2 2 5 1 1685 1687 625
1261 2 2 5 1 106 1686 105
1262 2 2 5 1 1686 1688 105
1263 2 2 5 1 1686 625 1688
1264 2 2 5 1 105 1688 104
1265 2 2 5 1 364 1689 1687
1266 2 2 5 1 1689 1690 1687
1267 2 2 5 1 1689 626 1690
1268 2 2 5 1 1687 1690 625
1269 2 2 5 1 626 1691 1690
1270 2 2 5 1 1691 1692 1690
1271 2 2 5 1 1691 627 1692
1272 2 2 5 1 1690 1692 625
1273 2 2 5 1 626 1693 1691
1274 2 2 5 1 1693 1694 1691
1275 2 2 5 1 1693 367 1694
1276 2 2 5 1 1691 1694 627
1277 2 2 5 1 625 1692 1688
1278 2 2 5 1 1692 1695 1688
1279 2 2 5 1 1692 627 1695
1280 2 2 5 1 1688 1695 104
1281 2 2 5 1 364 1652 1689
1282 2 2 5 1 1652 1696 1689
1283 2 2 5 1 1652 616 1696
1284 2 2 5 1 1689 1696 626
1285 2 2 5 1 616 1697 1696
1286 2 2 5 1 1697 1698 1696
1287 2 2 5 1 1697 628 1698
1288 2 2 5 1 1696 1698 626
1289 2 2 5 1 616 1651 1697
1290 2 2 5 1 1651 1699 1697
1291 2 2 5 1 1651 305 1699
1292 2 2 5 1 1697 1699 628
1293 2 2 5 1 626 1698 1693
1294 2 2 5 1 1698 1700 1693
1295 2 2 5 1 1698 628 1700
1296 2 2 5 1 1693 1700 367
1297 2 2 5 1 104 1695 103
1298 2 2 5 1 1695 1701 103
1299 2 2 5 1 1695 627 1701
1300 2 2 5 1 103 1701 102
1301 2 2 5 1 627 1702 1701
1302 2 2 5 1 1702 1703 1701
1303 2 2 5 1 1702 629 1703
1304 2 2 5 1 1701 1703 102
1305 2 2 5 1 627 1694 1702
1306 2 2 5 1 1694 1704 1702
1307 2 2 5 1 1694 367 1704
1308 2 2 5 1 1702 1704 629
1309 2 2 5 1 102 1703 101
1310 2 2 5 1 1703 1705 101
1311 2 2 5 1 1703 629 1705
1312 2 2 5 1 101 1705 100
1313 2 2 5 1 290 1706 1477
1314 2 2 5 1 1706 1707 1477
1315 2 2 5 1 1706 630 1707
1316 2 2 5 1 1477 1707 571
1317 2 2 5 1 630 1708 1707
1318 2 2 5 1 1708 1709 1707
1319 2 2 5 1 1708 631 1709
1320 2 2 5 1 1707 1709 571
1321 2 2 5 1 630 1710 1708
1322 2 2 5 1 1710 1711 1708
1323 2 2 5 1 1710 368 1711
1324 2 2 5 1 1708 1711 631
1325 2 2 5 1 571 1709 1478
1326 2 2 5 1 1709 1712 1478
1327 2 2 5 1 1709 631 1712
1328 2 2 5 1 1478 1712 352
1329 2 2 5 1 368 1713 1711
1330 2 2 5 1 1713 1714 1711
1331 2 2 5 1 1713 632 1714
1332 2 2 5 1 1711 1714 631
1333 2 2 5 1 632 1715 1714
1334 2 2 5 1 1715 1716 1714
1335 2 2 5 1 1715 633 1716
1336 2 2 5 1 1714 1716 631
1337 2 2 5 1 632 1717 1715
1338 2 2 5 1 1717 1718 1715
1339 2 2 5 1 1717 369 1718
1340 2 2 5 1 1715 1718 633
1341 2 2 5 1 631 1716 1712
1342 2 2 5 1 1716 1719 1712
1343 2 2 5 1 1716 633 1719
1344 2 2 5 1 1712 1719 352
1345 2 2 5 1 368 1720 1713
1346 2 2 5 1 1720 1721 1713
1347 2 2 5 1 1720 634 1721
1348 2 2 5 1 1713 1721 632
1349 2 2 5 1 634 1722 1721
1350 2 2 5 1 1722 1723 1721
1351 2 2 5 1 1722 635 1723
1352 2 2 5 1 1721 1723 632
1353 2 2 5 1 634 1724 1722
1354 2 2 5 1 1724 1725 1722
1355 2 2 5 1 1724 306 1725
1356 2 2 5 1 1722 1725 635
1357 2 2 5 1 632 1723 1717
1358 2 2 5 1 1723 1726 1717
1359 2 2 5 1 1723 635 1726
1360 2 2 5 1 1717 1726 369
1361 2 2 5 1 352 1719 1482
1362 2 2 5 1 1719 1727 1482
1363 2 2 5 1 1719 633 1727
1364 2 2 5 1 1482 1727 572
1365 2 2 5 1 633 1728 1727
1366 2 2 5 1 1728 1729 1727
1367 2 2 5 1 1728 636 1729
1368 2 2 5 1 1727 1729 572
1369 2 2 5 1 633 1718 1728
1370 2 2 5 1 1718 1730 1728
1371 2 2 5 1 1718 369 1730
1372 2 2 5 1 1728 1730 636
1373 2 2 5 1 572 1729 1483
1374 2 2 5 1 1729 1731 1483
1375 2 2 5 1 1729 636 1731
1376 2 2 5 1 1483 1731 301
1377 2 2 5 1 306 1732 1725
1378 2 2 5 1 1732 1733 1725
1379 2 2 5 1 1732 637 1733
1380 2 2 5 1 1725 1733 635
1381 2 2 5 1 637 1734 1733
1382 2 2 5 1 1734 1735 1733
1383 2 2 5 1 1734 638 1735
1384 2 2 5 1 1733 1735 635
1385 2 2 5 1 637 1736 1734
1386 2 2 5 1 1736 1737 1734
1387 2 2 5 1 1736 370 1737
1388 2 2 5 1 1734 1737 638
1389 2 2 5 1 635 1735 1726
1390 2 2 5 1 1735 1738 1726
1391 2 2 5 1 1735 638 1738
1392 2 2 5 1 1726 1738 369
1393 2 2 5 1 370 1739 1737
1394 2 2 5 1 1739 1740 1737
1395 2 2 5 1 1739 639 1740
1396 2 2 5 1 1737 1740 638
1397 2 2 5 1 639 1741 1740
1398 2 2 5 1 1741 1742 1740
1399 2 2 5 1 1741 640 1742
1400 2 2 5 1 1740 1742 638
1401 2 2 5 1 639 1743 1741
1402 2 2 5 1 1743 1744 1741
1403 2 2 5 1 1743 371 1744
1404 2 2 5 1 1741 1744 640
1405 2 2 5 1 638 1742 1738
1406 2 2 5 1 1742 1745 1738
1407 2 2 5 1 1742 640 1745
1408 2 2 5 1 1738 1745 369
1409 2 2 5 1 370 1746 1739
1410 2 2 5 1 1746 1747 1739
1411 2 2 5 1 1746 641 1747
1412 2 2 5 1 1739 1747 639
1413 2 2 5 1 641 1748 1747
1414 2 2 5 1 1748 1749 1747
1415 2 2 5 1 1748 642 1749
1416 2 2 5 1 1747 1749 639
1417 2 2 5 1 641 1750 1748
1418 2 2 5 1 1750 1751 1748
1419 2 2 5 1 1750 307 1751
1420 2 2 5 1 1748 1751 642
1421 2 2 5 1 639 1749 1743
1422 2 2 5 1 1749 1752 1743
1423 2 2 5 1 1749 642 1752
1424 2 2 5 1 1743 1752 371
1425 2 2 5 1 369 1745 1730
1426 2 2 5 1 1745 1753 1730
1427 2 2 5 1 1745 640 1753
1428 2 2 5 1 1730 1753 636
1429 2 2 5 1 640 1754 1753
1430 2 2 5 1 1754 1755 1753
1431 2 2 5 1 1754 643 1755
1432 2 2 5 1 1753 1755 636
1433 2 2 5 1 640 1744 1754
1434 2 2 5 1 1744 1756 1754
1435 2 2 5 1 1744 371 1756
1436 2 2 5 1 1754 1756 643
1437 2 2 5 1 636 1755 1731
1438 2 2 5 1 1755 1757 1731
1439 2 2 5 1 1755 643 1757
1440 2 2 5 1 1731 1757 301
1441 2 2 5 1 306 1758 1732
1442 2 2 5 1 1758 1759 1732
1443 2 2 5 1 1758 644 1759
1444 2 2 5 1 1732 1759 637
1445 2 2 5 1 644 1760 1759
1446 2 2 5 1 1760 1761 1759
1447 2 2 5 1 1760 645 1761
1448 2 2 5 1 1759 1761 637
1449 2 2 5 1 644 1762 1760
1450 2 2 5 1 1762 1763 1760
1451 2 2 5 1 1762 372 1763
1452 2 2 5 1 1760 1763 645
1453 2 2 5 1 637 1761 1736
1454 2 2 5 1 1761 1764 1736
1455 2 2 5 1 1761 645 1764
1456 2 2 5 1 1736 1764 370
1457 2 2 5 1 372 1765 1763
1458 2 2 5 1 1765 1766 1763
1459 2 2 5 1 1765 646 1766
1460 2 2 5 1 1763 1766 645
1461 2 2 5 1 646 1767 1766
1462 2 2 5 1 1767 1768 1766
1463 2 2 5 1 1767 647 1768
1464 2 2 5 1 1766 1768 645
1465 2 2 5 1 646 1769 1767
1466 2 2 5 1 1769 1770 1767
1467 2 2 5 1 1769 373 1770
1468 2 2 5 1 1767 1770 647
1469 2 2 5 1 645 1768 1764
1470 2 2 5 1 1768 1771 1764
1471 2 2 5 1 1768 647 1771
1472 2 2 5 1 1764 1771 370
1473 2 2 5 1 372 1772 1765
1474 2 2 5 1 1772 1773 1765
1475 2 2 5 1 1772 648 1773
1476 2 2 5 1 1765 1773 646
1477 2 2 5 1 648 1774 1773
1478 2 2 5 1 1774 1775 1773
1479 2 2 5 1 1774 649 1775
1480 2 2 5 1 1773 1775 646
1481 2 2 5 1 648 1776 1774
1482 2 2 5 1 1776 1777 1774
1483 2 2 5 1 1776 291 1777
1484 2 2 5 1 1774 1777 649
1485 2 2 5 1 646 1775 1769
1486 2 2 5 1 1775 1778 1769
1487 2 2 5 1 1775 649 1778
1488 2 2 5 1 1769 1778 373
1489 2 2 5 1 370 1771 1746
1490 2 2 5 1 1771 1779 1746
1491 2 2 5 1 1771 647 1779
1492 2 2 5 1 1746 1779 641
1493 2 2 5 1 647 1780 1779
1494 2 2 5 1 1780 1781 1779
1495 2 2 5 1 1780 650 1781
1496 2 2 5 1 1779 1781 641
1497 2 2 5 1 647 1770 1780
1498 2 2 5 1 1770 1782 1780
1499 2 2 5 1 1770 373 1782
1500 2 2 5 1 1780 1782 650
1501 2 2 5 1 641 1781 1750
1502 2 2 5 1 1781 1783 1750
1503 2 2 5 1 1781 650 1783
1504 2 2 5 1 1750 1783 307
1505 2 2 5 1 301 1757 1499
1506 2 2 5 1 1757 1784 1499
1507 2 2 5 1 1757 643 1784
1508 2 2 5 1 1499 1784 576
1509 2 2 5 1 643 1785 1784
1510 2 2 5 1 1785 1786 1784
1511 2 2 5 1 1785 651 1786
1512 2 2 5 1 1784 1786 576
1513 2 2 5 1 643 1756 1785
1514 2 2 5 1 1756 1787 1785
1515 2 2 5 1 1756 371 1787
1516 2 2 5 1 1785 1787 651
1517 2 2 5 1 576 1786 1500
1518 2 2 5 1 1786 1788 1500
1519 2 2 5 1 1786 651 1788
1520 2 2 5 1 1500 1788 353
1521 2 2 5 1 371 1789 1787
1522 2 2 5 1 1789 1790 1787
1523 2 2 5 1 1789 652 1790
1524 2 2 5 1 1787 1790 651
1525 2 2 5 1 652 1791 1790
1526 2 2 5 1 1791 1792 1790
1527 2 2 5 1 1791 653 1792
1528 2 2 5 1 1790 1792 651
1529 2 2 5 1 652 1793 1791
1530 2 2 5 1 1793 1794 1791
1531 2 2 5 1 1793 374 1794
1532 2 2 5 1 1791 1794 653
1533 2 2 5 1 651 1792 1788
1534 2 2 5 1 1792 1795 1788
1535 2 2 5 1 1792 653 1795
1536 2 2 5 1 1788 1795 353
1537 2 2 5 1 371 1752 1789
1538 2 2 5 1 1752 1796 1789
1539 2 2 5 1 1752 642 1796
1540 2 2 5 1 1789 1796 652
1541 2 2 5 1 642 1797 1796
1542 2 2 5 1 1797 1798 1796
1543 2 2 5 1 1797 654 1798
1544 2 2 5 1 1796 1798 652
1545 2 2 5 1 642 1751 1797
1546 2 2 5 1 1751 1799 1797
1547 2 2 5 1 1751 307 1799
1548 2 2 5 1 1797 1799 654
1549 2 2 5 1 652 1798 1793
1550 2 2 5 1 1798 1800 1793
1551 2 2 5 1 1798 654 1800
1552 2 2 5 1 1793 1800 374
1553 2 2 5 1 353 1795 1504
1554 2 2 5 1 1795 1801 1504
1555 2 2 5 1 1795 653 1801
1556 2 2 5 1 1504 1801 577
1557 2 2 5 1 653 1802 1801
1558 2 2 5 1 1802 1803 1801
1559 2 2 5 1 1802 655 1803
1560 2 2 5 1 1801 1803 577
1561 2 2 5 1 653 1794 1802
1562 2 2 5 1 1794 1804 1802
1563 2 2 5 1 1794 374 1804
1564 2 2 5 1 1802 1804 655
1565 2 2 5 1 577 1803 1505
1566 2 2 5 1 1803 1805 1505
1567 2 2 5 1 1803 655 1805
1568 2 2 5 1 1505 1805 194
1569 2 2 5 1 289 1806 1377
1570 2 2 5 1 1806 1807 1377
1571 2 2 5 1 1806 656 1807
1572 2 2 5 1 1377 1807 545
1573 2 2 5 1 656 1808 1807
1574 2 2 5 1 1808 1809 1807
1575 2 2 5 1 1808 657 1809
1576 2 2 5 1 1807 1809 545
1577 2 2 5 1 656 1810 1808
1578 2 2 5 1 1810 1811 1808
1579 2 2 5 1 1810 375 1811
1580 2 2 5 1 1808 1811 657
1581 2 2 5 1 545 1809 1378
1582 2 2 5 1 1809 1812 1378
1583 2 2 5 1 1809 657 1812
1584 2 2 5 1 1378 1812 345
1585 2 2 5 1 375 1813 1811
1586 2 2 5 1 1813 1814 1811
1587 2 2 5 1 1813 658 1814
1588 2 2 5 1 1811 1814 657
1589 2 2 5 1 658 1815 1814
1590 2 2 5 1 1815 1816 1814
1591 2 2 5 1 1815 659 1816
1592 2 2 5 1 1814 1816 657
1593 2 2 5 1 658 1817 1815
1594 2 2 5 1 1817 1818 1815
1595 2 2 5 1 1817 376 1818
1596 2 2 5 1 1815 1818 659
1597 2 2 5 1 657 1816 1812
1598 2 2 5 1 1816 1819 1812
1599 2 2 5 1 1816 659 1819
1600 2 2 5 1 1812 1819 345
1601 2 2 5 1 375 1820 1813
1602 2 2 5 1 1820 1821 1813
1603 2 2 5 1 1820 660 1821
1604 2 2 5 1 1813 1821 658
1605 2 2 5 1 660 1822 1821
1606 2 2 5 1 1822 1823 1821
1607 2 2 5 1 1822 661 1823
1608 2 2 5 1 1821 1823 658
1609 2 2 5 1 660 1824 1822
1610 2 2 5 1 1824 1825 1822
1611 2 2 5 1 1824 308 1825
1612 2 2 5 1 1822 1825 661
1613 2 2 5 1 658 1823 1817
1614 2 2 5 1 1823 1826 1817
1615 2 2 5 1 1823 661 1826
1616 2 2 5 1 1817 1826 376
1617 2 2 5 1 345 1819 1382
1618 2 2 5 1 1819 1827 1382
1619 2 2 5 1 1819 659 1827
1620 2 2 5 1 1382 1827 546
1621 2 2 5 1 659 1828 1827
1622 2 2 5 1 1828 1829 1827
1623 2 2 5 1 1828 662 1829
1624 2 2 5 1 1827 1829 546
1625 2 2 5 1 659 1818 1828
1626 2 2 5 1 1818 1830 1828
1627 2 2 5 1 1818 376 1830
1628 2 2 5 1 1828 1830 662
1629 2 2 5 1 546 1829 1383
1630 2 2 5 1 1829 1831 1383
1631 2 2 5 1 1829 662 1831
1632 2 2 5 1 1383 1831 299
1633 2 2 5 1 308 1832 1825
1634 2 2 5 1 1832 1833 1825
1635 2 2 5 1 1832 663 1833
1636 2 2 5 1 1825 1833 661
1637 2 2 5 1 663 1834 1833
1638 2 2 5 1 1834 1835 1833
1639 2 2 5 1 1834 664 1835
1640 2 2 5 1 1833 1835 661
1641 2 2 5 1 663 1836 1834
1642 2 2 5 1 1836 1837 1834
1643 2 2 5 1 1836 377 1837
1644 2 2 5 1 1834 1837 664
1645 2 2 5 1 661 1835 1826
1646 2 2 5 1 1835 1838 1826
1647 2 2 5 1 1835 664 1838
1648 2 2 5 1 1826 1838 376
1649 2 2 5 1 377 1839 1837
1650 2 2 5 1 1839 1840 1837
1651 2 2 5 1 1839 665 1840
1652 2 2 5 1 1837 1840 664
1653 2 2 5 1 665 1841 1840
1654 2 2 5 1 1841 1842 1840
1655 2 2 5 1 1841 666 1842
1656 2 2 5 1 1840 1842 664
1657 2 2 5 1 665 1843 1841
1658 2 2 5 1 1843 1844 1841
1659 2 2 5 1 1843 378 1844
1660 2 2 5 1 1841 1844 666
1661 2 2 5 1 664 1842 1838
1662 2 2 5 1 1842 1845 1838
1663 2 2 5 1 1842 666 1845
1664 2 2 5 1 1838 1845 376
1665 2 2 5 1 377 1846 1839
1666 2 2 5 1 1846 1847 1839
1667 2 2 5 1 1846 667 1847
1668 2 2 5 1 1839 1847 665
1669 2 2 5 1 667 1848 1847
1670 2 2 5 1 1848 1849 1847
1671 2 2 5 1 1848 668 1849
1672 2 2 5 1 1847 1849 665
1673 2 2 5 1 667 1850 1848
1674 2 2 5 1 1850 1851 1848
1675 2 2 5 1 1850 309 1851
1676 2 2 5 1 1848 1851 668
1677 2 2 5 1 665 1849 1843
1678 2 2 5 1 1849 1852 1843
1679 2 2 5 1 1849 668 1852
1680 2 2 5 1 1843 1852 378
1681 2 2 5 1 376 1845 1830
1682 2 2 5 1 1845 1853 1830
1683 2 2 5 1 1845 666 1853
1684 2 2 5 1 1830 1853 662
1685 2 2 5 1 666 1854 1853
1686 2 2 5 1 1854 1855 1853
1687 2 2 5 1 1854 669 1855
1688 2 2 5 1 1853 1855 662
1689 2 2 5 1 666 1844 1854
1690 2 2 5 1 1844 1856 1854
1691 2 2 5 1 1844 378 1856
1692 2 2 5 1 1854 1856 669
1693 2 2 5 1 662 1855 1831
1694 2 2 5 1 1855 1857 1831
1695 2 2 5 1 1855 669 1857
1696 2 2 5 1 1831 1857 299
1697 2 2 5 1 308 1858 1832
1698 2 2 5 1 1858 1859 1832
1699 2 2 5 1 1858 670 1859
1700 2 2 5 1 1832 1859 663
1701 2 2 5 1 670 1860 1859
1702 2 2 5 1 1860 1861 1859
1703 2 2 5 1 1860 671 1861
1704 2 2 5 1 1859 1861 663
1705 2 2 5 1 670 1862 1860
1706 2 2 5 1 1862 1863 1860
1707 2 2 5 1 1862 379 1863
1708 2 2 5 1 1860 1863 671
1709 2 2 5 1 663 1861 1836
1710 2 2 5 1 1861 1864 1836
1711 2 2 5 1 1861 671 1864
1712 2 2 5 1 1836 1864 377
1713 2 2 5 1 379 1865 1863
1714 2 2 5 1 1865 1866 1863
1715 2 2 5 1 1865 672 1866
1716 2 2 5 1 1863 1866 671
1717 2 2 5 1 672 1867 1866
1718 2 2 5 1 1867 1868 1866
1719 2 2 5 1 1867 673 1868
1720 2 2 5 1 1866 1868 671
1721 2 2 5 1 672 1869 1867
1722 2 2 5 1 1869 1870 1867
1723 2 2 5 1 1869 380 1870
1724 2 2 5 1 1867 1870 673
1725 2 2 5 1 671 1868 1864
1726 2 2 5 1 1868 1871 1864
1727 2 2 5 1 1868 673 1871
1728 2 2 5 1 1864 1871 377
1729 2 2 5 1 379 1872 1865
1730 2 2 5 1 1872 1873 1865
1731 2 2 5 1 1872 674 1873
1732 2 2 5 1 1865 1873 672
1733 2 2 5 1 674 1874 1873
1734 2 2 5 1 1874 1875 1873
1735 2 2 5 1 1874 675 1875
1736 2 2 5 1 1873 1875 672
1737 2 2 5 1 674 1876 1874
1738 2 2 5 1 1876 1877 1874
1739 2 2 5 1 1876 292 1877
1740 2 2 5 1 1874 1877 675
1741 2 2 5 1 672 1875 1869
1742 2 2 5 1 1875 1878 1869
1743 2 2 5 1 1875 675 1878
1744 2 2 5 1 1869 1878 380
1745 2 2 5 1 377 1871 1846
1746 2 2 5 1 1871 1879 1846
1747 2 2 5 1 1871 673 1879
1748 2 2 5 1 1846 1879 667
1749 2 2 5 1 673 1880 1879
1750 2 2 5 1 1880 1881 1879
1751 2 2 5 1 1880 676 1881
1752 2 2 5 1 1879 1881 667
1753 2 2 5 1 673 1870 1880
1754 2 2 5 1 1870 1882 1880
1755 2 2 5 1 1870 380 1882
1756 2 2 5 1 1880 1882 676
1757 2 2 5 1 667 1881 1850
1758 2 2 5 1 1881 1883 1850
1759 2 2 5 1 1881 676 1883
1760 2 2 5 1 1850 1883 309
1761 2 2 5 1 299 1857 1399
1762 2 2 5 1 1857 1884 1399
1763 2 2 5 1 1857 669 1884
1764 2 2 5 1 1399 1884 550
1765 2 2 5 1 669 1885 1884
1766 2 2 5 1 1885 1886 1884
1767 2 2 5 1 1885 677 1886
1768 2 2 5 1 1884 1886 550
1769 2 2 5 1 669 1856 1885
1770 2 2 5 1 1856 1887 1885
1771 2 2 5 1 1856 378 1887
1772 2 2 5 1 1885 1887 677
1773 2 2 5 1 550 1886 1400
1774 2 2 5 1 1886 1888 1400
1775 2 2 5 1 1886 677 1888
1776 2 2 5 1 1400 1888 346
1777 2 2 5 1 378 1889 1887
1778 2 2 5 1 1889 1890 1887
1779 2 2 5 1 1889 678 1890
1780 2 2 5 1 1887 1890 677
1781 2 2 5 1 678 1891 1890
1782 2 2 5 1 1891 1892 1890
1783 2 2 5 1 1891 679 1892
1784 2 2 5 1 1890 1892 677
1785 2 2 5 1 678 1893 1891
1786 2 2 5 1 1893 1894 1891
1787 2 2 5 1 1893 381 1894
1788 2 2 5 1 1891 1894 679
1789 2 2 5 1 677 1892 1888
1790 2 2 5 1 1892 1895 1888
1791 2 2 5 1 1892 679 1895
1792 2 2 5 1 1888 1895 346
1793 2 2 5 1 378 1852 1889
1794 2 2 5 1 1852 1896 1889
1795 2 2 5 1 1852 668 1896
1796 2 2 5 1 1889 1896 678
1797 2 2 5 1 668 1897 1896
1798 2 2 5 1 1897 1898 1896
1799 2 2 5 1 1897 680 1898
1800 2 2 5 1 1896 1898 678
1801 2 2 5 1 668 1851 1897
1802 2 2 5 1 1851 1899 1897
1803 2 2 5 1 1851 309 1899
1804 2 2 5 1 1897 1899 680
1805 2 2 5 1 678 1898 1893
1806 2 2 5 1 1898 1900 1893
1807 2 2 5 1 1898 680 1900
1808 2 2 5 1 1893 1900 381
1809 2 2 5 1 346 1895 1404
1810 2 2 5 1 1895 1901 1404
1811 2 2 5 1 1895 679 1901
1812 2 2 5 1 1404 1901 551
1813 2 2 5 1 679 1902 1901
1814 2 2 5 1 1902 1903 1901
1815 2 2 5 1 1902 681 1903
1816 2 2 5 1 1901 1903 551
1817 2 2 5 1 679 1894 1902
1818 2 2 5 1 1894 1904 1902
1819 2 2 5 1 1894 381 1904
1820 2 2 5 1 1902 1904 681
1821 2 2 5 1 551 1903 1405
1822 2 2 5 1 1903 1905 1405
1823 2 2 5 1 1903 681 1905
1824 2 2 5 1 1405 1905 226
1825 2 2 5 1 210 1906 1406
1826 2 2 5 1 1906 1907 1406
1827 2 2 5 1 1906 682 1907
1828 2 2 5 1 1406 1907 552
1829 2 2 5 1 682 1908 1907
1830 2 2 5 1 1908 1909 1907
1831 2 2 5 1 1908 683 1909
1832 2 2 5 1 1907 1909 552
1833 2 2 5 1 682 1910 1908
1834 2 2 5 1 1910 1911 1908
1835 2 2 5 1 1910 382 1911
1836 2 2 5 1 1908 1911 683
1837 2 2 5 1 552 1909 1410
1838 2 2 5 1 1909 1912 1410
1839 2 2 5 1 1909 683 1912
1840 2 2 5 1 1410 1912 347
1841 2 2 5 1 382 1913 1911
1842 2 2 5 1 1913 1914 1911
1843 2 2 5 1 1913 684 1914
1844 2 2 5 1 1911 1914 683
1845 2 2 5 1 684 1915 1914
1846 2 2 5 1 1915 1916 1914
1847 2 2 5 1 1915 685 1916
1848 2 2 5 1 1914 1916 683
1849 2 2 5 1 684 1917 1915
1850 2 2 5 1 1917 1918 1915
1851 2 2 5 1 1917 383 1918
1852 2 2 5 1 1915 1918 685
1853 2 2 5 1 683 1916 1912
1854 2 2 5 1 1916 1919 1912
1855 2 2 5 1 1916 685 1919
1856 2 2 5 1 1912 1919 347
1857 2 2 5 1 382 1920 1913
1858 2 2 5 1 1920 1921 1913
1859 2 2 5 1 1920 686 1921
1860 2 2 5 1 1913 1921 684
1861 2 2 5 1 686 1922 1921
1862 2 2 5 1 1922 1923 1921
1863 2 2 5 1 1922 687 1923
1864 2 2 5 1 1921 1923 684
1865 2 2 5 1 686 1924 1922
1866 2 2 5 1 1924 1925 1922
1867 2 2 5 1 1924 310 1925
1868 2 2 5 1 1922 1925 687
1869 2 2 5 1 684 1923 1917
1870 2 2 5 1 1923 1926 1917
1871 2 2 5 1 1923 687 1926
1872 2 2 5 1 1917 1926 383
1873 2 2 5 1 347 1919 1420
1874 2 2 5 1 1919 1927 1420
1875 2 2 5 1 1919 685 1927
1876 2 2 5 1 1420 1927 556
1877 2 2 5 1 685 1928 1927
1878 2 2 5 1 1928 1929 1927
1879 2 2 5 1 1928 688 1929
1880 2 2 5 1 1927 1929 556
1881 2 2 5 1 685 1918 1928
1882 2 2 5 1 1918 1930 1928
1883 2 2 5 1 1918 383 1930
1884 2 2 5 1 1928 1930 688
1885 2 2 5 1 556 1929 1424
1886 2 2 5 1 1929 1931 1424
1887 2 2 5 1 1929 688 1931
1888 2 2 5 1 1424 1931 300
1889 2 2 5 1 310 1932 1925
1890 2 2 5 1 1932 1933 1925
1891 2 2 5 1 1932 689 1933
1892 2 2 5 1 1925 1933 687
1893 2 2 5 1 689 1934 1933
1894 2 2 5 1 1934 1935 1933
1895 2 2 5 1 1934 690 1935
1896 2 2 5 1 1933 1935 687
1897 2 2 5 1 689 1936 1934
1898 2 2 5 1 1936 1937 1934
1899 2 2 5 1 1936 384 1937
1900 2 2 5 1 1934 1937 690
1901 2 2 5 1 687 1935 1926
1902 2 2 5 1 1935 1938 1926
1903 2 2 5 1 1935 690 1938
1904 2 2 5 1 1926 1938 383
1905 2 2 5 1 384 1939 1937
1906 2 2 5 1 1939 1940 1937
1907 2 2 5 1 1939 691 1940
1908 2 2 5 1 1937 1940 690
1909 2 2 5 1 691 1941 1940
1910 2 2 5 1 1941 1942 1940
1911 2 2 5 1 1941 692 1942
1912 2 2 5 1 1940 1942 690
1913 2 2 5 1 691 1943 1941
1914 2 2 5 1 1943 1944 1941
1915 2 2 5 1 1943 385 1944
1916 2 2 5 1 1941 1944 692
1917 2 2 5 1 690 1942 1938
1918 2 2 5 1 1942 1945 1938
1919 2 2 5 1 1942 692 1945
1920 2 2 5 1 1938 1945 383
1921 2 2 5 1 384 1946 1939
1922 2 2 5 1 1946 1947 1939
1923 2 2 5 1 1946 693 1947
1924 2 2 5 1 1939 1947 691
1925 2 2 5 1 693 1948 1947
1926 2 2 5 1 1948 1949 1947
1927 2 2 5 1 1948 694 1949
1928 2 2 5 1 1947 1949 691
1929 2 2 5 1 693 1950 1948
1930 2 2 5 1 1950 1951 1948
1931 2 2 5 1 1950 311 1951
1932 2 2 5 1 1948 1951 694
1933 2 2 5 1 691 1949 1943
1934 2 2 5 1 1949 1952 1943
1935 2 2 5 1 1949 694 1952
1936 2 2 5 1 1943 1952 385
1937 2 2 5 1 383 1945 1930
1938 2 2 5 1 1945 1953 1930
1939 2 2 5 1 1945 692 1953
1940 2 2 5 1 1930 1953 688
1941 2 2 5 1 692 1954 1953
1942 2 2 5 1 1954 1955 1953
1943 2 2 5 1 1954 695 1955
1944 2 2 5 1 1953 1955 688
1945 2 2 5 1 692 1944 1954
1946 2 2 5 1 1944 1956 1954
1947 2 2 5 1 1944 385 1956
1948 2 2 5 1 1954 1956 695
1949 2 2 5 1 688 1955 1931
1950 2 2 5 1 1955 1957 1931
1951 2 2 5 1 1955 695 1957
1952 2 2 5 1 1931 1957 300
1953 2 2 5 1 310 1958 1932
1954 2 2 5 1 1958 1959 1932
1955 2 2 5 1 1958 696 1959
1956 2 2 5 1 1932 1959 689
1957 2 2 5 1 696 1960 1959
1958 2 2 5 1 1960 1961 1959
1959 2 2 5 1 1960 697 1961
1960 2 2 5 1 1959 1961 689
1961 2 2 5 1 696 1962 1960
1962 2 2 5 1 1962 1963 1960
1963 2 2 5 1 1962 386 1963
1964 2 2 5 1 1960 1963 697
1965 2 2 5 1 689 1961 1936
1966 2 2 5 1 1961 1964 1936
1967 2 2 5 1 1961 697 1964
1968 2 2 5 1 1936 1964 384
1969 2 2 5 1 386 1965 1963
1970 2 2 5 1 1965 1966 1963
1971 2 2 5 1 1965 698 1966
1972 2 2 5 1 1963 1966 697
1973 2 2 5 1 698 1967 1966
1974 2 2 5 1 1967 1968 1966
1975 2 2 5 1 1967 699 1968
1976 2 2 5 1 1966 1968 697
1977 2 2 5 1 698 1969 1967
1978 2 2 5 1 1969 1970 1967
1979 2 2 5 1 1969 387 1970
1980 2 2 5 1 1967 1970 699
1981 2 2 5 1 697 1968 1964
1982 2 2 5 1 1968 1971 1964
1983 2 2 5 1 1968 699 1971
1984 2 2 5 1 1964 1971 384
1985 2 2 5 1 386 1972 1965
1986 2 2 5 1 1972 1973 1965
1987 2 2 5 1 1972 700 1973
1988 2 2 5 1 1965 1973 698
1989 2 2 5 1 700 1974 1973
1990 2 2 5 1 1974 1975 1973
1991 2 2 5 1 1974 701 1975
1992 2 2 5 1 1973 1975 698
1993 2 2 5 1 700 1976 1974
1994 2 2 5 1 1976 1977 1974
1995 2 2 5 1 1976 292 1977
1996 2 2 5 1 1974 1977 701
1997 2 2 5 1 698 1975 1969
1998 2 2 5 1 1975 1978 1969
1999 2 2 5 1 1975 701 1978
2000 2 2 5 1 1969 1978 387
2001 2 2 5 1 384 1971 1946
2002 2 2 5 1 1971 1979 1946
2003 2 2 5 1 1971 699 1979
2004 2 2 5 1 1946 1979 693
2005 2 2 5 1 699 1980 1979
2006 2 2 5 1 1980 1981 1979
2007 2 2 5 1 1980 702 1981
2008 2 2 5 1 1979 1981 693
2009 2 2 5 1 699 1970 1980
2010 2 2 5 1 1970 1982 1980
2011 2 2 5 1 1970 387 1982
2012 2 2 5 1 1980 1982 702
2013 2 2 5 1 693 1981 1950
2014 2 2 5 1 1981 1983 1950
2015 2 2 5 1 1981 702 1983
2016 2 2 5 1 1950 1983 311
2017 2 2 5 1 300 1957 1458
2018 2 2 5 1 1957 1984 1458
2019 2 2 5 1 1957 695 1984
2020 2 2 5 1 1458 1984 566
2021 2 2 5 1 695 1985 1984
2022 2 2 5 1 1985 1986 1984
2023 2 2 5 1 1985 703 1986
2024 2 2 5 1 1984 1986 566
2025 2 2 5 1 695 1956 1985
2026 2 2 5 1 1956 1987 1985
2027 2 2 5 1 1956 385 1987
2028 2 2 5 1 1985 1987 703
2029 2 2 5 1 566 1986 1462
2030 2 2 5 1 1986 1988 1462
2031 2 2 5 1 1986 703 1988
2032 2 2 5 1 1462 1988 351
2033 2 2 5 1 385 1989 1987
2034 2 2 5 1 1989 1990 1987
2035 2 2 5 1 1989 704 1990
2036 2 2 5 1 1987 1990 703
2037 2 2 5 1 704 1991 1990
2038 2 2 5 1 1991 1992 1990
2039 2 2 5 1 1991 705 1992
2040 2 2 5 1 1990 1992 703
2041 2 2 5 1 704 1993 1991
2042 2 2 5 1 1993 1994 1991
2043 2 2 5 1 1993 388 1994
2044 2 2 5 1 1991 1994 705
2045 2 2 5 1 703 1992 1988
2046 2 2 5 1 1992 1995 1988
2047 2 2 5 1 1992 705 1995
2048 2 2 5 1 1988 1995 351
2049 2 2 5 1 385 1952 1989
2050 2 2 5 1 1952 1996 1989
2051 2 2 5 1 1952 694 1996
2052 2 2 5 1 1989 1996 704
2053 2 2 5 1 694 1997 1996
2054 2 2 5 1 1997 1998 1996
2055 2 2 5 1 1997 706 1998
2056 2 2 5 1 1996 1998 704
2057 2 2 5 1 694 1951 1997
2058 2 2 5 1 1951 1999 1997
2059 2 2 5 1 1951 311 1999
2060 2 2 5 1 1997 1999 706
2061 2 2 5 1 704 1998 1993
2062 2 2 5 1 1998 2000 1993
2063 2 2 5 1 1998 706 2000
2064 2 2 5 1 1993 2000 388
2065 2 2 5 1 351 1995 1472
2066 2 2 5 1 1995 2001 1472
2067 2 2 5 1 1995 705 2001
2068 2 2 5 1 1472 2001 570
2069 2 2 5 1 705 2002 2001
2070 2 2 5 1 2002 2003 2001
2071 2 2 5 1 2002 707 2003
2072 2 2 5 1 2001 2003 570
2073 2 2 5 1 705 1994 2002
2074 2 2 5 1 1994 2004 2002
2075 2 2 5 1 1994 388 2004
2076 2 2 5 1 2002 2004 707
2077 2 2 5 1 570 2003 1476
2078 2 2 5 1 2003 2005 1476
2079 2 2 5 1 2003 707 2005
2080 2 2 5 1 1476 2005 290
2081 2 2 5 1 68 1605 2007
2082 2 2 5 1 1605 2006 2007
2083 2 2 5 1 1605 603 2006
2084 2 2 5 1 2007 2006 709
2085 2 2 5 1 603 2008 2006
2086 2 2 5 1 2008 2009 2006
2087 2 2 5 1 2008 708 2009
2088 2 2 5 1 2006 2009 709
2089 2 2 5 1 603 1604 2008
2090 2 2 5 1 1604 2010 2008
2091 2 2 5 1 1604 360 2010
2092 2 2 5 1 2008 2010 708
2093 2 2 5 1 709 2009 2012
2094 2 2 5 1 2009 2011 2012
2095 2 2 5 1 2009 708 2011
2096 2 2 5 1 2012 2011 390
2097 2 2 5 1 360 2013 2010
2098 2 2 5 1 2013 2014 2010
2099 2 2 5 1 2013 710 2014
2100 2 2 5 1 2010 2014 708
2101 2 2 5 1 710 2015 2014
2102 2 2 5 1 2015 2016 2014
2103 2 2 5 1 2015 711 2016
2104 2 2 5 1 2014 2016 708
2105 2 2 5 1 710 2017 2015
2106 2 2 5 1 2017 2018 2015
2107 2 2 5 1 2017 389 2018
2108 2 2 5 1 2015 2018 711
2109 2 2 5 1 708 2016 2011
2110 2 2 5 1 2016 2019 2011
2111 2 2 5 1 2016 711 2019
2112 2 2 5 1 2011 2019 390
2113 2 2 5 1 360 1600 2013
2114 2 2 5 1 1600 2020 2013
2115 2 2 5 1 1600 602 2020
2116 2 2 5 1 2013 2020 710
2117 2 2 5 1 602 2021 2020
2118 2 2 5 1 2021 2022 2020
2119 2 2 5 1 2021 712 2022
2120 2 2 5 1 2020 2022 710
2121 2 2 5 1 602 1599 2021
2122 2 2 5 1 1599 2023 2021
2123 2 2 5 1 1599 303 2023
2124 2 2 5 1 2021 2023 712
2125 2 2 5 1 710 2022 2017
2126 2 2 5 1 2022 2024 2017
2127 2 2 5 1 2022 712 2024
2128 2 2 5 1 2017 2024 389
2129 2 2 5 1 390 2019 2026
2130 2 2 5 1 2019 2025 2026
2131 2 2 5 1 2019 711 2025
2132 2 2 5 1 2026 2025 714
2133 2 2 5 1 711 2027 2025
2134 2 2 5 1 2027 2028 2025
2135 2 2 5 1 2027 713 2028
2136 2 2 5 1 2025 2028 714
2137 2 2 5 1 711 2018 2027
2138 2 2 5 1 2018 2029 2027
2139 2 2 5 1 2018 389 2029
2140 2 2 5 1 2027 2029 713
2141 2 2 5 1 714 2028 2031
2142 2 2 5 1 2028 2030 2031
2143 2 2 5 1 2028 713 2030
2144 2 2 5 1 2031 2030 312
2145 2 2 5 1 303 2032 2023
2146 2 2 5 1 2032 2033 2023
2147 2 2 5 1 2032 715 2033
2148 2 2 5 1 2023 2033 712
2149 2 2 5 1 715 2034 2033
2150 2 2 5 1 2034 2035 2033
2151 2 2 5 1 2034 716 2035
2152 2 2 5 1 2033 2035 712
2153 2 2 5 1 715 2036 2034
2154 2 2 5 1 2036 2037 2034
2155 2 2 5 1 2036 391 2037
2156 2 2 5 1 2034 2037 716
2157 2 2 5 1 712 2035 2024
2158 2 2 5 1 2035 2038 2024
2159 2 2 5 1 2035 716 2038
2160 2 2 5 1 2024 2038 389
2161 2 2 5 1 391 2039 2037
2162 2 2 5 1 2039 2040 2037
2163 2 2 5 1 2039 717 2040
2164 2 2 5 1 2037 2040 716
2165 2 2 5 1 717 2041 2040
2166 2 2 5 1 2041 2042 2040
2167 2 2 5 1 2041 718 2042
2168 2 2 5 1 2040 2042 716
2169 2 2 5 1 717 2043 2041
2170 2 2 5 1 2043 2044 2041
2171 2 2 5 1 2043 392 2044
2172 2 2 5 1 2041 2044 718
2173 2 2 5 1 716 2042 2038
2174 2 2 5 1 2042 2045 2038
2175 2 2 5 1 2042 718 2045
2176 2 2 5 1 2038 2045 389
2177 2 2 5 1 391 2046 2039
2178 2 2 5 1 2046 2047 2039
2179 2 2 5 1 2046 719 2047
2180 2 2 5 1 2039 2047 717
2181 2 2 5 1 719 2048 2047
2182 2 2 5 1 2048 2049 2047
2183 2 2 5 1 2048 720 2049
2184 2 2 5 1 2047 2049 717
2185 2 2 5 1 719 2050 2048
2186 2 2 5 1 2050 2051 2048
2187 2 2 5 1 2050 308 2051
2188 2 2 5 1 2048 2051 720
2189 2 2 5 1 717 2049 2043
2190 2 2 5 1 2049 2052 2043
2191 2 2 5 1 2049 720 2052
2192 2 2 5 1 2043 2052 392
2193 2 2 5 1 389 2045 2029
2194 2 2 5 1 2045 2053 2029
2195 2 2 5 1 2045 718 2053
2196 2 2 5 1 2029 2053 713
2197 2 2 5 1 718 2054 2053
2198 2 2 5 1 2054 2055 2053
2199 2 2 5 1 2054 721 2055
2200 2 2 5 1 2053 2055 713
2201 2 2 5 1 718 2044 2054
2202 2 2 5 1 2044 2056 2054
2203 2 2 5 1 2044 392 2056
2204 2 2 5 1 2054 2056 721
2205 2 2 5 1 713 2055 2030
2206 2 2 5 1 2055 2057 2030
2207 2 2 5 1 2055 721 2057
2208 2 2 5 1 2030 2057 312
2209 2 2 5 1 303 1583 2032
2210 2 2 5 1 1583 2058 2032
2211 2 2 5 1 1583 598 2058
2212 2 2 5 1 2032 2058 715
2213 2 2 5 1 598 2059 2058
2214 2 2 5 1 2059 2060 2058
2215 2 2 5 1 2059 722 2060
2216 2 2 5 1 2058 2060 715
2217 2 2 5 1 598 1582 2059
2218 2 2 5 1 1582 2061 2059
2219 2 2 5 1 1582 359 2061
2220 2 2 5 1 2059 2061 722
2221 2 2 5 1 715 2060 2036
2222 2 2 5 1 2060 2062 2036
2223 2 2 5 1 2060 722 2062
2224 2 2 5 1 2036 2062 391
2225 2 2 5 1 359 2063 2061
2226 2 2 5 1 2063 2064 2061
2227 2 2 5 1 2063 723 2064
2228 2 2 5 1 2061 2064 722
2229 2 2 5 1 723 2065 2064
2230 2 2 5 1 2065 2066 2064
2231 2 2 5 1 2065 724 2066
2232 2 2 5 1 2064 2066 722
2233 2 2 5 1 723 2067 2065
2234 2 2 5 1 2067 2068 2065
2235 2 2 5 1 2067 379 2068
2236 2 2 5 1 2065 2068 724
2237 2 2 5 1 722 2066 2062
2238 2 2 5 1 2066 2069 2062
2239 2 2 5 1 2066 724 2069
2240 2 2 5 1 2062 2069 391
2241 2 2 5 1 359 1578 2063
2242 2 2 5 1 1578 2070 2063
2243 2 2 5 1 1578 597 2070
2244 2 2 5 1 2063 2070 723
2245 2 2 5 1 597 2071 2070
2246 2 2 5 1 2071 2072 2070
2247 2 2 5 1 2071 674 2072
2248 2 2 5 1 2070 2072 723
2249 2 2 5 1 597 1577 2071
2250 2 2 5 1 1577 1876 2071
2251 2 2 5 1 1577 292 1876
2252 2 2 5 1 2071 1876 674
2253 2 2 5 1 723 2072 2067
2254 2 2 5 1 2072 1872 2067
2255 2 2 5 1 2072 674 1872
2256 2 2 5 1 2067 1872 379
2257 2 2 5 1 391 2069 2046
2258 2 2 5 1 2069 2073 2046
2259 2 2 5 1 2069 724 2073
2260 2 2 5 1 2046 2073 719
2261 2 2 5 1 724 2074 2073
2262 2 2 5 1 2074 2075 2073
2263 2 2 5 1 2074 670 2075
2264 2 2 5 1 2073 2075 719
2265 2 2 5 1 724 2068 2074
2266 2 2 5 1 2068 1862 2074
2267 2 2 5 1 2068 379 1862
2268 2 2 5 1 2074 1862 670
2269 2 2 5 1 719 2075 2050
2270 2 2 5 1 2075 1858 2050
2271 2 2 5 1 2075 670 1858
2272 2 2 5 1 2050 1858 308
2273 2 2 5 1 312 2057 2077
2274 2 2 5 1 2057 2076 2077
2275 2 2 5 1 2057 721 2076
2276 2 2 5 1 2077 2076 726
2277 2 2 5 1 721 2078 2076
2278 2 2 5 1 2078 2079 2076
2279 2 2 5 1 2078 725 2079
2280 2 2 5 1 2076 2079 726
2281 2 2 5 1 721 2056 2078
2282 2 2 5 1 2056 2080 2078
2283 2 2 5 1 2056 392 2080
2284 2 2 5 1 2078 2080 725
2285 2 2 5 1 726 2079 2082
2286 2 2 5 1 2079 2081 2082
2287 2 2 5 1 2079 725 2081
2288 2 2 5 1 2082 2081 393
2289 2 2 5 1 392 2083 2080
2290 2 2 5 1 2083 2084 2080
2291 2 2 5 1 2083 727 2084
2292 2 2 5 1 2080 2084 725
2293 2 2 5 1 727 2085 2084
2294 2 2 5 1 2085 2086 2084
2295 2 2 5 1 2085 728 2086
2296 2 2 5 1 2084 2086 725
2297 2 2 5 1 727 2087 2085
2298 2 2 5 1 2087 2088 2085
2299 2 2 5 1 2087 375 2088
2300 2 2 5 1 2085 2088 728
2301 2 2 5 1 725 2086 2081
2302 2 2 5 1 2086 2089 2081
2303 2 2 5 1 2086 728 2089
2304 2 2 5 1 2081 2089 393
2305 2 2 5 1 392 2052 2083
2306 2 2 5 1 2052 2090 2083
2307 2 2 5 1 2052 720 2090
2308 2 2 5 1 2083 2090 727
2309 2 2 5 1 720 2091 2090
2310 2 2 5 1 2091 2092 2090
2311 2 2 5 1 2091 660 2092
2312 2 2 5 1 2090 2092 727
2313 2 2 5 1 720 2051 2091
2314 2 2 5 1 2051 1824 2091
2315 2 2 5 1 2051 308 1824
2316 2 2 5 1 2091 1824 660
2317 2 2 5 1 727 2092 2087
2318 2 2 5 1 2092 1820 2087
2319 2 2 5 1 2092 660 1820
2320 2 2 5 1 2087 1820 375
2321 2 2 5 1 393 2089 2094
2322 2 2 5 1 2089 2093 2094
2323 2 2 5 1 2089 728 2093
2324 2 2 5 1 2094 2093 729
2325 2 2 5 1 728 2095 2093
2326 2 2 5 1 2095 2096 2093
2327 2 2 5 1 2095 656 2096
2328 2 2 5 1 2093 2096 729
2329 2 2 5 1 728 2088 2095
2330 2 2 5 1 2088 1810 2095
2331 2 2 5 1 2088 375 1810
2332 2 2 5 1 2095 1810 656
2333 2 2 5 1 729 2096 2097
2334 2 2 5 1 2096 1806 2097
2335 2 2 5 1 2096 656 1806
2336 2 2 5 1 2097 1806 289
2337 2 2 5 1 290 2005 2099
2338 2 2 5 1 2005 2098 2099
2339 2 2 5 1 2005 707 2098
2340 2 2 5 1 2099 2098 731
2341 2 2 5 1 707 2100 2098
2342 2 2 5 1 2100 2101 2098
2343 2 2 5 1 2100 730 2101
2344 2 2 5 1 2098 2101 731
2345 2 2 5 1 707 2004 2100
2346 2 2 5 1 2004 2102 2100
2347 2 2 5 1 2004 388 2102
2348 2 2 5 1 2100 2102 730
2349 2 2 5 1 731 2101 2104
2350 2 2 5 1 2101 2103 2104
2351 2 2 5 1 2101 730 2103
2352 2 2 5 1 2104 2103 395
2353 2 2 5 1 388 2105 2102
2354 2 2 5 1 2105 2106 2102
2355 2 2 5 1 2105 732 2106
2356 2 2 5 1 2102 2106 730
2357 2 2 5 1 732 2107 2106
2358 2 2 5 1 2107 2108 2106
2359 2 2 5 1 2107 733 2108
2360 2 2 5 1 2106 2108 730
2361 2 2 5 1 732 2109 2107
2362 2 2 5 1 2109 2110 2107
2363 2 2 5 1 2109 394 2110
2364 2 2 5 1 2107 2110 733
2365 2 2 5 1 730 2108 2103
2366 2 2 5 1 2108 2111 2103
2367 2 2 5 1 2108 733 2111
2368 2 2 5 1 2103 2111 395
2369 2 2 5 1 388 2000 2105
2370 2 2 5 1 2000 2112 2105
2371 2 2 5 1 2000 706 2112
2372 2 2 5 1 2105 2112 732
2373 2 2 5 1 706 2113 2112
2374 2 2 5 1 2113 2114 2112
2375 2 2 5 1 2113 734 2114
2376 2 2 5 1 2112 2114 732
2377 2 2 5 1 706 1999 2113
2378 2 2 5 1 1999 2115 2113
2379 2 2 5 1 1999 311 2115
2380 2 2 5 1 2113 2115 734
2381 2 2 5 1 732 2114 2109
2382 2 2 5 1 2114 2116 2109
2383 2 2 5 1 2114 734 2116
2384 2 2 5 1 2109 2116 394
2385 2 2 5 1 395 2111 2118
2386 2 2 5 1 2111 2117 2118
2387 2 2 5 1 2111 733 2117
2388 2 2 5 1 2118 2117 736
2389 2 2 5 1 733 2119 2117
2390 2 2 5 1 2119 2120 2117
2391 2 2 5 1 2119 735 2120
2392 2 2 5 1 2117 2120 736
2393 2 2 5 1 733 2110 2119
2394 2 2 5 1 2110 2121 2119
2395 2 2 5 1 2110 394 2121
2396 2 2 5 1 2119 2121 735
2397 2 2 5 1 736 2120 2123
2398 2 2 5 1 2120 2122 2123
2399 2 2 5 1 2120 735 2122
2400 2 2 5 1 2123 2122 313
2401 2 2 5 1 311 2124 2115
2402 2 2 5 1 2124 2125 2115
2403 2 2 5 1 2124 737 2125
2404 2 2 5 1 2115 2125 734
2405 2 2 5 1 737 2126 2125
2406 2 2 5 1 2126 2127 2125
2407 2 2 5 1 2126 738 2127
2408 2 2 5 1 2125 2127 734
2409 2 2 5 1 737 2128 2126
2410 2 2 5 1 2128 2129 2126
2411 2 2 5 1 2128 396 2129
2412 2 2 5 1 2126 2129 738
2413 2 2 5 1 734 2127 2116
2414 2 2 5 1 2127 2130 2116
2415 2 2 5 1 2127 738 2130
2416 2 2 5 1 2116 2130 394
2417 2 2 5 1 396 2131 2129
2418 2 2 5 1 2131 2132 2129
2419 2 2 5 1 2131 739 2132
2420 2 2 5 1 2129 2132 738
2421 2 2 5 1 739 2133 2132
2422 2 2 5 1 2133 2134 2132
2423 2 2 5 1 2133 740 2134
2424 2 2 5 1 2132 2134 738
2425 2 2 5 1 739 2135 2133
2426 2 2 5 1 2135 2136 2133
2427 2 2 5 1 2135 397 2136
2428 2 2 5 1 2133 2136 740
2429 2 2 5 1 738 2134 2130
2430 2 2 5 1 2134 2137 2130
2431 2 2 5 1 2134 740 2137
2432 2 2 5 1 2130 2137 394
2433 2 2 5 1 396 2138 2131
2434 2 2 5 1 2138 2139 2131
2435 2 2 5 1 2138 741 2139
2436 2 2 5 1 2131 2139 739
2437 2 2 5 1 741 2140 2139
2438 2 2 5 1 2140 2141 2139
2439 2 2 5 1 2140 742 2141
2440 2 2 5 1 2139 2141 739
2441 2 2 5 1 741 2142 2140
2442 2 2 5 1 2142 2143 2140
2443 2 2 5 1 2142 302 2143
2444 2 2 5 1 2140 2143 742
2445 2 2 5 1 739 2141 2135
2446 2 2 5 1 2141 2144 2135
2447 2 2 5 1 2141 742 2144
2448 2 2 5 1 2135 2144 397
2449 2 2 5 1 394 2137 2121
2450 2 2 5 1 2137 2145 2121
2451 2 2 5 1 2137 740 2145
2452 2 2 5 1 2121 2145 735
2453 2 2 5 1 740 2146 2145
2454 2 2 5 1 2146 2147 2145
2455 2 2 5 1 2146 743 2147
2456 2 2 5 1 2145 2147 735
2457 2 2 5 1 740 2136 2146
2458 2 2 5 1 2136 2148 2146
2459 2 2 5 1 2136 397 2148
2460 2 2 5 1 2146 2148 743
2461 2 2 5 1 735 2147 2122
2462 2 2 5 1 2147 2149 2122
2463 2 2 5 1 2147 743 2149
2464 2 2 5 1 2122 2149 313
2465 2 2 5 1 311 1983 2124
2466 2 2 5 1 1983 2150 2124
2467 2 2 5 1 1983 702 2150
2468 2 2 5 1 2124 2150 737
2469 2 2 5 1 702 2151 2150
2470 2 2 5 1 2151 2152 2150
2471 2 2 5 1 2151 744 2152
2472 2 2 5 1 2150 2152 737
2473 2 2 5 1 702 1982 2151
2474 2 2 5 1 1982 2153 2151
2475 2 2 5 1 1982 387 2153
2476 2 2 5 1 2151 2153 744
2477 2 2 5 1 737 2152 2128
2478 2 2 5 1 2152 2154 2128
2479 2 2 5 1 2152 744 2154
2480 2 2 5 1 2128 2154 396
2481 2 2 5 1 387 2155 2153
2482 2 2 5 1 2155 2156 2153
2483 2 2 5 1 2155 745 2156
2484 2 2 5 1 2153 2156 744
2485 2 2 5 1 745 2157 2156
2486 2 2 5 1 2157 2158 2156
2487 2 2 5 1 2157 746 2158
2488 2 2 5 1 2156 2158 744
2489 2 2 5 1 745 2159 2157
2490 2 2 5 1 2159 2160 2157
2491 2 2 5 1 2159 358 2160
2492 2 2 5 1 2157 2160 746
2493 2 2 5 1 744 2158 2154
2494 2 2 5 1 2158 2161 2154
2495 2 2 5 1 2158 746 2161
2496 2 2 5 1 2154 2161 396
2497 2 2 5 1 387 1978 2155
2498 2 2 5 1 1978 2162 2155
2499 2 2 5 1 1978 701 2162
2500 2 2 5 1 2155 2162 745
2501 2 2 5 1 701 2163 2162
2502 2 2 5 1 2163 2164 2162
2503 2 2 5 1 2163 596 2164
2504 2 2 5 1 2162 2164 745
2505 2 2 5 1 701 1977 2163
2506 2 2 5 1 1977 1576 2163
2507 2 2 5 1 1977 292 1576
2508 2 2 5 1 2163 1576 596
2509 2 2 5 1 745 2164 2159
2510 2 2 5 1 2164 1572 2159
2511 2 2 5 1 2164 596 1572
2512 2 2 5 1 2159 1572 358
2513 2 2 5 1 396 2161 2138
2514 2 2 5 1 2161 2165 2138
2515 2 2 5 1 2161 746 2165
2516 2 2 5 1 2138 2165 741
2517 2 2 5 1 746 2166 2165
2518 2 2 5 1 2166 2167 2165
2519 2 2 5 1 2166 592 2167
2520 2 2 5 1 2165 2167 741
2521 2 2 5 1 746 2160 2166
2522 2 2 5 1 2160 1562 2166
2523 2 2 5 1 2160 358 1562
2524 2 2 5 1 2166 1562 592
2525 2 2 5 1 741 2167 2142
2526 2 2 5 1 2167 1558 2142
2527 2 2 5 1 2167 592 1558
2528 2 2 5 1 2142 1558 302
2529 2 2 5 1 313 2149 2169
2530 2 2 5 1 2149 2168 2169
2531 2 2 5 1 2149 743 2168
2532 2 2 5 1 2169 2168 748
2533 2 2 5 1 743 2170 2168
2534 2 2 5 1 2170 2171 2168
2535 2 2 5 1 2170 747 2171
2536 2 2 5 1 2168 2171 748
2537 2 2 5 1 743 2148 2170
2538 2 2 5 1 2148 2172 2170
2539 2 2 5 1 2148 397 2172
2540 2 2 5 1 2170 2172 747
2541 2 2 5 1 748 2171 2174
2542 2 2 5 1 2171 2173 2174
2543 2 2 5 1 2171 747 2173
2544 2 2 5 1 2174 2173 398
2545 2 2 5 1 397 2175 2172
2546 2 2 5 1 2175 2176 2172
2547 2 2 5 1 2175 749 2176
2548 2 2 5 1 2172 2176 747
2549 2 2 5 1 749 2177 2176
2550 2 2 5 1 2177 2178 2176
2551 2 2 5 1 2177 750 2178
2552 2 2 5 1 2176 2178 747
2553 2 2 5 1 749 2179 2177
2554 2 2 5 1 2179 2180 2177
2555 2 2 5 1 2179 354 2180
2556 2 2 5 1 2177 2180 750
2557 2 2 5 1 747 2178 2173
2558 2 2 5 1 2178 2181 2173
2559 2 2 5 1 2178 750 2181
2560 2 2 5 1 2173 2181 398
2561 2 2 5 1 397 2144 2175
2562 2 2 5 1 2144 2182 2175
2563 2 2 5 1 2144 742 2182
2564 2 2 5 1 2175 2182 749
2565 2 2 5 1 742 2183 2182
2566 2 2 5 1 2183 2184 2182
2567 2 2 5 1 2183 582 2184
2568 2 2 5 1 2182 2184 749
2569 2 2 5 1 742 2143 2183
2570 2 2 5 1 2143 1524 2183
2571 2 2 5 1 2143 302 1524
2572 2 2 5 1 2183 1524 582
2573 2 2 5 1 749 2184 2179
2574 2 2 5 1 2184 1520 2179
2575 2 2 5 1 2184 582 1520
2576 2 2 5 1 2179 1520 354
2577 2 2 5 1 398 2181 2186
2578 2 2 5 1 2181 2185 2186
2579 2 2 5 1 2181 750 2185
2580 2 2 5 1 2186 2185 751
2581 2 2 5 1 750 2187 2185
2582 2 2 5 1 2187 2188 2185
2583 2 2 5 1 2187 578 2188
2584 2 2 5 1 2185 2188 751
2585 2 2 5 1 750 2180 2187
2586 2 2 5 1 2180 1510 2187
2587 2 2 5 1 2180 354 1510
2588 2 2 5 1 2187 1510 578
2589 2 2 5 1 751 2188 2189
2590 2 2 5 1 2188 1506 2189
2591 2 2 5 1 2188 578 1506
2592 2 2 5 1 2189 1506 84
2593 2 2 5 1 100 1705 2191
2594 2 2 5 1 1705 2190 2191
2595 2 2 5 1 1705 629 2190
2596 2 2 5 1 2191 2190 753
2597 2 2 5 1 629 2192 2190
2598 2 2 5 1 2192 2193 2190
2599 2 2 5 1 2192 752 2193
2600 2 2 5 1 2190 2193 753
2601 2 2 5 1 629 1704 2192
2602 2 2 5 1 1704 2194 2192
2603 2 2 5 1 1704 367 2194
2604 2 2 5 1 2192 2194 752
2605 2 2 5 1 753 2193 2196
2606 2 2 5 1 2193 2195 2196
2607 2 2 5 1 2193 752 2195
2608 2 2 5 1 2196 2195 400
2609 2 2 5 1 367 2197 2194
2610 2 2 5 1 2197 2198 2194
2611 2 2 5 1 2197 754 2198
2612 2 2 5 1 2194 2198 752
2613 2 2 5 1 754 2199 2198
2614 2 2 5 1 2199 2200 2198
2615 2 2 5 1 2199 755 2200
2616 2 2 5 1 2198 2200 752
2617 2 2 5 1 754 2201 2199
2618 2 2 5 1 2201 2202 2199
2619 2 2 5 1 2201 399 2202
2620 2 2 5 1 2199 2202 755
2621 2 2 5 1 752 2200 2195
2622 2 2 5 1 2200 2203 2195
2623 2 2 5 1 2200 755 2203
2624 2 2 5 1 2195 2203 400
2625 2 2 5 1 367 1700 2197
2626 2 2 5 1 1700 2204 2197
2627 2 2 5 1 1700 628 2204
2628 2 2 5 1 2197 2204 754
2629 2 2 5 1 628 2205 2204
2630 2 2 5 1 2205 2206 2204
2631 2 2 5 1 2205 756 2206
2632 2 2 5 1 2204 2206 754
2633 2 2 5 1 628 1699 2205
2634 2 2 5 1 1699 2207 2205
2635 2 2 5 1 1699 305 2207
2636 2 2 5 1 2205 2207 756
2637 2 2 5 1 754 2206 2201
2638 2 2 5 1 2206 2208 2201
2639 2 2 5 1 2206 756 2208
2640 2 2 5 1 2201 2208 399
2641 2 2 5 1 400 2203 2210
2642 2 2 5 1 2203 2209 2210
2643 2 2 5 1 2203 755 2209
2644 2 2 5 1 2210 2209 758
2645 2 2 5 1 755 2211 2209
2646 2 2 5 1 2211 2212 2209
2647 2 2 5 1 2211 757 2212
2648 2 2 5 1 2209 2212 758
2649 2 2 5 1 755 2202 2211
2650 2 2 5 1 2202 2213 2211
2651 2 2 5 1 2202 399 2213
2652 2 2 5 1 2211 2213 757
2653 2 2 5 1 758 2212 2215
2654 2 2 5 1 2212 2214 2215
2655 2 2 5 1 2212 757 2214
2656 2 2 5 1 2215 2214 314
2657 2 2 5 1 305 2216 2207
2658 2 2 5 1 2216 2217 2207
2659 2 2 5 1 2216 759 2217
2660 2 2 5 1 2207 2217 756
2661 2 2 5 1 759 2218 2217
2662 2 2 5 1 2218 2219 2217
2663 2 2 5 1 2218 760 2219
2664 2 2 5 1 2217 2219 756
2665 2 2 5 1 759 2220 2218
2666 2 2 5 1 2220 2221 2218
2667 2 2 5 1 2220 401 2221
2668 2 2 5 1 2218 2221 760
2669 2 2 5 1 756 2219 2208
2670 2 2 5 1 2219 2222 2208
2671 2 2 5 1 2219 760 2222
2672 2 2 5 1 2208 2222 399
2673 2 2 5 1 401 2223 2221
2674 2 2 5 1 2223 2224 2221
2675 2 2 5 1 2223 761 2224
2676 2 2 5 1 2221 2224 760
2677 2 2 5 1 761 2225 2224
2678 2 2 5 1 2225 2226 2224
2679 2 2 5 1 2225 762 2226
2680 2 2 5 1 2224 2226 760
2681 2 2 5 1 761 2227 2225
2682 2 2 5 1 2227 2228 2225
2683 2 2 5 1 2227 402 2228
2684 2 2 5 1 2225 2228 762
2685 2 2 5 1 760 2226 2222
2686 2 2 5 1 2226 2229 2222
2687 2 2 5 1 2226 762 2229
2688 2 2 5 1 2222 2229 399
2689 2 2 5 1 401 2230 2223
2690 2 2 5 1 2230 2231 2223
2691 2 2 5 1 2230 763 2231
2692 2 2 5 1 2223 2231 761
2693 2 2 5 1 763 2232 2231
2694 2 2 5 1 2232 2233 2231
2695 2 2 5 1 2232 764 2233
2696 2 2 5 1 2231 2233 761
2697 2 2 5 1 763 2234 2232
2698 2 2 5 1 2234 2235 2232
2699 2 2 5 1 2234 306 2235
2700 2 2 5 1 2232 2235 764
2701 2 2 5 1 761 2233 2227
2702 2 2 5 1 2233 2236 2227
2703 2 2 5 1 2233 764 2236
2704 2 2 5 1 2227 2236 402
2705 2 2 5 1 399 2229 2213
2706 2 2 5 1 2229 2237 2213
2707 2 2 5 1 2229 762 2237
2708 2 2 5 1 2213 2237 757
2709 2 2 5 1 762 2238 2237
2710 2 2 5 1 2238 2239 2237
2711 2 2 5 1 2238 765 2239
2712 2 2 5 1 2237 2239 757
2713 2 2 5 1 762 2228 2238
2714 2 2 5 1 2228 2240 2238
2715 2 2 5 1 2228 402 2240
2716 2 2 5 1 2238 2240 765
2717 2 2 5 1 757 2239 2214
2718 2 2 5 1 2239 2241 2214
2719 2 2 5 1 2239 765 2241
2720 2 2 5 1 2214 2241 314
2721 2 2 5 1 305 1683 2216
2722 2 2 5 1 1683 2242 2216
2723 2 2 5 1 1683 624 2242
2724 2 2 5 1 2216 2242 759
2725 2 2 5 1 624 2243 2242
2726 2 2 5 1 2243 2244 2242
2727 2 2 5 1 2243 766 2244
2728 2 2 5 1 2242 2244 759
2729 2 2 5 1 624 1682 2243
2730 2 2 5 1 1682 2245 2243
2731 2 2 5 1 1682 366 2245
2732 2 2 5 1 2243 2245 766
2733 2 2 5 1 759 2244 2220
2734 2 2 5 1 2244 2246 2220
2735 2 2 5 1 2244 766 2246
2736 2 2 5 1 2220 2246 401
2737 2 2 5 1 366 2247 2245
2738 2 2 5 1 2247 2248 2245
2739 2 2 5 1 2247 767 2248
2740 2 2 5 1 2245 2248 766
2741 2 2 5 1 767 2249 2248
2742 2 2 5 1 2249 2250 2248
2743 2 2 5 1 2249 768 2250
2744 2 2 5 1 2248 2250 766
2745 2 2 5 1 767 2251 2249
2746 2 2 5 1 2251 2252 2249
2747 2 2 5 1 2251 372 2252
2748 2 2 5 1 2249 2252 768
2749 2 2 5 1 766 2250 2246
2750 2 2 5 1 2250 2253 2246
2751 2 2 5 1 2250 768 2253
2752 2 2 5 1 2246 2253 401
2753 2 2 5 1 366 1678 2247
2754 2 2 5 1 1678 2254 2247
2755 2 2 5 1 1678 623 2254
2756 2 2 5 1 2247 2254 767
2757 2 2 5 1 623 2255 2254
2758 2 2 5 1 2255 2256 2254
2759 2 2 5 1 2255 648 2256
2760 2 2 5 1 2254 2256 767
2761 2 2 5 1 623 1677 2255
2762 2 2 5 1 1677 1776 2255
2763 2 2 5 1 1677 291 1776
2764 2 2 5 1 2255 1776 648
2765 2 2 5 1 767 2256 2251
2766 2 2 5 1 2256 1772 2251
2767 2 2 5 1 2256 648 1772
2768 2 2 5 1 2251 1772 372
2769 2 2 5 1 401 2253 2230
2770 2 2 5 1 2253 2257 2230
2771 2 2 5 1 2253 768 2257
2772 2 2 5 1 2230 2257 763
2773 2 2 5 1 768 2258 2257
2774 2 2 5 1 2258 2259 2257
2775 2 2 5 1 2258 644 2259
2776 2 2 5 1 2257 2259 763
2777 2 2 5 1 768 2252 2258
2778 2 2 5 1 2252 1762 2258
2779 2 2 5 1 2252 372 1762
2780 2 2 5 1 2258 1762 644
2781 2 2 5 1 763 2259 2234
2782 2 2 5 1 2259 1758 2234
2783 2 2 5 1 2259 644 1758
2784 2 2 5 1 2234 1758 306
2785 2 2 5 1 314 2241 2261
2786 2 2 5 1 2241 2260 2261
2787 2 2 5 1 2241 765 2260
2788 2 2 5 1 2261 2260 770
2789 2 2 5 1 765 2262 2260
2790 2 2 5 1 2262 2263 2260
2791 2 2 5 1 2262 769 2263
2792 2 2 5 1 2260 2263 770
2793 2 2 5 1 765 2240 2262
2794 2 2 5 1 2240 2264 2262
2795 2 2 5 1 2240 402 2264
2796 2 2 5 1 2262 2264 769
2797 2 2 5 1 770 2263 2266
2798 2 2 5 1 2263 2265 2266
2799 2 2 5 1 2263 769 2265
2800 2 2 5 1 2266 2265 403
2801 2 2 5 1 402 2267 2264
2802 2 2 5 1 2267 2268 2264
2803 2 2 5 1 2267 771 2268
2804 2 2 5 1 2264 2268 769
2805 2 2 5 1 771 2269 2268
2806 2 2 5 1 2269 2270 2268
2807 2 2 5 1 2269 772 2270
2808 2 2 5 1 2268 2270 769
2809 2 2 5 1 771 2271 2269
2810 2 2 5 1 2271 2272 2269
2811 2 2 5 1 2271 368 2272
2812 2 2 5 1 2269 2272 772
2813 2 2 5 1 769 2270 2265
2814 2 2 5 1 2270 2273 2265
2815 2 2 5 1 2270 772 2273
2816 2 2 5 1 2265 2273 403
2817 2 2 5 1 402 2236 2267
2818 2 2 5 1 2236 2274 2267
2819 2 2 5 1 2236 764 2274
2820 2 2 5 1 2267 2274 771
2821 2 2 5 1 764 2275 2274
2822 2 2 5 1 2275 2276 2274
2823 2 2 5 1 2275 634 2276
2824 2 2 5 1 2274 2276 771
2825 2 2 5 1 764 2235 2275
2826 2 2 5 1 2235 1724 2275
2827 2 2 5 1 2235 306 1724
2828 2 2 5 1 2275 1724 634
2829 2 2 5 1 771 2276 2271
2830 2 2 5 1 2276 1720 2271
2831 2 2 5 1 2276 634 1720
2832 2 2 5 1 2271 1720 368
2833 2 2 5 1 403 2273 2278
2834 2 2 5 1 2273 2277 2278
2835 2 2 5 1 2273 772 2277
2836 2 2 5 1 2278 2277 773
2837 2 2 5 1 772 2279 2277
2838 2 2 5 1 2279 2280 2277
2839 2 2 5 1 2279 630 2280
2840 2 2 5 1 2277 2280 773
2841 2 2 5 1 772 2272 2279
2842 2 2 5 1 2272 1710 2279
2843 2 2 5 1 2272 368 1710
2844 2 2 5 1 2279 1710 630
2845 2 2 5 1 773 2280 2281
2846 2 2 5 1 2280 1706 2281
2847 2 2 5 1 2280 630 1706
2848 2 2 5 1 2281 1706 290
2849 2 2 5 1 242 2282 1306
2850 2 2 5 1 2282 2283 1306
2851 2 2 5 1 2282 774 2283
2852 2 2 5 1 1306 2283 526
2853 2 2 5 1 774 2284 2283
2854 2 2 5 1 2284 2285 2283
2855 2 2 5 1 2284 775 2285
2856 2 2 5 1 2283 2285 526
2857 2 2 5 1 774 2286 2284
2858 2 2 5 1 2286 2287 2284
2859 2 2 5 1 2286 404 2287
2860 2 2 5 1 2284 2287 775
2861 2 2 5 1 526 2285 1310
2862 2 2 5 1 2285 2288 1310
2863 2 2 5 1 2285 775 2288
2864 2 2 5 1 1310 2288 340
2865 2 2 5 1 404 2289 2287
2866 2 2 5 1 2289 2290 2287
2867 2 2 5 1 2289 776 2290
2868 2 2 5 1 2287 2290 775
2869 2 2 5 1 776 2291 2290
2870 2 2 5 1 2291 2292 2290
2871 2 2 5 1 2291 777 2292
2872 2 2 5 1 2290 2292 775
2873 2 2 5 1 776 2293 2291
2874 2 2 5 1 2293 2294 2291
2875 2 2 5 1 2293 405 2294
2876 2 2 5 1 2291 2294 777
2877 2 2 5 1 775 2292 2288
2878 2 2 5 1 2292 2295 2288
2879 2 2 5 1 2292 777 2295
2880 2 2 5 1 2288 2295 340
2881 2 2 5 1 404 2296 2289
2882 2 2 5 1 2296 2297 2289
2883 2 2 5 1 2296 778 2297
2884 2 2 5 1 2289 2297 776
2885 2 2 5 1 778 2298 2297
2886 2 2 5 1 2298 2299 2297
2887 2 2 5 1 2298 779 2299
2888 2 2 5 1 2297 2299 776
2889 2 2 5 1 778 2300 2298
2890 2 2 5 1 2300 2301 2298
2891 2 2 5 1 2300 315 2301
2892 2 2 5 1 2298 2301 779
2893 2 2 5 1 776 2299 2293
2894 2 2 5 1 2299 2302 2293
2895 2 2 5 1 2299 779 2302
2896 2 2 5 1 2293 2302 405
2897 2 2 5 1 340 2295 1320
2898 2 2 5 1 2295 2303 1320
2899 2 2 5 1 2295 777 2303
2900 2 2 5 1 1320 2303 530
2901 2 2 5 1 777 2304 2303
2902 2 2 5 1 2304 2305 2303
2903 2 2 5 1 2304 780 2305
2904 2 2 5 1 2303 2305 530
2905 2 2 5 1 777 2294 2304
2906 2 2 5 1 2294 2306 2304
2907 2 2 5 1 2294 405 2306
2908 2 2 5 1 2304 2306 780
2909 2 2 5 1 530 2305 1324
2910 2 2 5 1 2305 2307 1324
2911 2 2 5 1 2305 780 2307
2912 2 2 5 1 1324 2307 298
2913 2 2 5 1 315 2308 2301
2914 2 2 5 1 2308 2309 2301
2915 2 2 5 1 2308 781 2309
2916 2 2 5 1 2301 2309 779
2917 2 2 5 1 781 2310 2309
2918 2 2 5 1 2310 2311 2309
2919 2 2 5 1 2310 782 2311
2920 2 2 5 1 2309 2311 779
2921 2 2 5 1 781 2312 2310
2922 2 2 5 1 2312 2313 2310
2923 2 2 5 1 2312 406 2313
2924 2 2 5 1 2310 2313 782
2925 2 2 5 1 779 2311 2302
2926 2 2 5 1 2311 2314 2302
2927 2 2 5 1 2311 782 2314
2928 2 2 5 1 2302 2314 405
2929 2 2 5 1 406 2315 2313
2930 2 2 5 1 2315 2316 2313
2931 2 2 5 1 2315 783 2316
2932 2 2 5 1 2313 2316 782
2933 2 2 5 1 783 2317 2316
2934 2 2 5 1 2317 2318 2316
2935 2 2 5 1 2317 784 2318
2936 2 2 5 1 2316 2318 782
2937 2 2 5 1 783 2319 2317
2938 2 2 5 1 2319 2320 2317
2939 2 2 5 1 2319 407 2320
2940 2 2 5 1 2317 2320 784
2941 2 2 5 1 782 2318 2314
2942 2 2 5 1 2318 2321 2314
2943 2 2 5 1 2318 784 2321
2944 2 2 5 1 2314 2321 405
2945 2 2 5 1 406 2322 2315
2946 2 2 5 1 2322 2323 2315
2947 2 2 5 1 2322 785 2323
2948 2 2 5 1 2315 2323 783
2949 2 2 5 1 785 2324 2323
2950 2 2 5 1 2324 2325 2323
2951 2 2 5 1 2324 786 2325
2952 2 2 5 1 2323 2325 783
2953 2 2 5 1 785 2326 2324
2954 2 2 5 1 2326 2327 2324
2955 2 2 5 1 2326 316 2327
2956 2 2 5 1 2324 2327 786
2957 2 2 5 1 783 2325 2319
2958 2 2 5 1 2325 2328 2319
2959 2 2 5 1 2325 786 2328
2960 2 2 5 1 2319 2328 407
2961 2 2 5 1 405 2321 2306
2962 2 2 5 1 2321 2329 2306
2963 2 2 5 1 2321 784 2329
2964 2 2 5 1 2306 2329 780
2965 2 2 5 1 784 2330 2329
2966 2 2 5 1 2330 2331 2329
2967 2 2 5 1 2330 787 2331
2968 2 2 5 1 2329 2331 780
2969 2 2 5 1 784 2320 2330
2970 2 2 5 1 2320 2332 2330
2971 2 2 5 1 2320 407 2332
2972 2 2 5 1 2330 2332 787
2973 2 2 5 1 780 2331 2307
2974 2 2 5 1 2331 2333 2307
2975 2 2 5 1 2331 787 2333
2976 2 2 5 1 2307 2333 298
2977 2 2 5 1 315 2334 2308
2978 2 2 5 1 2334 2335 2308
2979 2 2 5 1 2334 788 2335
2980 2 2 5 1 2308 2335 781
2981 2 2 5 1 788 2336 2335
2982 2 2 5 1 2336 2337 2335
2983 2 2 5 1 2336 789 2337
2984 2 2 5 1 2335 2337 781
2985 2 2 5 1 788 2338 2336
2986 2 2 5 1 2338 2339 2336
2987 2 2 5 1 2338 408 2339
2988 2 2 5 1 2336 2339 789
2989 2 2 5 1 781 2337 2312
2990 2 2 5 1 2337 2340 2312
2991 2 2 5 1 2337 789 2340
2992 2 2 5 1 2312 2340 406
2993 2 2 5 1 408 2341 2339
2994 2 2 5 1 2341 2342 2339
2995 2 2 5 1 2341 790 2342
2996 2 2 5 1 2339 2342 789
2997 2 2 5 1 790 2343 2342
2998 2 2 5 1 2343 2344 2342
2999 2 2 5 1 2343 791 2344
3000 2 2 5 1 2342 2344 789
3001 2 2 5 1 790 2345 2343
3002 2 2 5 1 2345 2346 2343
3003 2 2 5 1 2345 409 2346
3004 2 2 5 1 2343 2346 791
3005 2 2 5 1 789 2344 2340
3006 2 2 5 1 2344 2347 2340
3007 2 2 5 1 2344 791 2347
3008 2 2 5 1 2340 2347 406
3009 2 2 5 1 408 2348 2341
3010 2 2 5 1 2348 2349 2341
3011 2 2 5 1 2348 792 2349
3012 2 2 5 1 2341 2349 790
3013 2 2 5 1 792 2350 2349
3014 2 2 5 1 2350 2351 2349
3015 2 2 5 1 2350 793 2351
3016 2 2 5 1 2349 2351 790
3017 2 2 5 1 792 2352 2350
3018 2 2 5 1 2352 2353 2350
3019 2 2 5 1 2352 293 2353
3020 2 2 5 1 2350 2353 793
3021 2 2 5 1 790 2351 2345
3022 2 2 5 1 2351 2354 2345
3023 2 2 5 1 2351 793 2354
3024 2 2 5 1 2345 2354 409
3025 2 2 5 1 406 2347 2322
3026 2 2 5 1 2347 2355 2322
3027 2 2 5 1 2347 791 2355
3028 2 2 5 1 2322 2355 785
3029 2 2 5 1 791 2356 2355
3030 2 2 5 1 2356 2357 2355
3031 2 2 5 1 2356 794 2357
3032 2 2 5 1 2355 2357 785
3033 2 2 5 1 791 2346 2356
3034 2 2 5 1 2346 2358 2356
3035 2 2 5 1 2346 409 2358
3036 2 2 5 1 2356 2358 794
3037 2 2 5 1 785 2357 2326
3038 2 2 5 1 2357 2359 2326
3039 2 2 5 1 2357 794 2359
3040 2 2 5 1 2326 2359 316
3041 2 2 5 1 298 2333 1358
3042 2 2 5 1 2333 2360 1358
3043 2 2 5 1 2333 787 2360
3044 2 2 5 1 1358 2360 540
3045 2 2 5 1 787 2361 2360
3046 2 2 5 1 2361 2362 2360
3047 2 2 5 1 2361 795 2362
3048 2 2 5 1 2360 2362 540
3049 2 2 5 1 787 2332 2361
3050 2 2 5 1 2332 2363 2361
3051 2 2 5 1 2332 407 2363
3052 2 2 5 1 2361 2363 795
3053 2 2 5 1 540 2362 1362
3054 2 2 5 1 2362 2364 1362
3055 2 2 5 1 2362 795 2364
3056 2 2 5 1 1362 2364 344
3057 2 2 5 1 407 2365 2363
3058 2 2 5 1 2365 2366 2363
3059 2 2 5 1 2365 796 2366
3060 2 2 5 1 2363 2366 795
3061 2 2 5 1 796 2367 2366
3062 2 2 5 1 2367 2368 2366
3063 2 2 5 1 2367 797 2368
3064 2 2 5 1 2366 2368 795
3065 2 2 5 1 796 2369 2367
3066 2 2 5 1 2369 2370 2367
3067 2 2 5 1 2369 410 2370
3068 2 2 5 1 2367 2370 797
3069 2 2 5 1 795 2368 2364
3070 2 2 5 1 2368 2371 2364
3071 2 2 5 1 2368 797 2371
3072 2 2 5 1 2364 2371 344
3073 2 2 5 1 407 2328 2365
3074 2 2 5 1 2328 2372 2365
3075 2 2 5 1 2328 786 2372
3076 2 2 5 1 2365 2372 796
3077 2 2 5 1 786 2373 2372
3078 2 2 5 1 2373 2374 2372
3079 2 2 5 1 2373 798 2374
3080 2 2 5 1 2372 2374 796
3081 2 2 5 1 786 2327 2373
3082 2 2 5 1 2327 2375 2373
3083 2 2 5 1 2327 316 2375
3084 2 2 5 1 2373 2375 798
3085 2 2 5 1 796 2374 2369
3086 2 2 5 1 2374 2376 2369
3087 2 2 5 1 2374 798 2376
3088 2 2 5 1 2369 2376 410
3089 2 2 5 1 344 2371 1372
3090 2 2 5 1 2371 2377 1372
3091 2 2 5 1 2371 797 2377
3092 2 2 5 1 1372 2377 544
3093 2 2 5 1 797 2378 2377
3094 2 2 5 1 2378 2379 2377
3095 2 2 5 1 2378 799 2379
3096 2 2 5 1 2377 2379 544
3097 2 2 5 1 797 2370 2378
3098 2 2 5 1 2370 2380 2378
3099 2 2 5 1 2370 410 2380
3100 2 2 5 1 2378 2380 799
3101 2 2 5 1 544 2379 1376
3102 2 2 5 1 2379 2381 1376
3103 2 2 5 1 2379 799 2381
3104 2 2 5 1 1376 2381 289
3105 2 2 5 1 116 2382 1606
3106 2 2 5 1 2382 2383 1606
3107 2 2 5 1 2382 800 2383
3108 2 2 5 1 1606 2383 604
3109 2 2 5 1 800 2384 2383
3110 2 2 5 1 2384 2385 2383
3111 2 2 5 1 2384 801 2385
3112 2 2 5 1 2383 2385 604
3113 2 2 5 1 800 2386 2384
3114 2 2 5 1 2386 2387 2384
3115 2 2 5 1 2386 411 2387
3116 2 2 5 1 2384 2387 801
3117 2 2 5 1 604 2385 1610
3118 2 2 5 1 2385 2388 1610
3119 2 2 5 1 2385 801 2388
3120 2 2 5 1 1610 2388 361
3121 2 2 5 1 411 2389 2387
3122 2 2 5 1 2389 2390 2387
3123 2 2 5 1 2389 802 2390
3124 2 2 5 1 2387 2390 801
3125 2 2 5 1 802 2391 2390
3126 2 2 5 1 2391 2392 2390
3127 2 2 5 1 2391 803 2392
3128 2 2 5 1 2390 2392 801
3129 2 2 5 1 802 2393 2391
3130 2 2 5 1 2393 2394 2391
3131 2 2 5 1 2393 412 2394
3132 2 2 5 1 2391 2394 803
3133 2 2 5 1 801 2392 2388
3134 2 2 5 1 2392 2395 2388
3135 2 2 5 1 2392 803 2395
3136 2 2 5 1 2388 2395 361
3137 2 2 5 1 411 2396 2389
3138 2 2 5 1 2396 2397 2389
3139 2 2 5 1 2396 804 2397
3140 2 2 5 1 2389 2397 802
3141 2 2 5 1 804 2398 2397
3142 2 2 5 1 2398 2399 2397
3143 2 2 5 1 2398 805 2399
3144 2 2 5 1 2397 2399 802
3145 2 2 5 1 804 2400 2398
3146 2 2 5 1 2400 2401 2398
3147 2 2 5 1 2400 317 2401
3148 2 2 5 1 2398 2401 805
3149 2 2 5 1 802 2399 2393
3150 2 2 5 1 2399 2402 2393
3151 2 2 5 1 2399 805 2402
3152 2 2 5 1 2393 2402 412
3153 2 2 5 1 361 2395 1620
3154 2 2 5 1 2395 2403 1620
3155 2 2 5 1 2395 803 2403
3156 2 2 5 1 1620 2403 608
3157 2 2 5 1 803 2404 2403
3158 2 2 5 1 2404 2405 2403
3159 2 2 5 1 2404 806 2405
3160 2 2 5 1 2403 2405 608
3161 2 2 5 1 803 2394 2404
3162 2 2 5 1 2394 2406 2404
3163 2 2 5 1 2394 412 2406
3164 2 2 5 1 2404 2406 806
3165 2 2 5 1 608 2405 1624
3166 2 2 5 1 2405 2407 1624
3167 2 2 5 1 2405 806 2407
3168 2 2 5 1 1624 2407 304
3169 2 2 5 1 317 2408 2401
3170 2 2 5 1 2408 2409 2401
3171 2 2 5 1 2408 807 2409
3172 2 2 5 1 2401 2409 805
3173 2 2 5 1 807 2410 2409
3174 2 2 5 1 2410 2411 2409
3175 2 2 5 1 2410 808 2411
3176 2 2 5 1 2409 2411 805
3177 2 2 5 1 807 2412 2410
3178 2 2 5 1 2412 2413 2410
3179 2 2 5 1 2412 413 2413
3180 2 2 5 1 2410 2413 808
3181 2 2 5 1 805 2411 2402
3182 2 2 5 1 2411 2414 2402
3183 2 2 5 1 2411 808 2414
3184 2 2 5 1 2402 2414 412
3185 2 2 5 1 413 2415 2413
3186 2 2 5 1 2415 2416 2413
3187 2 2 5 1 2415 809 2416
3188 2 2 5 1 2413 2416 808
3189 2 2 5 1 809 2417 2416
3190 2 2 5 1 2417 2418 2416
3191 2 2 5 1 2417 810 2418
3192 2 2 5 1 2416 2418 808
3193 2 2 5 1 809 2419 2417
3194 2 2 5 1 2419 2420 2417
3195 2 2 5 1 2419 414 2420
3196 2 2 5 1 2417 2420 810
3197 2 2 5 1 808 2418 2414
3198 2 2 5 1 2418 2421 2414
3199 2 2 5 1 2418 810 2421
3200 2 2 5 1 2414 2421 412
3201 2 2 5 1 413 2422 2415
3202 2 2 5 1 2422 2423 2415
3203 2 2 5 1 2422 811 2423
3204 2 2 5 1 2415 2423 809
3205 2 2 5 1 811 2424 2423
3206 2 2 5 1 2424 2425 2423
3207 2 2 5 1 2424 812 2425
3208 2 2 5 1 2423 2425 809
3209 2 2 5 1 811 2426 2424
3210 2 2 5 1 2426 2427 2424
3211 2 2 5 1 2426 318 2427
3212 2 2 5 1 2424 2427 812
3213 2 2 5 1 809 2425 2419
3214 2 2 5 1 2425 2428 2419
3215 2 2 5 1 2425 812 2428
3216 2 2 5 1 2419 2428 414
3217 2 2 5 1 412 2421 2406
3218 2 2 5 1 2421 2429 2406
3219 2 2 5 1 2421 810 2429
3220 2 2 5 1 2406 2429 806
3221 2 2 5 1 810 2430 2429
3222 2 2 5 1 2430 2431 2429
3223 2 2 5 1 2430 813 2431
3224 2 2 5 1 2429 2431 806
3225 2 2 5 1 810 2420 2430
3226 2 2 5 1 2420 2432 2430
3227 2 2 5 1 2420 414 2432
3228 2 2 5 1 2430 2432 813
3229 2 2 5 1 806 2431 2407
3230 2 2 5 1 2431 2433 2407
3231 2 2 5 1 2431 813 2433
3232 2 2 5 1 2407 2433 304
3233 2 2 5 1 317 2434 2408
3234 2 2 5 1 2434 2435 2408
3235 2 2 5 1 2434 814 2435
3236 2 2 5 1 2408 2435 807
3237 2 2 5 1 814 2436 2435
3238 2 2 5 1 2436 2437 2435
3239 2 2 5 1 2436 815 2437
3240 2 2 5 1 2435 2437 807
3241 2 2 5 1 814 2438 2436
3242 2 2 5 1 2438 2439 2436
3243 2 2 5 1 2438 415 2439
3244 2 2 5 1 2436 2439 815
3245 2 2 5 1 807 2437 2412
3246 2 2 5 1 2437 2440 2412
3247 2 2 5 1 2437 815 2440
3248 2 2 5 1 2412 2440 413
3249 2 2 5 1 415 2441 2439
3250 2 2 5 1 2441 2442 2439
3251 2 2 5 1 2441 816 2442
3252 2 2 5 1 2439 2442 815
3253 2 2 5 1 816 2443 2442
3254 2 2 5 1 2443 2444 2442
3255 2 2 5 1 2443 817 2444
3256 2 2 5 1 2442 2444 815
3257 2 2 5 1 816 2445 2443
3258 2 2 5 1 2445 2446 2443
3259 2 2 5 1 2445 416 2446
3260 2 2 5 1 2443 2446 817
3261 2 2 5 1 815 2444 2440
3262 2 2 5 1 2444 2447 2440
3263 2 2 5 1 2444 817 2447
3264 2 2 5 1 2440 2447 413
3265 2 2 5 1 415 2448 2441
3266 2 2 5 1 2448 2449 2441
3267 2 2 5 1 2448 818 2449
3268 2 2 5 1 2441 2449 816
3269 2 2 5 1 818 2450 2449
3270 2 2 5 1 2450 2451 2449
3271 2 2 5 1 2450 819 2451
3272 2 2 5 1 2449 2451 816
3273 2 2 5 1 818 2452 2450
3274 2 2 5 1 2452 2453 2450
3275 2 2 5 1 2452 294 2453
3276 2 2 5 1 2450 2453 819
3277 2 2 5 1 816 2451 2445
3278 2 2 5 1 2451 2454 2445
3279 2 2 5 1 2451 819 2454
3280 2 2 5 1 2445 2454 416
3281 2 2 5 1 413 2447 2422
3282 2 2 5 1 2447 2455 2422
3283 2 2 5 1 2447 817 2455
3284 2 2 5 1 2422 2455 811
3285 2 2 5 1 817 2456 2455
3286 2 2 5 1 2456 2457 2455
3287 2 2 5 1 2456 820 2457
3288 2 2 5 1 2455 2457 811
3289 2 2 5 1 817 2446 2456
3290 2 2 5 1 2446 2458 2456
3291 2 2 5 1 2446 416 2458
3292 2 2 5 1 2456 2458 820
3293 2 2 5 1 811 2457 2426
3294 2 2 5 1 2457 2459 2426
3295 2 2 5 1 2457 820 2459
3296 2 2 5 1 2426 2459 318
3297 2 2 5 1 304 2433 1658
3298 2 2 5 1 2433 2460 1658
3299 2 2 5 1 2433 813 2460
3300 2 2 5 1 1658 2460 618
3301 2 2 5 1 813 2461 2460
3302 2 2 5 1 2461 2462 2460
3303 2 2 5 1 2461 821 2462
3304 2 2 5 1 2460 2462 618
3305 2 2 5 1 813 2432 2461
3306 2 2 5 1 2432 2463 2461
3307 2 2 5 1 2432 414 2463
3308 2 2 5 1 2461 2463 821
3309 2 2 5 1 618 2462 1662
3310 2 2 5 1 2462 2464 1662
3311 2 2 5 1 2462 821 2464
3312 2 2 5 1 1662 2464 365
3313 2 2 5 1 414 2465 2463
3314 2 2 5 1 2465 2466 2463
3315 2 2 5 1 2465 822 2466
3316 2 2 5 1 2463 2466 821
3317 2 2 5 1 822 2467 2466
3318 2 2 5 1 2467 2468 2466
3319 2 2 5 1 2467 823 2468
3320 2 2 5 1 2466 2468 821
3321 2 2 5 1 822 2469 2467
3322 2 2 5 1 2469 2470 2467
3323 2 2 5 1 2469 417 2470
3324 2 2 5 1 2467 2470 823
3325 2 2 5 1 821 2468 2464
3326 2 2 5 1 2468 2471 2464
3327 2 2 5 1 2468 823 2471
3328 2 2 5 1 2464 2471 365
3329 2 2 5 1 414 2428 2465
3330 2 2 5 1 2428 2472 2465
3331 2 2 5 1 2428 812 2472
3332 2 2 5 1 2465 2472 822
3333 2 2 5 1 812 2473 2472
3334 2 2 5 1 2473 2474 2472
3335 2 2 5 1 2473 824 2474
3336 2 2 5 1 2472 2474 822
3337 2 2 5 1 812 2427 2473
3338 2 2 5 1 2427 2475 2473
3339 2 2 5 1 2427 318 2475
3340 2 2 5 1 2473 2475 824
3341 2 2 5 1 822 2474 2469
3342 2 2 5 1 2474 2476 2469
3343 2 2 5 1 2474 824 2476
3344 2 2 5 1 2469 2476 417
3345 2 2 5 1 365 2471 1672
3346 2 2 5 1 2471 2477 1672
3347 2 2 5 1 2471 823 2477
3348 2 2 5 1 1672 2477 622
3349 2 2 5 1 823 2478 2477
3350 2 2 5 1 2478 2479 2477
3351 2 2 5 1 2478 825 2479
3352 2 2 5 1 2477 2479 622
3353 2 2 5 1 823 2470 2478
3354 2 2 5 1 2470 2480 2478
3355 2 2 5 1 2470 417 2480
3356 2 2 5 1 2478 2480 825
3357 2 2 5 1 622 2479 1676
3358 2 2 5 1 2479 2481 1676
3359 2 2 5 1 2479 825 2481
3360 2 2 5 1 1676 2481 291
3361 2 2 5 1 194 1805 193
3362 2 2 5 1 1805 2482 193
3363 2 2 5 1 1805 655 2482
3364 2 2 5 1 193 2482 192
3365 2 2 5 1 655 2483 2482
3366 2 2 5 1 2483 2484 2482
3367 2 2 5 1 2483 826 2484
3368 2 2 5 1 2482 2484 192
3369 2 2 5 1 655 1804 2483
3370 2 2 5 1 1804 2485 2483
3371 2 2 5 1 1804 374 2485
3372 2 2 5 1 2483 2485 826
3373 2 2 5 1 192 2484 191
3374 2 2 5 1 2484 2486 191
3375 2 2 5 1 2484 826 2486
3376 2 2 5 1 191 2486 190
3377 2 2 5 1 374 2487 2485
3378 2 2 5 1 2487 2488 2485
3379 2 2 5 1 2487 827 2488
3380 2 2 5 1 2485 2488 826
3381 2 2 5 1 827 2489 2488
3382 2 2 5 1 2489 2490 2488
3383 2 2 5 1 2489 828 2490
3384 2 2 5 1 2488 2490 826
3385 2 2 5 1 827 2491 2489
3386 2 2 5 1 2491 2492 2489
3387 2 2 5 1 2491 418 2492
3388 2 2 5 1 2489 2492 828
3389 2 2 5 1 826 2490 2486
3390 2 2 5 1 2490 2493 2486
3391 2 2 5 1 2490 828 2493
3392 2 2 5 1 2486 2493 190
3393 2 2 5 1 374 1800 2487
3394 2 2 5 1 1800 2494 2487
3395 2 2 5 1 1800 654 2494
3396 2 2 5 1 2487 2494 827
3397 2 2 5 1 654 2495 2494
3398 2 2 5 1 2495 2496 2494
3399 2 2 5 1 2495 829 2496
3400 2 2 5 1 2494 2496 827
3401 2 2 5 1 654 1799 2495
3402 2 2 5 1 1799 2497 2495
3403 2 2 5 1 1799 307 2497
3404 2 2 5 1 2495 2497 829
3405 2 2 5 1 827 2496 2491
3406 2 2 5 1 2496 2498 2491
3407 2 2 5 1 2496 829 2498
3408 2 2 5 1 2491 2498 418
3409 2 2 5 1 190 2493 189
3410 2 2 5 1 2493 2499 189
3411 2 2 5 1 2493 828 2499
3412 2 2 5 1 189 2499 188
3413 2 2 5 1 828 2500 2499
3414 2 2 5 1 2500 2501 2499
3415 2 2 5 1 2500 830 2501
3416 2 2 5 1 2499 2501 188
3417 2 2 5 1 828 2492 2500
3418 2 2 5 1 2492 2502 2500
3419 2 2 5 1 2492 418 2502
3420 2 2 5 1 2500 2502 830
3421 2 2 5 1 188 2501 187
3422 2 2 5 1 2501 2503 187
3423 2 2 5 1 2501 830 2503
3424 2 2 5 1 187 2503 186
3425 2 2 5 1 307 2504 2497
3426 2 2 5 1 2504 2505 2497
3427 2 2 5 1 2504 831 2505
3428 2 2 5 1 2497 2505 829
3429 2 2 5 1 831 2506 2505
3430 2 2 5 1 2506 2507 2505
3431 2 2 5 1 2506 832 2507
3432 2 2 5 1 2505 2507 829
3433 2 2 5 1 831 2508 2506
3434 2 2 5 1 2508 2509 2506
3435 2 2 5 1 2508 419 2509
3436 2 2 5 1 2506 2509 832
3437 2 2 5 1 829 2507 2498
3438 2 2 5 1 2507 2510 2498
3439 2 2 5 1 2507 832 2510
3440 2 2 5 1 2498 2510 418
3441 2 2 5 1 419 2511 2509
3442 2 2 5 1 2511 2512 2509
3443 2 2 5 1 2511 833 2512
3444 2 2 5 1 2509 2512 832
3445 2 2 5 1 833 2513 2512
3446 2 2 5 1 2513 2514 2512
3447 2 2 5 1 2513 834 2514
3448 2 2 5 1 2512 2514 832
3449 2 2 5 1 833 2515 2513
3450 2 2 5 1 2515 2516 2513
3451 2 2 5 1 2515 420 2516
3452 2 2 5 1 2513 2516 834
3453 2 2 5 1 832 2514 2510
3454 2 2 5 1 2514 2517 2510
3455 2 2 5 1 2514 834 2517
3456 2 2 5 1 2510 2517 418
3457 2 2 5 1 419 2518 2511
3458 2 2 5 1 2518 2519 2511
3459 2 2 5 1 2518 835 2519
3460 2 2 5 1 2511 2519 833
3461 2 2 5 1 835 2520 2519
3462 2 2 5 1 2520 2521 2519
3463 2 2 5 1 2520 836 2521
3464 2 2 5 1 2519 2521 833
3465 2 2 5 1 835 2522 2520
3466 2 2 5 1 2522 2523 2520
3467 2 2 5 1 2522 319 2523
3468 2 2 5 1 2520 2523 836
3469 2 2 5 1 833 2521 2515
3470 2 2 5 1 2521 2524 2515
3471 2 2 5 1 2521 836 2524
3472 2 2 5 1 2515 2524 420
3473 2 2 5 1 418 2517 2502
3474 2 2 5 1 2517 2525 2502
3475 2 2 5 1 2517 834 2525
3476 2 2 5 1 2502 2525 830
3477 2 2 5 1 834 2526 2525
3478 2 2 5 1 2526 2527 2525
3479 2 2 5 1 2526 837 2527
3480 2 2 5 1 2525 2527 830
3481 2 2 5 1 834 2516 2526
3482 2 2 5 1 2516 2528 2526
3483 2 2 5 1 2516 420 2528
3484 2 2 5 1 2526 2528 837
3485 2 2 5 1 830 2527 2503
3486 2 2 5 1 2527 2529 2503
3487 2 2 5 1 2527 837 2529
3488 2 2 5 1 2503 2529 186
3489 2 2 5 1 307 1783 2504
3490 2 2 5 1 1783 2530 2504
3491 2 2 5 1 1783 650 2530
3492 2 2 5 1 2504 2530 831
3493 2 2 5 1 650 2531 2530
3494 2 2 5 1 2531 2532 2530
3495 2 2 5 1 2531 838 2532
3496 2 2 5 1 2530 2532 831
3497 2 2 5 1 650 1782 2531
3498 2 2 5 1 1782 2533 2531
3499 2 2 5 1 1782 373 2533
3500 2 2 5 1 2531 2533 838
3501 2 2 5 1 831 2532 2508
3502 2 2 5 1 2532 2534 2508
3503 2 2 5 1 2532 838 2534
3504 2 2 5 1 2508 2534 419
3505 2 2 5 1 373 2535 2533
3506 2 2 5 1 2535 2536 2533
3507 2 2 5 1 2535 839 2536
3508 2 2 5 1 2533 2536 838
3509 2 2 5 1 839 2537 2536
3510 2 2 5 1 2537 2538 2536
3511 2 2 5 1 2537 840 2538
3512 2 2 5 1 2536 2538 838
3513 2 2 5 1 839 2539 2537
3514 2 2 5 1 2539 2540 2537
3515 2 2 5 1 2539 421 2540
3516 2 2 5 1 2537 2540 840
3517 2 2 5 1 838 2538 2534
3518 2 2 5 1 2538 2541 2534
3519 2 2 5 1 2538 840 2541
3520 2 2 5 1 2534 2541 419
3521 2 2 5 1 373 1778 2535
3522 2 2 5 1 1778 2542 2535
3523 2 2 5 1 1778 649 2542
3524 2 2 5 1 2535 2542 839
3525 2 2 5 1 649 2543 2542
3526 2 2 5 1 2543 2544 2542
3527 2 2 5 1 2543 841 2544
3528 2 2 5 1 2542 2544 839
3529 2 2 5 1 649 1777 2543
3530 2 2 5 1 1777 2545 2543
3531 2 2 5 1 1777 291 2545
3532 2 2 5 1 2543 2545 841
3533 2 2 5 1 839 2544 2539
3534 2 2 5 1 2544 2546 2539
3535 2 2 5 1 2544 841 2546
3536 2 2 5 1 2539 2546 421
3537 2 2 5 1 419 2541 2518
3538 2 2 5 1 2541 2547 2518
3539 2 2 5 1 2541 840 2547
3540 2 2 5 1 2518 2547 835
3541 2 2 5 1 840 2548 2547
3542 2 2 5 1 2548 2549 2547
3543 2 2 5 1 2548 842 2549
3544 2 2 5 1 2547 2549 835
3545 2 2 5 1 840 2540 2548
3546 2 2 5 1 2540 2550 2548
3547 2 2 5 1 2540 421 2550
3548 2 2 5 1 2548 2550 842
3549 2 2 5 1 835 2549 2522
3550 2 2 5 1 2549 2551 2522
3551 2 2 5 1 2549 842 2551
3552 2 2 5 1 2522 2551 319
3553 2 2 5 1 186 2529 185
3554 2 2 5 1 2529 2552 185
3555 2 2 5 1 2529 837 2552
3556 2 2 5 1 185 2552 184
3557 2 2 5 1 837 2553 2552
3558 2 2 5 1 2553 2554 2552
3559 2 2 5 1 2553 843 2554
3560 2 2 5 1 2552 2554 184
3561 2 2 5 1 837 2528 2553
3562 2 2 5 1 2528 2555 2553
3563 2 2 5 1 2528 420 2555
3564 2 2 5 1 2553 2555 843
3565 2 2 5 1 184 2554 183
3566 2 2 5 1 2554 2556 183
3567 2 2 5 1 2554 843 2556
3568 2 2 5 1 183 2556 182
3569 2 2 5 1 420 2557 2555
3570 2 2 5 1 2557 2558 2555
3571 2 2 5 1 2557 844 2558
3572 2 2 5 1 2555 2558 843
3573 2 2 5 1 844 2559 2558
3574 2 2 5 1 2559 2560 2558
3575 2 2 5 1 2559 845 2560
3576 2 2 5 1 2558 2560 843
3577 2 2 5 1 844 2561 2559
3578 2 2 5 1 2561 2562 2559
3579 2 2 5 1 2561 422 2562
3580 2 2 5 1 2559 2562 845
3581 2 2 5 1 843 2560 2556
3582 2 2 5 1 2560 2563 2556
3583 2 2 5 1 2560 845 2563
3584 2 2 5 1 2556 2563 182
3585 2 2 5 1 420 2524 2557
3586 2 2 5 1 2524 2564 2557
3587 2 2 5 1 2524 836 2564
3588 2 2 5 1 2557 2564 844
3589 2 2 5 1 836 2565 2564
3590 2 2 5 1 2565 2566 2564
3591 2 2 5 1 2565 846 2566
3592 2 2 5 1 2564 2566 844
3593 2 2 5 1 836 2523 2565
3594 2 2 5 1 2523 2567 2565
3595 2 2 5 1 2523 319 2567
3596 2 2 5 1 2565 2567 846
3597 2 2 5 1 844 2566 2561
3598 2 2 5 1 2566 2568 2561
3599 2 2 5 1 2566 846 2568
3600 2 2 5 1 2561 2568 422
3601 2 2 5 1 182 2563 181
3602 2 2 5 1 2563 2569 181
3603 2 2 5 1 2563 845 2569
3604 2 2 5 1 181 2569 180
3605 2 2 5 1 845 2570 2569
3606 2 2 5 1 2570 2571 2569
3607 2 2 5 1 2570 847 2571
3608 2 2 5 1 2569 2571 180
3609 2 2 5 1 845 2562 2570
3610 2 2 5 1 2562 2572 2570
3611 2 2 5 1 2562 422 2572
3612 2 2 5 1 2570 2572 847
3613 2 2 5 1 180 2571 179
3614 2 2 5 1 2571 2573 179
3615 2 2 5 1 2571 847 2573
3616 2 2 5 1 179 2573 178
3617 2 2 5 1 226 1905 225
3618 2 2 5 1 1905 2574 225
3619 2 2 5 1 1905 681 2574
3620 2 2 5 1 225 2574 224
3621 2 2 5 1 681 2575 2574
3622 2 2 5 1 2575 2576 2574
3623 2 2 5 1 2575 848 2576
3624 2 2 5 1 2574 2576 224
3625 2 2 5 1 681 1904 2575
3626 2 2 5 1 1904 2577 2575
3627 2 2 5 1 1904 381 2577
3628 2 2 5 1 2575 2577 848
3629 2 2 5 1 224 2576 223
3630 2 2 5 1 2576 2578 223
3631 2 2 5 1 2576 848 2578
3632 2 2 5 1 223 2578 222
3633 2 2 5 1 381 2579 2577
3634 2 2 5 1 2579 2580 2577
3635 2 2 5 1 2579 849 2580
3636 2 2 5 1 2577 2580 848
3637 2 2 5 1 849 2581 2580
3638 2 2 5 1 2581 2582 2580
3639 2 2 5 1 2581 850 2582
3640 2 2 5 1 2580 2582 848
3641 2 2 5 1 849 2583 2581
3642 2 2 5 1 2583 2584 2581
3643 2 2 5 1 2583 423 2584
3644 2 2 5 1 2581 2584 850
3645 2 2 5 1 848 2582 2578
3646 2 2 5 1 2582 2585 2578
3647 2 2 5 1 2582 850 2585
3648 2 2 5 1 2578 2585 222
3649 2 2 5 1 381 1900 2579
3650 2 2 5 1 1900 2586 2579
3651 2 2 5 1 1900 680 2586
3652 2 2 5 1 2579 2586 849
3653 2 2 5 1 680 2587 2586
3654 2 2 5 1 2587 2588 2586
3655 2 2 5 1 2587 851 2588
3656 2 2 5 1 2586 2588 849
3657 2 2 5 1 680 1899 2587
3658 2 2 5 1 1899 2589 2587
3659 2 2 5 1 1899 309 2589
3660 2 2 5 1 2587 2589 851
3661 2 2 5 1 849 2588 2583
3662 2 2 5 1 2588 2590 2583
3663 2 2 5 1 2588 851 2590
3664 2 2 5 1 2583 2590 423
3665 2 2 5 1 222 2585 221
3666 2 2 5 1 2585 2591 221
3667 2 2 5 1 2585 850 2591
3668 2 2 5 1 221 2591 220
3669 2 2 5 1 850 2592 2591
3670 2 2 5 1 2592 2593 2591
3671 2 2 5 1 2592 852 2593
3672 2 2 5 1 2591 2593 220
3673 2 2 5 1 850 2584 2592
3674 2 2 5 1 2584 2594 2592
3675 2 2 5 1 2584 423 2594
3676 2 2 5 1 2592 2594 852
3677 2 2 5 1 220 2593 219
3678 2 2 5 1 2593 2595 219
3679 2 2 5 1 2593 852 2595
3680 2 2 5 1 219 2595 218
3681 2 2 5 1 309 2596 2589
3682 2 2 5 1 2596 2597 2589
3683 2 2 5 1 2596 853 2597
3684 2 2 5 1 2589 2597 851
3685 2 2 5 1 853 2598 2597
3686 2 2 5 1 2598 2599 2597
3687 2 2 5 1 2598 854 2599
3688 2 2 5 1 2597 2599 851
3689 2 2 5 1 853 2600 2598
3690 2 2 5 1 2600 2601 2598
3691 2 2 5 1 2600 424 2601
3692 2 2 5 1 2598 2601 854
3693 2 2 5 1 851 2599 2590
3694 2 2 5 1 2599 2602 2590
3695 2 2 5 1 2599 854 2602
3696 2 2 5 1 2590 2602 423
3697 2 2 5 1 424 2603 2601
3698 2 2 5 1 2603 2604 2601
3699 2 2 5 1 2603 855 2604
3700 2 2 5 1 2601 2604 854
3701 2 2 5 1 855 2605 2604
3702 2 2 5 1 2605 2606 2604
3703 2 2 5 1 2605 856 2606
3704 2 2 5 1 2604 2606 854
3705 2 2 5 1 855 2607 2605
3706 2 2 5 1 2607 2608 2605
3707 2 2 5 1 2607 425 2608
3708 2 2 5 1 2605 2608 856
3709 2 2 5 1 854 2606 2602
3710 2 2 5 1 2606 2609 2602
3711 2 2 5 1 2606 856 2609
3712 2 2 5 1 2602 2609 423
3713 2 2 5 1 424 2610 2603
3714 2 2 5 1 2610 2611 2603
3715 2 2 5 1 2610 857 2611
3716 2 2 5 1 2603 2611 855
3717 2 2 5 1 857 2612 2611
3718 2 2 5 1 2612 2613 2611
3719 2 2 5 1 2612 858 2613
3720 2 2 5 1 2611 2613 855
3721 2 2 5 1 857 2614 2612
3722 2 2 5 1 2614 2615 2612
3723 2 2 5 1 2614 310 2615
3724 2 2 5 1 2612 2615 858
3725 2 2 5 1 855 2613 2607
3726 2 2 5 1 2613 2616 2607
3727 2 2 5 1 2613 858 2616
3728 2 2 5 1 2607 2616 425
3729 2 2 5 1 423 2609 2594
3730 2 2 5 1 2609 2617 2594
3731 2 2 5 1 2609 856 2617
3732 2 2 5 1 2594 2617 852
3733 2 2 5 1 856 2618 2617
3734 2 2 5 1 2618 2619 2617
3735 2 2 5 1 2618 859 2619
3736 2 2 5 1 2617 2619 852
3737 2 2 5 1 856 2608 2618
3738 2 2 5 1 2608 2620 2618
3739 2 2 5 1 2608 425 2620
3740 2 2 5 1 2618 2620 859
3741 2 2 5 1 852 2619 2595
3742 2 2 5 1 2619 2621 2595
3743 2 2 5 1 2619 859 2621
3744 2 2 5 1 2595 2621 218
3745 2 2 5 1 309 1883 2596
3746 2 2 5 1 1883 2622 2596
3747 2 2 5 1 1883 676 2622
3748 2 2 5 1 2596 2622 853
3749 2 2 5 1 676 2623 2622
3750 2 2 5 1 2623 2624 2622
3751 2 2 5 1 2623 860 2624
3752 2 2 5 1 2622 2624 853
3753 2 2 5 1 676 1882 2623
3754 2 2 5 1 1882 2625 2623
3755 2 2 5 1 1882 380 2625
3756 2 2 5 1 2623 2625 860
3757 2 2 5 1 853 2624 2600
3758 2 2 5 1 2624 2626 2600
3759 2 2 5 1 2624 860 2626
3760 2 2 5 1 2600 2626 424
3761 2 2 5 1 380 2627 2625
3762 2 2 5 1 2627 2628 2625
3763 2 2 5 1 2627 861 2628
3764 2 2 5 1 2625 2628 860
3765 2 2 5 1 861 2629 2628
3766 2 2 5 1 2629 2630 2628
3767 2 2 5 1 2629 862 2630
3768 2 2 5 1 2628 2630 860
3769 2 2 5 1 861 2631 2629
3770 2 2 5 1 2631 2632 2629
3771 2 2 5 1 2631 386 2632
3772 2 2 5 1 2629 2632 862
3773 2 2 5 1 860 2630 2626
3774 2 2 5 1 2630 2633 2626
3775 2 2 5 1 2630 862 2633
3776 2 2 5 1 2626 2633 424
3777 2 2 5 1 380 1878 2627
3778 2 2 5 1 1878 2634 2627
3779 2 2 5 1 1878 675 2634
3780 2 2 5 1 2627 2634 861
3781 2 2 5 1 675 2635 2634
3782 2 2 5 1 2635 2636 2634
3783 2 2 5 1 2635 700 2636
3784 2 2 5 1 2634 2636 861
3785 2 2 5 1 675 1877 2635
3786 2 2 5 1 1877 1976 2635
3787 2 2 5 1 1877 292 1976
3788 2 2 5 1 2635 1976 700
3789 2 2 5 1 861 2636 2631
3790 2 2 5 1 2636 1972 2631
3791 2 2 5 1 2636 700 1972
3792 2 2 5 1 2631 1972 386
3793 2 2 5 1 424 2633 2610
3794 2 2 5 1 2633 2637 2610
3795 2 2 5 1 2633 862 2637
3796 2 2 5 1 2610 2637 857
3797 2 2 5 1 862 2638 2637
3798 2 2 5 1 2638 2639 2637
3799 2 2 5 1 2638 696 2639
3800 2 2 5 1 2637 2639 857
3801 2 2 5 1 862 2632 2638
3802 2 2 5 1 2632 1962 2638
3803 2 2 5 1 2632 386 1962
3804 2 2 5 1 2638 1962 696
3805 2 2 5 1 857 2639 2614
3806 2 2 5 1 2639 1958 2614
3807 2 2 5 1 2639 696 1958
3808 2 2 5 1 2614 1958 310
3809 2 2 5 1 218 2621 217
3810 2 2 5 1 2621 2640 217
3811 2 2 5 1 2621 859 2640
3812 2 2 5 1 217 2640 216
3813 2 2 5 1 859 2641 2640
3814 2 2 5 1 2641 2642 2640
3815 2 2 5 1 2641 863 2642
3816 2 2 5 1 2640 2642 216
3817 2 2 5 1 859 2620 2641
3818 2 2 5 1 2620 2643 2641
3819 2 2 5 1 2620 425 2643
3820 2 2 5 1 2641 2643 863
3821 2 2 5 1 216 2642 215
3822 2 2 5 1 2642 2644 215
3823 2 2 5 1 2642 863 2644
3824 2 2 5 1 215 2644 214
3825 2 2 5 1 425 2645 2643
3826 2 2 5 1 2645 2646 2643
3827 2 2 5 1 2645 864 2646
3828 2 2 5 1 2643 2646 863
3829 2 2 5 1 864 2647 2646
3830 2 2 5 1 2647 2648 2646
3831 2 2 5 1 2647 865 2648
3832 2 2 5 1 2646 2648 863
3833 2 2 5 1 864 2649 2647
3834 2 2 5 1 2649 2650 2647
3835 2 2 5 1 2649 382 2650
3836 2 2 5 1 2647 2650 865
3837 2 2 5 1 863 2648 2644
3838 2 2 5 1 2648 2651 2644
3839 2 2 5 1 2648 865 2651
3840 2 2 5 1 2644 2651 214
3841 2 2 5 1 425 2616 2645
3842 2 2 5 1 2616 2652 2645
3843 2 2 5 1 2616 858 2652
3844 2 2 5 1 2645 2652 864
3845 2 2 5 1 858 2653 2652
3846 2 2 5 1 2653 2654 2652
3847 2 2 5 1 2653 686 2654
3848 2 2 5 1 2652 2654 864
3849 2 2 5 1 858 2615 2653
3850 2 2 5 1 2615 1924 2653
3851 2 2 5 1 2615 310 1924
3852 2 2 5 1 2653 1924 686
3853 2 2 5 1 864 2654 2649
3854 2 2 5 1 2654 1920 2649
3855 2 2 5 1 2654 686 1920
3856 2 2 5 1 2649 1920 382
3857 2 2 5 1 214 2651 213
3858 2 2 5 1 2651 2655 213
3859 2 2 5 1 2651 865 2655
3860 2 2 5 1 213 2655 212
3861 2 2 5 1 865 2656 2655
3862 2 2 5 1 2656 2657 2655
3863 2 2 5 1 2656 682 2657
3864 2 2 5 1 2655 2657 212
3865 2 2 5 1 865 2650 2656
3866 2 2 5 1 2650 1910 2656
3867 2 2 5 1 2650 382 1910
3868 2 2 5 1 2656 1910 682
3869 2 2 5 1 212 2657 211
3870 2 2 5 1 2657 1906 211
3871 2 2 5 1 2657 682 1906
3872 2 2 5 1 211 1906 210
3873 2 2 5 1 100 2191 99
3874 2 2 5 1 2191 2658 99
3875 2 2 5 1 2191 753 2658
3876 2 2 5 1 99 2658 98
3877 2 2 5 1 753 2659 2658
3878 2 2 5 1 2659 2660 2658
3879 2 2 5 1 2659 866 2660
3880 2 2 5 1 2658 2660 98
3881 2 2 5 1 753 2196 2659
3882 2 2 5 1 2196 2661 2659
3883 2 2 5 1 2196 400 2661
3884 2 2 5 1 2659 2661 866
3885 2 2 5 1 98 2660 97
3886 2 2 5 1 2660 2662 97
3887 2 2 5 1 2660 866 2662
3888 2 2 5 1 97 2662 96
3889 2 2 5 1 400 2663 2661
3890 2 2 5 1 2663 2664 2661
3891 2 2 5 1 2663 867 2664
3892 2 2 5 1 2661 2664 866
3893 2 2 5 1 867 2665 2664
3894 2 2 5 1 2665 2666 2664
3895 2 2 5 1 2665 868 2666
3896 2 2 5 1 2664 2666 866
3897 2 2 5 1 867 2667 2665
3898 2 2 5 1 2667 2668 2665
3899 2 2 5 1 2667 426 2668
3900 2 2 5 1 2665 2668 868
3901 2 2 5 1 866 2666 2662
3902 2 2 5 1 2666 2669 2662
3903 2 2 5 1 2666 868 2669
3904 2 2 5 1 2662 2669 96
3905 2 2 5 1 400 2210 2663
3906 2 2 5 1 2210 2670 2663
3907 2 2 5 1 2210 758 2670
3908 2 2 5 1 2663 2670 867
3909 2 2 5 1 758 2671 2670
3910 2 2 5 1 2671 2672 2670
3911 2 2 5 1 2671 869 2672
3912 2 2 5 1 2670 2672 867
3913 2 2 5 1 758 2215 2671
3914 2 2 5 1 2215 2673 2671
3915 2 2 5 1 2215 314 2673
3916 2 2 5 1 2671 2673 869
3917 2 2 5 1 867 2672 2667
3918 2 2 5 1 2672 2674 2667
3919 2 2 5 1 2672 869 2674
3920 2 2 5 1 2667 2674 426
3921 2 2 5 1 96 2669 95
3922 2 2 5 1 2669 2675 95
3923 2 2 5 1 2669 868 2675
3924 2 2 5 1 95 2675 94
3925 2 2 5 1 868 2676 2675
3926 2 2 5 1 2676 2677 2675
3927 2 2 5 1 2676 870 2677
3928 2 2 5 1 2675 2677 94
3929 2 2 5 1 868 2668 2676
3930 2 2 5 1 2668 2678 2676
3931 2 2 5 1 2668 426 2678
3932 2 2 5 1 2676 2678 870
3933 2 2 5 1 94 2677 93
3934 2 2 5 1 2677 2679 93
3935 2 2 5 1 2677 870 2679
3936 2 2 5 1 93 2679 92
3937 2 2 5 1 314 2680 2673
3938 2 2 5 1 2680 2681 2673
3939 2 2 5 1 2680 871 2681
3940 2 2 5 1 2673 2681 869
3941 2 2 5 1 871 2682 2681
3942 2 2 5 1 2682 2683 2681
3943 2 2 5 1 2682 872 2683
3944 2 2 5 1 2681 2683 869
3945 2 2 5 1 871 2684 2682
3946 2 2 5 1 2684 2685 2682
3947 2 2 5 1 2684 427 2685
3948 2 2 5 1 2682 2685 872
3949 2 2 5 1 869 2683 2674
3950 2 2 5 1 2683 2686 2674
3951 2 2 5 1 2683 872 2686
3952 2 2 5 1 2674 2686 426
3953 2 2 5 1 427 2687 2685
3954 2 2 5 1 2687 2688 2685
3955 2 2 5 1 2687 873 2688
3956 2 2 5 1 2685 2688 872
3957 2 2 5 1 873 2689 2688
3958 2 2 5 1 2689 2690 2688
3959 2 2 5 1 2689 874 2690
3960 2 2 5 1 2688 2690 872
3961 2 2 5 1 873 2691 2689
3962 2 2 5 1 2691 2692 2689
3963 2 2 5 1 2691 428 2692
3964 2 2 5 1 2689 2692 874
3965 2 2 5 1 872 2690 2686
3966 2 2 5 1 2690 2693 2686
3967 2 2 5 1 2690 874 2693
3968 2 2 5 1 2686 2693 426
3969 2 2 5 1 427 2694 2687
3970 2 2 5 1 2694 2695 2687
3971 2 2 5 1 2694 875 2695
3972 2 2 5 1 2687 2695 873
3973 2 2 5 1 875 2696 2695
3974 2 2 5 1 2696 2697 2695
3975 2 2 5 1 2696 876 2697
3976 2 2 5 1 2695 2697 873
3977 2 2 5 1 875 2698 2696
3978 2 2 5 1 2698 2699 2696
3979 2 2 5 1 2698 313 2699
3980 2 2 5 1 2696 2699 876
3981 2 2 5 1 873 2697 2691
3982 2 2 5 1 2697 2700 2691
3983 2 2 5 1 2697 876 2700
3984 2 2 5 1 2691 2700 428
3985 2 2 5 1 426 2693 2678
3986 2 2 5 1 2693 2701 2678
3987 2 2 5 1 2693 874 2701
3988 2 2 5 1 2678 2701 870
3989 2 2 5 1 874 2702 2701
3990 2 2 5 1 2702 2703 2701
3991 2 2 5 1 2702 877 2703
3992 2 2 5 1 2701 2703 870
3993 2 2 5 1 874 2692 2702
3994 2 2 5 1 2692 2704 2702
3995 2 2 5 1 2692 428 2704
3996 2 2 5 1 2702 2704 877
3997 2 2 5 1 870 2703 2679
3998 2 2 5 1 2703 2705 2679
3999 2 2 5 1 2703 877 2705
4000 2 2 5 1 2679 2705 92
4001 2 2 5 1 314 2261 2680
4002 2 2 5 1 2261 2706 2680
4003 2 2 5 1 2261 770 2706
4004 2 2 5 1 2680 2706 871
4005 2 2 5 1 770 2707 2706
4006 2 2 5 1 2707 2708 2706
4007 2 2 5 1 2707 878 2708
4008 2 2 5 1 2706 2708 871
4009 2 2 5 1 770 2266 2707
4010 2 2 5 1 2266 2709 2707
4011 2 2 5 1 2266 403 2709
4012 2 2 5 1 2707 2709 878
4013 2 2 5 1 871 2708 2684
4014 2 2 5 1 2708 2710 2684
4015 2 2 5 1 2708 878 2710
4016 2 2 5 1 2684 2710 427
4017 2 2 5 1 403 2711 2709
4018 2 2 5 1 2711 2712 2709
4019 2 2 5 1 2711 879 2712
4020 2 2 5 1 2709 2712 878
4021 2 2 5 1 879 2713 2712
4022 2 2 5 1 2713 2714 2712
4023 2 2 5 1 2713 880 2714
4024 2 2 5 1 2712 2714 878
4025 2 2 5 1 879 2715 2713
4026 2 2 5 1 2715 2716 2713
4027 2 2 5 1 2715 395 2716
4028 2 2 5 1 2713 2716 880
4029 2 2 5 1 878 2714 2710
4030 2 2 5 1 2714 2717 2710
4031 2 2 5 1 2714 880 2717
4032 2 2 5 1 2710 2717 427
4033 2 2 5 1 403 2278 2711
4034 2 2 5 1 2278 2718 2711
4035 2 2 5 1 2278 773 2718
4036 2 2 5 1 2711 2718 879
4037 2 2 5 1 773 2719 2718
4038 2 2 5 1 2719 2720 2718
4039 2 2 5 1 2719 731 2720
4040 2 2 5 1 2718 2720 879
4041 2 2 5 1 773 2281 2719
4042 2 2 5 1 2281 2099 2719
4043 2 2 5 1 2281 290 2099
4044 2 2 5 1 2719 2099 731
4045 2 2 5 1 879 2720 2715
4046 2 2 5 1 2720 2104 2715
4047 2 2 5 1 2720 731 2104
4048 2 2 5 1 2715 2104 395
4049 2 2 5 1 427 2717 2694
4050 2 2 5 1 2717 2721 2694
4051 2 2 5 1 2717 880 2721
4052 2 2 5 1 2694 2721 875
4053 2 2 5 1 880 2722 2721
4054 2 2 5 1 2722 2723 2721
4055 2 2 5 1 2722 736 2723
4056 2 2 5 1 2721 2723 875
4057 2 2 5 1 880 2716 2722
4058 2 2 5 1 2716 2118 2722
4059 2 2 5 1 2716 395 2118
4060 2 2 5 1 2722 2118 736
4061 2 2 5 1 875 2723 2698
4062 2 2 5 1 2723 2123 2698
4063 2 2 5 1 2723 736 2123
4064 2 2 5 1 2698 2123 313
4065 2 2 5 1 92 2705 91
4066 2 2 5 1 2705 2724 91
4067 2 2 5 1 2705 877 2724
4068 2 2 5 1 91 2724 90
4069 2 2 5 1 877 2725 2724
4070 2 2 5 1 2725 2726 2724
4071 2 2 5 1 2725 881 2726
4072 2 2 5 1 2724 2726 90
4073 2 2 5 1 877 2704 2725
4074 2 2 5 1 2704 2727 2725
4075 2 2 5 1 2704 428 2727
4076 2 2 5 1 2725 2727 881
4077 2 2 5 1 90 2726 89
4078 2 2 5 1 2726 2728 89
4079 2 2 5 1 2726 881 2728
4080 2 2 5 1 89 2728 88
4081 2 2 5 1 428 2729 2727
4082 2 2 5 1 2729 2730 2727
4083 2 2 5 1 2729 882 2730
4084 2 2 5 1 2727 2730 881
4085 2 2 5 1 882 2731 2730
4086 2 2 5 1 2731 2732 2730
4087 2 2 5 1 2731 883 2732
4088 2 2 5 1 2730 2732 881
4089 2 2 5 1 882 2733 2731
4090 2 2 5 1 2733 2734 2731
4091 2 2 5 1 2733 398 2734
4092 2 2 5 1 2731 2734 883
4093 2 2 5 1 881 2732 2728
4094 2 2 5 1 2732 2735 2728
4095 2 2 5 1 2732 883 2735
4096 2 2 5 1 2728 2735 88
4097 2 2 5 1 428 2700 2729
4098 2 2 5 1 2700 2736 2729
4099 2 2 5 1 2700 876 2736
4100 2 2 5 1 2729 2736 882
4101 2 2 5 1 876 2737 2736
4102 2 2 5 1 2737 2738 2736
4103 2 2 5 1 2737 748 2738
4104 2 2 5 1 2736 2738 882
4105 2 2 5 1 876 2699 2737
4106 2 2 5 1 2699 2169 2737
4107 2 2 5 1 2699 313 2169
4108 2 2 5 1 2737 2169 748
4109 2 2 5 1 882 2738 2733
4110 2 2 5 1 2738 2174 2733
4111 2 2 5 1 2738 748 2174
4112 2 2 5 1 2733 2174 398
4113 2 2 5 1 88 2735 87
4114 2 2 5 1 2735 2739 87
4115 2 2 5 1 2735 883 2739
4116 2 2 5 1 87 2739 86
4117 2 2 5 1 883 2740 2739
4118 2 2 5 1 2740 2741 2739
4119 2 2 5 1 2740 751 2741
4120 2 2 5 1 2739 2741 86
4121 2 2 5 1 883 2734 2740
4122 2 2 5 1 2734 2186 2740
4123 2 2 5 1 2734 398 2186
4124 2 2 5 1 2740 2186 751
4125 2 2 5 1 86 2741 85
4126 2 2 5 1 2741 2189 85
4127 2 2 5 1 2741 751 2189
4128 2 2 5 1 85 2189 84
4129 2 2 5 1 68 2007 67
4130 2 2 5 1 2007 2742 67
4131 2 2 5 1 2007 709 2742
4132 2 2 5 1 67 2742 66
4133 2 2 5 1 709 2743 2742
4134 2 2 5 1 2743 2744 2742
4135 2 2 5 1 2743 884 2744
4136 2 2 5 1 2742 2744 66
4137 2 2 5 1 709 2012 2743
4138 2 2 5 1 2012 2745 2743
4139 2 2 5 1 2012 390 2745
4140 2 2 5 1 2743 2745 884
4141 2 2 5 1 66 2744 65
4142 2 2 5 1 2744 2746 65
4143 2 2 5 1 2744 884 2746
4144 2 2 5 1 65 2746 64
4145 2 2 5 1 390 2747 2745
4146 2 2 5 1 2747 2748 2745
4147 2 2 5 1 2747 885 2748
4148 2 2 5 1 2745 2748 884
4149 2 2 5 1 885 2749 2748
4150 2 2 5 1 2749 2750 2748
4151 2 2 5 1 2749 886 2750
4152 2 2 5 1 2748 2750 884
4153 2 2 5 1 885 2751 2749
4154 2 2 5 1 2751 2752 2749
4155 2 2 5 1 2751 429 2752
4156 2 2 5 1 2749 2752 886
4157 2 2 5 1 884 2750 2746
4158 2 2 5 1 2750 2753 2746
4159 2 2 5 1 2750 886 2753
4160 2 2 5 1 2746 2753 64
4161 2 2 5 1 390 2026 2747
4162 2 2 5 1 2026 2754 2747
4163 2 2 5 1 2026 714 2754
4164 2 2 5 1 2747 2754 885
4165 2 2 5 1 714 2755 2754
4166 2 2 5 1 2755 2756 2754
4167 2 2 5 1 2755 887 2756
4168 2 2 5 1 2754 2756 885
4169 2 2 5 1 714 2031 2755
4170 2 2 5 1 2031 2757 2755
4171 2 2 5 1 2031 312 2757
4172 2 2 5 1 2755 2757 887
4173 2 2 5 1 885 2756 2751
4174 2 2 5 1 2756 2758 2751
4175 2 2 5 1 2756 887 2758
4176 2 2 5 1 2751 2758 429
4177 2 2 5 1 64 2753 63
4178 2 2 5 1 2753 2759 63
4179 2 2 5 1 2753 886 2759
4180 2 2 5 1 63 2759 62
4181 2 2 5 1 886 2760 2759
4182 2 2 5 1 2760 2761 2759
4183 2 2 5 1 2760 888 2761
4184 2 2 5 1 2759 2761 62
4185 2 2 5 1 886 2752 2760
4186 2 2 5 1 2752 2762 2760
4187 2 2 5 1 2752 429 2762
4188 2 2 5 1 2760 2762 888
4189 2 2 5 1 62 2761 61
4190 2 2 5 1 2761 2763 61
4191 2 2 5 1 2761 888 2763
4192 2 2 5 1 61 2763 60
4193 2 2 5 1 312 2764 2757
4194 2 2 5 1 2764 2765 2757
4195 2 2 5 1 2764 889 2765
4196 2 2 5 1 2757 2765 887
4197 2 2 5 1 889 2766 2765
4198 2 2 5 1 2766 2767 2765
4199 2 2 5 1 2766 890 2767
4200 2 2 5 1 2765 2767 887
4201 2 2 5 1 889 2768 2766
4202 2 2 5 1 2768 2769 2766
4203 2 2 5 1 2768 430 2769
4204 2 2 5 1 2766 2769 890
4205 2 2 5 1 887 2767 2758
4206 2 2 5 1 2767 2770 2758
4207 2 2 5 1 2767 890 2770
4208 2 2 5 1 2758 2770 429
4209 2 2 5 1 430 2771 2769
4210 2 2 5 1 2771 2772 2769
4211 2 2 5 1 2771 891 2772
4212 2 2 5 1 2769 2772 890
4213 2 2 5 1 891 2773 2772
4214 2 2 5 1 2773 2774 2772
4215 2 2 5 1 2773 892 2774
4216 2 2 5 1 2772 2774 890
4217 2 2 5 1 891 2775 2773
4218 2 2 5 1 2775 2776 2773
4219 2 2 5 1 2775 431 2776
4220 2 2 5 1 2773 2776 892
4221 2 2 5 1 890 2774 2770
4222 2 2 5 1 2774 2777 2770
4223 2 2 5 1 2774 892 2777
4224 2 2 5 1 2770 2777 429
4225 2 2 5 1 430 2778 2771
4226 2 2 5 1 2778 2779 2771
4227 2 2 5 1 2778 893 2779
4228 2 2 5 1 2771 2779 891
4229 2 2 5 1 893 2780 2779
4230 2 2 5 1 2780 2781 2779
4231 2 2 5 1 2780 894 2781
4232 2 2 5 1 2779 2781 891
4233 2 2 5 1 893 2782 2780
4234 2 2 5 1 2782 2783 2780
4235 2 2 5 1 2782 320 2783
4236 2 2 5 1 2780 2783 894
4237 2 2 5 1 891 2781 2775
4238 2 2 5 1 2781 2784 2775
4239 2 2 5 1 2781 894 2784
4240 2 2 5 1 2775 2784 431
4241 2 2 5 1 429 2777 2762
4242 2 2 5 1 2777 2785 2762
4243 2 2 5 1 2777 892 2785
4244 2 2 5 1 2762 2785 888
4245 2 2 5 1 892 2786 2785
4246 2 2 5 1 2786 2787 2785
4247 2 2 5 1 2786 895 2787
4248 2 2 5 1 2785 2787 888
4249 2 2 5 1 892 2776 2786
4250 2 2 5 1 2776 2788 2786
4251 2 2 5 1 2776 431 2788
4252 2 2 5 1 2786 2788 895
4253 2 2 5 1 888 2787 2763
4254 2 2 5 1 2787 2789 2763
4255 2 2 5 1 2787 895 2789
4256 2 2 5 1 2763 2789 60
4257 2 2 5 1 312 2077 2764
4258 2 2 5 1 2077 2790 2764
4259 2 2 5 1 2077 726 2790
4260 2 2 5 1 2764 2790 889
4261 2 2 5 1 726 2791 2790
4262 2 2 5 1 2791 2792 2790
4263 2 2 5 1 2791 896 2792
4264 2 2 5 1 2790 2792 889
4265 2 2 5 1 726 2082 2791
4266 2 2 5 1 2082 2793 2791
4267 2 2 5 1 2082 393 2793
4268 2 2 5 1 2791 2793 896
4269 2 2 5 1 889 2792 2768
4270 2 2 5 1 2792 2794 2768
4271 2 2 5 1 2792 896 2794
4272 2 2 5 1 2768 2794 430
4273 2 2 5 1 393 2795 2793
4274 2 2 5 1 2795 2796 2793
4275 2 2 5 1 2795 897 2796
4276 2 2 5 1 2793 2796 896
4277 2 2 5 1 897 2797 2796
4278 2 2 5 1 2797 2798 2796
4279 2 2 5 1 2797 898 2798
4280 2 2 5 1 2796 2798 896
4281 2 2 5 1 897 2799 2797
4282 2 2 5 1 2799 2800 2797
4283 2 2 5 1 2799 432 2800
4284 2 2 5 1 2797 2800 898
4285 2 2 5 1 896 2798 2794
4286 2 2 5 1 2798 2801 2794
4287 2 2 5 1 2798 898 2801
4288 2 2 5 1 2794 2801 430
4289 2 2 5 1 393 2094 2795
4290 2 2 5 1 2094 2802 2795
4291 2 2 5 1 2094 729 2802
4292 2 2 5 1 2795 2802 897
4293 2 2 5 1 729 2803 2802
4294 2 2 5 1 2803 2804 2802
4295 2 2 5 1 2803 899 2804
4296 2 2 5 1 2802 2804 897
4297 2 2 5 1 729 2097 2803
4298 2 2 5 1 2097 2805 2803
4299 2 2 5 1 2097 289 2805
4300 2 2 5 1 2803 2805 899
4301 2 2 5 1 897 2804 2799
4302 2 2 5 1 2804 2806 2799
4303 2 2 5 1 2804 899 2806
4304 2 2 5 1 2799 2806 432
4305 2 2 5 1 430 2801 2778
4306 2 2 5 1 2801 2807 2778
4307 2 2 5 1 2801 898 2807
4308 2 2 5 1 2778 2807 893
4309 2 2 5 1 898 2808 2807
4310 2 2 5 1 2808 2809 2807
4311 2 2 5 1 2808 900 2809
4312 2 2 5 1 2807 2809 893
4313 2 2 5 1 898 2800 2808
4314 2 2 5 1 2800 2810 2808
4315 2 2 5 1 2800 432 2810
4316 2 2 5 1 2808 2810 900
4317 2 2 5 1 893 2809 2782
4318 2 2 5 1 2809 2811 2782
4319 2 2 5 1 2809 900 2811
4320 2 2 5 1 2782 2811 320
4321 2 2 5 1 60 2789 59
4322 2 2 5 1 2789 2812 59
4323 2 2 5 1 2789 895 2812
4324 2 2 5 1 59 2812 58
4325 2 2 5 1 895 2813 2812
4326 2 2 5 1 2813 2814 2812
4327 2 2 5 1 2813 901 2814
4328 2 2 5 1 2812 2814 58
4329 2 2 5 1 895 2788 2813
4330 2 2 5 1 2788 2815 2813
4331 2 2 5 1 2788 431 2815
4332 2 2 5 1 2813 2815 901
4333 2 2 5 1 58 2814 57
4334 2 2 5 1 2814 2816 57
4335 2 2 5 1 2814 901 2816
4336 2 2 5 1 57 2816 56
4337 2 2 5 1 431 2817 2815
4338 2 2 5 1 2817 2818 2815
4339 2 2 5 1 2817 902 2818
4340 2 2 5 1 2815 2818 901
4341 2 2 5 1 902 2819 2818
4342 2 2 5 1 2819 2820 2818
4343 2 2 5 1 2819 903 2820
4344 2 2 5 1 2818 2820 901
4345 2 2 5 1 902 2821 2819
4346 2 2 5 1 2821 2822 2819
4347 2 2 5 1 2821 433 2822
4348 2 2 5 1 2819 2822 903
4349 2 2 5 1 901 2820 2816
4350 2 2 5 1 2820 2823 2816
4351 2 2 5 1 2820 903 2823
4352 2 2 5 1 2816 2823 56
4353 2 2 5 1 431 2784 2817
4354 2 2 5 1 2784 2824 2817
4355 2 2 5 1 2784 894 2824
4356 2 2 5 1 2817 2824 902
4357 2 2 5 1 894 2825 2824
4358 2 2 5 1 2825 2826 2824
4359 2 2 5 1 2825 904 2826
4360 2 2 5 1 2824 2826 902
4361 2 2 5 1 894 2783 2825
4362 2 2 5 1 2783 2827 2825
4363 2 2 5 1 2783 320 2827
4364 2 2 5 1 2825 2827 904
4365 2 2 5 1 902 2826 2821
4366 2 2 5 1 2826 2828 2821
4367 2 2 5 1 2826 904 2828
4368 2 2 5 1 2821 2828 433
4369 2 2 5 1 56 2823 55
4370 2 2 5 1 2823 2829 55
4371 2 2 5 1 2823 903 2829
4372 2 2 5 1 55 2829 54
4373 2 2 5 1 903 2830 2829
4374 2 2 5 1 2830 2831 2829
4375 2 2 5 1 2830 905 2831
4376 2 2 5 1 2829 2831 54
4377 2 2 5 1 903 2822 2830
4378 2 2 5 1 2822 2832 2830
4379 2 2 5 1 2822 433 2832
4380 2 2 5 1 2830 2832 905
4381 2 2 5 1 54 2831 53
4382 2 2 5 1 2831 2833 53
4383 2 2 5 1 2831 905 2833
4384 2 2 5 1 53 2833 52
4385 2 2 5 1 258 2834 257
4386 2 2 5 1 2834 2835 257
4387 2 2 5 1 2834 906 2835
4388 2 2 5 1 257 2835 256
4389 2 2 5 1 906 2836 2835
4390 2 2 5 1 2836 2837 2835
4391 2 2 5 1 2836 907 2837
4392 2 2 5 1 2835 2837 256
4393 2 2 5 1 906 2838 2836
4394 2 2 5 1 2838 2839 2836
4395 2 2 5 1 2838 434 2839
4396 2 2 5 1 2836 2839 907
4397 2 2 5 1 256 2837 255
4398 2 2 5 1 2837 2840 255
4399 2 2 5 1 2837 907 2840
4400 2 2 5 1 255 2840 254
4401 2 2 5 1 434 2841 2839
4402 2 2 5 1 2841 2842 2839
4403 2 2 5 1 2841 908 2842
4404 2 2 5 1 2839 2842 907
4405 2 2 5 1 908 2843 2842
4406 2 2 5 1 2843 2844 2842
4407 2 2 5 1 2843 909 2844
4408 2 2 5 1 2842 2844 907
4409 2 2 5 1 908 2845 2843
4410 2 2 5 1 2845 2846 2843
4411 2 2 5 1 2845 435 2846
4412 2 2 5 1 2843 2846 909
4413 2 2 5 1 907 2844 2840
4414 2 2 5 1 2844 2847 2840
4415 2 2 5 1 2844 909 2847
4416 2 2 5 1 2840 2847 254
4417 2 2 5 1 434 2848 2841
4418 2 2 5 1 2848 2849 2841
4419 2 2 5 1 2848 910 2849
4420 2 2 5 1 2841 2849 908
4421 2 2 5 1 910 2850 2849
4422 2 2 5 1 2850 2851 2849
4423 2 2 5 1 2850 911 2851
4424 2 2 5 1 2849 2851 908
4425 2 2 5 1 910 2852 2850
4426 2 2 5 1 2852 2853 2850
4427 2 2 5 1 2852 321 2853
4428 2 2 5 1 2850 2853 911
4429 2 2 5 1 908 2851 2845
4430 2 2 5 1 2851 2854 2845
4431 2 2 5 1 2851 911 2854
4432 2 2 5 1 2845 2854 435
4433 2 2 5 1 254 2847 253
4434 2 2 5 1 2847 2855 253
4435 2 2 5 1 2847 909 2855
4436 2 2 5 1 253 2855 252
4437 2 2 5 1 909 2856 2855
4438 2 2 5 1 2856 2857 2855
4439 2 2 5 1 2856 912 2857
4440 2 2 5 1 2855 2857 252
4441 2 2 5 1 909 2846 2856
4442 2 2 5 1 2846 2858 2856
4443 2 2 5 1 2846 435 2858
4444 2 2 5 1 2856 2858 912
4445 2 2 5 1 252 2857 251
4446 2 2 5 1 2857 2859 251
4447 2 2 5 1 2857 912 2859
4448 2 2 5 1 251 2859 250
4449 2 2 5 1 321 2860 2853
4450 2 2 5 1 2860 2861 2853
4451 2 2 5 1 2860 913 2861
4452 2 2 5 1 2853 2861 911
4453 2 2 5 1 913 2862 2861
4454 2 2 5 1 2862 2863 2861
4455 2 2 5 1 2862 914 2863
4456 2 2 5 1 2861 2863 911
4457 2 2 5 1 913 2864 2862
4458 2 2 5 1 2864 2865 2862
4459 2 2 5 1 2864 436 2865
4460 2 2 5 1 2862 2865 914
4461 2 2 5 1 911 2863 2854
4462 2 2 5 1 2863 2866 2854
4463 2 2 5 1 2863 914 2866
4464 2 2 5 1 2854 2866 435
4465 2 2 5 1 436 2867 2865
4466 2 2 5 1 2867 2868 2865
4467 2 2 5 1 2867 915 2868
4468 2 2 5 1 2865 2868 914
4469 2 2 5 1 915 2869 2868
4470 2 2 5 1 2869 2870 2868
4471 2 2 5 1 2869 916 2870
4472 2 2 5 1 2868 2870 914
4473 2 2 5 1 915 2871 2869
4474 2 2 5 1 2871 2872 2869
4475 2 2 5 1 2871 437 2872
4476 2 2 5 1 2869 2872 916
4477 2 2 5 1 914 2870 2866
4478 2 2 5 1 2870 2873 2866
4479 2 2 5 1 2870 916 2873
4480 2 2 5 1 2866 2873 435
4481 2 2 5 1 436 2874 2867
4482 2 2 5 1 2874 2875 2867
4483 2 2 5 1 2874 917 2875
4484 2 2 5 1 2867 2875 915
4485 2 2 5 1 917 2876 2875
4486 2 2 5 1 2876 2877 2875
4487 2 2 5 1 2876 918 2877
4488 2 2 5 1 2875 2877 915
4489 2 2 5 1 917 2878 2876
4490 2 2 5 1 2878 2879 2876
4491 2 2 5 1 2878 315 2879
4492 2 2 5 1 2876 2879 918
4493 2 2 5 1 915 2877 2871
4494 2 2 5 1 2877 2880 2871
4495 2 2 5 1 2877 918 2880
4496 2 2 5 1 2871 2880 437
4497 2 2 5 1 435 2873 2858
4498 2 2 5 1 2873 2881 2858
4499 2 2 5 1 2873 916 2881
4500 2 2 5 1 2858 2881 912
4501 2 2 5 1 916 2882 2881
4502 2 2 5 1 2882 2883 2881
4503 2 2 5 1 2882 919 2883
4504 2 2 5 1 2881 2883 912
4505 2 2 5 1 916 2872 2882
4506 2 2 5 1 2872 2884 2882
4507 2 2 5 1 2872 437 2884
4508 2 2 5 1 2882 2884 919
4509 2 2 5 1 912 2883 2859
4510 2 2 5 1 2883 2885 2859
4511 2 2 5 1 2883 919 2885
4512 2 2 5 1 2859 2885 250
4513 2 2 5 1 321 2886 2860
4514 2 2 5 1 2886 2887 2860
4515 2 2 5 1 2886 920 2887
4516 2 2 5 1 2860 2887 913
4517 2 2 5 1 920 2888 2887
4518 2 2 5 1 2888 2889 2887
4519 2 2 5 1 2888 921 2889
4520 2 2 5 1 2887 2889 913
4521 2 2 5 1 920 2890 2888
4522 2 2 5 1 2890 2891 2888
4523 2 2 5 1 2890 438 2891
4524 2 2 5 1 2888 2891 921
4525 2 2 5 1 913 2889 2864
4526 2 2 5 1 2889 2892 2864
4527 2 2 5 1 2889 921 2892
4528 2 2 5 1 2864 2892 436
4529 2 2 5 1 438 2893 2891
4530 2 2 5 1 2893 2894 2891
4531 2 2 5 1 2893 922 2894
4532 2 2 5 1 2891 2894 921
4533 2 2 5 1 922 2895 2894
4534 2 2 5 1 2895 2896 2894
4535 2 2 5 1 2895 923 2896
4536 2 2 5 1 2894 2896 921
4537 2 2 5 1 922 2897 2895
4538 2 2 5 1 2897 2898 2895
4539 2 2 5 1 2897 408 2898
4540 2 2 5 1 2895 2898 923
4541 2 2 5 1 921 2896 2892
4542 2 2 5 1 2896 2899 2892
4543 2 2 5 1 2896 923 2899
4544 2 2 5 1 2892 2899 436
4545 2 2 5 1 438 2900 2893
4546 2 2 5 1 2900 2901 2893
4547 2 2 5 1 2900 924 2901
4548 2 2 5 1 2893 2901 922
4549 2 2 5 1 924 2902 2901
4550 2 2 5 1 2902 2903 2901
4551 2 2 5 1 2902 792 2903
4552 2 2 5 1 2901 2903 922
4553 2 2 5 1 924 2904 2902
4554 2 2 5 1 2904 2352 2902
4555 2 2 5 1 2904 293 2352
4556 2 2 5 1 2902 2352 792
4557 2 2 5 1 922 2903 2897
4558 2 2 5 1 2903 2348 2897
4559 2 2 5 1 2903 792 2348
4560 2 2 5 1 2897 2348 408
4561 2 2 5 1 436 2899 2874
4562 2 2 5 1 2899 2905 2874
4563 2 2 5 1 2899 923 2905
4564 2 2 5 1 2874 2905 917
4565 2 2 5 1 923 2906 2905
4566 2 2 5 1 2906 2907 2905
4567 2 2 5 1 2906 788 2907
4568 2 2 5 1 2905 2907 917
4569 2 2 5 1 923 2898 2906
4570 2 2 5 1 2898 2338 2906
4571 2 2 5 1 2898 408 2338
4572 2 2 5 1 2906 2338 788
4573 2 2 5 1 917 2907 2878
4574 2 2 5 1 2907 2334 2878
4575 2 2 5 1 2907 788 2334
4576 2 2 5 1 2878 2334 315
4577 2 2 5 1 250 2885 249
4578 2 2 5 1 2885 2908 249
4579 2 2 5 1 2885 919 2908
4580 2 2 5 1 249 2908 248
4581 2 2 5 1 919 2909 2908
4582 2 2 5 1 2909 2910 2908
4583 2 2 5 1 2909 925 2910
4584 2 2 5 1 2908 2910 248
4585 2 2 5 1 919 2884 2909
4586 2 2 5 1 2884 2911 2909
4587 2 2 5 1 2884 437 2911
4588 2 2 5 1 2909 2911 925
4589 2 2 5 1 248 2910 247
4590 2 2 5 1 2910 2912 247
4591 2 2 5 1 2910 925 2912
4592 2 2 5 1 247 2912 246
4593 2 2 5 1 437 2913 2911
4594 2 2 5 1 2913 2914 2911
4595 2 2 5 1 2913 926 2914
4596 2 2 5 1 2911 2914 925
4597 2 2 5 1 926 2915 2914
4598 2 2 5 1 2915 2916 2914
4599 2 2 5 1 2915 927 2916
4600 2 2 5 1 2914 2916 925
4601 2 2 5 1 926 2917 2915
4602 2 2 5 1 2917 2918 2915
4603 2 2 5 1 2917 404 2918
4604 2 2 5 1 2915 2918 927
4605 2 2 5 1 925 2916 2912
4606 2 2 5 1 2916 2919 2912
4607 2 2 5 1 2916 927 2919
4608 2 2 5 1 2912 2919 246
4609 2 2 5 1 437 2880 2913
4610 2 2 5 1 2880 2920 2913
4611 2 2 5 1 2880 918 2920
4612 2 2 5 1 2913 2920 926
4613 2 2 5 1 918 2921 2920
4614 2 2 5 1 2921 2922 2920
4615 2 2 5 1 2921 778 2922
4616 2 2 5 1 2920 2922 926
4617 2 2 5 1 918 2879 2921
4618 2 2 5 1 2879 2300 2921
4619 2 2 5 1 2879 315 2300
4620 2 2 5 1 2921 2300 778
4621 2 2 5 1 926 2922 2917
4622 2 2 5 1 2922 2296 2917
4623 2 2 5 1 2922 778 2296
4624 2 2 5 1 2917 2296 404
4625 2 2 5 1 246 2919 245
4626 2 2 5 1 2919 2923 245
4627 2 2 5 1 2919 927 2923
4628 2 2 5 1 245 2923 244
4629 2 2 5 1 927 2924 2923
4630 2 2 5 1 2924 2925 2923
4631 2 2 5 1 2924 774 2925
4632 2 2 5 1 2923 2925 244
4633 2 2 5 1 927 2918 2924
4634 2 2 5 1 2918 2286 2924
4635 2 2 5 1 2918 404 2286
4636 2 2 5 1 2924 2286 774
4637 2 2 5 1 244 2925 243
4638 2 2 5 1 2925 2282 243
4639 2 2 5 1 2925 774 2282
4640 2 2 5 1 243 2282 242
4641 2 2 5 1 2 2926 2928
4642 2 2 5 1 2926 2927 2928
4643 2 2 5 1 2926 928 2927
4644 2 2 5 1 2928 2927 930
4645 2 2 5 1 928 2929 2927
4646 2 2 5 1 2929 2930 2927
4647 2 2 5 1 2929 929 2930
4648 2 2 5 1 2927 2930 930
4649 2 2 5 1 928 2931 2929
4650 2 2 5 1 2931 2932 2929
4651 2 2 5 1 2931 439 2932
4652 2 2 5 1 2929 2932 929
4653 2 2 5 1 930 2930 2934
4654 2 2 5 1 2930 2933 2934
4655 2 2 5 1 2930 929 2933
4656 2 2 5 1 2934 2933 441
4657 2 2 5 1 439 2935 2932
4658 2 2 5 1 2935 2936 2932
4659 2 2 5 1 2935 931 2936
4660 2 2 5 1 2932 2936 929
4661 2 2 5 1 931 2937 2936
4662 2 2 5 1 2937 2938 2936
4663 2 2 5 1 2937 932 2938
4664 2 2 5 1 2936 2938 929
4665 2 2 5 1 931 2939 2937
4666 2 2 5 1 2939 2940 2937
4667 2 2 5 1 2939 440 2940
4668 2 2 5 1 2937 2940 932
4669 2 2 5 1 929 2938 2933
4670 2 2 5 1 2938 2941 2933
4671 2 2 5 1 2938 932 2941
4672 2 2 5 1 2933 2941 441
4673 2 2 5 1 439 2942 2935
4674 2 2 5 1 2942 2943 2935
4675 2 2 5 1 2942 933 2943
4676 2 2 5 1 2935 2943 931
4677 2 2 5 1 933 2944 2943
4678 2 2 5 1 2944 2945 2943
4679 2 2 5 1 2944 934 2945
4680 2 2 5 1 2943 2945 931
4681 2 2 5 1 933 2946 2944
4682 2 2 5 1 2946 2947 2944
4683 2 2 5 1 2946 322 2947
4684 2 2 5 1 2944 2947 934
4685 2 2 5 1 931 2945 2939
4686 2 2 5 1 2945 2948 2939
4687 2 2 5 1 2945 934 2948
4688 2 2 5 1 2939 2948 440
4689 2 2 5 1 441 2941 2950
4690 2 2 5 1 2941 2949 2950
4691 2 2 5 1 2941 932 2949
4692 2 2 5 1 2950 2949 936
4693 2 2 5 1 932 2951 2949
4694 2 2 5 1 2951 2952 2949
4695 2 2 5 1 2951 935 2952
4696 2 2 5 1 2949 2952 936
4697 2 2 5 1 932 2940 2951
4698 2 2 5 1 2940 2953 2951
4699 2 2 5 1 2940 440 2953
4700 2 2 5 1 2951 2953 935
4701 2 2 5 1 936 2952 2955
4702 2 2 5 1 2952 2954 2955
4703 2 2 5 1 2952 935 2954
4704 2 2 5 1 2955 2954 323
4705 2 2 5 1 322 2956 2947
4706 2 2 5 1 2956 2957 2947
4707 2 2 5 1 2956 937 2957
4708 2 2 5 1 2947 2957 934
4709 2 2 5 1 937 2958 2957
4710 2 2 5 1 2958 2959 2957
4711 2 2 5 1 2958 938 2959
4712 2 2 5 1 2957 2959 934
4713 2 2 5 1 937 2960 2958
4714 2 2 5 1 2960 2961 2958
4715 2 2 5 1 2960 442 2961
4716 2 2 5 1 2958 2961 938
4717 2 2 5 1 934 2959 2948
4718 2 2 5 1 2959 2962 2948
4719 2 2 5 1 2959 938 2962
4720 2 2 5 1 2948 2962 440
4721 2 2 5 1 442 2963 2961
4722 2 2 5 1 2963 2964 2961
4723 2 2 5 1 2963 939 2964
4724 2 2 5 1 2961 2964 938
4725 2 2 5 1 939 2965 2964
4726 2 2 5 1 2965 2966 2964
4727 2 2 5 1 2965 940 2966
4728 2 2 5 1 2964 2966 938
4729 2 2 5 1 939 2967 2965
4730 2 2 5 1 2967 2968 2965
4731 2 2 5 1 2967 443 2968
4732 2 2 5 1 2965 2968 940
4733 2 2 5 1 938 2966 2962
4734 2 2 5 1 2966 2969 2962
4735 2 2 5 1 2966 940 2969
4736 2 2 5 1 2962 2969 440
4737 2 2 5 1 442 2970 2963
4738 2 2 5 1 2970 2971 2963
4739 2 2 5 1 2970 941 2971
4740 2 2 5 1 2963 2971 939
4741 2 2 5 1 941 2972 2971
4742 2 2 5 1 2972 2973 2971
4743 2 2 5 1 2972 942 2973
4744 2 2 5 1 2971 2973 939
4745 2 2 5 1 941 2974 2972
4746 2 2 5 1 2974 2975 2972
4747 2 2 5 1 2974 321 2975
4748 2 2 5 1 2972 2975 942
4749 2 2 5 1 939 2973 2967
4750 2 2 5 1 2973 2976 2967
4751 2 2 5 1 2973 942 2976
4752 2 2 5 1 2967 2976 443
4753 2 2 5 1 440 2969 2953
4754 2 2 5 1 2969 2977 2953
4755 2 2 5 1 2969 940 2977
4756 2 2 5 1 2953 2977 935
4757 2 2 5 1 940 2978 2977
4758 2 2 5 1 2978 2979 2977
4759 2 2 5 1 2978 943 2979
4760 2 2 5 1 2977 2979 935
4761 2 2 5 1 940 2968 2978
4762 2 2 5 1 2968 2980 2978
4763 2 2 5 1 2968 443 2980
4764 2 2 5 1 2978 2980 943
4765 2 2 5 1 935 2979 2954
4766 2 2 5 1 2979 2981 2954
4767 2 2 5 1 2979 943 2981
4768 2 2 5 1 2954 2981 323
4769 2 2 5 1 322 2982 2956
4770 2 2 5 1 2982 2983 2956
4771 2 2 5 1 2982 944 2983
4772 2 2 5 1 2956 2983 937
4773 2 2 5 1 944 2984 2983
4774 2 2 5 1 2984 2985 2983
4775 2 2 5 1 2984 945 2985
4776 2 2 5 1 2983 2985 937
4777 2 2 5 1 944 2986 2984
4778 2 2 5 1 2986 2987 2984
4779 2 2 5 1 2986 444 2987
4780 2 2 5 1 2984 2987 945
4781 2 2 5 1 937 2985 2960
4782 2 2 5 1 2985 2988 2960
4783 2 2 5 1 2985 945 2988
4784 2 2 5 1 2960 2988 442
4785 2 2 5 1 444 2989 2987
4786 2 2 5 1 2989 2990 2987
4787 2 2 5 1 2989 946 2990
4788 2 2 5 1 2987 2990 945
4789 2 2 5 1 946 2991 2990
4790 2 2 5 1 2991 2992 2990
4791 2 2 5 1 2991 947 2992
4792 2 2 5 1 2990 2992 945
4793 2 2 5 1 946 2993 2991
4794 2 2 5 1 2993 2994 2991
4795 2 2 5 1 2993 438 2994
4796 2 2 5 1 2991 2994 947
4797 2 2 5 1 945 2992 2988
4798 2 2 5 1 2992 2995 2988
4799 2 2 5 1 2992 947 2995
4800 2 2 5 1 2988 2995 442
4801 2 2 5 1 444 2996 2989
4802 2 2 5 1 2996 2997 2989
4803 2 2 5 1 2996 948 2997
4804 2 2 5 1 2989 2997 946
4805 2 2 5 1 948 2998 2997
4806 2 2 5 1 2998 2999 2997
4807 2 2 5 1 2998 924 2999
4808 2 2 5 1 2997 2999 946
4809 2 2 5 1 948 3000 2998
4810 2 2 5 1 3000 2904 2998
4811 2 2 5 1 3000 293 2904
4812 2 2 5 1 2998 2904 924
4813 2 2 5 1 946 2999 2993
4814 2 2 5 1 2999 2900 2993
4815 2 2 5 1 2999 924 2900
4816 2 2 5 1 2993 2900 438
4817 2 2 5 1 442 2995 2970
4818 2 2 5 1 2995 3001 2970
4819 2 2 5 1 2995 947 3001
4820 2 2 5 1 2970 3001 941
4821 2 2 5 1 947 3002 3001
4822 2 2 5 1 3002 3003 3001
4823 2 2 5 1 3002 920 3003
4824 2 2 5 1 3001 3003 941
4825 2 2 5 1 947 2994 3002
4826 2 2 5 1 2994 2890 3002
4827 2 2 5 1 2994 438 2890
4828 2 2 5 1 3002 2890 920
4829 2 2 5 1 941 3003 2974
4830 2 2 5 1 3003 2886 2974
4831 2 2 5 1 3003 920 2886
4832 2 2 5 1 2974 2886 321
4833 2 2 5 1 323 2981 3005
4834 2 2 5 1 2981 3004 3005
4835 2 2 5 1 2981 943 3004
4836 2 2 5 1 3005 3004 950
4837 2 2 5 1 943 3006 3004
4838 2 2 5 1 3006 3007 3004
4839 2 2 5 1 3006 949 3007
4840 2 2 5 1 3004 3007 950
4841 2 2 5 1 943 2980 3006
4842 2 2 5 1 2980 3008 3006
4843 2 2 5 1 2980 443 3008
4844 2 2 5 1 3006 3008 949
4845 2 2 5 1 950 3007 3010
4846 2 2 5 1 3007 3009 3010
4847 2 2 5 1 3007 949 3009
4848 2 2 5 1 3010 3009 445
4849 2 2 5 1 443 3011 3008
4850 2 2 5 1 3011 3012 3008
4851 2 2 5 1 3011 951 3012
4852 2 2 5 1 3008 3012 949
4853 2 2 5 1 951 3013 3012
4854 2 2 5 1 3013 3014 3012
4855 2 2 5 1 3013 952 3014
4856 2 2 5 1 3012 3014 949
4857 2 2 5 1 951 3015 3013
4858 2 2 5 1 3015 3016 3013
4859 2 2 5 1 3015 434 3016
4860 2 2 5 1 3013 3016 952
4861 2 2 5 1 949 3014 3009
4862 2 2 5 1 3014 3017 3009
4863 2 2 5 1 3014 952 3017
4864 2 2 5 1 3009 3017 445
4865 2 2 5 1 443 2976 3011
4866 2 2 5 1 2976 3018 3011
4867 2 2 5 1 2976 942 3018
4868 2 2 5 1 3011 3018 951
4869 2 2 5 1 942 3019 3018
4870 2 2 5 1 3019 3020 3018
4871 2 2 5 1 3019 910 3020
4872 2 2 5 1 3018 3020 951
4873 2 2 5 1 942 2975 3019
4874 2 2 5 1 2975 2852 3019
4875 2 2 5 1 2975 321 2852
4876 2 2 5 1 3019 2852 910
4877 2 2 5 1 951 3020 3015
4878 2 2 5 1 3020 2848 3015
4879 2 2 5 1 3020 910 2848
4880 2 2 5 1 3015 2848 434
4881 2 2 5 1 445 3017 3022
4882 2 2 5 1 3017 3021 3022
4883 2 2 5 1 3017 952 3021
4884 2 2 5 1 3022 3021 953
4885 2 2 5 1 952 3023 3021
4886 2 2 5 1 3023 3024 3021
4887 2 2 5 1 3023 906 3024
4888 2 2 5 1 3021 3024 953
4889 2 2 5 1 952 3016 3023
4890 2 2 5 1 3016 2838 3023
4891 2 2 5 1 3016 434 2838
4892 2 2 5 1 3023 2838 906
4893 2 2 5 1 953 3024 3025
4894 2 2 5 1 3024 2834 3025
4895 2 2 5 1 3024 906 2834
4896 2 2 5 1 3025 2834 258
4897 2 2 5 1 147 3026 146
4898 2 2 5 1 3026 3027 146
4899 2 2 5 1 3026 954 3027
4900 2 2 5 1 146 3027 145
4901 2 2 5 1 954 3028 3027
4902 2 2 5 1 3028 3029 3027
4903 2 2 5 1 3028 955 3029
4904 2 2 5 1 3027 3029 145
4905 2 2 5 1 954 3030 3028
4906 2 2 5 1 3030 3031 3028
4907 2 2 5 1 3030 446 3031
4908 2 2 5 1 3028 3031 955
4909 2 2 5 1 145 3029 144
4910 2 2 5 1 3029 3032 144
4911 2 2 5 1 3029 955 3032
4912 2 2 5 1 144 3032 143
4913 2 2 5 1 446 3033 3031
4914 2 2 5 1 3033 3034 3031
4915 2 2 5 1 3033 956 3034
4916 2 2 5 1 3031 3034 955
4917 2 2 5 1 956 3035 3034
4918 2 2 5 1 3035 3036 3034
4919 2 2 5 1 3035 957 3036
4920 2 2 5 1 3034 3036 955
4921 2 2 5 1 956 3037 3035
4922 2 2 5 1 3037 3038 3035
4923 2 2 5 1 3037 447 3038
4924 2 2 5 1 3035 3038 957
4925 2 2 5 1 955 3036 3032
4926 2 2 5 1 3036 3039 3032
4927 2 2 5 1 3036 957 3039
4928 2 2 5 1 3032 3039 143
4929 2 2 5 1 446 3040 3033
4930 2 2 5 1 3040 3041 3033
4931 2 2 5 1 3040 958 3041
4932 2 2 5 1 3033 3041 956
4933 2 2 5 1 958 3042 3041
4934 2 2 5 1 3042 3043 3041
4935 2 2 5 1 3042 959 3043
4936 2 2 5 1 3041 3043 956
4937 2 2 5 1 958 3044 3042
4938 2 2 5 1 3044 3045 3042
4939 2 2 5 1 3044 324 3045
4940 2 2 5 1 3042 3045 959
4941 2 2 5 1 956 3043 3037
4942 2 2 5 1 3043 3046 3037
4943 2 2 5 1 3043 959 3046
4944 2 2 5 1 3037 3046 447
4945 2 2 5 1 143 3039 142
4946 2 2 5 1 3039 3047 142
4947 2 2 5 1 3039 957 3047
4948 2 2 5 1 142 3047 141
4949 2 2 5 1 957 3048 3047
4950 2 2 5 1 3048 3049 3047
4951 2 2 5 1 3048 960 3049
4952 2 2 5 1 3047 3049 141
4953 2 2 5 1 957 3038 3048
4954 2 2 5 1 3038 3050 3048
4955 2 2 5 1 3038 447 3050
4956 2 2 5 1 3048 3050 960
4957 2 2 5 1 141 3049 140
4958 2 2 5 1 3049 3051 140
4959 2 2 5 1 3049 960 3051
4960 2 2 5 1 140 3051 139
4961 2 2 5 1 324 3052 3045
4962 2 2 5 1 3052 3053 3045
4963 2 2 5 1 3052 961 3053
4964 2 2 5 1 3045 3053 959
4965 2 2 5 1 961 3054 3053
4966 2 2 5 1 3054 3055 3053
4967 2 2 5 1 3054 962 3055
4968 2 2 5 1 3053 3055 959
4969 2 2 5 1 961 3056 3054
4970 2 2 5 1 3056 3057 3054
4971 2 2 5 1 3056 448 3057
4972 2 2 5 1 3054 3057 962
4973 2 2 5 1 959 3055 3046
4974 2 2 5 1 3055 3058 3046
4975 2 2 5 1 3055 962 3058
4976 2 2 5 1 3046 3058 447
4977 2 2 5 1 448 3059 3057
4978 2 2 5 1 3059 3060 3057
4979 2 2 5 1 3059 963 3060
4980 2 2 5 1 3057 3060 962
4981 2 2 5 1 963 3061 3060
4982 2 2 5 1 3061 3062 3060
4983 2 2 5 1 3061 964 3062
4984 2 2 5 1 3060 3062 962
4985 2 2 5 1 963 3063 3061
4986 2 2 5 1 3063 3064 3061
4987 2 2 5 1 3063 449 3064
4988 2 2 5 1 3061 3064 964
4989 2 2 5 1 962 3062 3058
4990 2 2 5 1 3062 3065 3058
4991 2 2 5 1 3062 964 3065
4992 2 2 5 1 3058 3065 447
4993 2 2 5 1 448 3066 3059
4994 2 2 5 1 3066 3067 3059
4995 2 2 5 1 3066 965 3067
4996 2 2 5 1 3059 3067 963
4997 2 2 5 1 965 3068 3067
4998 2 2 5 1 3068 3069 3067
4999 2 2 5 1 3068 966 3069
5000 2 2 5 1 3067 3069 963
5001 2 2 5 1 965 3070 3068
5002 2 2 5 1 3070 3071 3068
5003 2 2 5 1 3070 325 3071
5004 2 2 5 1 3068 3071 966
5005 2 2 5 1 963 3069 3063
5006 2 2 5 1 3069 3072 3063
5007 2 2 5 1 3069 966 3072
5008 2 2 5 1 3063 3072 449
5009 2 2 5 1 447 3065 3050
5010 2 2 5 1 3065 3073 3050
5011 2 2 5 1 3065 964 3073
5012 2 2 5 1 3050 3073 960
5013 2 2 5 1 964 3074 3073
5014 2 2 5 1 3074 3075 3073
5015 2 2 5 1 3074 967 3075
5016 2 2 5 1 3073 3075 960
5017 2 2 5 1 964 3064 3074
5018 2 2 5 1 3064 3076 3074
5019 2 2 5 1 3064 449 3076
5020 2 2 5 1 3074 3076 967
5021 2 2 5 1 960 3075 3051
5022 2 2 5 1 3075 3077 3051
5023 2 2 5 1 3075 967 3077
5024 2 2 5 1 3051 3077 139
5025 2 2 5 1 324 3078 3052
5026 2 2 5 1 3078 3079 3052
5027 2 2 5 1 3078 968 3079
5028 2 2 5 1 3052 3079 961
5029 2 2 5 1 968 3080 3079
5030 2 2 5 1 3080 3081 3079
5031 2 2 5 1 3080 969 3081
5032 2 2 5 1 3079 3081 961
5033 2 2 5 1 968 3082 3080
5034 2 2 5 1 3082 3083 3080
5035 2 2 5 1 3082 450 3083
5036 2 2 5 1 3080 3083 969
5037 2 2 5 1 961 3081 3056
5038 2 2 5 1 3081 3084 3056
5039 2 2 5 1 3081 969 3084
5040 2 2 5 1 3056 3084 448
5041 2 2 5 1 450 3085 3083
5042 2 2 5 1 3085 3086 3083
5043 2 2 5 1 3085 970 3086
5044 2 2 5 1 3083 3086 969
5045 2 2 5 1 970 3087 3086
5046 2 2 5 1 3087 3088 3086
5047 2 2 5 1 3087 971 3088
5048 2 2 5 1 3086 3088 969
5049 2 2 5 1 970 3089 3087
5050 2 2 5 1 3089 3090 3087
5051 2 2 5 1 3089 451 3090
5052 2 2 5 1 3087 3090 971
5053 2 2 5 1 969 3088 3084
5054 2 2 5 1 3088 3091 3084
5055 2 2 5 1 3088 971 3091
5056 2 2 5 1 3084 3091 448
5057 2 2 5 1 450 3092 3085
5058 2 2 5 1 3092 3093 3085
5059 2 2 5 1 3092 972 3093
5060 2 2 5 1 3085 3093 970
5061 2 2 5 1 972 3094 3093
5062 2 2 5 1 3094 3095 3093
5063 2 2 5 1 3094 973 3095
5064 2 2 5 1 3093 3095 970
5065 2 2 5 1 972 3096 3094
5066 2 2 5 1 3096 3097 3094
5067 2 2 5 1 3096 294 3097
5068 2 2 5 1 3094 3097 973
5069 2 2 5 1 970 3095 3089
5070 2 2 5 1 3095 3098 3089
5071 2 2 5 1 3095 973 3098
5072 2 2 5 1 3089 3098 451
5073 2 2 5 1 448 3091 3066
5074 2 2 5 1 3091 3099 3066
5075 2 2 5 1 3091 971 3099
5076 2 2 5 1 3066 3099 965
5077 2 2 5 1 971 3100 3099
5078 2 2 5 1 3100 3101 3099
5079 2 2 5 1 3100 974 3101
5080 2 2 5 1 3099 3101 965
5081 2 2 5 1 971 3090 3100
5082 2 2 5 1 3090 3102 3100
5083 2 2 5 1 3090 451 3102
5084 2 2 5 1 3100 3102 974
5085 2 2 5 1 965 3101 3070
5086 2 2 5 1 3101 3103 3070
5087 2 2 5 1 3101 974 3103
5088 2 2 5 1 3070 3103 325
5089 2 2 5 1 139 3077 138
5090 2 2 5 1 3077 3104 138
5091 2 2 5 1 3077 967 3104
5092 2 2 5 1 138 3104 137
5093 2 2 5 1 967 3105 3104
5094 2 2 5 1 3105 3106 3104
5095 2 2 5 1 3105 975 3106
5096 2 2 5 1 3104 3106 137
5097 2 2 5 1 967 3076 3105
5098 2 2 5 1 3076 3107 3105
5099 2 2 5 1 3076 449 3107
5100 2 2 5 1 3105 3107 975
5101 2 2 5 1 137 3106 136
5102 2 2 5 1 3106 3108 136
5103 2 2 5 1 3106 975 3108
5104 2 2 5 1 136 3108 135
5105 2 2 5 1 449 3109 3107
5106 2 2 5 1 3109 3110 3107
5107 2 2 5 1 3109 976 3110
5108 2 2 5 1 3107 3110 975
5109 2 2 5 1 976 3111 3110
5110 2 2 5 1 3111 3112 3110
5111 2 2 5 1 3111 977 3112
5112 2 2 5 1 3110 3112 975
5113 2 2 5 1 976 3113 3111
5114 2 2 5 1 3113 3114 3111
5115 2 2 5 1 3113 452 3114
5116 2 2 5 1 3111 3114 977
5117 2 2 5 1 975 3112 3108
5118 2 2 5 1 3112 3115 3108
5119 2 2 5 1 3112 977 3115
5120 2 2 5 1 3108 3115 135
5121 2 2 5 1 449 3072 3109
5122 2 2 5 1 3072 3116 3109
5123 2 2 5 1 3072 966 3116
5124 2 2 5 1 3109 3116 976
5125 2 2 5 1 966 3117 3116
5126 2 2 5 1 3117 3118 3116
5127 2 2 5 1 3117 978 3118
5128 2 2 5 1 3116 3118 976
5129 2 2 5 1 966 3071 3117
5130 2 2 5 1 3071 3119 3117
5131 2 2 5 1 3071 325 3119
5132 2 2 5 1 3117 3119 978
5133 2 2 5 1 976 3118 3113
5134 2 2 5 1 3118 3120 3113
5135 2 2 5 1 3118 978 3120
5136 2 2 5 1 3113 3120 452
5137 2 2 5 1 135 3115 134
5138 2 2 5 1 3115 3121 134
5139 2 2 5 1 3115 977 3121
5140 2 2 5 1 134 3121 133
5141 2 2 5 1 977 3122 3121
5142 2 2 5 1 3122 3123 3121
5143 2 2 5 1 3122 979 3123
5144 2 2 5 1 3121 3123 133
5145 2 2 5 1 977 3114 3122
5146 2 2 5 1 3114 3124 3122
5147 2 2 5 1 3114 452 3124
5148 2 2 5 1 3122 3124 979
5149 2 2 5 1 133 3123 132
5150 2 2 5 1 3123 3125 132
5151 2 2 5 1 3123 979 3125
5152 2 2 5 1 132 3125 4
5153 2 2 5 1 4 3125 131
5154 2 2 5 1 3125 3126 131
5155 2 2 5 1 3125 979 3126
5156 2 2 5 1 131 3126 130
5157 2 2 5 1 979 3127 3126
5158 2 2 5 1 3127 3128 3126
5159 2 2 5 1 3127 980 3128
5160 2 2 5 1 3126 3128 130
5161 2 2 5 1 979 3124 3127
5162 2 2 5 1 3124 3129 3127
5163 2 2 5 1 3124 452 3129
5164 2 2 5 1 3127 3129 980
5165 2 2 5 1 130 3128 129
5166 2 2 5 1 3128 3130 129
5167 2 2 5 1 3128 980 3130
5168 2 2 5 1 129 3130 128
5169 2 2 5 1 452 3131 3129
5170 2 2 5 1 3131 3132 3129
5171 2 2 5 1 3131 981 3132
5172 2 2 5 1 3129 3132 980
5173 2 2 5 1 981 3133 3132
5174 2 2 5 1 3133 3134 3132
5175 2 2 5 1 3133 982 3134
5176 2 2 5 1 3132 3134 980
5177 2 2 5 1 981 3135 3133
5178 2 2 5 1 3135 3136 3133
5179 2 2 5 1 3135 453 3136
5180 2 2 5 1 3133 3136 982
5181 2 2 5 1 980 3134 3130
5182 2 2 5 1 3134 3137 3130
5183 2 2 5 1 3134 982 3137
5184 2 2 5 1 3130 3137 128
5185 2 2 5 1 452 3120 3131
5186 2 2 5 1 3120 3138 3131
5187 2 2 5 1 3120 978 3138
5188 2 2 5 1 3131 3138 981
5189 2 2 5 1 978 3139 3138
5190 2 2 5 1 3139 3140 3138
5191 2 2 5 1 3139 983 3140
5192 2 2 5 1 3138 3140 981
5193 2 2 5 1 978 3119 3139
5194 2 2 5 1 3119 3141 3139
5195 2 2 5 1 3119 325 3141
5196 2 2 5 1 3139 3141 983
5197 2 2 5 1 981 3140 3135
5198 2 2 5 1 3140 3142 3135
5199 2 2 5 1 3140 983 3142
5200 2 2 5 1 3135 3142 453
5201 2 2 5 1 128 3137 127
5202 2 2 5 1 3137 3143 127
5203 2 2 5 1 3137 982 3143
5204 2 2 5 1 127 3143 126
5205 2 2 5 1 982 3144 3143
5206 2 2 5 1 3144 3145 3143
5207 2 2 5 1 3144 984 3145
5208 2 2 5 1 3143 3145 126
5209 2 2 5 1 982 3136 3144
5210 2 2 5 1 3136 3146 3144
5211 2 2 5 1 3136 453 3146
5212 2 2 5 1 3144 3146 984
5213 2 2 5 1 126 3145 125
5214 2 2 5 1 3145 3147 125
5215 2 2 5 1 3145 984 3147
5216 2 2 5 1 125 3147 124
5217 2 2 5 1 325 3148 3141
5218 2 2 5 1 3148 3149 3141
5219 2 2 5 1 3148 985 3149
5220 2 2 5 1 3141 3149 983
5221 2 2 5 1 985 3150 3149
5222 2 2 5 1 3150 3151 3149
5223 2 2 5 1 3150 986 3151
5224 2 2 5 1 3149 3151 983
5225 2 2 5 1 985 3152 3150
5226 2 2 5 1 3152 3153 3150
5227 2 2 5 1 3152 454 3153
5228 2 2 5 1 3150 3153 986
5229 2 2 5 1 983 3151 3142
5230 2 2 5 1 3151 3154 3142
5231 2 2 5 1 3151 986 3154
5232 2 2 5 1 3142 3154 453
5233 2 2 5 1 454 3155 3153
5234 2 2 5 1 3155 3156 3153
5235 2 2 5 1 3155 987 3156
5236 2 2 5 1 3153 3156 986
5237 2 2 5 1 987 3157 3156
5238 2 2 5 1 3157 3158 3156
5239 2 2 5 1 3157 988 3158
5240 2 2 5 1 3156 3158 986
5241 2 2 5 1 987 3159 3157
5242 2 2 5 1 3159 3160 3157
5243 2 2 5 1 3159 455 3160
5244 2 2 5 1 3157 3160 988
5245 2 2 5 1 986 3158 3154
5246 2 2 5 1 3158 3161 3154
5247 2 2 5 1 3158 988 3161
5248 2 2 5 1 3154 3161 453
5249 2 2 5 1 454 3162 3155
5250 2 2 5 1 3162 3163 3155
5251 2 2 5 1 3162 989 3163
5252 2 2 5 1 3155 3163 987
5253 2 2 5 1 989 3164 3163
5254 2 2 5 1 3164 3165 3163
5255 2 2 5 1 3164 990 3165
5256 2 2 5 1 3163 3165 987
5257 2 2 5 1 989 3166 3164
5258 2 2 5 1 3166 3167 3164
5259 2 2 5 1 3166 317 3167
5260 2 2 5 1 3164 3167 990
5261 2 2 5 1 987 3165 3159
5262 2 2 5 1 3165 3168 3159
5263 2 2 5 1 3165 990 3168
5264 2 2 5 1 3159 3168 455
5265 2 2 5 1 453 3161 3146
5266 2 2 5 1 3161 3169 3146
5267 2 2 5 1 3161 988 3169
5268 2 2 5 1 3146 3169 984
5269 2 2 5 1 988 3170 3169
5270 2 2 5 1 3170 3171 3169
5271 2 2 5 1 3170 991 3171
5272 2 2 5 1 3169 3171 984
5273 2 2 5 1 988 3160 3170
5274 2 2 5 1 3160 3172 3170
5275 2 2 5 1 3160 455 3172
5276 2 2 5 1 3170 3172 991
5277 2 2 5 1 984 3171 3147
5278 2 2 5 1 3171 3173 3147
5279 2 2 5 1 3171 991 3173
5280 2 2 5 1 3147 3173 124
5281 2 2 5 1 325 3103 3148
5282 2 2 5 1 3103 3174 3148
5283 2 2 5 1 3103 974 3174
5284 2 2 5 1 3148 3174 985
5285 2 2 5 1 974 3175 3174
5286 2 2 5 1 3175 3176 3174
5287 2 2 5 1 3175 992 3176
5288 2 2 5 1 3174 3176 985
5289 2 2 5 1 974 3102 3175
5290 2 2 5 1 3102 3177 3175
5291 2 2 5 1 3102 451 3177
5292 2 2 5 1 3175 3177 992
5293 2 2 5 1 985 3176 3152
5294 2 2 5 1 3176 3178 3152
5295 2 2 5 1 3176 992 3178
5296 2 2 5 1 3152 3178 454
5297 2 2 5 1 451 3179 3177
5298 2 2 5 1 3179 3180 3177
5299 2 2 5 1 3179 993 3180
5300 2 2 5 1 3177 3180 992
5301 2 2 5 1 993 3181 3180
5302 2 2 5 1 3181 3182 3180
5303 2 2 5 1 3181 994 3182
5304 2 2 5 1 3180 3182 992
5305 2 2 5 1 993 3183 3181
5306 2 2 5 1 3183 3184 3181
5307 2 2 5 1 3183 415 3184
5308 2 2 5 1 3181 3184 994
5309 2 2 5 1 992 3182 3178
5310 2 2 5 1 3182 3185 3178
5311 2 2 5 1 3182 994 3185
5312 2 2 5 1 3178 3185 454
5313 2 2 5 1 451 3098 3179
5314 2 2 5 1 3098 3186 3179
5315 2 2 5 1 3098 973 3186
5316 2 2 5 1 3179 3186 993
5317 2 2 5 1 973 3187 3186
5318 2 2 5 1 3187 3188 3186
5319 2 2 5 1 3187 818 3188
5320 2 2 5 1 3186 3188 993
5321 2 2 5 1 973 3097 3187
5322 2 2 5 1 3097 2452 3187
5323 2 2 5 1 3097 294 2452
5324 2 2 5 1 3187 2452 818
5325 2 2 5 1 993 3188 3183
5326 2 2 5 1 3188 2448 3183
5327 2 2 5 1 3188 818 2448
5328 2 2 5 1 3183 2448 415
5329 2 2 5 1 454 3185 3162
5330 2 2 5 1 3185 3189 3162
5331 2 2 5 1 3185 994 3189
5332 2 2 5 1 3162 3189 989
5333 2 2 5 1 994 3190 3189
5334 2 2 5 1 3190 3191 3189
5335 2 2 5 1 3190 814 3191
5336 2 2 5 1 3189 3191 989
5337 2 2 5 1 994 3184 3190
5338 2 2 5 1 3184 2438 3190
5339 2 2 5 1 3184 415 2438
5340 2 2 5 1 3190 2438 814
5341 2 2 5 1 989 3191 3166
5342 2 2 5 1 3191 2434 3166
5343 2 2 5 1 3191 814 2434
5344 2 2 5 1 3166 2434 317
5345 2 2 5 1 124 3173 123
5346 2 2 5 1 3173 3192 123
5347 2 2 5 1 3173 991 3192
5348 2 2 5 1 123 3192 122
5349 2 2 5 1 991 3193 3192
5350 2 2 5 1 3193 3194 3192
5351 2 2 5 1 3193 995 3194
5352 2 2 5 1 3192 3194 122
5353 2 2 5 1 991 3172 3193
5354 2 2 5 1 3172 3195 3193
5355 2 2 5 1 3172 455 3195
5356 2 2 5 1 3193 3195 995
5357 2 2 5 1 122 3194 121
5358 2 2 5 1 3194 3196 121
5359 2 2 5 1 3194 995 3196
5360 2 2 5 1 121 3196 120
5361 2 2 5 1 455 3197 3195
5362 2 2 5 1 3197 3198 3195
5363 2 2 5 1 3197 996 3198
5364 2 2 5 1 3195 3198 995
5365 2 2 5 1 996 3199 3198
5366 2 2 5 1 3199 3200 3198
5367 2 2 5 1 3199 997 3200
5368 2 2 5 1 3198 3200 995
5369 2 2 5 1 996 3201 3199
5370 2 2 5 1 3201 3202 3199
5371 2 2 5 1 3201 411 3202
5372 2 2 5 1 3199 3202 997
5373 2 2 5 1 995 3200 3196
5374 2 2 5 1 3200 3203 3196
5375 2 2 5 1 3200 997 3203
5376 2 2 5 1 3196 3203 120
5377 2 2 5 1 455 3168 3197
5378 2 2 5 1 3168 3204 3197
5379 2 2 5 1 3168 990 3204
5380 2 2 5 1 3197 3204 996
5381 2 2 5 1 990 3205 3204
5382 2 2 5 1 3205 3206 3204
5383 2 2 5 1 3205 804 3206
5384 2 2 5 1 3204 3206 996
5385 2 2 5 1 990 3167 3205
5386 2 2 5 1 3167 2400 3205
5387 2 2 5 1 3167 317 2400
5388 2 2 5 1 3205 2400 804
5389 2 2 5 1 996 3206 3201
5390 2 2 5 1 3206 2396 3201
5391 2 2 5 1 3206 804 2396
5392 2 2 5 1 3201 2396 411
5393 2 2 5 1 120 3203 119
5394 2 2 5 1 3203 3207 119
5395 2 2 5 1 3203 997 3207
5396 2 2 5 1 119 3207 118
5397 2 2 5 1 997 3208 3207
5398 2 2 5 1 3208 3209 3207
5399 2 2 5 1 3208 800 3209
5400 2 2 5 1 3207 3209 118
5401 2 2 5 1 997 3202 3208
5402 2 2 5 1 3202 2386 3208
5403 2 2 5 1 3202 411 2386
5404 2 2 5 1 3208 2386 800
5405 2 2 5 1 118 3209 117
5406 2 2 5 1 3209 2382 117
5407 2 2 5 1 3209 800 2382
5408 2 2 5 1 117 2382 116
5409 2 2 5 1 291 3210 2545
5410 2 2 5 1 3210 3211 2545
5411 2 2 5 1 3210 998 3211
5412 2 2 5 1 2545 3211 841
5413 2 2 5 1 998 3212 3211
5414 2 2 5 1 3212 3213 3211
5415 2 2 5 1 3212 999 3213
5416 2 2 5 1 3211 3213 841
5417 2 2 5 1 998 3214 3212
5418 2 2 5 1 3214 3215 3212
5419 2 2 5 1 3214 456 3215
5420 2 2 5 1 3212 3215 999
5421 2 2 5 1 841 3213 2546
5422 2 2 5 1 3213 3216 2546
5423 2 2 5 1 3213 999 3216
5424 2 2 5 1 2546 3216 421
5425 2 2 5 1 456 3217 3215
5426 2 2 5 1 3217 3218 3215
5427 2 2 5 1 3217 1000 3218
5428 2 2 5 1 3215 3218 999
5429 2 2 5 1 1000 3219 3218
5430 2 2 5 1 3219 3220 3218
5431 2 2 5 1 3219 1001 3220
5432 2 2 5 1 3218 3220 999
5433 2 2 5 1 1000 3221 3219
5434 2 2 5 1 3221 3222 3219
5435 2 2 5 1 3221 457 3222
5436 2 2 5 1 3219 3222 1001
5437 2 2 5 1 999 3220 3216
5438 2 2 5 1 3220 3223 3216
5439 2 2 5 1 3220 1001 3223
5440 2 2 5 1 3216 3223 421
5441 2 2 5 1 456 3224 3217
5442 2 2 5 1 3224 3225 3217
5443 2 2 5 1 3224 1002 3225
5444 2 2 5 1 3217 3225 1000
5445 2 2 5 1 1002 3226 3225
5446 2 2 5 1 3226 3227 3225
5447 2 2 5 1 3226 1003 3227
5448 2 2 5 1 3225 3227 1000
5449 2 2 5 1 1002 3228 3226
5450 2 2 5 1 3228 3229 3226
5451 2 2 5 1 3228 326 3229
5452 2 2 5 1 3226 3229 1003
5453 2 2 5 1 1000 3227 3221
5454 2 2 5 1 3227 3230 3221
5455 2 2 5 1 3227 1003 3230
5456 2 2 5 1 3221 3230 457
5457 2 2 5 1 421 3223 2550
5458 2 2 5 1 3223 3231 2550
5459 2 2 5 1 3223 1001 3231
5460 2 2 5 1 2550 3231 842
5461 2 2 5 1 1001 3232 3231
5462 2 2 5 1 3232 3233 3231
5463 2 2 5 1 3232 1004 3233
5464 2 2 5 1 3231 3233 842
5465 2 2 5 1 1001 3222 3232
5466 2 2 5 1 3222 3234 3232
5467 2 2 5 1 3222 457 3234
5468 2 2 5 1 3232 3234 1004
5469 2 2 5 1 842 3233 2551
5470 2 2 5 1 3233 3235 2551
5471 2 2 5 1 3233 1004 3235
5472 2 2 5 1 2551 3235 319
5473 2 2 5 1 326 3236 3229
5474 2 2 5 1 3236 3237 3229
5475 2 2 5 1 3236 1005 3237
5476 2 2 5 1 3229 3237 1003
5477 2 2 5 1 1005 3238 3237
5478 2 2 5 1 3238 3239 3237
5479 2 2 5 1 3238 1006 3239
5480 2 2 5 1 3237 3239 1003
5481 2 2 5 1 1005 3240 3238
5482 2 2 5 1 3240 3241 3238
5483 2 2 5 1 3240 458 3241
5484 2 2 5 1 3238 3241 1006
5485 2 2 5 1 1003 3239 3230
5486 2 2 5 1 3239 3242 3230
5487 2 2 5 1 3239 1006 3242
5488 2 2 5 1 3230 3242 457
5489 2 2 5 1 458 3243 3241
5490 2 2 5 1 3243 3244 3241
5491 2 2 5 1 3243 1007 3244
5492 2 2 5 1 3241 3244 1006
5493 2 2 5 1 1007 3245 3244
5494 2 2 5 1 3245 3246 3244
5495 2 2 5 1 3245 1008 3246
5496 2 2 5 1 3244 3246 1006
5497 2 2 5 1 1007 3247 3245
5498 2 2 5 1 3247 3248 3245
5499 2 2 5 1 3247 459 3248
5500 2 2 5 1 3245 3248 1008
5501 2 2 5 1 1006 3246 3242
5502 2 2 5 1 3246 3249 3242
5503 2 2 5 1 3246 1008 3249
5504 2 2 5 1 3242 3249 457
5505 2 2 5 1 458 3250 3243
5506 2 2 5 1 3250 3251 3243
5507 2 2 5 1 3250 1009 3251
5508 2 2 5 1 3243 3251 1007
5509 2 2 5 1 1009 3252 3251
5510 2 2 5 1 3252 3253 3251
5511 2 2 5 1 3252 1010 3253
5512 2 2 5 1 3251 3253 1007
5513 2 2 5 1 1009 3254 3252
5514 2 2 5 1 3254 3255 3252
5515 2 2 5 1 3254 327 3255
5516 2 2 5 1 3252 3255 1010
5517 2 2 5 1 1007 3253 3247
5518 2 2 5 1 3253 3256 3247
5519 2 2 5 1 3253 1010 3256
5520 2 2 5 1 3247 3256 459
5521 2 2 5 1 457 3249 3234
5522 2 2 5 1 3249 3257 3234
5523 2 2 5 1 3249 1008 3257
5524 2 2 5 1 3234 3257 1004
5525 2 2 5 1 1008 3258 3257
5526 2 2 5 1 3258 3259 3257
5527 2 2 5 1 3258 1011 3259
5528 2 2 5 1 3257 3259 1004
5529 2 2 5 1 1008 3248 3258
5530 2 2 5 1 3248 3260 3258
5531 2 2 5 1 3248 459 3260
5532 2 2 5 1 3258 3260 1011
5533 2 2 5 1 1004 3259 3235
5534 2 2 5 1 3259 3261 3235
5535 2 2 5 1 3259 1011 3261
5536 2 2 5 1 3235 3261 319
5537 2 2 5 1 326 3262 3236
5538 2 2 5 1 3262 3263 3236
5539 2 2 5 1 3262 1012 3263
5540 2 2 5 1 3236 3263 1005
5541 2 2 5 1 1012 3264 3263
5542 2 2 5 1 3264 3265 3263
5543 2 2 5 1 3264 1013 3265
5544 2 2 5 1 3263 3265 1005
5545 2 2 5 1 1012 3266 3264
5546 2 2 5 1 3266 3267 3264
5547 2 2 5 1 3266 460 3267
5548 2 2 5 1 3264 3267 1013
5549 2 2 5 1 1005 3265 3240
5550 2 2 5 1 3265 3268 3240
5551 2 2 5 1 3265 1013 3268
5552 2 2 5 1 3240 3268 458
5553 2 2 5 1 460 3269 3267
5554 2 2 5 1 3269 3270 3267
5555 2 2 5 1 3269 1014 3270
5556 2 2 5 1 3267 3270 1013
5557 2 2 5 1 1014 3271 3270
5558 2 2 5 1 3271 3272 3270
5559 2 2 5 1 3271 1015 3272
5560 2 2 5 1 3270 3272 1013
5561 2 2 5 1 1014 3273 3271
5562 2 2 5 1 3273 3274 3271
5563 2 2 5 1 3273 461 3274
5564 2 2 5 1 3271 3274 1015
5565 2 2 5 1 1013 3272 3268
5566 2 2 5 1 3272 3275 3268
5567 2 2 5 1 3272 1015 3275
5568 2 2 5 1 3268 3275 458
5569 2 2 5 1 460 3276 3269
5570 2 2 5 1 3276 3277 3269
5571 2 2 5 1 3276 1016 3277
5572 2 2 5 1 3269 3277 1014
5573 2 2 5 1 1016 3278 3277
5574 2 2 5 1 3278 3279 3277
5575 2 2 5 1 3278 1017 3279
5576 2 2 5 1 3277 3279 1014
5577 2 2 5 1 1016 3280 3278
5578 2 2 5 1 3280 3281 3278
5579 2 2 5 1 3280 295 3281
5580 2 2 5 1 3278 3281 1017
5581 2 2 5 1 1014 3279 3273
5582 2 2 5 1 3279 3282 3273
5583 2 2 5 1 3279 1017 3282
5584 2 2 5 1 3273 3282 461
5585 2 2 5 1 458 3275 3250
5586 2 2 5 1 3275 3283 3250
5587 2 2 5 1 3275 1015 3283
5588 2 2 5 1 3250 3283 1009
5589 2 2 5 1 1015 3284 3283
5590 2 2 5 1 3284 3285 3283
5591 2 2 5 1 3284 1018 3285
5592 2 2 5 1 3283 3285 1009
5593 2 2 5 1 1015 3274 3284
5594 2 2 5 1 3274 3286 3284
5595 2 2 5 1 3274 461 3286
5596 2 2 5 1 3284 3286 1018
5597 2 2 5 1 1009 3285 3254
5598 2 2 5 1 3285 3287 3254
5599 2 2 5 1 3285 1018 3287
5600 2 2 5 1 3254 3287 327
5601 2 2 5 1 319 3261 2567
5602 2 2 5 1 3261 3288 2567
5603 2 2 5 1 3261 1011 3288
5604 2 2 5 1 2567 3288 846
5605 2 2 5 1 1011 3289 3288
5606 2 2 5 1 3289 3290 3288
5607 2 2 5 1 3289 1019 3290
5608 2 2 5 1 3288 3290 846
5609 2 2 5 1 1011 3260 3289
5610 2 2 5 1 3260 3291 3289
5611 2 2 5 1 3260 459 3291
5612 2 2 5 1 3289 3291 1019
5613 2 2 5 1 846 3290 2568
5614 2 2 5 1 3290 3292 2568
5615 2 2 5 1 3290 1019 3292
5616 2 2 5 1 2568 3292 422
5617 2 2 5 1 459 3293 3291
5618 2 2 5 1 3293 3294 3291
5619 2 2 5 1 3293 1020 3294
5620 2 2 5 1 3291 3294 1019
5621 2 2 5 1 1020 3295 3294
5622 2 2 5 1 3295 3296 3294
5623 2 2 5 1 3295 1021 3296
5624 2 2 5 1 3294 3296 1019
5625 2 2 5 1 1020 3297 3295
5626 2 2 5 1 3297 3298 3295
5627 2 2 5 1 3297 462 3298
5628 2 2 5 1 3295 3298 1021
5629 2 2 5 1 1019 3296 3292
5630 2 2 5 1 3296 3299 3292
5631 2 2 5 1 3296 1021 3299
5632 2 2 5 1 3292 3299 422
5633 2 2 5 1 459 3256 3293
5634 2 2 5 1 3256 3300 3293
5635 2 2 5 1 3256 1010 3300
5636 2 2 5 1 3293 3300 1020
5637 2 2 5 1 1010 3301 3300
5638 2 2 5 1 3301 3302 3300
5639 2 2 5 1 3301 1022 3302
5640 2 2 5 1 3300 3302 1020
5641 2 2 5 1 1010 3255 3301
5642 2 2 5 1 3255 3303 3301
5643 2 2 5 1 3255 327 3303
5644 2 2 5 1 3301 3303 1022
5645 2 2 5 1 1020 3302 3297
5646 2 2 5 1 3302 3304 3297
5647 2 2 5 1 3302 1022 3304
5648 2 2 5 1 3297 3304 462
5649 2 2 5 1 422 3299 2572
5650 2 2 5 1 3299 3305 2572
5651 2 2 5 1 3299 1021 3305
5652 2 2 5 1 2572 3305 847
5653 2 2 5 1 1021 3306 3305
5654 2 2 5 1 3306 3307 3305
5655 2 2 5 1 3306 1023 3307
5656 2 2 5 1 3305 3307 847
5657 2 2 5 1 1021 3298 3306
5658 2 2 5 1 3298 3308 3306
5659 2 2 5 1 3298 462 3308
5660 2 2 5 1 3306 3308 1023
5661 2 2 5 1 847 3307 2573
5662 2 2 5 1 3307 3309 2573
5663 2 2 5 1 3307 1023 3309
5664 2 2 5 1 2573 3309 178
5665 2 2 5 1 289 3310 2805
5666 2 2 5 1 3310 3311 2805
5667 2 2 5 1 3310 1024 3311
5668 2 2 5 1 2805 3311 899
5669 2 2 5 1 1024 3312 3311
5670 2 2 5 1 3312 3313 3311
5671 2 2 5 1 3312 1025 3313
5672 2 2 5 1 3311 3313 899
5673 2 2 5 1 1024 3314 3312
5674 2 2 5 1 3314 3315 3312
5675 2 2 5 1 3314 463 3315
5676 2 2 5 1 3312 3315 1025
5677 2 2 5 1 899 3313 2806
5678 2 2 5 1 3313 3316 2806
5679 2 2 5 1 3313 1025 3316
5680 2 2 5 1 2806 3316 432
5681 2 2 5 1 463 3317 3315
5682 2 2 5 1 3317 3318 3315
5683 2 2 5 1 3317 1026 3318
5684 2 2 5 1 3315 3318 1025
5685 2 2 5 1 1026 3319 3318
5686 2 2 5 1 3319 3320 3318
5687 2 2 5 1 3319 1027 3320
5688 2 2 5 1 3318 3320 1025
5689 2 2 5 1 1026 3321 3319
5690 2 2 5 1 3321 3322 3319
5691 2 2 5 1 3321 464 3322
5692 2 2 5 1 3319 3322 1027
5693 2 2 5 1 1025 3320 3316
5694 2 2 5 1 3320 3323 3316
5695 2 2 5 1 3320 1027 3323
5696 2 2 5 1 3316 3323 432
5697 2 2 5 1 463 3324 3317
5698 2 2 5 1 3324 3325 3317
5699 2 2 5 1 3324 1028 3325
5700 2 2 5 1 3317 3325 1026
5701 2 2 5 1 1028 3326 3325
5702 2 2 5 1 3326 3327 3325
5703 2 2 5 1 3326 1029 3327
5704 2 2 5 1 3325 3327 1026
5705 2 2 5 1 1028 3328 3326
5706 2 2 5 1 3328 3329 3326
5707 2 2 5 1 3328 328 3329
5708 2 2 5 1 3326 3329 1029
5709 2 2 5 1 1026 3327 3321
5710 2 2 5 1 3327 3330 3321
5711 2 2 5 1 3327 1029 3330
5712 2 2 5 1 3321 3330 464
5713 2 2 5 1 432 3323 2810
5714 2 2 5 1 3323 3331 2810
5715 2 2 5 1 3323 1027 3331
5716 2 2 5 1 2810 3331 900
5717 2 2 5 1 1027 3332 3331
5718 2 2 5 1 3332 3333 3331
5719 2 2 5 1 3332 1030 3333
5720 2 2 5 1 3331 3333 900
5721 2 2 5 1 1027 3322 3332
5722 2 2 5 1 3322 3334 3332
5723 2 2 5 1 3322 464 3334
5724 2 2 5 1 3332 3334 1030
5725 2 2 5 1 900 3333 2811
5726 2 2 5 1 3333 3335 2811
5727 2 2 5 1 3333 1030 3335
5728 2 2 5 1 2811 3335 320
5729 2 2 5 1 328 3336 3329
5730 2 2 5 1 3336 3337 3329
5731 2 2 5 1 3336 1031 3337
5732 2 2 5 1 3329 3337 1029
5733 2 2 5 1 1031 3338 3337
5734 2 2 5 1 3338 3339 3337
5735 2 2 5 1 3338 1032 3339
5736 2 2 5 1 3337 3339 1029
5737 2 2 5 1 1031 3340 3338
5738 2 2 5 1 3340 3341 3338
5739 2 2 5 1 3340 465 3341
5740 2 2 5 1 3338 3341 1032
5741 2 2 5 1 1029 3339 3330
5742 2 2 5 1 3339 3342 3330
5743 2 2 5 1 3339 1032 3342
5744 2 2 5 1 3330 3342 464
5745 2 2 5 1 465 3343 3341
5746 2 2 5 1 3343 3344 3341
5747 2 2 5 1 3343 1033 3344
5748 2 2 5 1 3341 3344 1032
5749 2 2 5 1 1033 3345 3344
5750 2 2 5 1 3345 3346 3344
5751 2 2 5 1 3345 1034 3346
5752 2 2 5 1 3344 3346 1032
5753 2 2 5 1 1033 3347 3345
5754 2 2 5 1 3347 3348 3345
5755 2 2 5 1 3347 466 3348
5756 2 2 5 1 3345 3348 1034
5757 2 2 5 1 1032 3346 3342
5758 2 2 5 1 3346 3349 3342
5759 2 2 5 1 3346 1034 3349
5760 2 2 5 1 3342 3349 464
5761 2 2 5 1 465 3350 3343
5762 2 2 5 1 3350 3351 3343
5763 2 2 5 1 3350 1035 3351
5764 2 2 5 1 3343 3351 1033
5765 2 2 5 1 1035 3352 3351
5766 2 2 5 1 3352 3353 3351
5767 2 2 5 1 3352 1036 3353
5768 2 2 5 1 3351 3353 1033
5769 2 2 5 1 1035 3354 3352
5770 2 2 5 1 3354 3355 3352
5771 2 2 5 1 3354 329 3355
5772 2 2 5 1 3352 3355 1036
5773 2 2 5 1 1033 3353 3347
5774 2 2 5 1 3353 3356 3347
5775 2 2 5 1 3353 1036 3356
5776 2 2 5 1 3347 3356 466
5777 2 2 5 1 464 3349 3334
5778 2 2 5 1 3349 3357 3334
5779 2 2 5 1 3349 1034 3357
5780 2 2 5 1 3334 3357 1030
5781 2 2 5 1 1034 3358 3357
5782 2 2 5 1 3358 3359 3357
5783 2 2 5 1 3358 1037 3359
5784 2 2 5 1 3357 3359 1030
5785 2 2 5 1 1034 3348 3358
5786 2 2 5 1 3348 3360 3358
5787 2 2 5 1 3348 466 3360
5788 2 2 5 1 3358 3360 1037
5789 2 2 5 1 1030 3359 3335
5790 2 2 5 1 3359 3361 3335
5791 2 2 5 1 3359 1037 3361
5792 2 2 5 1 3335 3361 320
5793 2 2 5 1 328 3362 3336
5794 2 2 5 1 3362 3363 3336
5795 2 2 5 1 3362 1038 3363
5796 2 2 5 1 3336 3363 1031
5797 2 2 5 1 1038 3364 3363
5798 2 2 5 1 3364 3365 3363
5799 2 2 5 1 3364 1039 3365
5800 2 2 5 1 3363 3365 1031
5801 2 2 5 1 1038 3366 3364
5802 2 2 5 1 3366 3367 3364
5803 2 2 5 1 3366 467 3367
5804 2 2 5 1 3364 3367 1039
5805 2 2 5 1 1031 3365 3340
5806 2 2 5 1 3365 3368 3340
5807 2 2 5 1 3365 1039 3368
5808 2 2 5 1 3340 3368 465
5809 2 2 5 1 467 3369 3367
5810 2 2 5 1 3369 3370 3367
5811 2 2 5 1 3369 1040 3370
5812 2 2 5 1 3367 3370 1039
5813 2 2 5 1 1040 3371 3370
5814 2 2 5 1 3371 3372 3370
5815 2 2 5 1 3371 1041 3372
5816 2 2 5 1 3370 3372 1039
5817 2 2 5 1 1040 3373 3371
5818 2 2 5 1 3373 3374 3371
5819 2 2 5 1 3373 468 3374
5820 2 2 5 1 3371 3374 1041
5821 2 2 5 1 1039 3372 3368
5822 2 2 5 1 3372 3375 3368
5823 2 2 5 1 3372 1041 3375
5824 2 2 5 1 3368 3375 465
5825 2 2 5 1 467 3376 3369
5826 2 2 5 1 3376 3377 3369
5827 2 2 5 1 3376 1042 3377
5828 2 2 5 1 3369 3377 1040
5829 2 2 5 1 1042 3378 3377
5830 2 2 5 1 3378 3379 3377
5831 2 2 5 1 3378 1043 3379
5832 2 2 5 1 3377 3379 1040
5833 2 2 5 1 1042 3380 3378
5834 2 2 5 1 3380 3381 3378
5835 2 2 5 1 3380 296 3381
5836 2 2 5 1 3378 3381 1043
5837 2 2 5 1 1040 3379 3373
5838 2 2 5 1 3379 3382 3373
5839 2 2 5 1 3379 1043 3382
5840 2 2 5 1 3373 3382 468
5841 2 2 5 1 465 3375 3350
5842 2 2 5 1 3375 3383 3350
5843 2 2 5 1 3375 1041 3383
5844 2 2 5 1 3350 3383 1035
5845 2 2 5 1 1041 3384 3383
5846 2 2 5 1 3384 3385 3383
5847 2 2 5 1 3384 1044 3385
5848 2 2 5 1 3383 3385 1035
5849 2 2 5 1 1041 3374 3384
5850 2 2 5 1 3374 3386 3384
5851 2 2 5 1 3374 468 3386
5852 2 2 5 1 3384 3386 1044
5853 2 2 5 1 1035 3385 3354
5854 2 2 5 1 3385 3387 3354
5855 2 2 5 1 3385 1044 3387
5856 2 2 5 1 3354 3387 329
5857 2 2 5 1 320 3361 2827
5858 2 2 5 1 3361 3388 2827
5859 2 2 5 1 3361 1037 3388
5860 2 2 5 1 2827 3388 904
5861 2 2 5 1 1037 3389 3388
5862 2 2 5 1 3389 3390 3388
5863 2 2 5 1 3389 1045 3390
5864 2 2 5 1 3388 3390 904
5865 2 2 5 1 1037 3360 3389
5866 2 2 5 1 3360 3391 3389
5867 2 2 5 1 3360 466 3391
5868 2 2 5 1 3389 3391 1045
5869 2 2 5 1 904 3390 2828
5870 2 2 5 1 3390 3392 2828
5871 2 2 5 1 3390 1045 3392
5872 2 2 5 1 2828 3392 433
5873 2 2 5 1 466 3393 3391
5874 2 2 5 1 3393 3394 3391
5875 2 2 5 1 3393 1046 3394
5876 2 2 5 1 3391 3394 1045
5877 2 2 5 1 1046 3395 3394
5878 2 2 5 1 3395 3396 3394
5879 2 2 5 1 3395 1047 3396
5880 2 2 5 1 3394 3396 1045
5881 2 2 5 1 1046 3397 3395
5882 2 2 5 1 3397 3398 3395
5883 2 2 5 1 3397 469 3398
5884 2 2 5 1 3395 3398 1047
5885 2 2 5 1 1045 3396 3392
5886 2 2 5 1 3396 3399 3392
5887 2 2 5 1 3396 1047 3399
5888 2 2 5 1 3392 3399 433
5889 2 2 5 1 466 3356 3393
5890 2 2 5 1 3356 3400 3393
5891 2 2 5 1 3356 1036 3400
5892 2 2 5 1 3393 3400 1046
5893 2 2 5 1 1036 3401 3400
5894 2 2 5 1 3401 3402 3400
5895 2 2 5 1 3401 1048 3402
5896 2 2 5 1 3400 3402 1046
5897 2 2 5 1 1036 3355 3401
5898 2 2 5 1 3355 3403 3401
5899 2 2 5 1 3355 329 3403
5900 2 2 5 1 3401 3403 1048
5901 2 2 5 1 1046 3402 3397
5902 2 2 5 1 3402 3404 3397
5903 2 2 5 1 3402 1048 3404
5904 2 2 5 1 3397 3404 469
5905 2 2 5 1 433 3399 2832
5906 2 2 5 1 3399 3405 2832
5907 2 2 5 1 3399 1047 3405
5908 2 2 5 1 2832 3405 905
5909 2 2 5 1 1047 3406 3405
5910 2 2 5 1 3406 3407 3405
5911 2 2 5 1 3406 1049 3407
5912 2 2 5 1 3405 3407 905
5913 2 2 5 1 1047 3398 3406
5914 2 2 5 1 3398 3408 3406
5915 2 2 5 1 3398 469 3408
5916 2 2 5 1 3406 3408 1049
5917 2 2 5 1 905 3407 2833
5918 2 2 5 1 3407 3409 2833
5919 2 2 5 1 3407 1049 3409
5920 2 2 5 1 2833 3409 52
5921 2 2 5 1 294 3410 2453
5922 2 2 5 1 3410 3411 2453
5923 2 2 5 1 3410 1050 3411
5924 2 2 5 1 2453 3411 819
5925 2 2 5 1 1050 3412 3411
5926 2 2 5 1 3412 3413 3411
5927 2 2 5 1 3412 1051 3413
5928 2 2 5 1 3411 3413 819
5929 2 2 5 1 1050 3414 3412
5930 2 2 5 1 3414 3415 3412
5931 2 2 5 1 3414 470 3415
5932 2 2 5 1 3412 3415 1051
5933 2 2 5 1 819 3413 2454
5934 2 2 5 1 3413 3416 2454
5935 2 2 5 1 3413 1051 3416
5936 2 2 5 1 2454 3416 416
5937 2 2 5 1 470 3417 3415
5938 2 2 5 1 3417 3418 3415
5939 2 2 5 1 3417 1052 3418
5940 2 2 5 1 3415 3418 1051
5941 2 2 5 1 1052 3419 3418
5942 2 2 5 1 3419 3420 3418
5943 2 2 5 1 3419 1053 3420
5944 2 2 5 1 3418 3420 1051
5945 2 2 5 1 1052 3421 3419
5946 2 2 5 1 3421 3422 3419
5947 2 2 5 1 3421 471 3422
5948 2 2 5 1 3419 3422 1053
5949 2 2 5 1 1051 3420 3416
5950 2 2 5 1 3420 3423 3416
5951 2 2 5 1 3420 1053 3423
5952 2 2 5 1 3416 3423 416
5953 2 2 5 1 470 3424 3417
5954 2 2 5 1 3424 3425 3417
5955 2 2 5 1 3424 1054 3425
5956 2 2 5 1 3417 3425 1052
5957 2 2 5 1 1054 3426 3425
5958 2 2 5 1 3426 3427 3425
5959 2 2 5 1 3426 1055 3427
5960 2 2 5 1 3425 3427 1052
5961 2 2 5 1 1054 3428 3426
5962 2 2 5 1 3428 3429 3426
5963 2 2 5 1 3428 330 3429
5964 2 2 5 1 3426 3429 1055
5965 2 2 5 1 1052 3427 3421
5966 2 2 5 1 3427 3430 3421
5967 2 2 5 1 3427 1055 3430
5968 2 2 5 1 3421 3430 471
5969 2 2 5 1 416 3423 2458
5970 2 2 5 1 3423 3431 2458
5971 2 2 5 1 3423 1053 3431
5972 2 2 5 1 2458 3431 820
5973 2 2 5 1 1053 3432 3431
5974 2 2 5 1 3432 3433 3431
5975 2 2 5 1 3432 1056 3433
5976 2 2 5 1 3431 3433 820
5977 2 2 5 1 1053 3422 3432
5978 2 2 5 1 3422 3434 3432
5979 2 2 5 1 3422 471 3434
5980 2 2 5 1 3432 3434 1056
5981 2 2 5 1 820 3433 2459
5982 2 2 5 1 3433 3435 2459
5983 2 2 5 1 3433 1056 3435
5984 2 2 5 1 2459 3435 318
5985 2 2 5 1 330 3436 3429
5986 2 2 5 1 3436 3437 3429
5987 2 2 5 1 3436 1057 3437
5988 2 2 5 1 3429 3437 1055
5989 2 2 5 1 1057 3438 3437
5990 2 2 5 1 3438 3439 3437
5991 2 2 5 1 3438 1058 3439
5992 2 2 5 1 3437 3439 1055
5993 2 2 5 1 1057 3440 3438
5994 2 2 5 1 3440 3441 3438
5995 2 2 5 1 3440 472 3441
5996 2 2 5 1 3438 3441 1058
5997 2 2 5 1 1055 3439 3430
5998 2 2 5 1 3439 3442 3430
5999 2 2 5 1 3439 1058 3442
6000 2 2 5 1 3430 3442 471
6001 2 2 5 1 472 3443 3441
6002 2 2 5 1 3443 3444 3441
6003 2 2 5 1 3443 1059 3444
6004 2 2 5 1 3441 3444 1058
6005 2 2 5 1 1059 3445 3444
6006 2 2 5 1 3445 3446 3444
6007 2 2 5 1 3445 1060 3446
6008 2 2 5 1 3444 3446 1058
6009 2 2 5 1 1059 3447 3445
6010 2 2 5 1 3447 3448 3445
6011 2 2 5 1 3447 473 3448
6012 2 2 5 1 3445 3448 1060
6013 2 2 5 1 1058 3446 3442
6014 2 2 5 1 3446 3449 3442
6015 2 2 5 1 3446 1060 3449
6016 2 2 5 1 3442 3449 471
6017 2 2 5 1 472 3450 3443
6018 2 2 5 1 3450 3451 3443
6019 2 2 5 1 3450 1061 3451
6020 2 2 5 1 3443 3451 1059
6021 2 2 5 1 1061 3452 3451
6022 2 2 5 1 3452 3453 3451
6023 2 2 5 1 3452 1062 3453
6024 2 2 5 1 3451 3453 1059
6025 2 2 5 1 1061 3454 3452
6026 2 2 5 1 3454 3455 3452
6027 2 2 5 1 3454 326 3455
6028 2 2 5 1 3452 3455 1062
6029 2 2 5 1 1059 3453 3447
6030 2 2 5 1 3453 3456 3447
6031 2 2 5 1 3453 1062 3456
6032 2 2 5 1 3447 3456 473
6033 2 2 5 1 471 3449 3434
6034 2 2 5 1 3449 3457 3434
6035 2 2 5 1 3449 1060 3457
6036 2 2 5 1 3434 3457 1056
6037 2 2 5 1 1060 3458 3457
6038 2 2 5 1 3458 3459 3457
6039 2 2 5 1 3458 1063 3459
6040 2 2 5 1 3457 3459 1056
6041 2 2 5 1 1060 3448 3458
6042 2 2 5 1 3448 3460 3458
6043 2 2 5 1 3448 473 3460
6044 2 2 5 1 3458 3460 1063
6045 2 2 5 1 1056 3459 3435
6046 2 2 5 1 3459 3461 3435
6047 2 2 5 1 3459 1063 3461
6048 2 2 5 1 3435 3461 318
6049 2 2 5 1 330 3462 3436
6050 2 2 5 1 3462 3463 3436
6051 2 2 5 1 3462 1064 3463
6052 2 2 5 1 3436 3463 1057
6053 2 2 5 1 1064 3464 3463
6054 2 2 5 1 3464 3465 3463
6055 2 2 5 1 3464 1065 3465
6056 2 2 5 1 3463 3465 1057
6057 2 2 5 1 1064 3466 3464
6058 2 2 5 1 3466 3467 3464
6059 2 2 5 1 3466 474 3467
6060 2 2 5 1 3464 3467 1065
6061 2 2 5 1 1057 3465 3440
6062 2 2 5 1 3465 3468 3440
6063 2 2 5 1 3465 1065 3468
6064 2 2 5 1 3440 3468 472
6065 2 2 5 1 474 3469 3467
6066 2 2 5 1 3469 3470 3467
6067 2 2 5 1 3469 1066 3470
6068 2 2 5 1 3467 3470 1065
6069 2 2 5 1 1066 3471 3470
6070 2 2 5 1 3471 3472 3470
6071 2 2 5 1 3471 1067 3472
6072 2 2 5 1 3470 3472 1065
6073 2 2 5 1 1066 3473 3471
6074 2 2 5 1 3473 3474 3471
6075 2 2 5 1 3473 460 3474
6076 2 2 5 1 3471 3474 1067
6077 2 2 5 1 1065 3472 3468
6078 2 2 5 1 3472 3475 3468
6079 2 2 5 1 3472 1067 3475
6080 2 2 5 1 3468 3475 472
6081 2 2 5 1 474 3476 3469
6082 2 2 5 1 3476 3477 3469
6083 2 2 5 1 3476 1068 3477
6084 2 2 5 1 3469 3477 1066
6085 2 2 5 1 1068 3478 3477
6086 2 2 5 1 3478 3479 3477
6087 2 2 5 1 3478 1016 3479
6088 2 2 5 1 3477 3479 1066
6089 2 2 5 1 1068 3480 3478
6090 2 2 5 1 3480 3280 3478
6091 2 2 5 1 3480 295 3280
6092 2 2 5 1 3478 3280 1016
6093 2 2 5 1 1066 3479 3473
6094 2 2 5 1 3479 3276 3473
6095 2 2 5 1 3479 1016 3276
6096 2 2 5 1 3473 3276 460
6097 2 2 5 1 472 3475 3450
6098 2 2 5 1 3475 3481 3450
6099 2 2 5 1 3475 1067 3481
6100 2 2 5 1 3450 3481 1061
6101 2 2 5 1 1067 3482 3481
6102 2 2 5 1 3482 3483 3481
6103 2 2 5 1 3482 1012 3483
6104 2 2 5 1 3481 3483 1061
6105 2 2 5 1 1067 3474 3482
6106 2 2 5 1 3474 3266 3482
6107 2 2 5 1 3474 460 3266
6108 2 2 5 1 3482 3266 1012
6109 2 2 5 1 1061 3483 3454
6110 2 2 5 1 3483 3262 3454
6111 2 2 5 1 3483 1012 3262
6112 2 2 5 1 3454 3262 326
6113 2 2 5 1 318 3461 2475
6114 2 2 5 1 3461 3484 2475
6115 2 2 5 1 3461 1063 3484
6116 2 2 5 1 2475 3484 824
6117 2 2 5 1 1063 3485 3484
6118 2 2 5 1 3485 3486 3484
6119 2 2 5 1 3485 1069 3486
6120 2 2 5 1 3484 3486 824
6121 2 2 5 1 1063 3460 3485
6122 2 2 5 1 3460 3487 3485
6123 2 2 5 1 3460 473 3487
6124 2 2 5 1 3485 3487 1069
6125 2 2 5 1 824 3486 2476
6126 2 2 5 1 3486 3488 2476
6127 2 2 5 1 3486 1069 3488
6128 2 2 5 1 2476 3488 417
6129 2 2 5 1 473 3489 3487
6130 2 2 5 1 3489 3490 3487
6131 2 2 5 1 3489 1070 3490
6132 2 2 5 1 3487 3490 1069
6133 2 2 5 1 1070 3491 3490
6134 2 2 5 1 3491 3492 3490
6135 2 2 5 1 3491 1071 3492
6136 2 2 5 1 3490 3492 1069
6137 2 2 5 1 1070 3493 3491
6138 2 2 5 1 3493 3494 3491
6139 2 2 5 1 3493 456 3494
6140 2 2 5 1 3491 3494 1071
6141 2 2 5 1 1069 3492 3488
6142 2 2 5 1 3492 3495 3488
6143 2 2 5 1 3492 1071 3495
6144 2 2 5 1 3488 3495 417
6145 2 2 5 1 473 3456 3489
6146 2 2 5 1 3456 3496 3489
6147 2 2 5 1 3456 1062 3496
6148 2 2 5 1 3489 3496 1070
6149 2 2 5 1 1062 3497 3496
6150 2 2 5 1 3497 3498 3496
6151 2 2 5 1 3497 1002 3498
6152 2 2 5 1 3496 3498 1070
6153 2 2 5 1 1062 3455 3497
6154 2 2 5 1 3455 3228 3497
6155 2 2 5 1 3455 326 3228
6156 2 2 5 1 3497 3228 1002
6157 2 2 5 1 1070 3498 3493
6158 2 2 5 1 3498 3224 3493
6159 2 2 5 1 3498 1002 3224
6160 2 2 5 1 3493 3224 456
6161 2 2 5 1 417 3495 2480
6162 2 2 5 1 3495 3499 2480
6163 2 2 5 1 3495 1071 3499
6164 2 2 5 1 2480 3499 825
6165 2 2 5 1 1071 3500 3499
6166 2 2 5 1 3500 3501 3499
6167 2 2 5 1 3500 998 3501
6168 2 2 5 1 3499 3501 825
6169 2 2 5 1 1071 3494 3500
6170 2 2 5 1 3494 3214 3500
6171 2 2 5 1 3494 456 3214
6172 2 2 5 1 3500 3214 998
6173 2 2 5 1 825 3501 2481
6174 2 2 5 1 3501 3210 2481
6175 2 2 5 1 3501 998 3210
6176 2 2 5 1 2481 3210 291
6177 2 2 5 1 293 3502 2353
6178 2 2 5 1 3502 3503 2353
6179 2 2 5 1 3502 1072 3503
6180 2 2 5 1 2353 3503 793
6181 2 2 5 1 1072 3504 3503
6182 2 2 5 1 3504 3505 3503
6183 2 2 5 1 3504 1073 3505
6184 2 2 5 1 3503 3505 793
6185 2 2 5 1 1072 3506 3504
6186 2 2 5 1 3506 3507 3504
6187 2 2 5 1 3506 475 3507
6188 2 2 5 1 3504 3507 1073
6189 2 2 5 1 793 3505 2354
6190 2 2 5 1 3505 3508 2354
6191 2 2 5 1 3505 1073 3508
6192 2 2 5 1 2354 3508 409
6193 2 2 5 1 475 3509 3507
6194 2 2 5 1 3509 3510 3507
6195 2 2 5 1 3509 1074 3510
6196 2 2 5 1 3507 3510 1073
6197 2 2 5 1 1074 3511 3510
6198 2 2 5 1 3511 3512 3510
6199 2 2 5 1 3511 1075 3512
6200 2 2 5 1 3510 3512 1073
6201 2 2 5 1 1074 3513 3511
6202 2 2 5 1 3513 3514 3511
6203 2 2 5 1 3513 476 3514
6204 2 2 5 1 3511 3514 1075
6205 2 2 5 1 1073 3512 3508
6206 2 2 5 1 3512 3515 3508
6207 2 2 5 1 3512 1075 3515
6208 2 2 5 1 3508 3515 409
6209 2 2 5 1 475 3516 3509
6210 2 2 5 1 3516 3517 3509
6211 2 2 5 1 3516 1076 3517
6212 2 2 5 1 3509 3517 1074
6213 2 2 5 1 1076 3518 3517
6214 2 2 5 1 3518 3519 3517
6215 2 2 5 1 3518 1077 3519
6216 2 2 5 1 3517 3519 1074
6217 2 2 5 1 1076 3520 3518
6218 2 2 5 1 3520 3521 3518
6219 2 2 5 1 3520 331 3521
6220 2 2 5 1 3518 3521 1077
6221 2 2 5 1 1074 3519 3513
6222 2 2 5 1 3519 3522 3513
6223 2 2 5 1 3519 1077 3522
6224 2 2 5 1 3513 3522 476
6225 2 2 5 1 409 3515 2358
6226 2 2 5 1 3515 3523 2358
6227 2 2 5 1 3515 1075 3523
6228 2 2 5 1 2358 3523 794
6229 2 2 5 1 1075 3524 3523
6230 2 2 5 1 3524 3525 3523
6231 2 2 5 1 3524 1078 3525
6232 2 2 5 1 3523 3525 794
6233 2 2 5 1 1075 3514 3524
6234 2 2 5 1 3514 3526 3524
6235 2 2 5 1 3514 476 3526
6236 2 2 5 1 3524 3526 1078
6237 2 2 5 1 794 3525 2359
6238 2 2 5 1 3525 3527 2359
6239 2 2 5 1 3525 1078 3527
6240 2 2 5 1 2359 3527 316
6241 2 2 5 1 331 3528 3521
6242 2 2 5 1 3528 3529 3521
6243 2 2 5 1 3528 1079 3529
6244 2 2 5 1 3521 3529 1077
6245 2 2 5 1 1079 3530 3529
6246 2 2 5 1 3530 3531 3529
6247 2 2 5 1 3530 1080 3531
6248 2 2 5 1 3529 3531 1077
6249 2 2 5 1 1079 3532 3530
6250 2 2 5 1 3532 3533 3530
6251 2 2 5 1 3532 477 3533
6252 2 2 5 1 3530 3533 1080
6253 2 2 5 1 1077 3531 3522
6254 2 2 5 1 3531 3534 3522
6255 2 2 5 1 3531 1080 3534
6256 2 2 5 1 3522 3534 476
6257 2 2 5 1 477 3535 3533
6258 2 2 5 1 3535 3536 3533
6259 2 2 5 1 3535 1081 3536
6260 2 2 5 1 3533 3536 1080
6261 2 2 5 1 1081 3537 3536
6262 2 2 5 1 3537 3538 3536
6263 2 2 5 1 3537 1082 3538
6264 2 2 5 1 3536 3538 1080
6265 2 2 5 1 1081 3539 3537
6266 2 2 5 1 3539 3540 3537
6267 2 2 5 1 3539 478 3540
6268 2 2 5 1 3537 3540 1082
6269 2 2 5 1 1080 3538 3534
6270 2 2 5 1 3538 3541 3534
6271 2 2 5 1 3538 1082 3541
6272 2 2 5 1 3534 3541 476
6273 2 2 5 1 477 3542 3535
6274 2 2 5 1 3542 3543 3535
6275 2 2 5 1 3542 1083 3543
6276 2 2 5 1 3535 3543 1081
6277 2 2 5 1 1083 3544 3543
6278 2 2 5 1 3544 3545 3543
6279 2 2 5 1 3544 1084 3545
6280 2 2 5 1 3543 3545 1081
6281 2 2 5 1 1083 3546 3544
6282 2 2 5 1 3546 3547 3544
6283 2 2 5 1 3546 328 3547
6284 2 2 5 1 3544 3547 1084
6285 2 2 5 1 1081 3545 3539
6286 2 2 5 1 3545 3548 3539
6287 2 2 5 1 3545 1084 3548
6288 2 2 5 1 3539 3548 478
6289 2 2 5 1 476 3541 3526
6290 2 2 5 1 3541 3549 3526
6291 2 2 5 1 3541 1082 3549
6292 2 2 5 1 3526 3549 1078
6293 2 2 5 1 1082 3550 3549
6294 2 2 5 1 3550 3551 3549
6295 2 2 5 1 3550 1085 3551
6296 2 2 5 1 3549 3551 1078
6297 2 2 5 1 1082 3540 3550
6298 2 2 5 1 3540 3552 3550
6299 2 2 5 1 3540 478 3552
6300 2 2 5 1 3550 3552 1085
6301 2 2 5 1 1078 3551 3527
6302 2 2 5 1 3551 3553 3527
6303 2 2 5 1 3551 1085 3553
6304 2 2 5 1 3527 3553 316
6305 2 2 5 1 331 3554 3528
6306 2 2 5 1 3554 3555 3528
6307 2 2 5 1 3554 1086 3555
6308 2 2 5 1 3528 3555 1079
6309 2 2 5 1 1086 3556 3555
6310 2 2 5 1 3556 3557 3555
6311 2 2 5 1 3556 1087 3557
6312 2 2 5 1 3555 3557 1079
6313 2 2 5 1 1086 3558 3556
6314 2 2 5 1 3558 3559 3556
6315 2 2 5 1 3558 479 3559
6316 2 2 5 1 3556 3559 1087
6317 2 2 5 1 1079 3557 3532
6318 2 2 5 1 3557 3560 3532
6319 2 2 5 1 3557 1087 3560
6320 2 2 5 1 3532 3560 477
6321 2 2 5 1 479 3561 3559
6322 2 2 5 1 3561 3562 3559
6323 2 2 5 1 3561 1088 3562
6324 2 2 5 1 3559 3562 1087
6325 2 2 5 1 1088 3563 3562
6326 2 2 5 1 3563 3564 3562
6327 2 2 5 1 3563 1089 3564
6328 2 2 5 1 3562 3564 1087
6329 2 2 5 1 1088 3565 3563
6330 2 2 5 1 3565 3566 3563
6331 2 2 5 1 3565 467 3566
6332 2 2 5 1 3563 3566 1089
6333 2 2 5 1 1087 3564 3560
6334 2 2 5 1 3564 3567 3560
6335 2 2 5 1 3564 1089 3567
6336 2 2 5 1 3560 3567 477
6337 2 2 5 1 479 3568 3561
6338 2 2 5 1 3568 3569 3561
6339 2 2 5 1 3568 1090 3569
6340 2 2 5 1 3561 3569 1088
6341 2 2 5 1 1090 3570 3569
6342 2 2 5 1 3570 3571 3569
6343 2 2 5 1 3570 1042 3571
6344 2 2 5 1 3569 3571 1088
6345 2 2 5 1 1090 3572 3570
6346 2 2 5 1 3572 3380 3570
6347 2 2 5 1 3572 296 3380
6348 2 2 5 1 3570 3380 1042
6349 2 2 5 1 1088 3571 3565
6350 2 2 5 1 3571 3376 3565
6351 2 2 5 1 3571 1042 3376
6352 2 2 5 1 3565 3376 467
6353 2 2 5 1 477 3567 3542
6354 2 2 5 1 3567 3573 3542
6355 2 2 5 1 3567 1089 3573
6356 2 2 5 1 3542 3573 1083
6357 2 2 5 1 1089 3574 3573
6358 2 2 5 1 3574 3575 3573
6359 2 2 5 1 3574 1038 3575
6360 2 2 5 1 3573 3575 1083
6361 2 2 5 1 1089 3566 3574
6362 2 2 5 1 3566 3366 3574
6363 2 2 5 1 3566 467 3366
6364 2 2 5 1 3574 3366 1038
6365 2 2 5 1 1083 3575 3546
6366 2 2 5 1 3575 3362 3546
6367 2 2 5 1 3575 1038 3362
6368 2 2 5 1 3546 3362 328
6369 2 2 5 1 316 3553 2375
6370 2 2 5 1 3553 3576 2375
6371 2 2 5 1 3553 1085 3576
6372 2 2 5 1 2375 3576 798
6373 2 2 5 1 1085 3577 3576
6374 2 2 5 1 3577 3578 3576
6375 2 2 5 1 3577 1091 3578
6376 2 2 5 1 3576 3578 798
6377 2 2 5 1 1085 3552 3577
6378 2 2 5 1 3552 3579 3577
6379 2 2 5 1 3552 478 3579
6380 2 2 5 1 3577 3579 1091
6381 2 2 5 1 798 3578 2376
6382 2 2 5 1 3578 3580 2376
6383 2 2 5 1 3578 1091 3580
6384 2 2 5 1 2376 3580 410
6385 2 2 5 1 478 3581 3579
6386 2 2 5 1 3581 3582 3579
6387 2 2 5 1 3581 1092 3582
6388 2 2 5 1 3579 3582 1091
6389 2 2 5 1 1092 3583 3582
6390 2 2 5 1 3583 3584 3582
6391 2 2 5 1 3583 1093 3584
6392 2 2 5 1 3582 3584 1091
6393 2 2 5 1 1092 3585 3583
6394 2 2 5 1 3585 3586 3583
6395 2 2 5 1 3585 463 3586
6396 2 2 5 1 3583 3586 1093
6397 2 2 5 1 1091 3584 3580
6398 2 2 5 1 3584 3587 3580
6399 2 2 5 1 3584 1093 3587
6400 2 2 5 1 3580 3587 410
6401 2 2 5 1 478 3548 3581
6402 2 2 5 1 3548 3588 3581
6403 2 2 5 1 3548 1084 3588
6404 2 2 5 1 3581 3588 1092
6405 2 2 5 1 1084 3589 3588
6406 2 2 5 1 3589 3590 3588
6407 2 2 5 1 3589 1028 3590
6408 2 2 5 1 3588 3590 1092
6409 2 2 5 1 1084 3547 3589
6410 2 2 5 1 3547 3328 3589
6411 2 2 5 1 3547 328 3328
6412 2 2 5 1 3589 3328 1028
6413 2 2 5 1 1092 3590 3585
6414 2 2 5 1 3590 3324 3585
6415 2 2 5 1 3590 1028 3324
6416 2 2 5 1 3585 3324 463
6417 2 2 5 1 410 3587 2380
6418 2 2 5 1 3587 3591 2380
6419 2 2 5 1 3587 1093 3591
6420 2 2 5 1 2380 3591 799
6421 2 2 5 1 1093 3592 3591
6422 2 2 5 1 3592 3593 3591
6423 2 2 5 1 3592 1024 3593
6424 2 2 5 1 3591 3593 799
6425 2 2 5 1 1093 3586 3592
6426 2 2 5 1 3586 3314 3592
6427 2 2 5 1 3586 463 3314
6428 2 2 5 1 3592 3314 1024
6429 2 2 5 1 799 3593 2381
6430 2 2 5 1 3593 3310 2381
6431 2 2 5 1 3593 1024 3310
6432 2 2 5 1 2381 3310 289
6433 2 2 5 1 5 3594 162
6434 2 2 5 1 3594 3595 162
6435 2 2 5 1 3594 1094 3595
6436 2 2 5 1 162 3595 161
6437 2 2 5 1 1094 3596 3595
6438 2 2 5 1 3596 3597 3595
6439 2 2 5 1 3596 1095 3597
6440 2 2 5 1 3595 3597 161
6441 2 2 5 1 1094 3598 3596
6442 2 2 5 1 3598 3599 3596
6443 2 2 5 1 3598 480 3599
6444 2 2 5 1 3596 3599 1095
6445 2 2 5 1 161 3597 160
6446 2 2 5 1 3597 3600 160
6447 2 2 5 1 3597 1095 3600
6448 2 2 5 1 160 3600 159
6449 2 2 5 1 480 3601 3599
6450 2 2 5 1 3601 3602 3599
6451 2 2 5 1 3601 1096 3602
6452 2 2 5 1 3599 3602 1095
6453 2 2 5 1 1096 3603 3602
6454 2 2 5 1 3603 3604 3602
6455 2 2 5 1 3603 1097 3604
6456 2 2 5 1 3602 3604 1095
6457 2 2 5 1 1096 3605 3603
6458 2 2 5 1 3605 3606 3603
6459 2 2 5 1 3605 481 3606
6460 2 2 5 1 3603 3606 1097
6461 2 2 5 1 1095 3604 3600
6462 2 2 5 1 3604 3607 3600
6463 2 2 5 1 3604 1097 3607
6464 2 2 5 1 3600 3607 159
6465 2 2 5 1 480 3608 3601
6466 2 2 5 1 3608 3609 3601
6467 2 2 5 1 3608 1098 3609
6468 2 2 5 1 3601 3609 1096
6469 2 2 5 1 1098 3610 3609
6470 2 2 5 1 3610 3611 3609
6471 2 2 5 1 3610 1099 3611
6472 2 2 5 1 3609 3611 1096
6473 2 2 5 1 1098 3612 3610
6474 2 2 5 1 3612 3613 3610
6475 2 2 5 1 3612 332 3613
6476 2 2 5 1 3610 3613 1099
6477 2 2 5 1 1096 3611 3605
6478 2 2 5 1 3611 3614 3605
6479 2 2 5 1 3611 1099 3614
6480 2 2 5 1 3605 3614 481
6481 2 2 5 1 159 3607 158
6482 2 2 5 1 3607 3615 158
6483 2 2 5 1 3607 1097 3615
6484 2 2 5 1 158 3615 157
6485 2 2 5 1 1097 3616 3615
6486 2 2 5 1 3616 3617 3615
6487 2 2 5 1 3616 1100 3617
6488 2 2 5 1 3615 3617 157
6489 2 2 5 1 1097 3606 3616
6490 2 2 5 1 3606 3618 3616
6491 2 2 5 1 3606 481 3618
6492 2 2 5 1 3616 3618 1100
6493 2 2 5 1 157 3617 156
6494 2 2 5 1 3617 3619 156
6495 2 2 5 1 3617 1100 3619
6496 2 2 5 1 156 3619 155
6497 2 2 5 1 332 3620 3613
6498 2 2 5 1 3620 3621 3613
6499 2 2 5 1 3620 1101 3621
6500 2 2 5 1 3613 3621 1099
6501 2 2 5 1 1101 3622 3621
6502 2 2 5 1 3622 3623 3621
6503 2 2 5 1 3622 1102 3623
6504 2 2 5 1 3621 3623 1099
6505 2 2 5 1 1101 3624 3622
6506 2 2 5 1 3624 3625 3622
6507 2 2 5 1 3624 482 3625
6508 2 2 5 1 3622 3625 1102
6509 2 2 5 1 1099 3623 3614
6510 2 2 5 1 3623 3626 3614
6511 2 2 5 1 3623 1102 3626
6512 2 2 5 1 3614 3626 481
6513 2 2 5 1 482 3627 3625
6514 2 2 5 1 3627 3628 3625
6515 2 2 5 1 3627 1103 3628
6516 2 2 5 1 3625 3628 1102
6517 2 2 5 1 1103 3629 3628
6518 2 2 5 1 3629 3630 3628
6519 2 2 5 1 3629 1104 3630
6520 2 2 5 1 3628 3630 1102
6521 2 2 5 1 1103 3631 3629
6522 2 2 5 1 3631 3632 3629
6523 2 2 5 1 3631 483 3632
6524 2 2 5 1 3629 3632 1104
6525 2 2 5 1 1102 3630 3626
6526 2 2 5 1 3630 3633 3626
6527 2 2 5 1 3630 1104 3633
6528 2 2 5 1 3626 3633 481
6529 2 2 5 1 482 3634 3627
6530 2 2 5 1 3634 3635 3627
6531 2 2 5 1 3634 1105 3635
6532 2 2 5 1 3627 3635 1103
6533 2 2 5 1 1105 3636 3635
6534 2 2 5 1 3636 3637 3635
6535 2 2 5 1 3636 1106 3637
6536 2 2 5 1 3635 3637 1103
6537 2 2 5 1 1105 3638 3636
6538 2 2 5 1 3638 3639 3636
6539 2 2 5 1 3638 333 3639
6540 2 2 5 1 3636 3639 1106
6541 2 2 5 1 1103 3637 3631
6542 2 2 5 1 3637 3640 3631
6543 2 2 5 1 3637 1106 3640
6544 2 2 5 1 3631 3640 483
6545 2 2 5 1 481 3633 3618
6546 2 2 5 1 3633 3641 3618
6547 2 2 5 1 3633 1104 3641
6548 2 2 5 1 3618 3641 1100
6549 2 2 5 1 1104 3642 3641
6550 2 2 5 1 3642 3643 3641
6551 2 2 5 1 3642 1107 3643
6552 2 2 5 1 3641 3643 1100
6553 2 2 5 1 1104 3632 3642
6554 2 2 5 1 3632 3644 3642
6555 2 2 5 1 3632 483 3644
6556 2 2 5 1 3642 3644 1107
6557 2 2 5 1 1100 3643 3619
6558 2 2 5 1 3643 3645 3619
6559 2 2 5 1 3643 1107 3645
6560 2 2 5 1 3619 3645 155
6561 2 2 5 1 332 3646 3620
6562 2 2 5 1 3646 3647 3620
6563 2 2 5 1 3646 1108 3647
6564 2 2 5 1 3620 3647 1101
6565 2 2 5 1 1108 3648 3647
6566 2 2 5 1 3648 3649 3647
6567 2 2 5 1 3648 1109 3649
6568 2 2 5 1 3647 3649 1101
6569 2 2 5 1 1108 3650 3648
6570 2 2 5 1 3650 3651 3648
6571 2 2 5 1 3650 484 3651
6572 2 2 5 1 3648 3651 1109
6573 2 2 5 1 1101 3649 3624
6574 2 2 5 1 3649 3652 3624
6575 2 2 5 1 3649 1109 3652
6576 2 2 5 1 3624 3652 482
6577 2 2 5 1 484 3653 3651
6578 2 2 5 1 3653 3654 3651
6579 2 2 5 1 3653 1110 3654
6580 2 2 5 1 3651 3654 1109
6581 2 2 5 1 1110 3655 3654
6582 2 2 5 1 3655 3656 3654
6583 2 2 5 1 3655 1111 3656
6584 2 2 5 1 3654 3656 1109
6585 2 2 5 1 1110 3657 3655
6586 2 2 5 1 3657 3658 3655
6587 2 2 5 1 3657 485 3658
6588 2 2 5 1 3655 3658 1111
6589 2 2 5 1 1109 3656 3652
6590 2 2 5 1 3656 3659 3652
6591 2 2 5 1 3656 1111 3659
6592 2 2 5 1 3652 3659 482
6593 2 2 5 1 484 3660 3653
6594 2 2 5 1 3660 3661 3653
6595 2 2 5 1 3660 1112 3661
6596 2 2 5 1 3653 3661 1110
6597 2 2 5 1 1112 3662 3661
6598 2 2 5 1 3662 3663 3661
6599 2 2 5 1 3662 1113 3663
6600 2 2 5 1 3661 3663 1110
6601 2 2 5 1 1112 3664 3662
6602 2 2 5 1 3664 3665 3662
6603 2 2 5 1 3664 295 3665
6604 2 2 5 1 3662 3665 1113
6605 2 2 5 1 1110 3663 3657
6606 2 2 5 1 3663 3666 3657
6607 2 2 5 1 3663 1113 3666
6608 2 2 5 1 3657 3666 485
6609 2 2 5 1 482 3659 3634
6610 2 2 5 1 3659 3667 3634
6611 2 2 5 1 3659 1111 3667
6612 2 2 5 1 3634 3667 1105
6613 2 2 5 1 1111 3668 3667
6614 2 2 5 1 3668 3669 3667
6615 2 2 5 1 3668 1114 3669
6616 2 2 5 1 3667 3669 1105
6617 2 2 5 1 1111 3658 3668
6618 2 2 5 1 3658 3670 3668
6619 2 2 5 1 3658 485 3670
6620 2 2 5 1 3668 3670 1114
6621 2 2 5 1 1105 3669 3638
6622 2 2 5 1 3669 3671 3638
6623 2 2 5 1 3669 1114 3671
6624 2 2 5 1 3638 3671 333
6625 2 2 5 1 155 3645 154
6626 2 2 5 1 3645 3672 154
6627 2 2 5 1 3645 1107 3672
6628 2 2 5 1 154 3672 153
6629 2 2 5 1 1107 3673 3672
6630 2 2 5 1 3673 3674 3672
6631 2 2 5 1 3673 1115 3674
6632 2 2 5 1 3672 3674 153
6633 2 2 5 1 1107 3644 3673
6634 2 2 5 1 3644 3675 3673
6635 2 2 5 1 3644 483 3675
6636 2 2 5 1 3673 3675 1115
6637 2 2 5 1 153 3674 152
6638 2 2 5 1 3674 3676 152
6639 2 2 5 1 3674 1115 3676
6640 2 2 5 1 152 3676 151
6641 2 2 5 1 483 3677 3675
6642 2 2 5 1 3677 3678 3675
6643 2 2 5 1 3677 1116 3678
6644 2 2 5 1 3675 3678 1115
6645 2 2 5 1 1116 3679 3678
6646 2 2 5 1 3679 3680 3678
6647 2 2 5 1 3679 1117 3680
6648 2 2 5 1 3678 3680 1115
6649 2 2 5 1 1116 3681 3679
6650 2 2 5 1 3681 3682 3679
6651 2 2 5 1 3681 486 3682
6652 2 2 5 1 3679 3682 1117
6653 2 2 5 1 1115 3680 3676
6654 2 2 5 1 3680 3683 3676
6655 2 2 5 1 3680 1117 3683
6656 2 2 5 1 3676 3683 151
6657 2 2 5 1 483 3640 3677
6658 2 2 5 1 3640 3684 3677
6659 2 2 5 1 3640 1106 3684
6660 2 2 5 1 3677 3684 1116
6661 2 2 5 1 1106 3685 3684
6662 2 2 5 1 3685 3686 3684
6663 2 2 5 1 3685 1118 3686
6664 2 2 5 1 3684 3686 1116
6665 2 2 5 1 1106 3639 3685
6666 2 2 5 1 3639 3687 3685
6667 2 2 5 1 3639 333 3687
6668 2 2 5 1 3685 3687 1118
6669 2 2 5 1 1116 3686 3681
6670 2 2 5 1 3686 3688 3681
6671 2 2 5 1 3686 1118 3688
6672 2 2 5 1 3681 3688 486
6673 2 2 5 1 151 3683 150
6674 2 2 5 1 3683 3689 150
6675 2 2 5 1 3683 1117 3689
6676 2 2 5 1 150 3689 149
6677 2 2 5 1 1117 3690 3689
6678 2 2 5 1 3690 3691 3689
6679 2 2 5 1 3690 1119 3691
6680 2 2 5 1 3689 3691 149
6681 2 2 5 1 1117 3682 3690
6682 2 2 5 1 3682 3692 3690
6683 2 2 5 1 3682 486 3692
6684 2 2 5 1 3690 3692 1119
6685 2 2 5 1 149 3691 148
6686 2 2 5 1 3691 3693 148
6687 2 2 5 1 3691 1119 3693
6688 2 2 5 1 148 3693 147
6689 2 2 5 1 178 3309 177
6690 2 2 5 1 3309 3694 177
6691 2 2 5 1 3309 1023 3694
6692 2 2 5 1 177 3694 176
6693 2 2 5 1 1023 3695 3694
6694 2 2 5 1 3695 3696 3694
6695 2 2 5 1 3695 1120 3696
6696 2 2 5 1 3694 3696 176
6697 2 2 5 1 1023 3308 3695
6698 2 2 5 1 3308 3697 3695
6699 2 2 5 1 3308 462 3697
6700 2 2 5 1 3695 3697 1120
6701 2 2 5 1 176 3696 175
6702 2 2 5 1 3696 3698 175
6703 2 2 5 1 3696 1120 3698
6704 2 2 5 1 175 3698 174
6705 2 2 5 1 462 3699 3697
6706 2 2 5 1 3699 3700 3697
6707 2 2 5 1 3699 1121 3700
6708 2 2 5 1 3697 3700 1120
6709 2 2 5 1 1121 3701 3700
6710 2 2 5 1 3701 3702 3700
6711 2 2 5 1 3701 1122 3702
6712 2 2 5 1 3700 3702 1120
6713 2 2 5 1 1121 3703 3701
6714 2 2 5 1 3703 3704 3701
6715 2 2 5 1 3703 487 3704
6716 2 2 5 1 3701 3704 1122
6717 2 2 5 1 1120 3702 3698
6718 2 2 5 1 3702 3705 3698
6719 2 2 5 1 3702 1122 3705
6720 2 2 5 1 3698 3705 174
6721 2 2 5 1 462 3304 3699
6722 2 2 5 1 3304 3706 3699
6723 2 2 5 1 3304 1022 3706
6724 2 2 5 1 3699 3706 1121
6725 2 2 5 1 1022 3707 3706
6726 2 2 5 1 3707 3708 3706
6727 2 2 5 1 3707 1123 3708
6728 2 2 5 1 3706 3708 1121
6729 2 2 5 1 1022 3303 3707
6730 2 2 5 1 3303 3709 3707
6731 2 2 5 1 3303 327 3709
6732 2 2 5 1 3707 3709 1123
6733 2 2 5 1 1121 3708 3703
6734 2 2 5 1 3708 3710 3703
6735 2 2 5 1 3708 1123 3710
6736 2 2 5 1 3703 3710 487
6737 2 2 5 1 174 3705 173
6738 2 2 5 1 3705 3711 173
6739 2 2 5 1 3705 1122 3711
6740 2 2 5 1 173 3711 172
6741 2 2 5 1 1122 3712 3711
6742 2 2 5 1 3712 3713 3711
6743 2 2 5 1 3712 1124 3713
6744 2 2 5 1 3711 3713 172
6745 2 2 5 1 1122 3704 3712
6746 2 2 5 1 3704 3714 3712
6747 2 2 5 1 3704 487 3714
6748 2 2 5 1 3712 3714 1124
6749 2 2 5 1 172 3713 171
6750 2 2 5 1 3713 3715 171
6751 2 2 5 1 3713 1124 3715
6752 2 2 5 1 171 3715 170
6753 2 2 5 1 327 3716 3709
6754 2 2 5 1 3716 3717 3709
6755 2 2 5 1 3716 1125 3717
6756 2 2 5 1 3709 3717 1123
6757 2 2 5 1 1125 3718 3717
6758 2 2 5 1 3718 3719 3717
6759 2 2 5 1 3718 1126 3719
6760 2 2 5 1 3717 3719 1123
6761 2 2 5 1 1125 3720 3718
6762 2 2 5 1 3720 3721 3718
6763 2 2 5 1 3720 488 3721
6764 2 2 5 1 3718 3721 1126
6765 2 2 5 1 1123 3719 3710
6766 2 2 5 1 3719 3722 3710
6767 2 2 5 1 3719 1126 3722
6768 2 2 5 1 3710 3722 487
6769 2 2 5 1 488 3723 3721
6770 2 2 5 1 3723 3724 3721
6771 2 2 5 1 3723 1127 3724
6772 2 2 5 1 3721 3724 1126
6773 2 2 5 1 1127 3725 3724
6774 2 2 5 1 3725 3726 3724
6775 2 2 5 1 3725 1128 3726
6776 2 2 5 1 3724 3726 1126
6777 2 2 5 1 1127 3727 3725
6778 2 2 5 1 3727 3728 3725
6779 2 2 5 1 3727 489 3728
6780 2 2 5 1 3725 3728 1128
6781 2 2 5 1 1126 3726 3722
6782 2 2 5 1 3726 3729 3722
6783 2 2 5 1 3726 1128 3729
6784 2 2 5 1 3722 3729 487
6785 2 2 5 1 488 3730 3723
6786 2 2 5 1 3730 3731 3723
6787 2 2 5 1 3730 1129 3731
6788 2 2 5 1 3723 3731 1127
6789 2 2 5 1 1129 3732 3731
6790 2 2 5 1 3732 3733 3731
6791 2 2 5 1 3732 1130 3733
6792 2 2 5 1 3731 3733 1127
6793 2 2 5 1 1129 3734 3732
6794 2 2 5 1 3734 3735 3732
6795 2 2 5 1 3734 332 3735
6796 2 2 5 1 3732 3735 1130
6797 2 2 5 1 1127 3733 3727
6798 2 2 5 1 3733 3736 3727
6799 2 2 5 1 3733 1130 3736
6800 2 2 5 1 3727 3736 489
6801 2 2 5 1 487 3729 3714
6802 2 2 5 1 3729 3737 3714
6803 2 2 5 1 3729 1128 3737
6804 2 2 5 1 3714 3737 1124
6805 2 2 5 1 1128 3738 3737
6806 2 2 5 1 3738 3739 3737
6807 2 2 5 1 3738 1131 3739
6808 2 2 5 1 3737 3739 1124
6809 2 2 5 1 1128 3728 3738
6810 2 2 5 1 3728 3740 3738
6811 2 2 5 1 3728 489 3740
6812 2 2 5 1 3738 3740 1131
6813 2 2 5 1 1124 3739 3715
6814 2 2 5 1 3739 3741 3715
6815 2 2 5 1 3739 1131 3741
6816 2 2 5 1 3715 3741 170
6817 2 2 5 1 327 3287 3716
6818 2 2 5 1 3287 3742 3716
6819 2 2 5 1 3287 1018 3742
6820 2 2 5 1 3716 3742 1125
6821 2 2 5 1 1018 3743 3742
6822 2 2 5 1 3743 3744 3742
6823 2 2 5 1 3743 1132 3744
6824 2 2 5 1 3742 3744 1125
6825 2 2 5 1 1018 3286 3743
6826 2 2 5 1 3286 3745 3743
6827 2 2 5 1 3286 461 3745
6828 2 2 5 1 3743 3745 1132
6829 2 2 5 1 1125 3744 3720
6830 2 2 5 1 3744 3746 3720
6831 2 2 5 1 3744 1132 3746
6832 2 2 5 1 3720 3746 488
6833 2 2 5 1 461 3747 3745
6834 2 2 5 1 3747 3748 3745
6835 2 2 5 1 3747 1133 3748
6836 2 2 5 1 3745 3748 1132
6837 2 2 5 1 1133 3749 3748
6838 2 2 5 1 3749 3750 3748
6839 2 2 5 1 3749 1134 3750
6840 2 2 5 1 3748 3750 1132
6841 2 2 5 1 1133 3751 3749
6842 2 2 5 1 3751 3752 3749
6843 2 2 5 1 3751 484 3752
6844 2 2 5 1 3749 3752 1134
6845 2 2 5 1 1132 3750 3746
6846 2 2 5 1 3750 3753 3746
6847 2 2 5 1 3750 1134 3753
6848 2 2 5 1 3746 3753 488
6849 2 2 5 1 461 3282 3747
6850 2 2 5 1 3282 3754 3747
6851 2 2 5 1 3282 1017 3754
6852 2 2 5 1 3747 3754 1133
6853 2 2 5 1 1017 3755 3754
6854 2 2 5 1 3755 3756 3754
6855 2 2 5 1 3755 1112 3756
6856 2 2 5 1 3754 3756 1133
6857 2 2 5 1 1017 3281 3755
6858 2 2 5 1 3281 3664 3755
6859 2 2 5 1 3281 295 3664
6860 2 2 5 1 3755 3664 1112
6861 2 2 5 1 1133 3756 3751
6862 2 2 5 1 3756 3660 3751
6863 2 2 5 1 3756 1112 3660
6864 2 2 5 1 3751 3660 484
6865 2 2 5 1 488 3753 3730
6866 2 2 5 1 3753 3757 3730
6867 2 2 5 1 3753 1134 3757
6868 2 2 5 1 3730 3757 1129
6869 2 2 5 1 1134 3758 3757
6870 2 2 5 1 3758 3759 3757
6871 2 2 5 1 3758 1108 3759
6872 2 2 5 1 3757 3759 1129
6873 2 2 5 1 1134 3752 3758
6874 2 2 5 1 3752 3650 3758
6875 2 2 5 1 3752 484 3650
6876 2 2 5 1 3758 3650 1108
6877 2 2 5 1 1129 3759 3734
6878 2 2 5 1 3759 3646 3734
6879 2 2 5 1 3759 1108 3646
6880 2 2 5 1 3734 3646 332
6881 2 2 5 1 170 3741 169
6882 2 2 5 1 3741 3760 169
6883 2 2 5 1 3741 1131 3760
6884 2 2 5 1 169 3760 168
6885 2 2 5 1 1131 3761 3760
6886 2 2 5 1 3761 3762 3760
6887 2 2 5 1 3761 1135 3762
6888 2 2 5 1 3760 3762 168
6889 2 2 5 1 1131 3740 3761
6890 2 2 5 1 3740 3763 3761
6891 2 2 5 1 3740 489 3763
6892 2 2 5 1 3761 3763 1135
6893 2 2 5 1 168 3762 167
6894 2 2 5 1 3762 3764 167
6895 2 2 5 1 3762 1135 3764
6896 2 2 5 1 167 3764 166
6897 2 2 5 1 489 3765 3763
6898 2 2 5 1 3765 3766 3763
6899 2 2 5 1 3765 1136 3766
6900 2 2 5 1 3763 3766 1135
6901 2 2 5 1 1136 3767 3766
6902 2 2 5 1 3767 3768 3766
6903 2 2 5 1 3767 1137 3768
6904 2 2 5 1 3766 3768 1135
6905 2 2 5 1 1136 3769 3767
6906 2 2 5 1 3769 3770 3767
6907 2 2 5 1 3769 480 3770
6908 2 2 5 1 3767 3770 1137
6909 2 2 5 1 1135 3768 3764
6910 2 2 5 1 3768 3771 3764
6911 2 2 5 1 3768 1137 3771
6912 2 2 5 1 3764 3771 166
6913 2 2 5 1 489 3736 3765
6914 2 2 5 1 3736 3772 3765
6915 2 2 5 1 3736 1130 3772
6916 2 2 5 1 3765 3772 1136
6917 2 2 5 1 1130 3773 3772
6918 2 2 5 1 3773 3774 3772
6919 2 2 5 1 3773 1098 3774
6920 2 2 5 1 3772 3774 1136
6921 2 2 5 1 1130 3735 3773
6922 2 2 5 1 3735 3612 3773
6923 2 2 5 1 3735 332 3612
6924 2 2 5 1 3773 3612 1098
6925 2 2 5 1 1136 3774 3769
6926 2 2 5 1 3774 3608 3769
6927 2 2 5 1 3774 1098 3608
6928 2 2 5 1 3769 3608 480
6929 2 2 5 1 166 3771 165
6930 2 2 5 1 3771 3775 165
6931 2 2 5 1 3771 1137 3775
6932 2 2 5 1 165 3775 164
6933 2 2 5 1 1137 3776 3775
6934 2 2 5 1 3776 3777 3775
6935 2 2 5 1 3776 1094 3777
6936 2 2 5 1 3775 3777 164
6937 2 2 5 1 1137 3770 3776
6938 2 2 5 1 3770 3598 3776
6939 2 2 5 1 3770 480 3598
6940 2 2 5 1 3776 3598 1094
6941 2 2 5 1 164 3777 163
6942 2 2 5 1 3777 3594 163
6943 2 2 5 1 3777 1094 3594
6944 2 2 5 1 163 3594 5
6945 2 2 5 1 3 3778 36
6946 2 2 5 1 3778 3779 36
6947 2 2 5 1 3778 1138 3779
6948 2 2 5 1 36 3779 35
6949 2 2 5 1 1138 3780 3779
6950 2 2 5 1 3780 3781 3779
6951 2 2 5 1 3780 1139 3781
6952 2 2 5 1 3779 3781 35
6953 2 2 5 1 1138 3782 3780
6954 2 2 5 1 3782 3783 3780
6955 2 2 5 1 3782 490 3783
6956 2 2 5 1 3780 3783 1139
6957 2 2 5 1 35 3781 34
6958 2 2 5 1 3781 3784 34
6959 2 2 5 1 3781 1139 3784
6960 2 2 5 1 34 3784 33
6961 2 2 5 1 490 3785 3783
6962 2 2 5 1 3785 3786 3783
6963 2 2 5 1 3785 1140 3786
6964 2 2 5 1 3783 3786 1139
6965 2 2 5 1 1140 3787 3786
6966 2 2 5 1 3787 3788 3786
6967 2 2 5 1 3787 1141 3788
6968 2 2 5 1 3786 3788 1139
6969 2 2 5 1 1140 3789 3787
6970 2 2 5 1 3789 3790 3787
6971 2 2 5 1 3789 491 3790
6972 2 2 5 1 3787 3790 1141
6973 2 2 5 1 1139 3788 3784
6974 2 2 5 1 3788 3791 3784
6975 2 2 5 1 3788 1141 3791
6976 2 2 5 1 3784 3791 33
6977 2 2 5 1 490 3792 3785
6978 2 2 5 1 3792 3793 3785
6979 2 2 5 1 3792 1142 3793
6980 2 2 5 1 3785 3793 1140
6981 2 2 5 1 1142 3794 3793
6982 2 2 5 1 3794 3795 3793
6983 2 2 5 1 3794 1143 3795
6984 2 2 5 1 3793 3795 1140
6985 2 2 5 1 1142 3796 3794
6986 2 2 5 1 3796 3797 3794
6987 2 2 5 1 3796 334 3797
6988 2 2 5 1 3794 3797 1143
6989 2 2 5 1 1140 3795 3789
6990 2 2 5 1 3795 3798 3789
6991 2 2 5 1 3795 1143 3798
6992 2 2 5 1 3789 3798 491
6993 2 2 5 1 33 3791 32
6994 2 2 5 1 3791 3799 32
6995 2 2 5 1 3791 1141 3799
6996 2 2 5 1 32 3799 31
6997 2 2 5 1 1141 3800 3799
6998 2 2 5 1 3800 3801 3799
6999 2 2 5 1 3800 1144 3801
7000 2 2 5 1 3799 3801 31
7001 2 2 5 1 1141 3790 3800
7002 2 2 5 1 3790 3802 3800
7003 2 2 5 1 3790 491 3802
7004 2 2 5 1 3800 3802 1144
7005 2 2 5 1 31 3801 30
7006 2 2 5 1 3801 3803 30
7007 2 2 5 1 3801 1144 3803
7008 2 2 5 1 30 3803 29
7009 2 2 5 1 334 3804 3797
7010 2 2 5 1 3804 3805 3797
7011 2 2 5 1 3804 1145 3805
7012 2 2 5 1 3797 3805 1143
7013 2 2 5 1 1145 3806 3805
7014 2 2 5 1 3806 3807 3805
7015 2 2 5 1 3806 1146 3807
7016 2 2 5 1 3805 3807 1143
7017 2 2 5 1 1145 3808 3806
7018 2 2 5 1 3808 3809 3806
7019 2 2 5 1 3808 492 3809
7020 2 2 5 1 3806 3809 1146
7021 2 2 5 1 1143 3807 3798
7022 2 2 5 1 3807 3810 3798
7023 2 2 5 1 3807 1146 3810
7024 2 2 5 1 3798 3810 491
7025 2 2 5 1 492 3811 3809
7026 2 2 5 1 3811 3812 3809
7027 2 2 5 1 3811 1147 3812
7028 2 2 5 1 3809 3812 1146
7029 2 2 5 1 1147 3813 3812
7030 2 2 5 1 3813 3814 3812
7031 2 2 5 1 3813 1148 3814
7032 2 2 5 1 3812 3814 1146
7033 2 2 5 1 1147 3815 3813
7034 2 2 5 1 3815 3816 3813
7035 2 2 5 1 3815 493 3816
7036 2 2 5 1 3813 3816 1148
7037 2 2 5 1 1146 3814 3810
7038 2 2 5 1 3814 3817 3810
7039 2 2 5 1 3814 1148 3817
7040 2 2 5 1 3810 3817 491
7041 2 2 5 1 492 3818 3811
7042 2 2 5 1 3818 3819 3811
7043 2 2 5 1 3818 1149 3819
7044 2 2 5 1 3811 3819 1147
7045 2 2 5 1 1149 3820 3819
7046 2 2 5 1 3820 3821 3819
7047 2 2 5 1 3820 1150 3821
7048 2 2 5 1 3819 3821 1147
7049 2 2 5 1 1149 3822 3820
7050 2 2 5 1 3822 3823 3820
7051 2 2 5 1 3822 335 3823
7052 2 2 5 1 3820 3823 1150
7053 2 2 5 1 1147 3821 3815
7054 2 2 5 1 3821 3824 3815
7055 2 2 5 1 3821 1150 3824
7056 2 2 5 1 3815 3824 493
7057 2 2 5 1 491 3817 3802
7058 2 2 5 1 3817 3825 3802
7059 2 2 5 1 3817 1148 3825
7060 2 2 5 1 3802 3825 1144
7061 2 2 5 1 1148 3826 3825
7062 2 2 5 1 3826 3827 3825
7063 2 2 5 1 3826 1151 3827
7064 2 2 5 1 3825 3827 1144
7065 2 2 5 1 1148 3816 3826
7066 2 2 5 1 3816 3828 3826
7067 2 2 5 1 3816 493 3828
7068 2 2 5 1 3826 3828 1151
7069 2 2 5 1 1144 3827 3803
7070 2 2 5 1 3827 3829 3803
7071 2 2 5 1 3827 1151 3829
7072 2 2 5 1 3803 3829 29
7073 2 2 5 1 334 3830 3804
7074 2 2 5 1 3830 3831 3804
7075 2 2 5 1 3830 1152 3831
7076 2 2 5 1 3804 3831 1145
7077 2 2 5 1 1152 3832 3831
7078 2 2 5 1 3832 3833 3831
7079 2 2 5 1 3832 1153 3833
7080 2 2 5 1 3831 3833 1145
7081 2 2 5 1 1152 3834 3832
7082 2 2 5 1 3834 3835 3832
7083 2 2 5 1 3834 494 3835
7084 2 2 5 1 3832 3835 1153
7085 2 2 5 1 1145 3833 3808
7086 2 2 5 1 3833 3836 3808
7087 2 2 5 1 3833 1153 3836
7088 2 2 5 1 3808 3836 492
7089 2 2 5 1 494 3837 3835
7090 2 2 5 1 3837 3838 3835
7091 2 2 5 1 3837 1154 3838
7092 2 2 5 1 3835 3838 1153
7093 2 2 5 1 1154 3839 3838
7094 2 2 5 1 3839 3840 3838
7095 2 2 5 1 3839 1155 3840
7096 2 2 5 1 3838 3840 1153
7097 2 2 5 1 1154 3841 3839
7098 2 2 5 1 3841 3842 3839
7099 2 2 5 1 3841 495 3842
7100 2 2 5 1 3839 3842 1155
7101 2 2 5 1 1153 3840 3836
7102 2 2 5 1 3840 3843 3836
7103 2 2 5 1 3840 1155 3843
7104 2 2 5 1 3836 3843 492
7105 2 2 5 1 494 3844 3837
7106 2 2 5 1 3844 3845 3837
7107 2 2 5 1 3844 1156 3845
7108 2 2 5 1 3837 3845 1154
7109 2 2 5 1 1156 3846 3845
7110 2 2 5 1 3846 3847 3845
7111 2 2 5 1 3846 1157 3847
7112 2 2 5 1 3845 3847 1154
7113 2 2 5 1 1156 3848 3846
7114 2 2 5 1 3848 3849 3846
7115 2 2 5 1 3848 296 3849
7116 2 2 5 1 3846 3849 1157
7117 2 2 5 1 1154 3847 3841
7118 2 2 5 1 3847 3850 3841
7119 2 2 5 1 3847 1157 3850
7120 2 2 5 1 3841 3850 495
7121 2 2 5 1 492 3843 3818
7122 2 2 5 1 3843 3851 3818
7123 2 2 5 1 3843 1155 3851
7124 2 2 5 1 3818 3851 1149
7125 2 2 5 1 1155 3852 3851
7126 2 2 5 1 3852 3853 3851
7127 2 2 5 1 3852 1158 3853
7128 2 2 5 1 3851 3853 1149
7129 2 2 5 1 1155 3842 3852
7130 2 2 5 1 3842 3854 3852
7131 2 2 5 1 3842 495 3854
7132 2 2 5 1 3852 3854 1158
7133 2 2 5 1 1149 3853 3822
7134 2 2 5 1 3853 3855 3822
7135 2 2 5 1 3853 1158 3855
7136 2 2 5 1 3822 3855 335
7137 2 2 5 1 29 3829 28
7138 2 2 5 1 3829 3856 28
7139 2 2 5 1 3829 1151 3856
7140 2 2 5 1 28 3856 27
7141 2 2 5 1 1151 3857 3856
7142 2 2 5 1 3857 3858 3856
7143 2 2 5 1 3857 1159 3858
7144 2 2 5 1 3856 3858 27
7145 2 2 5 1 1151 3828 3857
7146 2 2 5 1 3828 3859 3857
7147 2 2 5 1 3828 493 3859
7148 2 2 5 1 3857 3859 1159
7149 2 2 5 1 27 3858 26
7150 2 2 5 1 3858 3860 26
7151 2 2 5 1 3858 1159 3860
7152 2 2 5 1 26 3860 25
7153 2 2 5 1 493 3861 3859
7154 2 2 5 1 3861 3862 3859
7155 2 2 5 1 3861 1160 3862
7156 2 2 5 1 3859 3862 1159
7157 2 2 5 1 1160 3863 3862
7158 2 2 5 1 3863 3864 3862
7159 2 2 5 1 3863 1161 3864
7160 2 2 5 1 3862 3864 1159
7161 2 2 5 1 1160 3865 3863
7162 2 2 5 1 3865 3866 3863
7163 2 2 5 1 3865 496 3866
7164 2 2 5 1 3863 3866 1161
7165 2 2 5 1 1159 3864 3860
7166 2 2 5 1 3864 3867 3860
7167 2 2 5 1 3864 1161 3867
7168 2 2 5 1 3860 3867 25
7169 2 2 5 1 493 3824 3861
7170 2 2 5 1 3824 3868 3861
7171 2 2 5 1 3824 1150 3868
7172 2 2 5 1 3861 3868 1160
7173 2 2 5 1 1150 3869 3868
7174 2 2 5 1 3869 3870 3868
7175 2 2 5 1 3869 1162 3870
7176 2 2 5 1 3868 3870 1160
7177 2 2 5 1 1150 3823 3869
7178 2 2 5 1 3823 3871 3869
7179 2 2 5 1 3823 335 3871
7180 2 2 5 1 3869 3871 1162
7181 2 2 5 1 1160 3870 3865
7182 2 2 5 1 3870 3872 3865
7183 2 2 5 1 3870 1162 3872
7184 2 2 5 1 3865 3872 496
7185 2 2 5 1 25 3867 24
7186 2 2 5 1 3867 3873 24
7187 2 2 5 1 3867 1161 3873
7188 2 2 5 1 24 3873 23
7189 2 2 5 1 1161 3874 3873
7190 2 2 5 1 3874 3875 3873
7191 2 2 5 1 3874 1163 3875
7192 2 2 5 1 3873 3875 23
7193 2 2 5 1 1161 3866 3874
7194 2 2 5 1 3866 3876 3874
7195 2 2 5 1 3866 496 3876
7196 2 2 5 1 3874 3876 1163
7197 2 2 5 1 23 3875 22
7198 2 2 5 1 3875 3877 22
7199 2 2 5 1 3875 1163 3877
7200 2 2 5 1 22 3877 2
7201 2 2 5 1 52 3409 51
7202 2 2 5 1 3409 3878 51
7203 2 2 5 1 3409 1049 3878
7204 2 2 5 1 51 3878 50
7205 2 2 5 1 1049 3879 3878
7206 2 2 5 1 3879 3880 3878
7207 2 2 5 1 3879 1164 3880
7208 2 2 5 1 3878 3880 50
7209 2 2 5 1 1049 3408 3879
7210 2 2 5 1 3408 3881 3879
7211 2 2 5 1 3408 469 3881
7212 2 2 5 1 3879 3881 1164
7213 2 2 5 1 50 3880 49
7214 2 2 5 1 3880 3882 49
7215 2 2 5 1 3880 1164 3882
7216 2 2 5 1 49 3882 48
7217 2 2 5 1 469 3883 3881
7218 2 2 5 1 3883 3884 3881
7219 2 2 5 1 3883 1165 3884
7220 2 2 5 1 3881 3884 1164
7221 2 2 5 1 1165 3885 3884
7222 2 2 5 1 3885 3886 3884
7223 2 2 5 1 3885 1166 3886
7224 2 2 5 1 3884 3886 1164
7225 2 2 5 1 1165 3887 3885
7226 2 2 5 1 3887 3888 3885
7227 2 2 5 1 3887 497 3888
7228 2 2 5 1 3885 3888 1166
7229 2 2 5 1 1164 3886 3882
7230 2 2 5 1 3886 3889 3882
7231 2 2 5 1 3886 1166 3889
7232 2 2 5 1 3882 3889 48
7233 2 2 5 1 469 3404 3883
7234 2 2 5 1 3404 3890 3883
7235 2 2 5 1 3404 1048 3890
7236 2 2 5 1 3883 3890 1165
7237 2 2 5 1 1048 3891 3890
7238 2 2 5 1 3891 3892 3890
7239 2 2 5 1 3891 1167 3892
7240 2 2 5 1 3890 3892 1165
7241 2 2 5 1 1048 3403 3891
7242 2 2 5 1 3403 3893 3891
7243 2 2 5 1 3403 329 3893
7244 2 2 5 1 3891 3893 1167
7245 2 2 5 1 1165 3892 3887
7246 2 2 5 1 3892 3894 3887
7247 2 2 5 1 3892 1167 3894
7248 2 2 5 1 3887 3894 497
7249 2 2 5 1 48 3889 47
7250 2 2 5 1 3889 3895 47
7251 2 2 5 1 3889 1166 3895
7252 2 2 5 1 47 3895 46
7253 2 2 5 1 1166 3896 3895
7254 2 2 5 1 3896 3897 3895
7255 2 2 5 1 3896 1168 3897
7256 2 2 5 1 3895 3897 46
7257 2 2 5 1 1166 3888 3896
7258 2 2 5 1 3888 3898 3896
7259 2 2 5 1 3888 497 3898
7260 2 2 5 1 3896 3898 1168
7261 2 2 5 1 46 3897 45
7262 2 2 5 1 3897 3899 45
7263 2 2 5 1 3897 1168 3899
7264 2 2 5 1 45 3899 44
7265 2 2 5 1 329 3900 3893
7266 2 2 5 1 3900 3901 3893
7267 2 2 5 1 3900 1169 3901
7268 2 2 5 1 3893 3901 1167
7269 2 2 5 1 1169 3902 3901
7270 2 2 5 1 3902 3903 3901
7271 2 2 5 1 3902 1170 3903
7272 2 2 5 1 3901 3903 1167
7273 2 2 5 1 1169 3904 3902
7274 2 2 5 1 3904 3905 3902
7275 2 2 5 1 3904 498 3905
7276 2 2 5 1 3902 3905 1170
7277 2 2 5 1 1167 3903 3894
7278 2 2 5 1 3903 3906 3894
7279 2 2 5 1 3903 1170 3906
7280 2 2 5 1 3894 3906 497
7281 2 2 5 1 498 3907 3905
7282 2 2 5 1 3907 3908 3905
7283 2 2 5 1 3907 1171 3908
7284 2 2 5 1 3905 3908 1170
7285 2 2 5 1 1171 3909 3908
7286 2 2 5 1 3909 3910 3908
7287 2 2 5 1 3909 1172 3910
7288 2 2 5 1 3908 3910 1170
7289 2 2 5 1 1171 3911 3909
7290 2 2 5 1 3911 3912 3909
7291 2 2 5 1 3911 499 3912
7292 2 2 5 1 3909 3912 1172
7293 2 2 5 1 1170 3910 3906
7294 2 2 5 1 3910 3913 3906
7295 2 2 5 1 3910 1172 3913
7296 2 2 5 1 3906 3913 497
7297 2 2 5 1 498 3914 3907
7298 2 2 5 1 3914 3915 3907
7299 2 2 5 1 3914 1173 3915
7300 2 2 5 1 3907 3915 1171
7301 2 2 5 1 1173 3916 3915
7302 2 2 5 1 3916 3917 3915
7303 2 2 5 1 3916 1174 3917
7304 2 2 5 1 3915 3917 1171
7305 2 2 5 1 1173 3918 3916
7306 2 2 5 1 3918 3919 3916
7307 2 2 5 1 3918 334 3919
7308 2 2 5 1 3916 3919 1174
7309 2 2 5 1 1171 3917 3911
7310 2 2 5 1 3917 3920 3911
7311 2 2 5 1 3917 1174 3920
7312 2 2 5 1 3911 3920 499
7313 2 2 5 1 497 3913 3898
7314 2 2 5 1 3913 3921 3898
7315 2 2 5 1 3913 1172 3921
7316 2 2 5 1 3898 3921 1168
7317 2 2 5 1 1172 3922 3921
7318 2 2 5 1 3922 3923 3921
7319 2 2 5 1 3922 1175 3923
7320 2 2 5 1 3921 3923 1168
7321 2 2 5 1 1172 3912 3922
7322 2 2 5 1 3912 3924 3922
7323 2 2 5 1 3912 499 3924
7324 2 2 5 1 3922 3924 1175
7325 2 2 5 1 1168 3923 3899
7326 2 2 5 1 3923 3925 3899
7327 2 2 5 1 3923 1175 3925
7328 2 2 5 1 3899 3925 44
7329 2 2 5 1 329 3387 3900
7330 2 2 5 1 3387 3926 3900
7331 2 2 5 1 3387 1044 3926
7332 2 2 5 1 3900 3926 1169
7333 2 2 5 1 1044 3927 3926
7334 2 2 5 1 3927 3928 3926
7335 2 2 5 1 3927 1176 3928
7336 2 2 5 1 3926 3928 1169
7337 2 2 5 1 1044 3386 3927
7338 2 2 5 1 3386 3929 3927
7339 2 2 5 1 3386 468 3929
7340 2 2 5 1 3927 3929 1176
7341 2 2 5 1 1169 3928 3904
7342 2 2 5 1 3928 3930 3904
7343 2 2 5 1 3928 1176 3930
7344 2 2 5 1 3904 3930 498
7345 2 2 5 1 468 3931 3929
7346 2 2 5 1 3931 3932 3929
7347 2 2 5 1 3931 1177 3932
7348 2 2 5 1 3929 3932 1176
7349 2 2 5 1 1177 3933 3932
7350 2 2 5 1 3933 3934 3932
7351 2 2 5 1 3933 1178 3934
7352 2 2 5 1 3932 3934 1176
7353 2 2 5 1 1177 3935 3933
7354 2 2 5 1 3935 3936 3933
7355 2 2 5 1 3935 494 3936
7356 2 2 5 1 3933 3936 1178
7357 2 2 5 1 1176 3934 3930
7358 2 2 5 1 3934 3937 3930
7359 2 2 5 1 3934 1178 3937
7360 2 2 5 1 3930 3937 498
7361 2 2 5 1 468 3382 3931
7362 2 2 5 1 3382 3938 3931
7363 2 2 5 1 3382 1043 3938
7364 2 2 5 1 3931 3938 1177
7365 2 2 5 1 1043 3939 3938
7366 2 2 5 1 3939 3940 3938
7367 2 2 5 1 3939 1156 3940
7368 2 2 5 1 3938 3940 1177
7369 2 2 5 1 1043 3381 3939
7370 2 2 5 1 3381 3848 3939
7371 2 2 5 1 3381 296 3848
7372 2 2 5 1 3939 3848 1156
7373 2 2 5 1 1177 3940 3935
7374 2 2 5 1 3940 3844 3935
7375 2 2 5 1 3940 1156 3844
7376 2 2 5 1 3935 3844 494
7377 2 2 5 1 498 3937 3914
7378 2 2 5 1 3937 3941 3914
7379 2 2 5 1 3937 1178 3941
7380 2 2 5 1 3914 3941 1173
7381 2 2 5 1 1178 3942 3941
7382 2 2 5 1 3942 3943 3941
7383 2 2 5 1 3942 1152 3943
7384 2 2 5 1 3941 3943 1173
7385 2 2 5 1 1178 3936 3942
7386 2 2 5 1 3936 3834 3942
7387 2 2 5 1 3936 494 3834
7388 2 2 5 1 3942 3834 1152
7389 2 2 5 1 1173 3943 3918
7390 2 2 5 1 3943 3830 3918
7391 2 2 5 1 3943 1152 3830
7392 2 2 5 1 3918 3830 334
7393 2 2 5 1 44 3925 43
7394 2 2 5 1 3925 3944 43
7395 2 2 5 1 3925 1175 3944
7396 2 2 5 1 43 3944 42
7397 2 2 5 1 1175 3945 3944
7398 2 2 5 1 3945 3946 3944
7399 2 2 5 1 3945 1179 3946
7400 2 2 5 1 3944 3946 42
7401 2 2 5 1 1175 3924 3945
7402 2 2 5 1 3924 3947 3945
7403 2 2 5 1 3924 499 3947
7404 2 2 5 1 3945 3947 1179
7405 2 2 5 1 42 3946 41
7406 2 2 5 1 3946 3948 41
7407 2 2 5 1 3946 1179 3948
7408 2 2 5 1 41 3948 40
7409 2 2 5 1 499 3949 3947
7410 2 2 5 1 3949 3950 3947
7411 2 2 5 1 3949 1180 3950
7412 2 2 5 1 3947 3950 1179
7413 2 2 5 1 1180 3951 3950
7414 2 2 5 1 3951 3952 3950
7415 2 2 5 1 3951 1181 3952
7416 2 2 5 1 3950 3952 1179
7417 2 2 5 1 1180 3953 3951
7418 2 2 5 1 3953 3954 3951
7419 2 2 5 1 3953 490 3954
7420 2 2 5 1 3951 3954 1181
7421 2 2 5 1 1179 3952 3948
7422 2 2 5 1 3952 3955 3948
7423 2 2 5 1 3952 1181 3955
7424 2 2 5 1 3948 3955 40
7425 2 2 5 1 499 3920 3949
7426 2 2 5 1 3920 3956 3949
7427 2 2 5 1 3920 1174 3956
7428 2 2 5 1 3949 3956 1180
7429 2 2 5 1 1174 3957 3956
7430 2 2 5 1 3957 3958 3956
7431 2 2 5 1 3957 1142 3958
7432 2 2 5 1 3956 3958 1180
7433 2 2 5 1 1174 3919 3957
7434 2 2 5 1 3919 3796 3957
7435 2 2 5 1 3919 334 3796
7436 2 2 5 1 3957 3796 1142
7437 2 2 5 1 1180 3958 3953
7438 2 2 5 1 3958 3792 3953
7439 2 2 5 1 3958 1142 3792
7440 2 2 5 1 3953 3792 490
7441 2 2 5 1 40 3955 39
7442 2 2 5 1 3955 3959 39
7443 2 2 5 1 3955 1181 3959
7444 2 2 5 1 39 3959 38
7445 2 2 5 1 1181 3960 3959
7446 2 2 5 1 3960 3961 3959
7447 2 2 5 1 3960 1138 3961
7448 2 2 5 1 3959 3961 38
7449 2 2 5 1 1181 3954 3960
7450 2 2 5 1 3954 3782 3960
7451 2 2 5 1 3954 490 3782
7452 2 2 5 1 3960 3782 1138
7453 2 2 5 1 38 3961 37
7454 2 2 5 1 3961 3778 37
7455 2 2 5 1 3961 1138 3778
7456 2 2 5 1 37 3778 3
7457 2 2 5 1 258 3962 3025
7458 2 2 5 1 3962 3963 3025
7459 2 2 5 1 3962 1182 3963
7460 2 2 5 1 3025 3963 953
7461 2 2 5 1 1182 3964 3963
7462 2 2 5 1 3964 3965 3963
7463 2 2 5 1 3964 1183 3965
7464 2 2 5 1 3963 3965 953
7465 2 2 5 1 1182 3966 3964
7466 2 2 5 1 3966 3967 3964
7467 2 2 5 1 3966 500 3967
7468 2 2 5 1 3964 3967 1183
7469 2 2 5 1 953 3965 3022
7470 2 2 5 1 3965 3968 3022
7471 2 2 5 1 3965 1183 3968
7472 2 2 5 1 3022 3968 445
7473 2 2 5 1 500 3969 3967
7474 2 2 5 1 3969 3970 3967
7475 2 2 5 1 3969 1184 3970
7476 2 2 5 1 3967 3970 1183
7477 2 2 5 1 1184 3971 3970
7478 2 2 5 1 3971 3972 3970
7479 2 2 5 1 3971 1185 3972
7480 2 2 5 1 3970 3972 1183
7481 2 2 5 1 1184 3973 3971
7482 2 2 5 1 3973 3974 3971
7483 2 2 5 1 3973 501 3974
7484 2 2 5 1 3971 3974 1185
7485 2 2 5 1 1183 3972 3968
7486 2 2 5 1 3972 3975 3968
7487 2 2 5 1 3972 1185 3975
7488 2 2 5 1 3968 3975 445
7489 2 2 5 1 500 3976 3969
7490 2 2 5 1 3976 3977 3969
7491 2 2 5 1 3976 1186 3977
7492 2 2 5 1 3969 3977 1184
7493 2 2 5 1 1186 3978 3977
7494 2 2 5 1 3978 3979 3977
7495 2 2 5 1 3978 1187 3979
7496 2 2 5 1 3977 3979 1184
7497 2 2 5 1 1186 3980 3978
7498 2 2 5 1 3980 3981 3978
7499 2 2 5 1 3980 336 3981
7500 2 2 5 1 3978 3981 1187
7501 2 2 5 1 1184 3979 3973
7502 2 2 5 1 3979 3982 3973
7503 2 2 5 1 3979 1187 3982
7504 2 2 5 1 3973 3982 501
7505 2 2 5 1 445 3975 3010
7506 2 2 5 1 3975 3983 3010
7507 2 2 5 1 3975 1185 3983
7508 2 2 5 1 3010 3983 950
7509 2 2 5 1 1185 3984 3983
7510 2 2 5 1 3984 3985 3983
7511 2 2 5 1 3984 1188 3985
7512 2 2 5 1 3983 3985 950
7513 2 2 5 1 1185 3974 3984
7514 2 2 5 1 3974 3986 3984
7515 2 2 5 1 3974 501 3986
7516 2 2 5 1 3984 3986 1188
7517 2 2 5 1 950 3985 3005
7518 2 2 5 1 3985 3987 3005
7519 2 2 5 1 3985 1188 3987
7520 2 2 5 1 3005 3987 323
7521 2 2 5 1 336 3988 3981
7522 2 2 5 1 3988 3989 3981
7523 2 2 5 1 3988 1189 3989
7524 2 2 5 1 3981 3989 1187
7525 2 2 5 1 1189 3990 3989
7526 2 2 5 1 3990 3991 3989
7527 2 2 5 1 3990 1190 3991
7528 2 2 5 1 3989 3991 1187
7529 2 2 5 1 1189 3992 3990
7530 2 2 5 1 3992 3993 3990
7531 2 2 5 1 3992 502 3993
7532 2 2 5 1 3990 3993 1190
7533 2 2 5 1 1187 3991 3982
7534 2 2 5 1 3991 3994 3982
7535 2 2 5 1 3991 1190 3994
7536 2 2 5 1 3982 3994 501
7537 2 2 5 1 502 3995 3993
7538 2 2 5 1 3995 3996 3993
7539 2 2 5 1 3995 1191 3996
7540 2 2 5 1 3993 3996 1190
7541 2 2 5 1 1191 3997 3996
7542 2 2 5 1 3997 3998 3996
7543 2 2 5 1 3997 1192 3998
7544 2 2 5 1 3996 3998 1190
7545 2 2 5 1 1191 3999 3997
7546 2 2 5 1 3999 4000 3997
7547 2 2 5 1 3999 503 4000
7548 2 2 5 1 3997 4000 1192
7549 2 2 5 1 1190 3998 3994
7550 2 2 5 1 3998 4001 3994
7551 2 2 5 1 3998 1192 4001
7552 2 2 5 1 3994 4001 501
7553 2 2 5 1 502 4002 3995
7554 2 2 5 1 4002 4003 3995
7555 2 2 5 1 4002 1193 4003
7556 2 2 5 1 3995 4003 1191
7557 2 2 5 1 1193 4004 4003
7558 2 2 5 1 4004 4005 4003
7559 2 2 5 1 4004 1194 4005
7560 2 2 5 1 4003 4005 1191
7561 2 2 5 1 1193 4006 4004
7562 2 2 5 1 4006 4007 4004
7563 2 2 5 1 4006 337 4007
7564 2 2 5 1 4004 4007 1194
7565 2 2 5 1 1191 4005 3999
7566 2 2 5 1 4005 4008 3999
7567 2 2 5 1 4005 1194 4008
7568 2 2 5 1 3999 4008 503
7569 2 2 5 1 501 4001 3986
7570 2 2 5 1 4001 4009 3986
7571 2 2 5 1 4001 1192 4009
7572 2 2 5 1 3986 4009 1188
7573 2 2 5 1 1192 4010 4009
7574 2 2 5 1 4010 4011 4009
7575 2 2 5 1 4010 1195 4011
7576 2 2 5 1 4009 4011 1188
7577 2 2 5 1 1192 4000 4010
7578 2 2 5 1 4000 4012 4010
7579 2 2 5 1 4000 503 4012
7580 2 2 5 1 4010 4012 1195
7581 2 2 5 1 1188 4011 3987
7582 2 2 5 1 4011 4013 3987
7583 2 2 5 1 4011 1195 4013
7584 2 2 5 1 3987 4013 323
7585 2 2 5 1 336 4014 3988
7586 2 2 5 1 4014 4015 3988
7587 2 2 5 1 4014 1196 4015
7588 2 2 5 1 3988 4015 1189
7589 2 2 5 1 1196 4016 4015
7590 2 2 5 1 4016 4017 4015
7591 2 2 5 1 4016 1197 4017
7592 2 2 5 1 4015 4017 1189
7593 2 2 5 1 1196 4018 4016
7594 2 2 5 1 4018 4019 4016
7595 2 2 5 1 4018 504 4019
7596 2 2 5 1 4016 4019 1197
7597 2 2 5 1 1189 4017 3992
7598 2 2 5 1 4017 4020 3992
7599 2 2 5 1 4017 1197 4020
7600 2 2 5 1 3992 4020 502
7601 2 2 5 1 504 4021 4019
7602 2 2 5 1 4021 4022 4019
7603 2 2 5 1 4021 1198 4022
7604 2 2 5 1 4019 4022 1197
7605 2 2 5 1 1198 4023 4022
7606 2 2 5 1 4023 4024 4022
7607 2 2 5 1 4023 1199 4024
7608 2 2 5 1 4022 4024 1197
7609 2 2 5 1 1198 4025 4023
7610 2 2 5 1 4025 4026 4023
7611 2 2 5 1 4025 505 4026
7612 2 2 5 1 4023 4026 1199
7613 2 2 5 1 1197 4024 4020
7614 2 2 5 1 4024 4027 4020
7615 2 2 5 1 4024 1199 4027
7616 2 2 5 1 4020 4027 502
7617 2 2 5 1 504 4028 4021
7618 2 2 5 1 4028 4029 4021
7619 2 2 5 1 4028 1200 4029
7620 2 2 5 1 4021 4029 1198
7621 2 2 5 1 1200 4030 4029
7622 2 2 5 1 4030 4031 4029
7623 2 2 5 1 4030 1201 4031
7624 2 2 5 1 4029 4031 1198
7625 2 2 5 1 1200 4032 4030
7626 2 2 5 1 4032 4033 4030
7627 2 2 5 1 4032 297 4033
7628 2 2 5 1 4030 4033 1201
7629 2 2 5 1 1198 4031 4025
7630 2 2 5 1 4031 4034 4025
7631 2 2 5 1 4031 1201 4034
7632 2 2 5 1 4025 4034 505
7633 2 2 5 1 502 4027 4002
7634 2 2 5 1 4027 4035 4002
7635 2 2 5 1 4027 1199 4035
7636 2 2 5 1 4002 4035 1193
7637 2 2 5 1 1199 4036 4035
7638 2 2 5 1 4036 4037 4035
7639 2 2 5 1 4036 1202 4037
7640 2 2 5 1 4035 4037 1193
7641 2 2 5 1 1199 4026 4036
7642 2 2 5 1 4026 4038 4036
7643 2 2 5 1 4026 505 4038
7644 2 2 5 1 4036 4038 1202
7645 2 2 5 1 1193 4037 4006
7646 2 2 5 1 4037 4039 4006
7647 2 2 5 1 4037 1202 4039
7648 2 2 5 1 4006 4039 337
7649 2 2 5 1 323 4013 2955
7650 2 2 5 1 4013 4040 2955
7651 2 2 5 1 4013 1195 4040
7652 2 2 5 1 2955 4040 936
7653 2 2 5 1 1195 4041 4040
7654 2 2 5 1 4041 4042 4040
7655 2 2 5 1 4041 1203 4042
7656 2 2 5 1 4040 4042 936
7657 2 2 5 1 1195 4012 4041
7658 2 2 5 1 4012 4043 4041
7659 2 2 5 1 4012 503 4043
7660 2 2 5 1 4041 4043 1203
7661 2 2 5 1 936 4042 2950
7662 2 2 5 1 4042 4044 2950
7663 2 2 5 1 4042 1203 4044
7664 2 2 5 1 2950 4044 441
7665 2 2 5 1 503 4045 4043
7666 2 2 5 1 4045 4046 4043
7667 2 2 5 1 4045 1204 4046
7668 2 2 5 1 4043 4046 1203
7669 2 2 5 1 1204 4047 4046
7670 2 2 5 1 4047 4048 4046
7671 2 2 5 1 4047 1205 4048
7672 2 2 5 1 4046 4048 1203
7673 2 2 5 1 1204 4049 4047
7674 2 2 5 1 4049 4050 4047
7675 2 2 5 1 4049 506 4050
7676 2 2 5 1 4047 4050 1205
7677 2 2 5 1 1203 4048 4044
7678 2 2 5 1 4048 4051 4044
7679 2 2 5 1 4048 1205 4051
7680 2 2 5 1 4044 4051 441
7681 2 2 5 1 503 4008 4045
7682 2 2 5 1 4008 4052 4045
7683 2 2 5 1 4008 1194 4052
7684 2 2 5 1 4045 4052 1204
7685 2 2 5 1 1194 4053 4052
7686 2 2 5 1 4053 4054 4052
7687 2 2 5 1 4053 1206 4054
7688 2 2 5 1 4052 4054 1204
7689 2 2 5 1 1194 4007 4053
7690 2 2 5 1 4007 4055 4053
7691 2 2 5 1 4007 337 4055
7692 2 2 5 1 4053 4055 1206
7693 2 2 5 1 1204 4054 4049
7694 2 2 5 1 4054 4056 4049
7695 2 2 5 1 4054 1206 4056
7696 2 2 5 1 4049 4056 506
7697 2 2 5 1 441 4051 2934
7698 2 2 5 1 4051 4057 2934
7699 2 2 5 1 4051 1205 4057
7700 2 2 5 1 2934 4057 930
7701 2 2 5 1 1205 4058 4057
7702 2 2 5 1 4058 4059 4057
7703 2 2 5 1 4058 1207 4059
7704 2 2 5 1 4057 4059 930
7705 2 2 5 1 1205 4050 4058
7706 2 2 5 1 4050 4060 4058
7707 2 2 5 1 4050 506 4060
7708 2 2 5 1 4058 4060 1207
7709 2 2 5 1 930 4059 2928
7710 2 2 5 1 4059 4061 2928
7711 2 2 5 1 4059 1207 4061
7712 2 2 5 1 2928 4061 2
7713 2 2 5 1 1 4062 288
7714 2 2 5 1 4062 4063 288
7715 2 2 5 1 4062 1208 4063
7716 2 2 5 1 288 4063 287
7717 2 2 5 1 1208 4064 4063
7718 2 2 5 1 4064 4065 4063
7719 2 2 5 1 4064 1209 4065
7720 2 2 5 1 4063 4065 287
7721 2 2 5 1 1208 4066 4064
7722 2 2 5 1 4066 4067 4064
7723 2 2 5 1 4066 507 4067
7724 2 2 5 1 4064 4067 1209
7725 2 2 5 1 287 4065 286
7726 2 2 5 1 4065 4068 286
7727 2 2 5 1 4065 1209 4068
7728 2 2 5 1 286 4068 285
7729 2 2 5 1 507 4069 4067
7730 2 2 5 1 4069 4070 4067
7731 2 2 5 1 4069 1210 4070
7732 2 2 5 1 4067 4070 1209
7733 2 2 5 1 1210 4071 4070
7734 2 2 5 1 4071 4072 4070
7735 2 2 5 1 4071 1211 4072
7736 2 2 5 1 4070 4072 1209
7737 2 2 5 1 1210 4073 4071
7738 2 2 5 1 4073 4074 4071
7739 2 2 5 1 4073 508 4074
7740 2 2 5 1 4071 4074 1211
7741 2 2 5 1 1209 4072 4068
7742 2 2 5 1 4072 4075 4068
7743 2 2 5 1 4072 1211 4075
7744 2 2 5 1 4068 4075 285
7745 2 2 5 1 507 4076 4069
7746 2 2 5 1 4076 4077 4069
7747 2 2 5 1 4076 1212 4077
7748 2 2 5 1 4069 4077 1210
7749 2 2 5 1 1212 4078 4077
7750 2 2 5 1 4078 4079 4077
7751 2 2 5 1 4078 1213 4079
7752 2 2 5 1 4077 4079 1210
7753 2 2 5 1 1212 4080 4078
7754 2 2 5 1 4080 4081 4078
7755 2 2 5 1 4080 338 4081
7756 2 2 5 1 4078 4081 1213
7757 2 2 5 1 1210 4079 4073
7758 2 2 5 1 4079 4082 4073
7759 2 2 5 1 4079 1213 4082
7760 2 2 5 1 4073 4082 508
7761 2 2 5 1 285 4075 284
7762 2 2 5 1 4075 4083 284
7763 2 2 5 1 4075 1211 4083
7764 2 2 5 1 284 4083 283
7765 2 2 5 1 1211 4084 4083
7766 2 2 5 1 4084 4085 4083
7767 2 2 5 1 4084 1214 4085
7768 2 2 5 1 4083 4085 283
7769 2 2 5 1 1211 4074 4084
7770 2 2 5 1 4074 4086 4084
7771 2 2 5 1 4074 508 4086
7772 2 2 5 1 4084 4086 1214
7773 2 2 5 1 283 4085 282
7774 2 2 5 1 4085 4087 282
7775 2 2 5 1 4085 1214 4087
7776 2 2 5 1 282 4087 281
7777 2 2 5 1 338 4088 4081
7778 2 2 5 1 4088 4089 4081
7779 2 2 5 1 4088 1215 4089
7780 2 2 5 1 4081 4089 1213
7781 2 2 5 1 1215 4090 4089
7782 2 2 5 1 4090 4091 4089
7783 2 2 5 1 4090 1216 4091
7784 2 2 5 1 4089 4091 1213
7785 2 2 5 1 1215 4092 4090
7786 2 2 5 1 4092 4093 4090
7787 2 2 5 1 4092 509 4093
7788 2 2 5 1 4090 4093 1216
7789 2 2 5 1 1213 4091 4082
7790 2 2 5 1 4091 4094 4082
7791 2 2 5 1 4091 1216 4094
7792 2 2 5 1 4082 4094 508
7793 2 2 5 1 509 4095 4093
7794 2 2 5 1 4095 4096 4093
7795 2 2 5 1 4095 1217 4096
7796 2 2 5 1 4093 4096 1216
7797 2 2 5 1 1217 4097 4096
7798 2 2 5 1 4097 4098 4096
7799 2 2 5 1 4097 1218 4098
7800 2 2 5 1 4096 4098 1216
7801 2 2 5 1 1217 4099 4097
7802 2 2 5 1 4099 4100 4097
7803 2 2 5 1 4099 510 4100
7804 2 2 5 1 4097 4100 1218
7805 2 2 5 1 1216 4098 4094
7806 2 2 5 1 4098 4101 4094
7807 2 2 5 1 4098 1218 4101
7808 2 2 5 1 4094 4101 508
7809 2 2 5 1 509 4102 4095
7810 2 2 5 1 4102 4103 4095
7811 2 2 5 1 4102 1219 4103
7812 2 2 5 1 4095 4103 1217
7813 2 2 5 1 1219 4104 4103
7814 2 2 5 1 4104 4105 4103
7815 2 2 5 1 4104 1220 4105
7816 2 2 5 1 4103 4105 1217
7817 2 2 5 1 1219 4106 4104
7818 2 2 5 1 4106 4107 4104
7819 2 2 5 1 4106 339 4107
7820 2 2 5 1 4104 4107 1220
7821 2 2 5 1 1217 4105 4099
7822 2 2 5 1 4105 4108 4099
7823 2 2 5 1 4105 1220 4108
7824 2 2 5 1 4099 4108 510
7825 2 2 5 1 508 4101 4086
7826 2 2 5 1 4101 4109 4086
7827 2 2 5 1 4101 1218 4109
7828 2 2 5 1 4086 4109 1214
7829 2 2 5 1 1218 4110 4109
7830 2 2 5 1 4110 4111 4109
7831 2 2 5 1 4110 1221 4111
7832 2 2 5 1 4109 4111 1214
7833 2 2 5 1 1218 4100 4110
7834 2 2 5 1 4100 4112 4110
7835 2 2 5 1 4100 510 4112
7836 2 2 5 1 4110 4112 1221
7837 2 2 5 1 1214 4111 4087
7838 2 2 5 1 4111 4113 4087
7839 2 2 5 1 4111 1221 4113
7840 2 2 5 1 4087 4113 281
7841 2 2 5 1 338 4114 4088
7842 2 2 5 1 4114 4115 4088
7843 2 2 5 1 4114 1222 4115
7844 2 2 5 1 4088 4115 1215
7845 2 2 5 1 1222 4116 4115
7846 2 2 5 1 4116 4117 4115
7847 2 2 5 1 4116 1223 4117
7848 2 2 5 1 4115 4117 1215
7849 2 2 5 1 1222 4118 4116
7850 2 2 5 1 4118 4119 4116
7851 2 2 5 1 4118 511 4119
7852 2 2 5 1 4116 4119 1223
7853 2 2 5 1 1215 4117 4092
7854 2 2 5 1 4117 4120 4092
7855 2 2 5 1 4117 1223 4120
7856 2 2 5 1 4092 4120 509
7857 2 2 5 1 511 4121 4119
7858 2 2 5 1 4121 4122 4119
7859 2 2 5 1 4121 1224 4122
7860 2 2 5 1 4119 4122 1223
7861 2 2 5 1 1224 4123 4122
7862 2 2 5 1 4123 4124 4122
7863 2 2 5 1 4123 1225 4124
7864 2 2 5 1 4122 4124 1223
7865 2 2 5 1 1224 4125 4123
7866 2 2 5 1 4125 4126 4123
7867 2 2 5 1 4125 512 4126
7868 2 2 5 1 4123 4126 1225
7869 2 2 5 1 1223 4124 4120
7870 2 2 5 1 4124 4127 4120
7871 2 2 5 1 4124 1225 4127
7872 2 2 5 1 4120 4127 509
7873 2 2 5 1 511 4128 4121
7874 2 2 5 1 4128 4129 4121
7875 2 2 5 1 4128 1226 4129
7876 2 2 5 1 4121 4129 1224
7877 2 2 5 1 1226 4130 4129
7878 2 2 5 1 4130 4131 4129
7879 2 2 5 1 4130 1227 4131
7880 2 2 5 1 4129 4131 1224
7881 2 2 5 1 1226 4132 4130
7882 2 2 5 1 4132 4133 4130
7883 2 2 5 1 4132 297 4133
7884 2 2 5 1 4130 4133 1227
7885 2 2 5 1 1224 4131 4125
7886 2 2 5 1 4131 4134 4125
7887 2 2 5 1 4131 1227 4134
7888 2 2 5 1 4125 4134 512
7889 2 2 5 1 509 4127 4102
7890 2 2 5 1 4127 4135 4102
7891 2 2 5 1 4127 1225 4135
7892 2 2 5 1 4102 4135 1219
7893 2 2 5 1 1225 4136 4135
7894 2 2 5 1 4136 4137 4135
7895 2 2 5 1 4136 1228 4137
7896 2 2 5 1 4135 4137 1219
7897 2 2 5 1 1225 4126 4136
7898 2 2 5 1 4126 4138 4136
7899 2 2 5 1 4126 512 4138
7900 2 2 5 1 4136 4138 1228
7901 2 2 5 1 1219 4137 4106
7902 2 2 5 1 4137 4139 4106
7903 2 2 5 1 4137 1228 4139
7904 2 2 5 1 4106 4139 339
7905 2 2 5 1 281 4113 280
7906 2 2 5 1 4113 4140 280
7907 2 2 5 1 4113 1221 4140
7908 2 2 5 1 280 4140 279
7909 2 2 5 1 1221 4141 4140
7910 2 2 5 1 4141 4142 4140
7911 2 2 5 1 4141 1229 4142
7912 2 2 5 1 4140 4142 279
7913 2 2 5 1 1221 4112 4141
7914 2 2 5 1 4112 4143 4141
7915 2 2 5 1 4112 510 4143
7916 2 2 5 1 4141 4143 1229
7917 2 2 5 1 279 4142 278
7918 2 2 5 1 4142 4144 278
7919 2 2 5 1 4142 1229 4144
7920 2 2 5 1 278 4144 277
7921 2 2 5 1 510 4145 4143
7922 2 2 5 1 4145 4146 4143
7923 2 2 5 1 4145 1230 4146
7924 2 2 5 1 4143 4146 1229
7925 2 2 5 1 1230 4147 4146
7926 2 2 5 1 4147 4148 4146
7927 2 2 5 1 4147 1231 4148
7928 2 2 5 1 4146 4148 1229
7929 2 2 5 1 1230 4149 4147
7930 2 2 5 1 4149 4150 4147
7931 2 2 5 1 4149 513 4150
7932 2 2 5 1 4147 4150 1231
7933 2 2 5 1 1229 4148 4144
7934 2 2 5 1 4148 4151 4144
7935 2 2 5 1 4148 1231 4151
7936 2 2 5 1 4144 4151 277
7937 2 2 5 1 510 4108 4145
7938 2 2 5 1 4108 4152 4145
7939 2 2 5 1 4108 1220 4152
7940 2 2 5 1 4145 4152 1230
7941 2 2 5 1 1220 4153 4152
7942 2 2 5 1 4153 4154 4152
7943 2 2 5 1 4153 1232 4154
7944 2 2 5 1 4152 4154 1230
7945 2 2 5 1 1220 4107 4153
7946 2 2 5 1 4107 4155 4153
7947 2 2 5 1 4107 339 4155
7948 2 2 5 1 4153 4155 1232
7949 2 2 5 1 1230 4154 4149
7950 2 2 5 1 4154 4156 4149
7951 2 2 5 1 4154 1232 4156
7952 2 2 5 1 4149 4156 513
7953 2 2 5 1 277 4151 276
7954 2 2 5 1 4151 4157 276
7955 2 2 5 1 4151 1231 4157
7956 2 2 5 1 276 4157 275
7957 2 2 5 1 1231 4158 4157
7958 2 2 5 1 4158 4159 4157
7959 2 2 5 1 4158 1233 4159
7960 2 2 5 1 4157 4159 275
7961 2 2 5 1 1231 4150 4158
7962 2 2 5 1 4150 4160 4158
7963 2 2 5 1 4150 513 4160
7964 2 2 5 1 4158 4160 1233
7965 2 2 5 1 275 4159 274
7966 2 2 5 1 4159 4161 274
7967 2 2 5 1 4159 1233 4161
7968 2 2 5 1 274 4161 6
7969 2 2 5 1 2 4061 21
7970 2 2 5 1 4061 4162 21
7971 2 2 5 1 4061 1207 4162
7972 2 2 5 1 21 4162 20
7973 2 2 5 1 1207 4163 4162
7974 2 2 5 1 4163 4164 4162
7975 2 2 5 1 4163 1234 4164
7976 2 2 5 1 4162 4164 20
7977 2 2 5 1 1207 4060 4163
7978 2 2 5 1 4060 4165 4163
7979 2 2 5 1 4060 506 4165
7980 2 2 5 1 4163 4165 1234
7981 2 2 5 1 20 4164 19
7982 2 2 5 1 4164 4166 19
7983 2 2 5 1 4164 1234 4166
7984 2 2 5 1 19 4166 18
7985 2 2 5 1 506 4167 4165
7986 2 2 5 1 4167 4168 4165
7987 2 2 5 1 4167 1235 4168
7988 2 2 5 1 4165 4168 1234
7989 2 2 5 1 1235 4169 4168
7990 2 2 5 1 4169 4170 4168
7991 2 2 5 1 4169 1236 4170
7992 2 2 5 1 4168 4170 1234
7993 2 2 5 1 1235 4171 4169
7994 2 2 5 1 4171 4172 4169
7995 2 2 5 1 4171 514 4172
7996 2 2 5 1 4169 4172 1236
7997 2 2 5 1 1234 4170 4166
7998 2 2 5 1 4170 4173 4166
7999 2 2 5 1 4170 1236 4173
8000 2 2 5 1 4166 4173 18
8001 2 2 5 1 506 4056 4167
8002 2 2 5 1 4056 4174 4167
8003 2 2 5 1 4056 1206 4174
8004 2 2 5 1 4167 4174 1235
8005 2 2 5 1 1206 4175 4174
8006 2 2 5 1 4175 4176 4174
8007 2 2 5 1 4175 1237 4176
8008 2 2 5 1 4174 4176 1235
8009 2 2 5 1 1206 4055 4175
8010 2 2 5 1 4055 4177 4175
8011 2 2 5 1 4055 337 4177
8012 2 2 5 1 4175 4177 1237
8013 2 2 5 1 1235 4176 4171
8014 2 2 5 1 4176 4178 4171
8015 2 2 5 1 4176 1237 4178
8016 2 2 5 1 4171 4178 514
8017 2 2 5 1 18 4173 17
8018 2 2 5 1 4173 4179 17
8019 2 2 5 1 4173 1236 4179
8020 2 2 5 1 17 4179 16
8021 2 2 5 1 1236 4180 4179
8022 2 2 5 1 4180 4181 4179
8023 2 2 5 1 4180 1238 4181
8024 2 2 5 1 4179 4181 16
8025 2 2 5 1 1236 4172 4180
8026 2 2 5 1 4172 4182 4180
8027 2 2 5 1 4172 514 4182
8028 2 2 5 1 4180 4182 1238
8029 2 2 5 1 16 4181 15
8030 2 2 5 1 4181 4183 15
8031 2 2 5 1 4181 1238 4183
8032 2 2 5 1 15 4183 14
8033 2 2 5 1 337 4184 4177
8034 2 2 5 1 4184 4185 4177
8035 2 2 5 1 4184 1239 4185
8036 2 2 5 1 4177 4185 1237
8037 2 2 5 1 1239 4186 4185
8038 2 2 5 1 4186 4187 4185
8039 2 2 5 1 4186 1240 4187
8040 2 2 5 1 4185 4187 1237
8041 2 2 5 1 1239 4188 4186
8042 2 2 5 1 4188 4189 4186
8043 2 2 5 1 4188 515 4189
8044 2 2 5 1 4186 4189 1240
8045 2 2 5 1 1237 4187 4178
8046 2 2 5 1 4187 4190 4178
8047 2 2 5 1 4187 1240 4190
8048 2 2 5 1 4178 4190 514
8049 2 2 5 1 515 4191 4189
8050 2 2 5 1 4191 4192 4189
8051 2 2 5 1 4191 1241 4192
8052 2 2 5 1 4189 4192 1240
8053 2 2 5 1 1241 4193 4192
8054 2 2 5 1 4193 4194 4192
8055 2 2 5 1 4193 1242 4194
8056 2 2 5 1 4192 4194 1240
8057 2 2 5 1 1241 4195 4193
8058 2 2 5 1 4195 4196 4193
8059 2 2 5 1 4195 516 4196
8060 2 2 5 1 4193 4196 1242
8061 2 2 5 1 1240 4194 4190
8062 2 2 5 1 4194 4197 4190
8063 2 2 5 1 4194 1242 4197
8064 2 2 5 1 4190 4197 514
8065 2 2 5 1 515 4198 4191
8066 2 2 5 1 4198 4199 4191
8067 2 2 5 1 4198 1243 4199
8068 2 2 5 1 4191 4199 1241
8069 2 2 5 1 1243 4200 4199
8070 2 2 5 1 4200 4201 4199
8071 2 2 5 1 4200 1244 4201
8072 2 2 5 1 4199 4201 1241
8073 2 2 5 1 1243 4202 4200
8074 2 2 5 1 4202 4203 4200
8075 2 2 5 1 4202 338 4203
8076 2 2 5 1 4200 4203 1244
8077 2 2 5 1 1241 4201 4195
8078 2 2 5 1 4201 4204 4195
8079 2 2 5 1 4201 1244 4204
8080 2 2 5 1 4195 4204 516
8081 2 2 5 1 514 4197 4182
8082 2 2 5 1 4197 4205 4182
8083 2 2 5 1 4197 1242 4205
8084 2 2 5 1 4182 4205 1238
8085 2 2 5 1 1242 4206 4205
8086 2 2 5 1 4206 4207 4205
8087 2 2 5 1 4206 1245 4207
8088 2 2 5 1 4205 4207 1238
8089 2 2 5 1 1242 4196 4206
8090 2 2 5 1 4196 4208 4206
8091 2 2 5 1 4196 516 4208
8092 2 2 5 1 4206 4208 1245
8093 2 2 5 1 1238 4207 4183
8094 2 2 5 1 4207 4209 4183
8095 2 2 5 1 4207 1245 4209
8096 2 2 5 1 4183 4209 14
8097 2 2 5 1 337 4039 4184
8098 2 2 5 1 4039 4210 4184
8099 2 2 5 1 4039 1202 4210
8100 2 2 5 1 4184 4210 1239
8101 2 2 5 1 1202 4211 4210
8102 2 2 5 1 4211 4212 4210
8103 2 2 5 1 4211 1246 4212
8104 2 2 5 1 4210 4212 1239
8105 2 2 5 1 1202 4038 4211
8106 2 2 5 1 4038 4213 4211
8107 2 2 5 1 4038 505 4213
8108 2 2 5 1 4211 4213 1246
8109 2 2 5 1 1239 4212 4188
8110 2 2 5 1 4212 4214 4188
8111 2 2 5 1 4212 1246 4214
8112 2 2 5 1 4188 4214 515
8113 2 2 5 1 505 4215 4213
8114 2 2 5 1 4215 4216 4213
8115 2 2 5 1 4215 1247 4216
8116 2 2 5 1 4213 4216 1246
8117 2 2 5 1 1247 4217 4216
8118 2 2 5 1 4217 4218 4216
8119 2 2 5 1 4217 1248 4218
8120 2 2 5 1 4216 4218 1246
8121 2 2 5 1 1247 4219 4217
8122 2 2 5 1 4219 4220 4217
8123 2 2 5 1 4219 511 4220
8124 2 2 5 1 4217 4220 1248
8125 2 2 5 1 1246 4218 4214
8126 2 2 5 1 4218 4221 4214
8127 2 2 5 1 4218 1248 4221
8128 2 2 5 1 4214 4221 515
8129 2 2 5 1 505 4034 4215
8130 2 2 5 1 4034 4222 4215
8131 2 2 5 1 4034 1201 4222
8132 2 2 5 1 4215 4222 1247
8133 2 2 5 1 1201 4223 4222
8134 2 2 5 1 4223 4224 4222
8135 2 2 5 1 4223 1226 4224
8136 2 2 5 1 4222 4224 1247
8137 2 2 5 1 1201 4033 4223
8138 2 2 5 1 4033 4132 4223
8139 2 2 5 1 4033 297 4132
8140 2 2 5 1 4223 4132 1226
8141 2 2 5 1 1247 4224 4219
8142 2 2 5 1 4224 4128 4219
8143 2 2 5 1 4224 1226 4128
8144 2 2 5 1 4219 4128 511
8145 2 2 5 1 515 4221 4198
8146 2 2 5 1 4221 4225 4198
8147 2 2 5 1 4221 1248 4225
8148 2 2 5 1 4198 4225 1243
8149 2 2 5 1 1248 4226 4225
8150 2 2 5 1 4226 4227 4225
8151 2 2 5 1 4226 1222 4227
8152 2 2 5 1 4225 4227 1243
8153 2 2 5 1 1248 4220 4226
8154 2 2 5 1 4220 4118 4226
8155 2 2 5 1 4220 511 4118
8156 2 2 5 1 4226 4118 1222
8157 2 2 5 1 1243 4227 4202
8158 2 2 5 1 4227 4114 4202
8159 2 2 5 1 4227 1222 4114
8160 2 2 5 1 4202 4114 338
8161 2 2 5 1 14 4209 13
8162 2 2 5 1 4209 4228 13
8163 2 2 5 1 4209 1245 4228
8164 2 2 5 1 13 4228 12
8165 2 2 5 1 1245 4229 4228
8166 2 2 5 1 4229 4230 4228
8167 2 2 5 1 4229 1249 4230
8168 2 2 5 1 4228 4230 12
8169 2 2 5 1 1245 4208 4229
8170 2 2 5 1 4208 4231 4229
8171 2 2 5 1 4208 516 4231
8172 2 2 5 1 4229 4231 1249
8173 2 2 5 1 12 4230 11
8174 2 2 5 1 4230 4232 11
8175 2 2 5 1 4230 1249 4232
8176 2 2 5 1 11 4232 10
8177 2 2 5 1 516 4233 4231
8178 2 2 5 1 4233 4234 4231
8179 2 2 5 1 4233 1250 4234
8180 2 2 5 1 4231 4234 1249
8181 2 2 5 1 1250 4235 4234
8182 2 2 5 1 4235 4236 4234
8183 2 2 5 1 4235 1251 4236
8184 2 2 5 1 4234 4236 1249
8185 2 2 5 1 1250 4237 4235
8186 2 2 5 1 4237 4238 4235
8187 2 2 5 1 4237 507 4238
8188 2 2 5 1 4235 4238 1251
8189 2 2 5 1 1249 4236 4232
8190 2 2 5 1 4236 4239 4232
8191 2 2 5 1 4236 1251 4239
8192 2 2 5 1 4232 4239 10
8193 2 2 5 1 516 4204 4233
8194 2 2 5 1 4204 4240 4233
8195 2 2 5 1 4204 1244 4240
8196 2 2 5 1 4233 4240 1250
8197 2 2 5 1 1244 4241 4240
8198 2 2 5 1 4241 4242 4240
8199 2 2 5 1 4241 1212 4242
8200 2 2 5 1 4240 4242 1250
8201 2 2 5 1 1244 4203 4241
8202 2 2 5 1 4203 4080 4241
8203 2 2 5 1 4203 338 4080
8204 2 2 5 1 4241 4080 1212
8205 2 2 5 1 1250 4242 4237
8206 2 2 5 1 4242 4076 4237
8207 2 2 5 1 4242 1212 4076
8208 2 2 5 1 4237 4076 507
8209 2 2 5 1 10 4239 9
8210 2 2 5 1 4239 4243 9
8211 2 2 5 1 4239 1251 4243
8212 2 2 5 1 9 4243 8
8213 2 2 5 1 1251 4244 4243
8214 2 2 5 1 4244 4245 4243
8215 2 2 5 1 4244 1208 4245
8216 2 2 5 1 4243 4245 8
8217 2 2 5 1 1251 4238 4244
8218 2 2 5 1 4238 4066 4244
8219 2 2 5 1 4238 507 4066
8220 2 2 5 1 4244 4066 1208
8221 2 2 5 1 8 4245 7
8222 2 2 5 1 4245 4062 7
8223 2 2 5 1 4245 1208 4062
8224 2 2 5 1 7 4062 1
8225 2 2 5 1 6 4161 273
8226 2 2 5 1 4161 4246 273
8227 2 2 5 1 4161 1233 4246
8228 2 2 5 1 273 4246 272
8229 2 2 5 1 1233 4247 4246
8230 2 2 5 1 4247 4248 4246
8231 2 2 5 1 4247 1252 4248
8232 2 2 5 1 4246 4248 272
8233 2 2 5 1 1233 4160 4247
8234 2 2 5 1 4160 4249 4247
8235 2 2 5 1 4160 513 4249
8236 2 2 5 1 4247 4249 1252
8237 2 2 5 1 272 4248 271
8238 2 2 5 1 4248 4250 271
8239 2 2 5 1 4248 1252 4250
8240 2 2 5 1 271 4250 270
8241 2 2 5 1 513 4251 4249
8242 2 2 5 1 4251 4252 4249
8243 2 2 5 1 4251 1253 4252
8244 2 2 5 1 4249 4252 1252
8245 2 2 5 1 1253 4253 4252
8246 2 2 5 1 4253 4254 4252
8247 2 2 5 1 4253 1254 4254
8248 2 2 5 1 4252 4254 1252
8249 2 2 5 1 1253 4255 4253
8250 2 2 5 1 4255 4256 4253
8251 2 2 5 1 4255 517 4256
8252 2 2 5 1 4253 4256 1254
8253 2 2 5 1 1252 4254 4250
8254 2 2 5 1 4254 4257 4250
8255 2 2 5 1 4254 1254 4257
8256 2 2 5 1 4250 4257 270
8257 2 2 5 1 513 4156 4251
8258 2 2 5 1 4156 4258 4251
8259 2 2 5 1 4156 1232 4258
8260 2 2 5 1 4251 4258 1253
8261 2 2 5 1 1232 4259 4258
8262 2 2 5 1 4259 4260 4258
8263 2 2 5 1 4259 1255 4260
8264 2 2 5 1 4258 4260 1253
8265 2 2 5 1 1232 4155 4259
8266 2 2 5 1 4155 4261 4259
8267 2 2 5 1 4155 339 4261
8268 2 2 5 1 4259 4261 1255
8269 2 2 5 1 1253 4260 4255
8270 2 2 5 1 4260 4262 4255
8271 2 2 5 1 4260 1255 4262
8272 2 2 5 1 4255 4262 517
8273 2 2 5 1 270 4257 269
8274 2 2 5 1 4257 4263 269
8275 2 2 5 1 4257 1254 4263
8276 2 2 5 1 269 4263 268
8277 2 2 5 1 1254 4264 4263
8278 2 2 5 1 4264 4265 4263
8279 2 2 5 1 4264 1256 4265
8280 2 2 5 1 4263 4265 268
8281 2 2 5 1 1254 4256 4264
8282 2 2 5 1 4256 4266 4264
8283 2 2 5 1 4256 517 4266
8284 2 2 5 1 4264 4266 1256
8285 2 2 5 1 268 4265 267
8286 2 2 5 1 4265 4267 267
8287 2 2 5 1 4265 1256 4267
8288 2 2 5 1 267 4267 266
8289 2 2 5 1 339 4268 4261
8290 2 2 5 1 4268 4269 4261
8291 2 2 5 1 4268 1257 4269
8292 2 2 5 1 4261 4269 1255
8293 2 2 5 1 1257 4270 4269
8294 2 2 5 1 4270 4271 4269
8295 2 2 5 1 4270 1258 4271
8296 2 2 5 1 4269 4271 1255
8297 2 2 5 1 1257 4272 4270
8298 2 2 5 1 4272 4273 4270
8299 2 2 5 1 4272 518 4273
8300 2 2 5 1 4270 4273 1258
8301 2 2 5 1 1255 4271 4262
8302 2 2 5 1 4271 4274 4262
8303 2 2 5 1 4271 1258 4274
8304 2 2 5 1 4262 4274 517
8305 2 2 5 1 518 4275 4273
8306 2 2 5 1 4275 4276 4273
8307 2 2 5 1 4275 1259 4276
8308 2 2 5 1 4273 4276 1258
8309 2 2 5 1 1259 4277 4276
8310 2 2 5 1 4277 4278 4276
8311 2 2 5 1 4277 1260 4278
8312 2 2 5 1 4276 4278 1258
8313 2 2 5 1 1259 4279 4277
8314 2 2 5 1 4279 4280 4277
8315 2 2 5 1 4279 519 4280
8316 2 2 5 1 4277 4280 1260
8317 2 2 5 1 1258 4278 4274
8318 2 2 5 1 4278 4281 4274
8319 2 2 5 1 4278 1260 4281
8320 2 2 5 1 4274 4281 517
8321 2 2 5 1 518 4282 4275
8322 2 2 5 1 4282 4283 4275
8323 2 2 5 1 4282 1261 4283
8324 2 2 5 1 4275 4283 1259
8325 2 2 5 1 1261 4284 4283
8326 2 2 5 1 4284 4285 4283
8327 2 2 5 1 4284 1262 4285
8328 2 2 5 1 4283 4285 1259
8329 2 2 5 1 1261 4286 4284
8330 2 2 5 1 4286 4287 4284
8331 2 2 5 1 4286 336 4287
8332 2 2 5 1 4284 4287 1262
8333 2 2 5 1 1259 4285 4279
8334 2 2 5 1 4285 4288 4279
8335 2 2 5 1 4285 1262 4288
8336 2 2 5 1 4279 4288 519
8337 2 2 5 1 517 4281 4266
8338 2 2 5 1 4281 4289 4266
8339 2 2 5 1 4281 1260 4289
8340 2 2 5 1 4266 4289 1256
8341 2 2 5 1 1260 4290 4289
8342 2 2 5 1 4290 4291 4289
8343 2 2 5 1 4290 1263 4291
8344 2 2 5 1 4289 4291 1256
8345 2 2 5 1 1260 4280 4290
8346 2 2 5 1 4280 4292 4290
8347 2 2 5 1 4280 519 4292
8348 2 2 5 1 4290 4292 1263
8349 2 2 5 1 1256 4291 4267
8350 2 2 5 1 4291 4293 4267
8351 2 2 5 1 4291 1263 4293
8352 2 2 5 1 4267 4293 266
8353 2 2 5 1 339 4139 4268
8354 2 2 5 1 4139 4294 4268
8355 2 2 5 1 4139 1228 4294
8356 2 2 5 1 4268 4294 1257
8357 2 2 5 1 1228 4295 4294
8358 2 2 5 1 4295 4296 4294
8359 2 2 5 1 4295 1264 4296
8360 2 2 5 1 4294 4296 1257
8361 2 2 5 1 1228 4138 4295
8362 2 2 5 1 4138 4297 4295
8363 2 2 5 1 4138 512 4297
8364 2 2 5 1 4295 4297 1264
8365 2 2 5 1 1257 4296 4272
8366 2 2 5 1 4296 4298 4272
8367 2 2 5 1 4296 1264 4298
8368 2 2 5 1 4272 4298 518
8369 2 2 5 1 512 4299 4297
8370 2 2 5 1 4299 4300 4297
8371 2 2 5 1 4299 1265 4300
8372 2 2 5 1 4297 4300 1264
8373 2 2 5 1 1265 4301 4300
8374 2 2 5 1 4301 4302 4300
8375 2 2 5 1 4301 1266 4302
8376 2 2 5 1 4300 4302 1264
8377 2 2 5 1 1265 4303 4301
8378 2 2 5 1 4303 4304 4301
8379 2 2 5 1 4303 504 4304
8380 2 2 5 1 4301 4304 1266
8381 2 2 5 1 1264 4302 4298
8382 2 2 5 1 4302 4305 4298
8383 2 2 5 1 4302 1266 4305
8384 2 2 5 1 4298 4305 518
8385 2 2 5 1 512 4134 4299
8386 2 2 5 1 4134 4306 4299
8387 2 2 5 1 4134 1227 4306
8388 2 2 5 1 4299 4306 1265
8389 2 2 5 1 1227 4307 4306
8390 2 2 5 1 4307 4308 4306
8391 2 2 5 1 4307 1200 4308
8392 2 2 5 1 4306 4308 1265
8393 2 2 5 1 1227 4133 4307
8394 2 2 5 1 4133 4032 4307
8395 2 2 5 1 4133 297 4032
8396 2 2 5 1 4307 4032 1200
8397 2 2 5 1 1265 4308 4303
8398 2 2 5 1 4308 4028 4303
8399 2 2 5 1 4308 1200 4028
8400 2 2 5 1 4303 4028 504
8401 2 2 5 1 518 4305 4282
8402 2 2 5 1 4305 4309 4282
8403 2 2 5 1 4305 1266 4309
8404 2 2 5 1 4282 4309 1261
8405 2 2 5 1 1266 4310 4309
8406 2 2 5 1 4310 4311 4309
8407 2 2 5 1 4310 1196 4311
8408 2 2 5 1 4309 4311 1261
8409 2 2 5 1 1266 4304 4310
8410 2 2 5 1 4304 4018 4310
8411 2 2 5 1 4304 504 4018
8412 2 2 5 1 4310 4018 1196
8413 2 2 5 1 1261 4311 4286
8414 2 2 5 1 4311 4014 4286
8415 2 2 5 1 4311 1196 4014
8416 2 2 5 1 4286 4014 336
8417 2 2 5 1 266 4293 265
8418 2 2 5 1 4293 4312 265
8419 2 2 5 1 4293 1263 4312
8420 2 2 5 1 265 4312 264
8421 2 2 5 1 1263 4313 4312
8422 2 2 5 1 4313 4314 4312
8423 2 2 5 1 4313 1267 4314
8424 2 2 5 1 4312 4314 264
8425 2 2 5 1 1263 4292 4313
8426 2 2 5 1 4292 4315 4313
8427 2 2 5 1 4292 519 4315
8428 2 2 5 1 4313 4315 1267
8429 2 2 5 1 264 4314 263
8430 2 2 5 1 4314 4316 263
8431 2 2 5 1 4314 1267 4316
8432 2 2 5 1 263 4316 262
8433 2 2 5 1 519 4317 4315
8434 2 2 5 1 4317 4318 4315
8435 2 2 5 1 4317 1268 4318
8436 2 2 5 1 4315 4318 1267
8437 2 2 5 1 1268 4319 4318
8438 2 2 5 1 4319 4320 4318
8439 2 2 5 1 4319 1269 4320
8440 2 2 5 1 4318 4320 1267
8441 2 2 5 1 1268 4321 4319
8442 2 2 5 1 4321 4322 4319
8443 2 2 5 1 4321 500 4322
8444 2 2 5 1 4319 4322 1269
8445 2 2 5 1 1267 4320 4316
8446 2 2 5 1 4320 4323 4316
8447 2 2 5 1 4320 1269 4323
8448 2 2 5 1 4316 4323 262
8449 2 2 5 1 519 4288 4317
8450 2 2 5 1 4288 4324 4317
8451 2 2 5 1 4288 1262 4324
8452 2 2 5 1 4317 4324 1268
8453 2 2 5 1 1262 4325 4324
8454 2 2 5 1 4325 4326 4324
8455 2 2 5 1 4325 1186 4326
8456 2 2 5 1 4324 4326 1268
8457 2 2 5 1 1262 4287 4325
8458 2 2 5 1 4287 3980 4325
8459 2 2 5 1 4287 336 3980
8460 2 2 5 1 4325 3980 1186
8461 2 2 5 1 1268 4326 4321
8462 2 2 5 1 4326 3976 4321
8463 2 2 5 1 4326 1186 3976
8464 2 2 5 1 4321 3976 500
8465 2 2 5 1 262 4323 261
8466 2 2 5 1 4323 4327 261
8467 2 2 5 1 4323 1269 4327
8468 2 2 5 1 261 4327 260
8469 2 2 5 1 1269 4328 4327
8470 2 2 5 1 4328 4329 4327
8471 2 2 5 1 4328 1182 4329
8472 2 2 5 1 4327 4329 260
8473 2 2 5 1 1269 4322 4328
8474 2 2 5 1 4322 3966 4328
8475 2 2 5 1 4322 500 3966
8476 2 2 5 1 4328 3966 1182
8477 2 2 5 1 260 4329 259
8478 2 2 5 1 4329 3962 259
8479 2 2 5 1 4329 1182 3962
8480 2 2 5 1 259 3962 258
8481 2 2 5 1 2 3877 2926
8482 2 2 5 1 3877 4330 2926
8483 2 2 5 1 3877 1163 4330
8484 2 2 5 1 2926 4330 928
8485 2 2 5 1 1163 4331 4330
8486 2 2 5 1 4331 4332 4330
8487 2 2 5 1 4331 1270 4332
8488 2 2 5 1 4330 4332 928
8489 2 2 5 1 1163 3876 4331
8490 2 2 5 1 3876 4333 4331
8491 2 2 5 1 3876 496 4333
8492 2 2 5 1 4331 4333 1270
8493 2 2 5 1 928 4332 2931
8494 2 2 5 1 4332 4334 2931
8495 2 2 5 1 4332 1270 4334
8496 2 2 5 1 2931 4334 439
8497 2 2 5 1 496 4335 4333
8498 2 2 5 1 4335 4336 4333
8499 2 2 5 1 4335 1271 4336
8500 2 2 5 1 4333 4336 1270
8501 2 2 5 1 1271 4337 4336
8502 2 2 5 1 4337 4338 4336
8503 2 2 5 1 4337 1272 4338
8504 2 2 5 1 4336 4338 1270
8505 2 2 5 1 1271 4339 4337
8506 2 2 5 1 4339 4340 4337
8507 2 2 5 1 4339 520 4340
8508 2 2 5 1 4337 4340 1272
8509 2 2 5 1 1270 4338 4334
8510 2 2 5 1 4338 4341 4334
8511 2 2 5 1 4338 1272 4341
8512 2 2 5 1 4334 4341 439
8513 2 2 5 1 496 3872 4335
8514 2 2 5 1 3872 4342 4335
8515 2 2 5 1 3872 1162 4342
8516 2 2 5 1 4335 4342 1271
8517 2 2 5 1 1162 4343 4342
8518 2 2 5 1 4343 4344 4342
8519 2 2 5 1 4343 1273 4344
8520 2 2 5 1 4342 4344 1271
8521 2 2 5 1 1162 3871 4343
8522 2 2 5 1 3871 4345 4343
8523 2 2 5 1 3871 335 4345
8524 2 2 5 1 4343 4345 1273
8525 2 2 5 1 1271 4344 4339
8526 2 2 5 1 4344 4346 4339
8527 2 2 5 1 4344 1273 4346
8528 2 2 5 1 4339 4346 520
8529 2 2 5 1 439 4341 2942
8530 2 2 5 1 4341 4347 2942
8531 2 2 5 1 4341 1272 4347
8532 2 2 5 1 2942 4347 933
8533 2 2 5 1 1272 4348 4347
8534 2 2 5 1 4348 4349 4347
8535 2 2 5 1 4348 1274 4349
8536 2 2 5 1 4347 4349 933
8537 2 2 5 1 1272 4340 4348
8538 2 2 5 1 4340 4350 4348
8539 2 2 5 1 4340 520 4350
8540 2 2 5 1 4348 4350 1274
8541 2 2 5 1 933 4349 2946
8542 2 2 5 1 4349 4351 2946
8543 2 2 5 1 4349 1274 4351
8544 2 2 5 1 2946 4351 322
8545 2 2 5 1 335 4352 4345
8546 2 2 5 1 4352 4353 4345
8547 2 2 5 1 4352 1275 4353
8548 2 2 5 1 4345 4353 1273
8549 2 2 5 1 1275 4354 4353
8550 2 2 5 1 4354 4355 4353
8551 2 2 5 1 4354 1276 4355
8552 2 2 5 1 4353 4355 1273
8553 2 2 5 1 1275 4356 4354
8554 2 2 5 1 4356 4357 4354
8555 2 2 5 1 4356 521 4357
8556 2 2 5 1 4354 4357 1276
8557 2 2 5 1 1273 4355 4346
8558 2 2 5 1 4355 4358 4346
8559 2 2 5 1 4355 1276 4358
8560 2 2 5 1 4346 4358 520
8561 2 2 5 1 521 4359 4357
8562 2 2 5 1 4359 4360 4357
8563 2 2 5 1 4359 1277 4360
8564 2 2 5 1 4357 4360 1276
8565 2 2 5 1 1277 4361 4360
8566 2 2 5 1 4361 4362 4360
8567 2 2 5 1 4361 1278 4362
8568 2 2 5 1 4360 4362 1276
8569 2 2 5 1 1277 4363 4361
8570 2 2 5 1 4363 4364 4361
8571 2 2 5 1 4363 522 4364
8572 2 2 5 1 4361 4364 1278
8573 2 2 5 1 1276 4362 4358
8574 2 2 5 1 4362 4365 4358
8575 2 2 5 1 4362 1278 4365
8576 2 2 5 1 4358 4365 520
8577 2 2 5 1 521 4366 4359
8578 2 2 5 1 4366 4367 4359
8579 2 2 5 1 4366 1279 4367
8580 2 2 5 1 4359 4367 1277
8581 2 2 5 1 1279 4368 4367
8582 2 2 5 1 4368 4369 4367
8583 2 2 5 1 4368 1280 4369
8584 2 2 5 1 4367 4369 1277
8585 2 2 5 1 1279 4370 4368
8586 2 2 5 1 4370 4371 4368
8587 2 2 5 1 4370 331 4371
8588 2 2 5 1 4368 4371 1280
8589 2 2 5 1 1277 4369 4363
8590 2 2 5 1 4369 4372 4363
8591 2 2 5 1 4369 1280 4372
8592 2 2 5 1 4363 4372 522
8593 2 2 5 1 520 4365 4350
8594 2 2 5 1 4365 4373 4350
8595 2 2 5 1 4365 1278 4373
8596 2 2 5 1 4350 4373 1274
8597 2 2 5 1 1278 4374 4373
8598 2 2 5 1 4374 4375 4373
8599 2 2 5 1 4374 1281 4375
8600 2 2 5 1 4373 4375 1274
8601 2 2 5 1 1278 4364 4374
8602 2 2 5 1 4364 4376 4374
8603 2 2 5 1 4364 522 4376
8604 2 2 5 1 4374 4376 1281
8605 2 2 5 1 1274 4375 4351
8606 2 2 5 1 4375 4377 4351
8607 2 2 5 1 4375 1281 4377
8608 2 2 5 1 4351 4377 322
8609 2 2 5 1 335 3855 4352
8610 2 2 5 1 3855 4378 4352
8611 2 2 5 1 3855 1158 4378
8612 2 2 5 1 4352 4378 1275
8613 2 2 5 1 1158 4379 4378
8614 2 2 5 1 4379 4380 4378
8615 2 2 5 1 4379 1282 4380
8616 2 2 5 1 4378 4380 1275
8617 2 2 5 1 1158 3854 4379
8618 2 2 5 1 3854 4381 4379
8619 2 2 5 1 3854 495 4381
8620 2 2 5 1 4379 4381 1282
8621 2 2 5 1 1275 4380 4356
8622 2 2 5 1 4380 4382 4356
8623 2 2 5 1 4380 1282 4382
8624 2 2 5 1 4356 4382 521
8625 2 2 5 1 495 4383 4381
8626 2 2 5 1 4383 4384 4381
8627 2 2 5 1 4383 1283 4384
8628 2 2 5 1 4381 4384 1282
8629 2 2 5 1 1283 4385 4384
8630 2 2 5 1 4385 4386 4384
8631 2 2 5 1 4385 1284 4386
8632 2 2 5 1 4384 4386 1282
8633 2 2 5 1 1283 4387 4385
8634 2 2 5 1 4387 4388 4385
8635 2 2 5 1 4387 479 4388
8636 2 2 5 1 4385 4388 1284
8637 2 2 5 1 1282 4386 4382
8638 2 2 5 1 4386 4389 4382
8639 2 2 5 1 4386 1284 4389
8640 2 2 5 1 4382 4389 521
8641 2 2 5 1 495 3850 4383
8642 2 2 5 1 3850 4390 4383
8643 2 2 5 1 3850 1157 4390
8644 2 2 5 1 4383 4390 1283
8645 2 2 5 1 1157 4391 4390
8646 2 2 5 1 4391 4392 4390
8647 2 2 5 1 4391 1090 4392
8648 2 2 5 1 4390 4392 1283
8649 2 2 5 1 1157 3849 4391
8650 2 2 5 1 3849 3572 4391
8651 2 2 5 1 3849 296 3572
8652 2 2 5 1 4391 3572 1090
8653 2 2 5 1 1283 4392 4387
8654 2 2 5 1 4392 3568 4387
8655 2 2 5 1 4392 1090 3568
8656 2 2 5 1 4387 3568 479
8657 2 2 5 1 521 4389 4366
8658 2 2 5 1 4389 4393 4366
8659 2 2 5 1 4389 1284 4393
8660 2 2 5 1 4366 4393 1279
8661 2 2 5 1 1284 4394 4393
8662 2 2 5 1 4394 4395 4393
8663 2 2 5 1 4394 1086 4395
8664 2 2 5 1 4393 4395 1279
8665 2 2 5 1 1284 4388 4394
8666 2 2 5 1 4388 3558 4394
8667 2 2 5 1 4388 479 3558
8668 2 2 5 1 4394 3558 1086
8669 2 2 5 1 1279 4395 4370
8670 2 2 5 1 4395 3554 4370
8671 2 2 5 1 4395 1086 3554
8672 2 2 5 1 4370 3554 331
8673 2 2 5 1 322 4377 2982
8674 2 2 5 1 4377 4396 2982
8675 2 2 5 1 4377 1281 4396
8676 2 2 5 1 2982 4396 944
8677 2 2 5 1 1281 4397 4396
8678 2 2 5 1 4397 4398 4396
8679 2 2 5 1 4397 1285 4398
8680 2 2 5 1 4396 4398 944
8681 2 2 5 1 1281 4376 4397
8682 2 2 5 1 4376 4399 4397
8683 2 2 5 1 4376 522 4399
8684 2 2 5 1 4397 4399 1285
8685 2 2 5 1 944 4398 2986
8686 2 2 5 1 4398 4400 2986
8687 2 2 5 1 4398 1285 4400
8688 2 2 5 1 2986 4400 444
8689 2 2 5 1 522 4401 4399
8690 2 2 5 1 4401 4402 4399
8691 2 2 5 1 4401 1286 4402
8692 2 2 5 1 4399 4402 1285
8693 2 2 5 1 1286 4403 4402
8694 2 2 5 1 4403 4404 4402
8695 2 2 5 1 4403 1287 4404
8696 2 2 5 1 4402 4404 1285
8697 2 2 5 1 1286 4405 4403
8698 2 2 5 1 4405 4406 4403
8699 2 2 5 1 4405 475 4406
8700 2 2 5 1 4403 4406 1287
8701 2 2 5 1 1285 4404 4400
8702 2 2 5 1 4404 4407 4400
8703 2 2 5 1 4404 1287 4407
8704 2 2 5 1 4400 4407 444
8705 2 2 5 1 522 4372 4401
8706 2 2 5 1 4372 4408 4401
8707 2 2 5 1 4372 1280 4408
8708 2 2 5 1 4401 4408 1286
8709 2 2 5 1 1280 4409 4408
8710 2 2 5 1 4409 4410 4408
8711 2 2 5 1 4409 1076 4410
8712 2 2 5 1 4408 4410 1286
8713 2 2 5 1 1280 4371 4409
8714 2 2 5 1 4371 3520 4409
8715 2 2 5 1 4371 331 3520
8716 2 2 5 1 4409 3520 1076
8717 2 2 5 1 1286 4410 4405
8718 2 2 5 1 4410 3516 4405
8719 2 2 5 1 4410 1076 3516
8720 2 2 5 1 4405 3516 475
8721 2 2 5 1 444 4407 2996
8722 2 2 5 1 4407 4411 2996
8723 2 2 5 1 4407 1287 4411
8724 2 2 5 1 2996 4411 948
8725 2 2 5 1 1287 4412 4411
8726 2 2 5 1 4412 4413 4411
8727 2 2 5 1 4412 1072 4413
8728 2 2 5 1 4411 4413 948
8729 2 2 5 1 1287 4406 4412
8730 2 2 5 1 4406 3506 4412
8731 2 2 5 1 4406 475 3506
8732 2 2 5 1 4412 3506 1072
8733 2 2 5 1 948 4413 3000
8734 2 2 5 1 4413 3502 3000
8735 2 2 5 1 4413 1072 3502
8736 2 2 5 1 3000 3502 293
8737 2 2 5 1 147 3693 3026
8738 2 2 5 1 3693 4414 3026
8739 2 2 5 1 3693 1119 4414
8740 2 2 5 1 3026 4414 954
8741 2 2 5 1 1119 4415 4414
8742 2 2 5 1 4415 4416 4414
8743 2 2 5 1 4415 1288 4416
8744 2 2 5 1 4414 4416 954
8745 2 2 5 1 1119 3692 4415
8746 2 2 5 1 3692 4417 4415
8747 2 2 5 1 3692 486 4417
8748 2 2 5 1 4415 4417 1288
8749 2 2 5 1 954 4416 3030
8750 2 2 5 1 4416 4418 3030
8751 2 2 5 1 4416 1288 4418
8752 2 2 5 1 3030 4418 446
8753 2 2 5 1 486 4419 4417
8754 2 2 5 1 4419 4420 4417
8755 2 2 5 1 4419 1289 4420
8756 2 2 5 1 4417 4420 1288
8757 2 2 5 1 1289 4421 4420
8758 2 2 5 1 4421 4422 4420
8759 2 2 5 1 4421 1290 4422
8760 2 2 5 1 4420 4422 1288
8761 2 2 5 1 1289 4423 4421
8762 2 2 5 1 4423 4424 4421
8763 2 2 5 1 4423 523 4424
8764 2 2 5 1 4421 4424 1290
8765 2 2 5 1 1288 4422 4418
8766 2 2 5 1 4422 4425 4418
8767 2 2 5 1 4422 1290 4425
8768 2 2 5 1 4418 4425 446
8769 2 2 5 1 486 3688 4419
8770 2 2 5 1 3688 4426 4419
8771 2 2 5 1 3688 1118 4426
8772 2 2 5 1 4419 4426 1289
8773 2 2 5 1 1118 4427 4426
8774 2 2 5 1 4427 4428 4426
8775 2 2 5 1 4427 1291 4428
8776 2 2 5 1 4426 4428 1289
8777 2 2 5 1 1118 3687 4427
8778 2 2 5 1 3687 4429 4427
8779 2 2 5 1 3687 333 4429
8780 2 2 5 1 4427 4429 1291
8781 2 2 5 1 1289 4428 4423
8782 2 2 5 1 4428 4430 4423
8783 2 2 5 1 4428 1291 4430
8784 2 2 5 1 4423 4430 523
8785 2 2 5 1 446 4425 3040
8786 2 2 5 1 4425 4431 3040
8787 2 2 5 1 4425 1290 4431
8788 2 2 5 1 3040 4431 958
8789 2 2 5 1 1290 4432 4431
8790 2 2 5 1 4432 4433 4431
8791 2 2 5 1 4432 1292 4433
8792 2 2 5 1 4431 4433 958
8793 2 2 5 1 1290 4424 4432
8794 2 2 5 1 4424 4434 4432
8795 2 2 5 1 4424 523 4434
8796 2 2 5 1 4432 4434 1292
8797 2 2 5 1 958 4433 3044
8798 2 2 5 1 4433 4435 3044
8799 2 2 5 1 4433 1292 4435
8800 2 2 5 1 3044 4435 324
8801 2 2 5 1 333 4436 4429
8802 2 2 5 1 4436 4437 4429
8803 2 2 5 1 4436 1293 4437
8804 2 2 5 1 4429 4437 1291
8805 2 2 5 1 1293 4438 4437
8806 2 2 5 1 4438 4439 4437
8807 2 2 5 1 4438 1294 4439
8808 2 2 5 1 4437 4439 1291
8809 2 2 5 1 1293 4440 4438
8810 2 2 5 1 4440 4441 4438
8811 2 2 5 1 4440 524 4441
8812 2 2 5 1 4438 4441 1294
8813 2 2 5 1 1291 4439 4430
8814 2 2 5 1 4439 4442 4430
8815 2 2 5 1 4439 1294 4442
8816 2 2 5 1 4430 4442 523
8817 2 2 5 1 524 4443 4441
8818 2 2 5 1 4443 4444 4441
8819 2 2 5 1 4443 1295 4444
8820 2 2 5 1 4441 4444 1294
8821 2 2 5 1 1295 4445 4444
8822 2 2 5 1 4445 4446 4444
8823 2 2 5 1 4445 1296 4446
8824 2 2 5 1 4444 4446 1294
8825 2 2 5 1 1295 4447 4445
8826 2 2 5 1 4447 4448 4445
8827 2 2 5 1 4447 525 4448
8828 2 2 5 1 4445 4448 1296
8829 2 2 5 1 1294 4446 4442
8830 2 2 5 1 4446 4449 4442
8831 2 2 5 1 4446 1296 4449
8832 2 2 5 1 4442 4449 523
8833 2 2 5 1 524 4450 4443
8834 2 2 5 1 4450 4451 4443
8835 2 2 5 1 4450 1297 4451
8836 2 2 5 1 4443 4451 1295
8837 2 2 5 1 1297 4452 4451
8838 2 2 5 1 4452 4453 4451
8839 2 2 5 1 4452 1298 4453
8840 2 2 5 1 4451 4453 1295
8841 2 2 5 1 1297 4454 4452
8842 2 2 5 1 4454 4455 4452
8843 2 2 5 1 4454 330 4455
8844 2 2 5 1 4452 4455 1298
8845 2 2 5 1 1295 4453 4447
8846 2 2 5 1 4453 4456 4447
8847 2 2 5 1 4453 1298 4456
8848 2 2 5 1 4447 4456 525
8849 2 2 5 1 523 4449 4434
8850 2 2 5 1 4449 4457 4434
8851 2 2 5 1 4449 1296 4457
8852 2 2 5 1 4434 4457 1292
8853 2 2 5 1 1296 4458 4457
8854 2 2 5 1 4458 4459 4457
8855 2 2 5 1 4458 1299 4459
8856 2 2 5 1 4457 4459 1292
8857 2 2 5 1 1296 4448 4458
8858 2 2 5 1 4448 4460 4458
8859 2 2 5 1 4448 525 4460
8860 2 2 5 1 4458 4460 1299
8861 2 2 5 1 1292 4459 4435
8862 2 2 5 1 4459 4461 4435
8863 2 2 5 1 4459 1299 4461
8864 2 2 5 1 4435 4461 324
8865 2 2 5 1 333 3671 4436
8866 2 2 5 1 3671 4462 4436
8867 2 2 5 1 3671 1114 4462
8868 2 2 5 1 4436 4462 1293
8869 2 2 5 1 1114 4463 4462
8870 2 2 5 1 4463 4464 4462
8871 2 2 5 1 4463 1300 4464
8872 2 2 5 1 4462 4464 1293
8873 2 2 5 1 1114 3670 4463
8874 2 2 5 1 3670 4465 4463
8875 2 2 5 1 3670 485 4465
8876 2 2 5 1 4463 4465 1300
8877 2 2 5 1 1293 4464 4440
8878 2 2 5 1 4464 4466 4440
8879 2 2 5 1 4464 1300 4466
8880 2 2 5 1 4440 4466 524
8881 2 2 5 1 485 4467 4465
8882 2 2 5 1 4467 4468 4465
8883 2 2 5 1 4467 1301 4468
8884 2 2 5 1 4465 4468 1300
8885 2 2 5 1 1301 4469 4468
8886 2 2 5 1 4469 4470 4468
8887 2 2 5 1 4469 1302 4470
8888 2 2 5 1 4468 4470 1300
8889 2 2 5 1 1301 4471 4469
8890 2 2 5 1 4471 4472 4469
8891 2 2 5 1 4471 474 4472
8892 2 2 5 1 4469 4472 1302
8893 2 2 5 1 1300 4470 4466
8894 2 2 5 1 4470 4473 4466
8895 2 2 5 1 4470 1302 4473
8896 2 2 5 1 4466 4473 524
8897 2 2 5 1 485 3666 4467
8898 2 2 5 1 3666 4474 4467
8899 2 2 5 1 3666 1113 4474
8900 2 2 5 1 4467 4474 1301
8901 2 2 5 1 1113 4475 4474
8902 2 2 5 1 4475 4476 4474
8903 2 2 5 1 4475 1068 4476
8904 2 2 5 1 4474 4476 1301
8905 2 2 5 1 1113 3665 4475
8906 2 2 5 1 3665 3480 4475
8907 2 2 5 1 3665 295 3480
8908 2 2 5 1 4475 3480 1068
8909 2 2 5 1 1301 4476 4471
8910 2 2 5 1 4476 3476 4471
8911 2 2 5 1 4476 1068 3476
8912 2 2 5 1 4471 3476 474
8913 2 2 5 1 524 4473 4450
8914 2 2 5 1 4473 4477 4450
8915 2 2 5 1 4473 1302 4477
8916 2 2 5 1 4450 4477 1297
8917 2 2 5 1 1302 4478 4477
8918 2 2 5 1 4478 4479 4477
8919 2 2 5 1 4478 1064 4479
8920 2 2 5 1 4477 4479 1297
8921 2 2 5 1 1302 4472 4478
8922 2 2 5 1 4472 3466 4478
8923 2 2 5 1 4472 474 3466
8924 2 2 5 1 4478 3466 1064
8925 2 2 5 1 1297 4479 4454
8926 2 2 5 1 4479 3462 4454
8927 2 2 5 1 4479 1064 3462
8928 2 2 5 1 4454 3462 330
8929 2 2 5 1 324 4461 3078
8930 2 2 5 1 4461 4480 3078
8931 2 2 5 1 4461 1299 4480
8932 2 2 5 1 3078 4480 968
8933 2 2 5 1 1299 4481 4480
8934 2 2 5 1 4481 4482 4480
8935 2 2 5 1 4481 1303 4482
8936 2 2 5 1 4480 4482 968
8937 2 2 5 1 1299 4460 4481
8938 2 2 5 1 4460 4483 4481
8939 2 2 5 1 4460 525 4483
8940 2 2 5 1 4481 4483 1303
8941 2 2 5 1 968 4482 3082
8942 2 2 5 1 4482 4484 3082
8943 2 2 5 1 4482 1303 4484
8944 2 2 5 1 3082 4484 450
8945 2 2 5 1 525 4485 4483
8946 2 2 5 1 4485 4486 4483
8947 2 2 5 1 4485 1304 4486
8948 2 2 5 1 4483 4486 1303
8949 2 2 5 1 1304 4487 4486
8950 2 2 5 1 4487 4488 4486
8951 2 2 5 1 4487 1305 4488
8952 2 2 5 1 4486 4488 1303
8953 2 2 5 1 1304 4489 4487
8954 2 2 5 1 4489 4490 4487
8955 2 2 5 1 4489 470 4490
8956 2 2 5 1 4487 4490 1305
8957 2 2 5 1 1303 4488 4484
8958 2 2 5 1 4488 4491 4484
8959 2 2 5 1 4488 1305 4491
8960 2 2 5 1 4484 4491 450
8961 2 2 5 1 525 4456 4485
8962 2 2 5 1 4456 4492 4485
8963 2 2 5 1 4456 1298 4492
8964 2 2 5 1 4485 4492 1304
8965 2 2 5 1 1298 4493 4492
8966 2 2 5 1 4493 4494 4492
8967 2 2 5 1 4493 1054 4494
8968 2 2 5 1 4492 4494 1304
8969 2 2 5 1 1298 4455 4493
8970 2 2 5 1 4455 3428 4493
8971 2 2 5 1 4455 330 3428
8972 2 2 5 1 4493 3428 1054
8973 2 2 5 1 1304 4494 4489
8974 2 2 5 1 4494 3424 4489
8975 2 2 5 1 4494 1054 3424
8976 2 2 5 1 4489 3424 470
8977 2 2 5 1 450 4491 3092
8978 2 2 5 1 4491 4495 3092
8979 2 2 5 1 4491 1305 4495
8980 2 2 5 1 3092 4495 972
8981 2 2 5 1 1305 4496 4495
8982 2 2 5 1 4496 4497 4495
8983 2 2 5 1 4496 1050 4497
8984 2 2 5 1 4495 4497 972
8985 2 2 5 1 1305 4490 4496
8986 2 2 5 1 4490 3414 4496
8987 2 2 5 1 4490 470 3414
8988 2 2 5 1 4496 3414 1050
8989 2 2 5 1 972 4497 3096
8990 2 2 5 1 4497 3410 3096
8991 2 2 5 1 4497 1050 3410
8992 2 2 5 1 3096 3410 294
$EndElements
