$MeshFormat
2.2 0 8
$EndMeshFormat
$PhysicalNames
6
0 1 "outlet"
1 2 "left"
1 3 "bottom"
1 4 "right"
1 5 "top"
2 6 "surface"
$EndPhysicalNames
$Nodes
8321
1 0 0 0
2 1 0 0
3 1 1 0
4 0 1 0
5 0.01562499999997026 0 0
6 0.03124999999994066 0 0
7 0.04687499999990563 0 0
8 0.06249999999987061 0 0
9 0.07812499999984641 0 0
10 0.09374999999982223 0 0
11 0.109374999999798 0 0
12 0.1249999999997738 0 0
13 0.1406249999997281 0 0
14 0.1562499999996824 0 0
15 0.1718749999996367 0 0
16 0.187499999999591 0 0
17 0.2031249999995454 0 0
18 0.2187499999994997 0 0
19 0.234374999999454 0 0
20 0.2499999999994083 0 0
21 0.2656249999993622 0 0
22 0.2812499999993162 0 0
23 0.2968749999992702 0 0
24 0.3124999999992242 0 0
25 0.3281249999991782 0 0
26 0.3437499999991321 0 0
27 0.3593749999990861 0 0
28 0.37499999999904 0 0
29 0.390624999998994 0 0
30 0.406249999998948 0 0
31 0.4218749999989019 0 0
32 0.4374999999988559 0 0
33 0.4531249999988099 0 0
34 0.4687499999987639 0 0
35 0.4843749999987179 0 0
36 0.4999999999986718 0 0
37 0.5156249999987134 0 0
38 0.5312499999987549 0 0
39 0.5468749999987964 0 0
40 0.5624999999988379 0 0
41 0.5781249999988795 0 0
42 0.593749999998921 0 0
43 0.6093749999989625 0 0
44 0.6249999999990039 0 0
45 0.6406249999990454 0 0
46 0.656249999999087 0 0
47 0.6718749999991285 0 0
48 0.6874999999991699 0 0
49 0.7031249999992114 0 0
50 0.7187499999992529 0 0
51 0.7343749999992945 0 0
52 0.7499999999993359 0 0
53 0.7656249999993774 0 0
54 0.7812499999994189 0 0
55 0.7968749999994604 0 0
56 0.812499999999502 0 0
57 0.8281249999995435 0 0
58 0.843749999999585 0 0
59 0.8593749999996265 0 0
60 0.8749999999996679 0 0
61 0.8906249999997095 0 0
62 0.906249999999751 0 0
63 0.9218749999997925 0 0
64 0.937499999999834 0 0
65 0.9531249999998755 0 0
66 0.9687499999999171 0 0
67 0.9843749999999586 0 0
68 1 0.01562499999997026 0
69 1 0.03124999999994066 0
70 1 0.04687499999990563 0
71 1 0.06249999999987061 0
72 1 0.07812499999984641 0
73 1 0.09374999999982223 0
74 1 0.109374999999798 0
75 1 0.1249999999997738 0
76 1 0.1406249999997281 0
77 1 0.1562499999996824 0
78 1 0.1718749999996367 0
79 1 0.187499999999591 0
80 1 0.2031249999995454 0
81 1 0.2187499999994997 0
82 1 0.234374999999454 0
83 1 0.2499999999994083 0
84 1 0.2656249999993622 0
85 1 0.2812499999993162 0
86 1 0.2968749999992702 0
87 1 0.3124999999992242 0
88 1 0.3281249999991782 0
89 1 0.3437499999991321 0
90 1 0.3593749999990861 0
91 1 0.37499999999904 0
92 1 0.390624999998994 0
93 1 0.406249999998948 0
94 1 0.4218749999989019 0
95 1 0.4374999999988559 0
96 1 0.4531249999988099 0
97 1 0.4687499999987639 0
98 1 0.4843749999987179 0
99 1 0.4999999999986718 0
100 1 0.5156249999987134 0
101 1 0.5312499999987549 0
102 1 0.5468749999987964 0
103 1 0.5624999999988379 0
104 1 0.5781249999988795 0
105 1 0.593749999998921 0
106 1 0.6093749999989625 0
107 1 0.6249999999990039 0
108 1 0.6406249999990454 0
109 1 0.656249999999087 0
110 1 0.6718749999991285 0
111 1 0.6874999999991699 0
112 1 0.7031249999992114 0
113 1 0.7187499999992529 0
114 1 0.7343749999992945 0
115 1 0.7499999999993359 0
116 1 0.7656249999993774 0
117 1 0.7812499999994189 0
118 1 0.7968749999994604 0
119 1 0.812499999999502 0
120 1 0.8281249999995435 0
121 1 0.843749999999585 0
122 1 0.8593749999996265 0
123 1 0.8749999999996679 0
124 1 0.8906249999997095 0
125 1 0.906249999999751 0
126 1 0.9218749999997925 0
127 1 0.937499999999834 0
128 1 0.9531249999998755 0
129 1 0.9687499999999171 0
130 1 0.9843749999999586 0
131 0.9843750000000185 1 0
132 0.9687500000000442 1 0
133 0.9531250000000953 1 0
134 0.9375000000001374 1 0
135 0.9218750000001934 1 0
136 0.9062500000002127 1 0
137 0.8906250000002284 1 0
138 0.8750000000002633 1 0
139 0.8593750000002971 1 0
140 0.8437500000003737 1 0
141 0.8281250000004419 1 0
142 0.8125000000005136 1 0
143 0.7968750000005806 1 0
144 0.7812500000006571 1 0
145 0.7656250000007235 1 0
146 0.750000000000802 1 0
147 0.7343750000008361 1 0
148 0.7187500000008513 1 0
149 0.703125000000884 1 0
150 0.6875000000009006 1 0
151 0.6718750000008813 1 0
152 0.6562500000008382 1 0
153 0.640625000000894 1 0
154 0.6250000000009612 1 0
155 0.6093750000010372 1 0
156 0.5937500000011131 1 0
157 0.5781250000011811 1 0
158 0.562500000001242 1 0
159 0.5468750000012517 1 0
160 0.5312500000012649 1 0
161 0.5156250000013072 1 0
162 0.5000000000013304 1 0
163 0.4843750000012887 1 0
164 0.4687500000012472 1 0
165 0.4531250000012057 1 0
166 0.4375000000011641 1 0
167 0.4218750000011224 1 0
168 0.4062500000010809 1 0
169 0.3906250000010394 1 0
170 0.3750000000009978 1 0
171 0.3593750000009561 1 0
172 0.3437500000009146 1 0
173 0.3281250000008731 1 0
174 0.3125000000008314 1 0
175 0.2968750000007899 1 0
176 0.2812500000007484 1 0
177 0.2656250000007068 1 0
178 0.2500000000006652 1 0
179 0.2343750000006237 1 0
180 0.2187500000005821 1 0
181 0.2031250000005405 1 0
182 0.1875000000004989 1 0
183 0.1718750000004574 1 0
184 0.1562500000004158 1 0
185 0.1406250000003741 1 0
186 0.1250000000003326 1 0
187 0.1093750000002911 1 0
188 0.09375000000024947 1 0
189 0.07812500000020783 1 0
190 0.06250000000016631 1 0
191 0.04687500000012479 1 0
192 0.03125000000008316 1 0
193 0.01562500000004152 1 0
194 0 0.9843750000000185 0
195 0 0.9687500000000442 0
196 0 0.9531250000000953 0
197 0 0.9375000000001374 0
198 0 0.9218750000001934 0
199 0 0.9062500000002127 0
200 0 0.8906250000002284 0
201 0 0.8750000000002633 0
202 0 0.8593750000002971 0
203 0 0.8437500000003737 0
204 0 0.8281250000004419 0
205 0 0.8125000000005136 0
206 0 0.7968750000005806 0
207 0 0.7812500000006571 0
208 0 0.7656250000007235 0
209 0 0.750000000000802 0
210 0 0.7343750000008361 0
211 0 0.7187500000008513 0
212 0 0.703125000000884 0
213 0 0.6875000000009006 0
214 0 0.6718750000008813 0
215 0 0.6562500000008382 0
216 0 0.640625000000894 0
217 0 0.6250000000009612 0
218 0 0.6093750000010372 0
219 0 0.5937500000011131 0
220 0 0.5781250000011811 0
221 0 0.562500000001242 0
222 0 0.5468750000012517 0
223 0 0.5312500000012649 0
224 0 0.5156250000013072 0
225 0 0.5000000000013304 0
226 0 0.4843750000012887 0
227 0 0.4687500000012472 0
228 0 0.4531250000012057 0
229 0 0.4375000000011641 0
230 0 0.4218750000011224 0
231 0 0.4062500000010809 0
232 0 0.3906250000010394 0
233 0 0.3750000000009978 0
234 0 0.3593750000009561 0
235 0 0.3437500000009146 0
236 0 0.3281250000008731 0
237 0 0.3125000000008314 0
238 0 0.2968750000007899 0
239 0 0.2812500000007484 0
240 0 0.2656250000007068 0
241 0 0.2500000000006652 0
242 0 0.2343750000006237 0
243 0 0.2187500000005821 0
244 0 0.2031250000005405 0
245 0 0.1875000000004989 0
246 0 0.1718750000004574 0
247 0 0.1562500000004158 0
248 0 0.1406250000003741 0
249 0 0.1250000000003326 0
250 0 0.1093750000002911 0
251 0 0.09375000000024947 0
252 0 0.07812500000020783 0
253 0 0.06250000000016631 0
254 0 0.04687500000012479 0
255 0 0.03125000000008316 0
256 0 0.01562500000004152 0
257 0.5000000003140475 0.5000000003140475 0
258 0.7500000001570237 0.2500000001570237 0
259 0.2500000001570237 0.2500000001570237 0
260 0.2500000001570237 0.7500000001570237 0
261 0.7500000001570237 0.7500000001570237 0
262 0.8750000000785119 0.1250000000785119 0
263 0.6250000000778477 0.1250000000785119 0
264 0.5000000001570237 0.2500000001570237 0
265 0.3750000000778477 0.1250000000785119 0
266 0.6250000002355356 0.3750000002355356 0
267 0.3750000002355356 0.3750000002355356 0
268 0.1250000000785119 0.1250000000785119 0
269 0.1250000000785119 0.3750000000791771 0
270 0.2500000001570237 0.5000000001570237 0
271 0.1250000000785119 0.6250000000791771 0
272 0.3750000002355356 0.6250000002355356 0
273 0.1250000000785119 0.8750000000785119 0
274 0.8750000000785119 0.8750000000785119 0
275 0.8750000000785119 0.6250000000778477 0
276 0.7500000001570237 0.5000000001570237 0
277 0.8750000000785119 0.3750000000778477 0
278 0.6250000002355356 0.6250000002355356 0
279 0.3750000000791772 0.8750000000785119 0
280 0.5000000001570237 0.7500000001570237 0
281 0.6250000000791771 0.8750000000785119 0
282 0.9375000000392559 0.06250000003925593 0
283 0.8125000000389239 0.06250000003925593 0
284 0.7500000000781798 0.1250000000785119 0
285 0.6875000000385918 0.06250000003925593 0
286 0.8125000001177678 0.1875000001177678 0
287 0.6875000001174358 0.1875000001177678 0
288 0.5625000000382598 0.06250000003925593 0
289 0.6250000001570237 0.2500000001570237 0
290 0.5625000001174357 0.1875000001177678 0
291 0.4375000001174357 0.1875000001177678 0
292 0.5000000000778477 0.1250000000785119 0
293 0.3750000001570237 0.2500000001570237 0
294 0.3125000001174357 0.1875000001177678 0
295 0.4375000000382598 0.06250000003925593 0
296 0.6875000001962797 0.3125000001962797 0
297 0.5625000001962797 0.3125000001962797 0
298 0.5000000002355356 0.3750000002355356 0
299 0.4375000001962797 0.3125000001962797 0
300 0.5625000002747915 0.4375000002747915 0
301 0.4375000002747915 0.4375000002747915 0
302 0.3125000001962797 0.3125000001962797 0
303 0.3125000000386279 0.06250000003925593 0
304 0.2500000000781798 0.1250000000785119 0
305 0.1875000000389601 0.06250000003925593 0
306 0.1875000001177678 0.1875000001177678 0
307 0.06250000003925593 0.06250000003925593 0
308 0.06250000003925593 0.1875000000395886 0
309 0.1250000000785119 0.2500000000788445 0
310 0.06250000003925593 0.3125000000399211 0
311 0.1875000001177678 0.3125000001181004 0
312 0.06250000003925593 0.4375000000402538 0
313 0.2500000001570237 0.3750000001570237 0
314 0.1875000001177678 0.4375000001181004 0
315 0.1875000001177678 0.5625000001181004 0
316 0.1250000000785119 0.5000000000791771 0
317 0.2500000001570237 0.6250000001570237 0
318 0.1875000001177678 0.6875000001181004 0
319 0.06250000003925593 0.5625000000402535 0
320 0.3125000001962797 0.4375000001962797 0
321 0.3750000002355356 0.5000000002355356 0
322 0.3125000001962797 0.5625000001962797 0
323 0.4375000002747915 0.5625000002747915 0
324 0.3125000001962797 0.6875000001962797 0
325 0.06250000003925593 0.6875000000399893 0
326 0.1250000000785119 0.7500000000788445 0
327 0.06250000003925593 0.8125000000396569 0
328 0.1875000001177678 0.8125000001177678 0
329 0.06250000003925593 0.9375000000392559 0
330 0.9375000000392559 0.9375000000392559 0
331 0.9375000000392559 0.8125000000389239 0
332 0.8750000000785119 0.7500000000781798 0
333 0.9375000000392559 0.6875000000385918 0
334 0.8125000001177678 0.8125000001177678 0
335 0.8125000001177678 0.6875000001174357 0
336 0.9375000000392559 0.5625000000382598 0
337 0.7500000001570237 0.6250000001570237 0
338 0.8125000001177678 0.5625000001174357 0
339 0.8125000001177678 0.4375000001174357 0
340 0.8750000000785119 0.5000000000778477 0
341 0.7500000001570237 0.3750000001570237 0
342 0.8125000001177678 0.3125000001174357 0
343 0.9375000000392559 0.4375000000382598 0
344 0.6875000001962797 0.6875000001962797 0
345 0.6875000001962797 0.5625000001962797 0
346 0.6250000002355356 0.5000000002355356 0
347 0.6875000001962797 0.4375000001962797 0
348 0.5625000002747915 0.5625000002747915 0
349 0.9375000000392559 0.312500000038628 0
350 0.8750000000785119 0.2500000000781798 0
351 0.9375000000392559 0.1875000000389601 0
352 0.1875000000395886 0.9375000000392559 0
353 0.2500000000788445 0.8750000000785119 0
354 0.3125000000399212 0.9375000000392559 0
355 0.3125000001181004 0.8125000001177678 0
356 0.4375000000402537 0.9375000000392559 0
357 0.3750000001570237 0.7500000001570237 0
358 0.4375000001181004 0.8125000001177678 0
359 0.5625000001181004 0.8125000001177678 0
360 0.5000000000791771 0.8750000000785119 0
361 0.6250000001570237 0.7500000001570237 0
362 0.6875000001181004 0.8125000001177678 0
363 0.5625000000402538 0.9375000000392559 0
364 0.4375000001962797 0.6875000001962797 0
365 0.5000000002355356 0.6250000002355356 0
366 0.5625000001962797 0.6875000001962797 0
367 0.6875000000399896 0.9375000000392559 0
368 0.7500000000788445 0.8750000000785119 0
369 0.8125000000396569 0.9375000000392559 0
370 0.968750000019628 0.03125000001962797 0
371 0.906250000019462 0.03125000001962797 0
372 0.8750000000390898 0.06250000003925593 0
373 0.8437500000192959 0.03125000001962797 0
374 0.9062500000588839 0.0937500000588839 0
375 0.8437500000587179 0.0937500000588839 0
376 0.7812500000191298 0.03125000001962797 0
377 0.8125000000783458 0.1250000000785119 0
378 0.7812500000585518 0.0937500000588839 0
379 0.7187500000583857 0.0937500000588839 0
380 0.7500000000387579 0.06250000003925593 0
381 0.6875000000780138 0.1250000000785119 0
382 0.6562500000582198 0.0937500000588839 0
383 0.7187500000189638 0.03125000001962797 0
384 0.8437500000981398 0.1562500000981398 0
385 0.7812500000979739 0.1562500000981398 0
386 0.7500000001176017 0.1875000001177678 0
387 0.7187500000978078 0.1562500000981398 0
388 0.7812500001373958 0.2187500001373958 0
389 0.7187500001372298 0.2187500001373958 0
390 0.6562500000976417 0.1562500000981398 0
391 0.6562500000187979 0.03125000001962797 0
392 0.6250000000384258 0.06250000003925593 0
393 0.5937500000186319 0.03125000001962797 0
394 0.5937500000580538 0.0937500000588839 0
395 0.5312500000184659 0.03125000001962797 0
396 0.6875000001570237 0.2500000001570237 0
397 0.6562500001372298 0.2187500001373958 0
398 0.5937500001372298 0.2187500001373958 0
399 0.6250000001174357 0.1875000001177678 0
400 0.5625000001570237 0.2500000001570237 0
401 0.5312500001372298 0.2187500001373958 0
402 0.5937500000976417 0.1562500000981398 0
403 0.4687500001372298 0.2187500001373958 0
404 0.5000000001174357 0.1875000001177678 0
405 0.4687500000976417 0.1562500000981398 0
406 0.5312500000976417 0.1562500000981398 0
407 0.4062500000976418 0.1562500000981398 0
408 0.4375000000778477 0.1250000000785119 0
409 0.5625000000778477 0.1250000000785119 0
410 0.4375000001570237 0.2500000001570237 0
411 0.4062500001372298 0.2187500001373958 0
412 0.3437500001372298 0.2187500001373958 0
413 0.3750000001174357 0.1875000001177678 0
414 0.3125000001570237 0.2500000001570237 0
415 0.2812500001372298 0.2187500001373958 0
416 0.3437500000976418 0.1562500000981398 0
417 0.5312500000580538 0.0937500000588839 0
418 0.4687500000580538 0.0937500000588839 0
419 0.5000000000382598 0.06250000003925593 0
420 0.4062500000580538 0.0937500000588839 0
421 0.4687500000184658 0.03125000001962797 0
422 0.7187500001766517 0.2812500001766517 0
423 0.6562500001766517 0.2812500001766517 0
424 0.6250000001962797 0.3125000001962797 0
425 0.5937500001766517 0.2812500001766517 0
426 0.6562500002159076 0.3437500002159076 0
427 0.5937500002159076 0.3437500002159076 0
428 0.5312500001766517 0.2812500001766517 0
429 0.5625000002355356 0.3750000002355356 0
430 0.5312500002159076 0.3437500002159076 0
431 0.4687500002159076 0.3437500002159076 0
432 0.5000000001962797 0.3125000001962797 0
433 0.4375000002355356 0.3750000002355356 0
434 0.4062500002159076 0.3437500002159076 0
435 0.4687500001766517 0.2812500001766517 0
436 0.5937500002551636 0.4062500002551636 0
437 0.5312500002551636 0.4062500002551636 0
438 0.5000000002747915 0.4375000002747915 0
439 0.4687500002551636 0.4062500002551636 0
440 0.5312500002944195 0.4687500002944195 0
441 0.4687500002944195 0.4687500002944195 0
442 0.4062500002551636 0.4062500002551636 0
443 0.4062500001766517 0.2812500001766517 0
444 0.3750000001962797 0.3125000001962797 0
445 0.3437500001766517 0.2812500001766517 0
446 0.3437500002159076 0.3437500002159076 0
447 0.2812500001766517 0.2812500001766517 0
448 0.40625000001865 0.03125000001962797 0
449 0.3750000000384439 0.06250000003925593 0
450 0.343750000018834 0.03125000001962797 0
451 0.3437500000582379 0.0937500000588839 0
452 0.2812500000190182 0.03125000001962797 0
453 0.3125000000780138 0.1250000000785119 0
454 0.2812500000584039 0.09375000005888387 0
455 0.2187500000585699 0.09375000005888387 0
456 0.2500000000387941 0.06250000003925593 0
457 0.1875000000783458 0.1250000000785119 0
458 0.156250000058736 0.09375000005888388 0
459 0.2187500000191842 0.03125000001962797 0
460 0.2812500000978078 0.1562500000981398 0
461 0.2500000001176018 0.1875000001177678 0
462 0.2187500000979738 0.1562500000981398 0
463 0.2187500001373958 0.2187500001373958 0
464 0.1562500000981398 0.1562500000981398 0
465 0.156250000019367 0.03125000001962797 0
466 0.125000000039108 0.06250000003925593 0
467 0.09375000001951489 0.03125000001962797 0
468 0.0937500000588839 0.0937500000588839 0
469 0.03125000001962797 0.03125000001962797 0
470 0.03125000001962797 0.09375000001979428 0
471 0.06250000003925593 0.1250000000394222 0
472 0.03125000001962797 0.1562500000199606 0
473 0.0937500000588839 0.1562500000590502 0
474 0.03125000001962797 0.2187500000201268 0
475 0.1250000000785119 0.1875000000786782 0
476 0.0937500000588839 0.2187500000592166 0
477 0.0937500000588839 0.2812500000593827 0
478 0.06250000003925593 0.2500000000397549 0
479 0.1250000000785119 0.3125000000790108 0
480 0.0937500000588839 0.3437500000595493 0
481 0.03125000001962797 0.2812500000202932 0
482 0.1562500000981398 0.2187500000983061 0
483 0.1875000001177678 0.2500000001179341 0
484 0.1562500000981398 0.2812500000984725 0
485 0.2187500001373958 0.2812500001375621 0
486 0.1562500000981398 0.3437500000986389 0
487 0.03125000001962797 0.3437500000204593 0
488 0.06250000003925593 0.3750000000400875 0
489 0.03125000001962797 0.4062500000206257 0
490 0.0937500000588839 0.4062500000597155 0
491 0.03125000001962797 0.468750000020792 0
492 0.2500000001570237 0.3125000001570237 0
493 0.2187500001373958 0.3437500001375621 0
494 0.2187500001373958 0.4062500001375621 0
495 0.1875000001177678 0.3750000001181004 0
496 0.2500000001570237 0.4375000001570237 0
497 0.2187500001373958 0.4687500001375621 0
498 0.1562500000981398 0.4062500000986388 0
499 0.2187500001373958 0.5312500001375621 0
500 0.1875000001177678 0.5000000001181004 0
501 0.1562500000981398 0.5312500000986388 0
502 0.1562500000981398 0.4687500000986388 0
503 0.1562500000981398 0.5937500000986388 0
504 0.1250000000785119 0.5625000000791771 0
505 0.1250000000785119 0.437500000079177 0
506 0.2500000001570237 0.5625000001570237 0
507 0.2187500001373958 0.5937500001375621 0
508 0.2187500001373958 0.6562500001375619 0
509 0.1875000001177678 0.6250000001181004 0
510 0.2500000001570237 0.6875000001570237 0
511 0.2187500001373958 0.7187500001375621 0
512 0.1562500000981398 0.6562500000986388 0
513 0.0937500000588839 0.4687500000597155 0
514 0.0937500000588839 0.5312500000597153 0
515 0.06250000003925593 0.5000000000402538 0
516 0.0937500000588839 0.5937500000597153 0
517 0.03125000001962797 0.531250000020792 0
518 0.2812500001766517 0.3437500001766517 0
519 0.3125000001962797 0.3750000001962797 0
520 0.2812500001766517 0.4062500001766518 0
521 0.3437500002159076 0.4062500002159076 0
522 0.2812500001766517 0.4687500001766517 0
523 0.3750000002355356 0.4375000002355356 0
524 0.3437500002159076 0.4687500002159076 0
525 0.3437500002159076 0.5312500002159076 0
526 0.3125000001962797 0.5000000001962797 0
527 0.3750000002355356 0.5625000002355356 0
528 0.3437500002159076 0.5937500002159076 0
529 0.2812500001766517 0.5312500001766517 0
530 0.4062500002551636 0.4687500002551636 0
531 0.4375000002747915 0.5000000002747915 0
532 0.4062500002551636 0.5312500002551636 0
533 0.4687500002944195 0.5312500002944195 0
534 0.4062500002551636 0.5937500002551636 0
535 0.2812500001766517 0.5937500001766515 0
536 0.3125000001962797 0.6250000001962797 0
537 0.2812500001766517 0.6562500001766519 0
538 0.3437500002159076 0.6562500002159078 0
539 0.2812500001766517 0.7187500001766515 0
540 0.03125000001962797 0.5937500000206075 0
541 0.06250000003925593 0.6250000000401216 0
542 0.03125000001962797 0.6562500000204754 0
543 0.0937500000588839 0.656250000059583 0
544 0.03125000001962797 0.7187500000203955 0
545 0.1250000000785119 0.6875000000790108 0
546 0.09375000005888391 0.7187500000594169 0
547 0.0937500000588839 0.7812500000592509 0
548 0.06250000003925593 0.7500000000398233 0
549 0.1250000000785119 0.8125000000786782 0
550 0.0937500000588839 0.8437500000590844 0
551 0.03125000001962797 0.7812500000202295 0
552 0.1562500000981398 0.7187500000984726 0
553 0.1875000001177678 0.7500000001179341 0
554 0.1562500000981398 0.7812500000983064 0
555 0.2187500001373958 0.781250000137396 0
556 0.1562500000981398 0.8437500000981396 0
557 0.03125000001962797 0.8437500000199604 0
558 0.06250000003925593 0.8750000000394564 0
559 0.03125000001962797 0.9062500000197595 0
560 0.0937500000588839 0.9062500000588841 0
561 0.03125000001962797 0.9687500000196277 0
562 0.968750000019628 0.968750000019628 0
563 0.9687500000196281 0.906250000019462 0
564 0.937500000039256 0.8750000000390898 0
565 0.968750000019628 0.8437500000192959 0
566 0.9062500000588839 0.9062500000588839 0
567 0.9062500000588839 0.8437500000587179 0
568 0.9687500000196279 0.7812500000191298 0
569 0.8750000000785119 0.8125000000783458 0
570 0.9062500000588839 0.7812500000585518 0
571 0.9062500000588839 0.7187500000583857 0
572 0.9375000000392558 0.7500000000387579 0
573 0.8750000000785119 0.6875000000780138 0
574 0.9062500000588839 0.6562500000582198 0
575 0.968750000019628 0.7187500000189638 0
576 0.8437500000981398 0.8437500000981398 0
577 0.8437500000981399 0.7812500000979739 0
578 0.8125000001177678 0.7500000001176017 0
579 0.8437500000981398 0.7187500000978078 0
580 0.7812500001373957 0.7812500001373957 0
581 0.7812500001373959 0.7187500001372298 0
582 0.8437500000981397 0.6562500000976419 0
583 0.9687500000196279 0.6562500000187979 0
584 0.9375000000392559 0.6250000000384258 0
585 0.9687500000196279 0.5937500000186319 0
586 0.9062500000588838 0.5937500000580538 0
587 0.9687500000196281 0.5312500000184659 0
588 0.7500000001570237 0.6875000001570237 0
589 0.7812500001373959 0.6562500001372298 0
590 0.7812500001373958 0.5937500001372298 0
591 0.8125000001177678 0.6250000001174356 0
592 0.7500000001570237 0.5625000001570237 0
593 0.7812500001373958 0.5312500001372298 0
594 0.8437500000981399 0.5937500000976418 0
595 0.7812500001373958 0.4687500001372298 0
596 0.8125000001177678 0.5000000001174357 0
597 0.8437500000981398 0.4687500000976417 0
598 0.8437500000981397 0.5312500000976417 0
599 0.8437500000981399 0.4062500000976417 0
600 0.8750000000785119 0.4375000000778477 0
601 0.8750000000785119 0.5625000000778477 0
602 0.7500000001570237 0.4375000001570237 0
603 0.7812500001373958 0.4062500001372298 0
604 0.7812500001373958 0.3437500001372298 0
605 0.8125000001177678 0.3750000001174357 0
606 0.7500000001570237 0.3125000001570237 0
607 0.7812500001373958 0.2812500001372298 0
608 0.8437500000981397 0.3437500000976417 0
609 0.9062500000588839 0.5312500000580538 0
610 0.9062500000588839 0.4687500000580538 0
611 0.9375000000392559 0.5000000000382598 0
612 0.906250000058884 0.4062500000580538 0
613 0.968750000019628 0.4687500000184659 0
614 0.7187500001766516 0.7187500001766516 0
615 0.7187500001766517 0.6562500001766517 0
616 0.6875000001962797 0.6250000001962797 0
617 0.7187500001766517 0.5937500001766517 0
618 0.6562500002159076 0.6562500002159076 0
619 0.6562500002159076 0.5937500002159076 0
620 0.7187500001766517 0.5312500001766517 0
621 0.6250000002355356 0.5625000002355356 0
622 0.6562500002159076 0.5312500002159076 0
623 0.6562500002159076 0.4687500002159076 0
624 0.6875000001962797 0.5000000001962797 0
625 0.6250000002355356 0.4375000002355356 0
626 0.6562500002159076 0.4062500002159076 0
627 0.7187500001766517 0.4687500001766517 0
628 0.5937500002551636 0.5937500002551636 0
629 0.5937500002551636 0.5312500002551636 0
630 0.5625000002747915 0.5000000002747915 0
631 0.5937500002551636 0.4687500002551636 0
632 0.5312500002944195 0.5312500002944195 0
633 0.7187500001766517 0.4062500001766517 0
634 0.6875000001962797 0.3750000001962797 0
635 0.7187500001766517 0.3437500001766517 0
636 0.9687500000196279 0.40625000001865 0
637 0.9375000000392559 0.3750000000384439 0
638 0.9687500000196281 0.343750000018834 0
639 0.906250000058884 0.3437500000582379 0
640 0.968750000019628 0.2812500000190181 0
641 0.8750000000785119 0.3125000000780138 0
642 0.906250000058884 0.2812500000584039 0
643 0.9062500000588838 0.2187500000585699 0
644 0.9375000000392559 0.2500000000387941 0
645 0.8750000000785119 0.1875000000783458 0
646 0.9062500000588839 0.1562500000587359 0
647 0.9687500000196279 0.2187500000191842 0
648 0.8437500000981398 0.2812500000978078 0
649 0.8125000001177678 0.2500000001176017 0
650 0.8437500000981399 0.2187500000979739 0
651 0.9687500000196279 0.156250000019367 0
652 0.9375000000392559 0.1250000000391081 0
653 0.968750000019628 0.09375000001951483 0
654 0.09375000001979428 0.968750000019628 0
655 0.1250000000394222 0.9375000000392559 0
656 0.1562500000199606 0.9687500000196281 0
657 0.1562500000590502 0.9062500000588839 0
658 0.2187500000201269 0.9687500000196282 0
659 0.1875000000786782 0.8750000000785119 0
660 0.2187500000592165 0.906250000058884 0
661 0.2812500000593828 0.9062500000588839 0
662 0.2500000000397549 0.9375000000392559 0
663 0.3125000000790108 0.8750000000785119 0
664 0.3437500000595491 0.9062500000588839 0
665 0.2812500000202932 0.968750000019628 0
666 0.2187500000983061 0.8437500000981396 0
667 0.2500000001179341 0.8125000001177678 0
668 0.2812500000984725 0.8437500000981397 0
669 0.2812500001375621 0.7812500001373958 0
670 0.3437500000986388 0.8437500000981397 0
671 0.3437500000204594 0.9687500000196279 0
672 0.3750000000400875 0.937500000039256 0
673 0.4062500000206257 0.9687500000196279 0
674 0.4062500000597153 0.9062500000588838 0
675 0.468750000020792 0.9687500000196279 0
676 0.3125000001570237 0.7500000001570237 0
677 0.3437500001375621 0.781250000137396 0
678 0.4062500001375621 0.7812500001373958 0
679 0.3750000001181004 0.8125000001177678 0
680 0.4375000001570237 0.7500000001570237 0
681 0.4687500001375621 0.7812500001373955 0
682 0.4062500000986388 0.8437500000981398 0
683 0.5312500001375621 0.7812500001373958 0
684 0.5000000001181004 0.8125000001177678 0
685 0.5312500000986388 0.8437500000981398 0
686 0.4687500000986388 0.8437500000981398 0
687 0.5937500000986389 0.8437500000981397 0
688 0.5625000000791771 0.8750000000785119 0
689 0.4375000000791771 0.8750000000785119 0
690 0.5625000001570237 0.7500000001570237 0
691 0.5937500001375621 0.781250000137396 0
692 0.6562500001375621 0.7812500001373958 0
693 0.6250000001181004 0.8125000001177678 0
694 0.6875000001570237 0.7500000001570237 0
695 0.7187500001375621 0.781250000137396 0
696 0.6562500000986388 0.8437500000981397 0
697 0.4687500000597153 0.9062500000588838 0
698 0.5312500000597155 0.9062500000588839 0
699 0.5000000000402538 0.9375000000392559 0
700 0.5937500000597155 0.906250000058884 0
701 0.531250000020792 0.9687500000196282 0
702 0.3437500001766517 0.7187500001766519 0
703 0.3750000001962797 0.6875000001962797 0
704 0.4062500001766517 0.7187500001766515 0
705 0.4062500002159076 0.6562500002159076 0
706 0.4687500001766517 0.7187500001766519 0
707 0.4375000002355356 0.6250000002355356 0
708 0.4687500002159076 0.6562500002159076 0
709 0.5312500002159076 0.6562500002159076 0
710 0.5000000001962797 0.6875000001962797 0
711 0.5625000002355356 0.6250000002355356 0
712 0.5937500002159076 0.6562500002159076 0
713 0.5312500001766517 0.7187500001766517 0
714 0.4687500002551636 0.5937500002551636 0
715 0.5000000002747915 0.5625000002747915 0
716 0.5312500002551636 0.5937500002551636 0
717 0.5937500001766517 0.7187500001766517 0
718 0.6250000001962797 0.6875000001962797 0
719 0.6562500001766517 0.7187500001766517 0
720 0.5937500000206075 0.9687500000196281 0
721 0.6250000000401217 0.9375000000392559 0
722 0.6562500000204754 0.9687500000196282 0
723 0.6562500000595833 0.906250000058884 0
724 0.7187500000203958 0.968750000019628 0
725 0.6875000000790108 0.8750000000785119 0
726 0.718750000059417 0.9062500000588838 0
727 0.7812500000592507 0.9062500000588841 0
728 0.7500000000398233 0.9375000000392559 0
729 0.8125000000786782 0.8750000000785119 0
730 0.8437500000590844 0.9062500000588839 0
731 0.7812500000202295 0.9687500000196281 0
732 0.7187500000984725 0.8437500000981396 0
733 0.7500000001179341 0.8125000001177678 0
734 0.7812500000983061 0.8437500000981401 0
735 0.8437500000199601 0.968750000019628 0
736 0.8750000000394564 0.9375000000392559 0
737 0.9062500000197596 0.968750000019628 0
738 0.9843750000098139 0.01562500000981393 0
739 0.953125000009731 0.01562500000981393 0
740 0.937500000019545 0.03125000001962797 0
741 0.9218750000096481 0.01562500000981393 0
742 0.953125000029442 0.046875000029442 0
743 0.921875000029359 0.046875000029442 0
744 0.890625000009565 0.01562500000981393 0
745 0.9062500000391729 0.06250000003925593 0
746 0.8906250000292759 0.046875000029442 0
747 0.8593750000291929 0.046875000029442 0
748 0.8750000000193789 0.03125000001962797 0
749 0.8437500000390068 0.06250000003925593 0
750 0.8281250000291098 0.046875000029442 0
751 0.859375000009482 0.01562500000981393 0
752 0.9218750000490699 0.07812500004906986 0
753 0.8906250000489868 0.07812500004906986 0
754 0.875000000058801 0.0937500000588839 0
755 0.8593750000489039 0.07812500004906986 0
756 0.8906250000686979 0.1093750000686979 0
757 0.8593750000686149 0.1093750000686979 0
758 0.8281250000488209 0.07812500004906986 0
759 0.8281250000093989 0.01562500000981393 0
760 0.8125000000192129 0.03125000001962797 0
761 0.7968750000093159 0.01562500000981393 0
762 0.7968750000290268 0.046875000029442 0
763 0.7656250000092328 0.01562500000981393 0
764 0.8437500000784288 0.1250000000785119 0
765 0.8281250000685318 0.1093750000686979 0
766 0.7968750000684488 0.1093750000686979 0
767 0.8125000000586349 0.0937500000588839 0
768 0.7812500000782627 0.1250000000785119 0
769 0.7656250000683658 0.1093750000686979 0
770 0.7968750000487379 0.07812500004906986 0
771 0.7343750000682827 0.1093750000686979 0
772 0.7500000000584688 0.0937500000588839 0
773 0.7343750000485718 0.07812500004906986 0
774 0.7656250000486549 0.07812500004906986 0
775 0.7031250000484888 0.07812500004906986 0
776 0.7187500000386748 0.06250000003925593 0
777 0.7812500000388409 0.06250000003925593 0
778 0.7187500000780969 0.1250000000785119 0
779 0.7031250000681998 0.1093750000686979 0
780 0.6718750000681168 0.1093750000686979 0
781 0.6875000000583027 0.0937500000588839 0
782 0.6562500000779308 0.1250000000785119 0
783 0.6406250000680338 0.1093750000686979 0
784 0.6718750000484057 0.07812500004906986 0
785 0.7656250000289438 0.046875000029442 0
786 0.7343750000288609 0.046875000029442 0
787 0.7500000000190468 0.03125000001962797 0
788 0.7031250000287779 0.046875000029442 0
789 0.7343750000091498 0.01562500000981393 0
790 0.8593750000883258 0.1406250000883258 0
791 0.8281250000882427 0.1406250000883258 0
792 0.8125000000980569 0.1562500000981398 0
793 0.7968750000881598 0.1406250000883258 0
794 0.8281250001079539 0.1718750001079539 0
795 0.7968750001078708 0.1718750001079539 0
796 0.7656250000880769 0.1406250000883258 0
797 0.7812500001176848 0.1875000001177678 0
798 0.7656250001077878 0.1718750001079539 0
799 0.7343750001077047 0.1718750001079539 0
800 0.7500000000978908 0.1562500000981398 0
801 0.7187500001175187 0.1875000001177678 0
802 0.7031250001076217 0.1718750001079539 0
803 0.7343750000879938 0.1406250000883258 0
804 0.7968750001275817 0.2031250001275817 0
805 0.7656250001274987 0.2031250001275817 0
806 0.7500000001373128 0.2187500001373958 0
807 0.7343750001274157 0.2031250001275817 0
808 0.7656250001472098 0.2343750001472098 0
809 0.7343750001471268 0.2343750001472098 0
810 0.7031250001273328 0.2031250001275817 0
811 0.7031250000879108 0.1406250000883258 0
812 0.6875000000977247 0.1562500000981398 0
813 0.6718750000878277 0.1406250000883258 0
814 0.6718750001075386 0.1718750001079539 0
815 0.6406250000877447 0.1406250000883258 0
816 0.7031250000090669 0.01562500000981393 0
817 0.6875000000188809 0.03125000001962797 0
818 0.6718750000089839 0.01562500000981393 0
819 0.6718750000286948 0.046875000029442 0
820 0.6406250000089009 0.01562500000981393 0
821 0.6562500000385088 0.06250000003925593 0
822 0.6406250000286118 0.046875000029442 0
823 0.6093750000285288 0.046875000029442 0
824 0.6250000000187148 0.03125000001962797 0
825 0.5937500000383429 0.06250000003925593 0
826 0.5781250000284459 0.046875000029442 0
827 0.6093750000088178 0.01562500000981393 0
828 0.6406250000483228 0.07812500004906986 0
829 0.6250000000581368 0.0937500000588839 0
830 0.6093750000482399 0.07812500004906986 0
831 0.6093750000679508 0.1093750000686979 0
832 0.5781250000481568 0.07812500004906986 0
833 0.5781250000087349 0.01562500000981393 0
834 0.5625000000185489 0.03125000001962797 0
835 0.546875000008652 0.01562500000981393 0
836 0.5468750000283629 0.046875000029442 0
837 0.5156250000085689 0.01562500000981393 0
838 0.7187500001570237 0.2500000001570237 0
839 0.7031250001471268 0.2343750001472098 0
840 0.6718750001471268 0.2343750001472098 0
841 0.6875000001372298 0.2187500001373958 0
842 0.6562500001570237 0.2500000001570237 0
843 0.6406250001471268 0.2343750001472098 0
844 0.6718750001273328 0.2031250001275817 0
845 0.6093750001471268 0.2343750001472098 0
846 0.6250000001372298 0.2187500001373958 0
847 0.6093750001273328 0.2031250001275817 0
848 0.6406250001273328 0.2031250001275817 0
849 0.5781250001273328 0.2031250001275817 0
850 0.5937500001174357 0.1875000001177678 0
851 0.6562500001174357 0.1875000001177678 0
852 0.5937500001570237 0.2500000001570237 0
853 0.5781250001471268 0.2343750001472098 0
854 0.5468750001471268 0.2343750001472098 0
855 0.5625000001372298 0.2187500001373958 0
856 0.5312500001570237 0.2500000001570237 0
857 0.5156250001471268 0.2343750001472098 0
858 0.5468750001273328 0.2031250001275817 0
859 0.6406250001075386 0.1718750001079539 0
860 0.6093750001075386 0.1718750001079539 0
861 0.6250000000976417 0.1562500000981398 0
862 0.5781250001075386 0.1718750001079539 0
863 0.6093750000877447 0.1406250000883258 0
864 0.4843750001471268 0.2343750001472098 0
865 0.5000000001372298 0.2187500001373958 0
866 0.4843750001273327 0.2031250001275817 0
867 0.5156250001273328 0.2031250001275817 0
868 0.4531250001273327 0.2031250001275817 0
869 0.4687500001174357 0.1875000001177678 0
870 0.5312500001174357 0.1875000001177678 0
871 0.4531250001075388 0.1718750001079539 0
872 0.4843750001075388 0.1718750001079539 0
873 0.5000000000976417 0.1562500000981398 0
874 0.5156250001075386 0.1718750001079539 0
875 0.4843750000877447 0.1406250000883258 0
876 0.5156250000877447 0.1406250000883258 0
877 0.5468750001075386 0.1718750001079539 0
878 0.4218750001075388 0.1718750001079539 0
879 0.4375000000976418 0.1562500000981398 0
880 0.4218750000877448 0.1406250000883258 0
881 0.4531250000877447 0.1406250000883258 0
882 0.3906250000877448 0.1406250000883258 0
883 0.4062500000778477 0.1250000000785119 0
884 0.4687500000778477 0.1250000000785119 0
885 0.5625000000976417 0.1562500000981398 0
886 0.5468750000877447 0.1406250000883258 0
887 0.5781250000877447 0.1406250000883258 0
888 0.5312500000778477 0.1250000000785119 0
889 0.5937500000778477 0.1250000000785119 0
890 0.4687500001570237 0.2500000001570237 0
891 0.4531250001471268 0.2343750001472098 0
892 0.4218750001471268 0.2343750001472098 0
893 0.4375000001372298 0.2187500001373958 0
894 0.4062500001570237 0.2500000001570237 0
895 0.3906250001471268 0.2343750001472098 0
896 0.4218750001273327 0.2031250001275817 0
897 0.3593750001471268 0.2343750001472099 0
898 0.3750000001372298 0.2187500001373958 0
899 0.3593750001273327 0.2031250001275817 0
900 0.3906250001273327 0.2031250001275817 0
901 0.3281250001273327 0.2031250001275817 0
902 0.3437500001174357 0.1875000001177678 0
903 0.4062500001174357 0.1875000001177678 0
904 0.3437500001570237 0.2500000001570237 0
905 0.3281250001471268 0.2343750001472098 0
906 0.2968750001471268 0.2343750001472098 0
907 0.3125000001372298 0.2187500001373958 0
908 0.2812500001570237 0.2500000001570237 0
909 0.2656250001471268 0.2343750001472097 0
910 0.2968750001273327 0.2031250001275817 0
911 0.3906250001075388 0.1718750001079539 0
912 0.3593750001075388 0.1718750001079539 0
913 0.3750000000976418 0.1562500000981398 0
914 0.3281250001075388 0.1718750001079539 0
915 0.3593750000877448 0.1406250000883258 0
916 0.5781250000679508 0.1093750000686979 0
917 0.5468750000679508 0.1093750000686979 0
918 0.5625000000580538 0.0937500000588839 0
919 0.5156250000679508 0.1093750000686979 0
920 0.5468750000481568 0.07812500004906986 0
921 0.4843750000679508 0.1093750000686979 0
922 0.5000000000580538 0.0937500000588839 0
923 0.4843750000481568 0.07812500004906986 0
924 0.5156250000481568 0.07812500004906986 0
925 0.4531250000481568 0.07812500004906986 0
926 0.4687500000382598 0.06250000003925593 0
927 0.5312500000382598 0.06250000003925593 0
928 0.4531250000679508 0.1093750000686979 0
929 0.4218750000679508 0.109375000068698 0
930 0.4375000000580538 0.0937500000588839 0
931 0.3906250000679508 0.1093750000686979 0
932 0.4218750000481568 0.07812500004906986 0
933 0.5156250000283629 0.046875000029442 0
934 0.4843750000283629 0.046875000029442 0
935 0.5000000000184659 0.03125000001962797 0
936 0.4531250000283629 0.046875000029442 0
937 0.4843750000085688 0.01562500000981393 0
938 0.7343750001668377 0.2656250001668377 0
939 0.7031250001668377 0.2656250001668377 0
940 0.6875000001766517 0.2812500001766517 0
941 0.6718750001668377 0.2656250001668377 0
942 0.7031250001864657 0.2968750001864657 0
943 0.6718750001864657 0.2968750001864657 0
944 0.6406250001668377 0.2656250001668377 0
945 0.6562500001962797 0.3125000001962797 0
946 0.6406250001864657 0.2968750001864657 0
947 0.6093750001864657 0.2968750001864657 0
948 0.6250000001766517 0.2812500001766517 0
949 0.5937500001962797 0.3125000001962797 0
950 0.5781250001864657 0.2968750001864657 0
951 0.6093750001668377 0.2656250001668377 0
952 0.6718750002060936 0.3281250002060936 0
953 0.6406250002060936 0.3281250002060936 0
954 0.6250000002159076 0.3437500002159076 0
955 0.6093750002060936 0.3281250002060936 0
956 0.6406250002257217 0.3593750002257217 0
957 0.6093750002257217 0.3593750002257217 0
958 0.5781250002060936 0.3281250002060936 0
959 0.5781250001668377 0.2656250001668377 0
960 0.5625000001766517 0.2812500001766517 0
961 0.5468750001668377 0.2656250001668377 0
962 0.5468750001864657 0.2968750001864657 0
963 0.5156250001668377 0.2656250001668377 0
964 0.5937500002355356 0.3750000002355356 0
965 0.5781250002257217 0.3593750002257217 0
966 0.5468750002257217 0.3593750002257217 0
967 0.5625000002159076 0.3437500002159076 0
968 0.5312500002355356 0.3750000002355356 0
969 0.5156250002257217 0.3593750002257217 0
970 0.5468750002060936 0.3281250002060936 0
971 0.4843750002257217 0.3593750002257217 0
972 0.5000000002159076 0.3437500002159076 0
973 0.4843750002060936 0.3281250002060936 0
974 0.5156250002060936 0.3281250002060936 0
975 0.4531250002060936 0.3281250002060936 0
976 0.4687500001962797 0.3125000001962797 0
977 0.5312500001962797 0.3125000001962797 0
978 0.4687500002355356 0.3750000002355356 0
979 0.4531250002257217 0.3593750002257217 0
980 0.4218750002257217 0.3593750002257217 0
981 0.4375000002159076 0.3437500002159076 0
982 0.4062500002355356 0.3750000002355356 0
983 0.3906250002257217 0.3593750002257217 0
984 0.4218750002060936 0.3281250002060937 0
985 0.5156250001864657 0.2968750001864657 0
986 0.4843750001864657 0.2968750001864657 0
987 0.5000000001766517 0.2812500001766517 0
988 0.4531250001864657 0.2968750001864657 0
989 0.4843750001668377 0.2656250001668377 0
990 0.6093750002453495 0.3906250002453495 0
991 0.5781250002453495 0.3906250002453495 0
992 0.5625000002551636 0.4062500002551636 0
993 0.5468750002453495 0.3906250002453495 0
994 0.5781250002649776 0.4218750002649776 0
995 0.5468750002649776 0.4218750002649776 0
996 0.5156250002453495 0.3906250002453495 0
997 0.5312500002747915 0.4375000002747915 0
998 0.5156250002649776 0.4218750002649776 0
999 0.4843750002649777 0.4218750002649776 0
1000 0.5000000002551636 0.4062500002551636 0
1001 0.4687500002747915 0.4375000002747915 0
1002 0.4531250002649777 0.4218750002649776 0
1003 0.4843750002453495 0.3906250002453495 0
1004 0.5468750002846055 0.4531250002846055 0
1005 0.5156250002846055 0.4531250002846055 0
1006 0.5000000002944195 0.4687500002944195 0
1007 0.4843750002846055 0.4531250002846055 0
1008 0.5156250003042335 0.4843750003042335 0
1009 0.4843750003042336 0.4843750003042335 0
1010 0.4531250002846054 0.4531250002846055 0
1011 0.4531250002453495 0.3906250002453495 0
1012 0.4375000002551636 0.4062500002551636 0
1013 0.4218750002453495 0.3906250002453495 0
1014 0.4218750002649777 0.4218750002649776 0
1015 0.3906250002453495 0.3906250002453495 0
1016 0.4531250001668377 0.2656250001668377 0
1017 0.4375000001766517 0.2812500001766517 0
1018 0.4218750001668376 0.2656250001668377 0
1019 0.4218750001864657 0.2968750001864657 0
1020 0.3906250001668377 0.2656250001668377 0
1021 0.4062500001962797 0.3125000001962797 0
1022 0.3906250001864657 0.2968750001864657 0
1023 0.3593750001864658 0.2968750001864657 0
1024 0.3750000001766517 0.2812500001766517 0
1025 0.3437500001962797 0.3125000001962797 0
1026 0.3281250001864658 0.2968750001864657 0
1027 0.3593750001668377 0.2656250001668377 0
1028 0.3906250002060935 0.3281250002060936 0
1029 0.3750000002159076 0.3437500002159076 0
1030 0.3593750002060936 0.3281250002060936 0
1031 0.3593750002257217 0.3593750002257217 0
1032 0.3281250002060936 0.3281250002060936 0
1033 0.3281250001668377 0.2656250001668377 0
1034 0.3125000001766517 0.2812500001766517 0
1035 0.2968750001668376 0.2656250001668377 0
1036 0.2968750001864657 0.2968750001864657 0
1037 0.2656250001668377 0.2656250001668377 0
1038 0.4531250000086608 0.01562500000981393 0
1039 0.4375000000185579 0.03125000001962797 0
1040 0.4218750000087529 0.01562500000981393 0
1041 0.4218750000284549 0.046875000029442 0
1042 0.390625000008845 0.01562500000981393 0
1043 0.4062500000383519 0.06250000003925593 0
1044 0.3906250000285469 0.046875000029442 0
1045 0.359375000028639 0.046875000029442 0
1046 0.375000000018742 0.03125000001962797 0
1047 0.343750000038536 0.06250000003925593 0
1048 0.328125000028731 0.046875000029442 0
1049 0.3593750000089371 0.01562500000981393 0
1050 0.3906250000482488 0.07812500004906986 0
1051 0.3750000000581458 0.0937500000588839 0
1052 0.3593750000483409 0.07812500004906986 0
1053 0.3593750000680428 0.109375000068698 0
1054 0.328125000048433 0.07812500004906986 0
1055 0.3281250000090291 0.01562500000981393 0
1056 0.3125000000189261 0.03125000001962797 0
1057 0.2968750000091211 0.01562500000981393 0
1058 0.2968750000288231 0.04687500002944201 0
1059 0.2656250000092132 0.01562500000981393 0
1060 0.3437500000779308 0.1250000000785119 0
1061 0.3281250000681258 0.1093750000686979 0
1062 0.2968750000682089 0.1093750000686979 0
1063 0.3125000000583209 0.0937500000588839 0
1064 0.2812500000780968 0.1250000000785119 0
1065 0.2656250000682919 0.1093750000686979 0
1066 0.296875000048516 0.07812500004906986 0
1067 0.2343750000683749 0.1093750000686979 0
1068 0.2500000000584869 0.0937500000588839 0
1069 0.234375000048682 0.07812500004906986 0
1070 0.265625000048599 0.07812500004906986 0
1071 0.203125000048765 0.07812500004906986 0
1072 0.2187500000388771 0.06250000003925593 0
1073 0.281250000038711 0.06250000003925593 0
1074 0.2187500000782628 0.1250000000785119 0
1075 0.2031250000684579 0.1093750000686979 0
1076 0.1718750000685409 0.109375000068698 0
1077 0.1875000000586529 0.0937500000588839 0
1078 0.1562500000784288 0.1250000000785119 0
1079 0.1406250000686239 0.1093750000686979 0
1080 0.171875000048848 0.07812500004906986 0
1081 0.2656250000289061 0.046875000029442 0
1082 0.2343750000289891 0.046875000029442 0
1083 0.2500000000191012 0.03125000001962797 0
1084 0.2031250000290721 0.04687500002944202 0
1085 0.2343750000092962 0.01562500000981393 0
1086 0.3281250000878277 0.1406250000883258 0
1087 0.3125000000977248 0.1562500000981398 0
1088 0.2968750000879108 0.1406250000883258 0
1089 0.2968750001076217 0.1718750001079539 0
1090 0.2656250000879938 0.1406250000883258 0
1091 0.2812500001175188 0.1875000001177678 0
1092 0.2656250001077047 0.1718750001079538 0
1093 0.2343750001077878 0.1718750001079539 0
1094 0.2500000000978908 0.1562500000981398 0
1095 0.2187500001176848 0.1875000001177678 0
1096 0.2031250001078708 0.1718750001079539 0
1097 0.2343750000880768 0.1406250000883258 0
1098 0.2656250001274157 0.2031250001275817 0
1099 0.2500000001373127 0.2187500001373958 0
1100 0.2343750001274988 0.2031250001275818 0
1101 0.2343750001472097 0.2343750001472098 0
1102 0.2031250001275818 0.2031250001275817 0
1103 0.2031250000881598 0.1406250000883258 0
1104 0.1875000000980568 0.1562500000981398 0
1105 0.1718750000882428 0.1406250000883258 0
1106 0.1718750001079538 0.1718750001079539 0
1107 0.1406250000883258 0.1406250000883258 0
1108 0.2031250000093876 0.01562500000981393 0
1109 0.1875000000192756 0.03125000001962797 0
1110 0.171875000009479 0.01562500000981393 0
1111 0.1718750000291635 0.046875000029442 0
1112 0.1406250000095704 0.01562500000981393 0
1113 0.156250000039034 0.06250000003925593 0
1114 0.1406250000292375 0.04687500002944201 0
1115 0.1093750000293114 0.046875000029442 0
1116 0.1250000000194409 0.03125000001962797 0
1117 0.09375000003918196 0.06250000003925593 0
1118 0.07812500002938541 0.046875000029442 0
1119 0.1093750000096444 0.01562500000981393 0
1120 0.140625000048922 0.07812500004906986 0
1121 0.1250000000588099 0.0937500000588839 0
1122 0.1093750000489959 0.07812500004906986 0
1123 0.1093750000686979 0.1093750000686979 0
1124 0.07812500004906991 0.07812500004906986 0
1125 0.07812500000969275 0.01562500000981393 0
1126 0.06250000001957143 0.03125000001962797 0
1127 0.04687500000974928 0.01562500000981393 0
1128 0.04687500002944195 0.046875000029442 0
1129 0.01562500000981398 0.01562500000981393 0
1130 0.01562500000981398 0.04687500000989719 0
1131 0.03125000001962797 0.06250000001971112 0
1132 0.01562500000981398 0.07812500000998022 0
1133 0.04687500002944195 0.07812500002952504 0
1134 0.01562500000981398 0.1093750000100635 0
1135 0.06250000003925593 0.09375000003933909 0
1136 0.04687500002944195 0.1093750000296083 0
1137 0.04687500002944196 0.1406250000296914 0
1138 0.03125000001962797 0.1250000000198774 0
1139 0.06250000003925593 0.1562500000395054 0
1140 0.04687500002944195 0.1718750000297746 0
1141 0.01562500000981398 0.1406250000101466 0
1142 0.07812500004906991 0.1093750000491531 0
1143 0.0937500000588839 0.1250000000589671 0
1144 0.07812500004906991 0.1406250000492361 0
1145 0.1093750000686979 0.140625000068781 0
1146 0.07812500004906991 0.1718750000493194 0
1147 0.01562500000981397 0.1718750000102298 0
1148 0.03125000001962797 0.1875000000200437 0
1149 0.01562500000981397 0.2031250000103128 0
1150 0.04687500002944196 0.2031250000298577 0
1151 0.01562500000981397 0.2343750000103961 0
1152 0.1250000000785119 0.156250000078595 0
1153 0.1093750000686979 0.1718750000688642 0
1154 0.1093750000686979 0.2031250000689473 0
1155 0.0937500000588839 0.1875000000591334 0
1156 0.1250000000785119 0.2187500000787613 0
1157 0.1093750000686979 0.2343750000690306 0
1158 0.07812500004906991 0.2031250000494025 0
1159 0.1093750000686979 0.2656250000691136 0
1160 0.0937500000588839 0.2500000000592997 0
1161 0.07812500004906991 0.2656250000495689 0
1162 0.07812500004906991 0.2343750000494857 0
1163 0.07812500004906991 0.2968750000496521 0
1164 0.06250000003925593 0.281250000039838 0
1165 0.06250000003925593 0.2187500000396717 0
1166 0.1250000000785119 0.2812500000789276 0
1167 0.1093750000686979 0.2968750000691968 0
1168 0.1093750000686979 0.32812500006928 0
1169 0.0937500000588839 0.312500000059466 0
1170 0.1250000000785119 0.343750000079094 0
1171 0.1093750000686979 0.3593750000693632 0
1172 0.07812500004906989 0.328125000049735 0
1173 0.04687500002944196 0.2343750000299409 0
1174 0.04687500002944196 0.2656250000300239 0
1175 0.03125000001962797 0.2500000000202101 0
1176 0.04687500002944196 0.2968750000301073 0
1177 0.01562500000981397 0.2656250000104792 0
1178 0.1406250000883258 0.1718750000884091 0
1179 0.1562500000981398 0.187500000098223 0
1180 0.1406250000883258 0.2031250000884921 0
1181 0.1718750001079538 0.2031250001080369 0
1182 0.1406250000883258 0.2343750000885754 0
1183 0.1875000001177678 0.218750000117851 0
1184 0.1718750001079538 0.2343750001081202 0
1185 0.1718750001079538 0.2656250001082032 0
1186 0.1562500000981398 0.2500000000983893 0
1187 0.1875000001177678 0.2812500001180173 0
1188 0.1718750001079538 0.2968750001082865 0
1189 0.1406250000883258 0.2656250000886584 0
1190 0.2031250001275818 0.234375000127665 0
1191 0.2187500001373958 0.2500000001374789 0
1192 0.2031250001275818 0.265625000127748 0
1193 0.2343750001472097 0.2656250001472928 0
1194 0.2031250001275818 0.2968750001278313 0
1195 0.1406250000883258 0.2968750000887417 0
1196 0.1562500000981398 0.3125000000985556 0
1197 0.1406250000883258 0.3281250000888248 0
1198 0.1718750001079538 0.3281250001083695 0
1199 0.1406250000883258 0.359375000088908 0
1200 0.01562500000981397 0.2968750000105623 0
1201 0.03125000001962797 0.3125000000203763 0
1202 0.01562500000981396 0.3281250000106454 0
1203 0.04687500002944198 0.3281250000301903 0
1204 0.01562500000981396 0.3593750000107285 0
1205 0.06250000003925593 0.3437500000400043 0
1206 0.04687500002944198 0.3593750000302735 0
1207 0.04687500002944198 0.3906250000303567 0
1208 0.03125000001962797 0.3750000000205426 0
1209 0.06250000003925593 0.4062500000401706 0
1210 0.04687500002944198 0.4218750000304398 0
1211 0.01562500000981396 0.3906250000108118 0
1212 0.07812500004906991 0.3593750000498184 0
1213 0.0937500000588839 0.3750000000596323 0
1214 0.07812500004906989 0.3906250000499014 0
1215 0.1093750000686979 0.3906250000694462 0
1216 0.07812500004906989 0.4218750000499847 0
1217 0.01562500000981396 0.4218750000108948 0
1218 0.03125000001962797 0.4375000000207089 0
1219 0.01562500000981396 0.4531250000109781 0
1220 0.04687500002944198 0.4531250000305229 0
1221 0.01562500000981396 0.4843750000110611 0
1222 0.2500000001570237 0.2812500001570237 0
1223 0.2343750001472097 0.2968750001472928 0
1224 0.2343750001472097 0.3281250001472928 0
1225 0.2187500001373958 0.3125000001375621 0
1226 0.2500000001570237 0.3437500001570237 0
1227 0.2343750001472097 0.3593750001472928 0
1228 0.2031250001275818 0.3281250001278314 0
1229 0.2343750001472098 0.3906250001472929 0
1230 0.2187500001373958 0.3750000001375621 0
1231 0.2031250001275818 0.3906250001278313 0
1232 0.2031250001275818 0.3593750001278313 0
1233 0.2031250001275818 0.4218750001278313 0
1234 0.1875000001177678 0.4062500001181004 0
1235 0.1875000001177678 0.3437500001181004 0
1236 0.2500000001570237 0.4062500001570236 0
1237 0.2343750001472097 0.4218750001472928 0
1238 0.2343750001472098 0.4531250001472928 0
1239 0.2187500001373958 0.4375000001375621 0
1240 0.2500000001570237 0.4687500001570237 0
1241 0.2343750001472097 0.4843750001472928 0
1242 0.2031250001275818 0.4531250001278313 0
1243 0.1718750001079538 0.3593750001083696 0
1244 0.1718750001079538 0.3906250001083695 0
1245 0.1562500000981398 0.3750000000986389 0
1246 0.1718750001079538 0.4218750001083694 0
1247 0.1406250000883258 0.390625000088908 0
1248 0.2343750001472097 0.5156250001472928 0
1249 0.2187500001373958 0.5000000001375621 0
1250 0.2031250001275818 0.5156250001278313 0
1251 0.2031250001275818 0.4843750001278313 0
1252 0.2031250001275818 0.5468750001278313 0
1253 0.1875000001177678 0.5312500001181004 0
1254 0.1875000001177678 0.4687500001181004 0
1255 0.1718750001079538 0.5468750001083695 0
1256 0.1718750001079538 0.5156250001083695 0
1257 0.1562500000981398 0.5000000000986388 0
1258 0.1718750001079538 0.4843750001083695 0
1259 0.1406250000883258 0.515625000088908 0
1260 0.1406250000883258 0.484375000088908 0
1261 0.1718750001079538 0.4531250001083696 0
1262 0.1718750001079538 0.5781250001083693 0
1263 0.1562500000981398 0.5625000000986388 0
1264 0.1406250000883258 0.578125000088908 0
1265 0.1406250000883258 0.546875000088908 0
1266 0.1406250000883258 0.6093750000889078 0
1267 0.1250000000785119 0.5937500000791771 0
1268 0.1250000000785119 0.5312500000791771 0
1269 0.1562500000981398 0.4375000000986388 0
1270 0.1406250000883258 0.453125000088908 0
1271 0.1406250000883258 0.4218750000889081 0
1272 0.1250000000785119 0.4687500000791771 0
1273 0.1250000000785119 0.4062500000791771 0
1274 0.2500000001570237 0.5312500001570237 0
1275 0.2343750001472097 0.5468750001472928 0
1276 0.2343750001472097 0.5781250001472928 0
1277 0.2187500001373958 0.5625000001375621 0
1278 0.2500000001570237 0.5937500001570237 0
1279 0.2343750001472097 0.6093750001472928 0
1280 0.2031250001275818 0.5781250001278315 0
1281 0.2343750001472097 0.6406250001472928 0
1282 0.2187500001373958 0.6250000001375621 0
1283 0.2031250001275818 0.6406250001278312 0
1284 0.2031250001275818 0.6093750001278313 0
1285 0.2031250001275818 0.6718750001278312 0
1286 0.1875000001177678 0.6562500001181004 0
1287 0.1875000001177678 0.5937500001181004 0
1288 0.2500000001570237 0.6562500001570237 0
1289 0.2343750001472098 0.671875000147293 0
1290 0.2343750001472097 0.703125000147293 0
1291 0.2187500001373958 0.6875000001375621 0
1292 0.2500000001570237 0.7187500001570237 0
1293 0.2343750001472098 0.7343750001472928 0
1294 0.2031250001275818 0.7031250001278314 0
1295 0.1718750001079538 0.6093750001083695 0
1296 0.1718750001079538 0.6406250001083696 0
1297 0.1562500000981398 0.6250000000986388 0
1298 0.1718750001079538 0.6718750001083695 0
1299 0.1406250000883258 0.6406250000889081 0
1300 0.1093750000686979 0.4218750000694462 0
1301 0.1093750000686979 0.4531250000694462 0
1302 0.0937500000588839 0.4375000000597155 0
1303 0.1093750000686979 0.4843750000694462 0
1304 0.07812500004906989 0.4531250000499847 0
1305 0.1093750000686979 0.5156250000694462 0
1306 0.0937500000588839 0.5000000000597155 0
1307 0.07812500004906989 0.5156250000499846 0
1308 0.07812500004906989 0.4843750000499846 0
1309 0.07812500004906989 0.5468750000499845 0
1310 0.06250000003925593 0.5312500000402537 0
1311 0.06250000003925593 0.4687500000402538 0
1312 0.1093750000686979 0.5468750000694462 0
1313 0.1093750000686979 0.5781250000694463 0
1314 0.0937500000588839 0.5625000000597153 0
1315 0.1093750000686979 0.6093750000694462 0
1316 0.07812500004906989 0.5781250000499843 0
1317 0.04687500002944198 0.4843750000305229 0
1318 0.04687500002944198 0.5156250000305229 0
1319 0.03125000001962797 0.500000000020792 0
1320 0.04687500002944198 0.5468750000305229 0
1321 0.01562500000981396 0.5156250000110612 0
1322 0.2656250001668376 0.2968750001668377 0
1323 0.2812500001766517 0.3125000001766517 0
1324 0.2656250001668377 0.3281250001668377 0
1325 0.2968750001864658 0.3281250001864657 0
1326 0.2656250001668376 0.3593750001668378 0
1327 0.3125000001962797 0.3437500001962797 0
1328 0.2968750001864658 0.3593750001864657 0
1329 0.2968750001864657 0.3906250001864656 0
1330 0.2812500001766517 0.3750000001766517 0
1331 0.3125000001962797 0.4062500001962797 0
1332 0.2968750001864658 0.4218750001864657 0
1333 0.2656250001668377 0.3906250001668376 0
1334 0.3281250002060936 0.3593750002060936 0
1335 0.3437500002159076 0.3750000002159076 0
1336 0.3281250002060935 0.3906250002060936 0
1337 0.3593750002257217 0.3906250002257217 0
1338 0.3281250002060935 0.4218750002060937 0
1339 0.2656250001668376 0.4218750001668377 0
1340 0.2812500001766517 0.4375000001766517 0
1341 0.2656250001668377 0.4531250001668378 0
1342 0.2968750001864658 0.4531250001864657 0
1343 0.2656250001668376 0.4843750001668377 0
1344 0.3750000002355356 0.4062500002355356 0
1345 0.3593750002257217 0.4218750002257217 0
1346 0.3593750002257217 0.4531250002257217 0
1347 0.3437500002159076 0.4375000002159076 0
1348 0.3750000002355356 0.4687500002355356 0
1349 0.3593750002257217 0.4843750002257217 0
1350 0.3281250002060935 0.4531250002060936 0
1351 0.3593750002257217 0.5156250002257217 0
1352 0.3437500002159076 0.5000000002159076 0
1353 0.3281250002060936 0.5156250002060936 0
1354 0.3281250002060936 0.4843750002060936 0
1355 0.3281250002060936 0.5468750002060936 0
1356 0.3125000001962797 0.5312500001962797 0
1357 0.3125000001962797 0.4687500001962795 0
1358 0.3750000002355356 0.5312500002355356 0
1359 0.3593750002257217 0.5468750002257217 0
1360 0.3593750002257217 0.5781250002257217 0
1361 0.3437500002159076 0.5625000002159076 0
1362 0.3750000002355356 0.5937500002355356 0
1363 0.3593750002257217 0.6093750002257217 0
1364 0.3281250002060936 0.5781250002060936 0
1365 0.2968750001864658 0.4843750001864657 0
1366 0.2968750001864658 0.5156250001864657 0
1367 0.2812500001766517 0.5000000001766517 0
1368 0.2968750001864658 0.5468750001864657 0
1369 0.2656250001668376 0.5156250001668377 0
1370 0.3906250002453495 0.4218750002453495 0
1371 0.4062500002551636 0.4375000002551636 0
1372 0.3906250002453495 0.4531250002453495 0
1373 0.4218750002649777 0.4531250002649777 0
1374 0.3906250002453495 0.4843750002453495 0
1375 0.4375000002747915 0.4687500002747915 0
1376 0.4218750002649777 0.4843750002649777 0
1377 0.4218750002649777 0.5156250002649776 0
1378 0.4062500002551636 0.5000000002551636 0
1379 0.4375000002747915 0.5312500002747915 0
1380 0.4218750002649776 0.5468750002649776 0
1381 0.3906250002453495 0.5156250002453495 0
1382 0.4531250002846055 0.4843750002846055 0
1383 0.4687500002944195 0.5000000002944195 0
1384 0.4531250002846055 0.5156250002846055 0
1385 0.4843750003042335 0.5156250003042335 0
1386 0.4531250002846055 0.5468750002846055 0
1387 0.3906250002453495 0.5468750002453495 0
1388 0.4062500002551636 0.5625000002551636 0
1389 0.3906250002453495 0.5781250002453495 0
1390 0.4218750002649776 0.5781250002649776 0
1391 0.3906250002453495 0.6093750002453495 0
1392 0.2656250001668376 0.5468750001668377 0
1393 0.2812500001766517 0.5625000001766517 0
1394 0.2656250001668376 0.5781250001668379 0
1395 0.2968750001864657 0.5781250001864657 0
1396 0.2656250001668377 0.6093750001668377 0
1397 0.3125000001962797 0.5937500001962797 0
1398 0.2968750001864657 0.6093750001864657 0
1399 0.2968750001864658 0.6406250001864655 0
1400 0.2812500001766517 0.6250000001766517 0
1401 0.3125000001962797 0.6562500001962797 0
1402 0.2968750001864658 0.6718750001864657 0
1403 0.2656250001668376 0.6406250001668377 0
1404 0.3281250002060935 0.6093750002060936 0
1405 0.3437500002159076 0.6250000002159076 0
1406 0.3281250002060935 0.6406250002060936 0
1407 0.3593750002257217 0.6406250002257217 0
1408 0.3281250002060936 0.6718750002060936 0
1409 0.2656250001668377 0.6718750001668377 0
1410 0.2812500001766517 0.6875000001766517 0
1411 0.2656250001668376 0.7031250001668375 0
1412 0.2968750001864657 0.7031250001864657 0
1413 0.2656250001668377 0.7343750001668377 0
1414 0.01562500000981396 0.546875000011017 0
1415 0.03125000001962797 0.5625000000206996 0
1416 0.01562500000981396 0.5781250000109249 0
1417 0.04687500002944198 0.5781250000304305 0
1418 0.01562500000981395 0.6093750000107844 0
1419 0.06250000003925593 0.5937500000401879 0
1420 0.04687500002944198 0.6093750000303646 0
1421 0.04687500002944198 0.6406250000302985 0
1422 0.03125000001962797 0.6250000000205415 0
1423 0.06250000003925593 0.6562500000400555 0
1424 0.04687500002944198 0.6718750000302323 0
1425 0.01562500000981395 0.6406250000107185 0
1426 0.07812500004906989 0.6093750000499185 0
1427 0.0937500000588839 0.6250000000596493 0
1428 0.07812500004906986 0.6406250000498523 0
1429 0.1093750000686979 0.6406250000693802 0
1430 0.07812500004906989 0.6718750000497864 0
1431 0.01562500000981394 0.6718750000106881 0
1432 0.03125000001962797 0.6875000000204355 0
1433 0.01562500000981394 0.7031250000106481 0
1434 0.04687500002944199 0.7031250000301926 0
1435 0.01562500000981394 0.7343750000105987 0
1436 0.1250000000785119 0.6562500000790941 0
1437 0.1093750000686979 0.671875000069297 0
1438 0.1093750000686979 0.703125000069214 0
1439 0.0937500000588839 0.6875000000595002 0
1440 0.1250000000785119 0.7187500000789275 0
1441 0.1093750000686979 0.7343750000691306 0
1442 0.07812500004906986 0.7031250000497031 0
1443 0.1093750000686979 0.7656250000690478 0
1444 0.0937500000588839 0.7500000000593339 0
1445 0.07812500004906986 0.765625000049537 0
1446 0.07812500004906986 0.7343750000496201 0
1447 0.07812500004906986 0.7968750000494537 0
1448 0.06250000003925593 0.7812500000397401 0
1449 0.06250000003925593 0.7187500000399065 0
1450 0.1250000000785119 0.7812500000787614 0
1451 0.1093750000686979 0.7968750000689644 0
1452 0.1093750000686979 0.8281250000688811 0
1453 0.0937500000588839 0.8125000000591676 0
1454 0.1250000000785119 0.8437500000785951 0
1455 0.1093750000686979 0.8593750000687981 0
1456 0.07812500004906985 0.8281250000493707 0
1457 0.04687500002944199 0.7343750000301096 0
1458 0.04687500002944199 0.7656250000300265 0
1459 0.03125000001962797 0.7500000000203126 0
1460 0.04687500002944199 0.7968750000299433 0
1461 0.01562500000981394 0.7656250000105157 0
1462 0.1406250000883258 0.6718750000888247 0
1463 0.1562500000981398 0.6875000000985554 0
1464 0.1406250000883258 0.7031250000887417 0
1465 0.1718750001079539 0.7031250001082866 0
1466 0.1406250000883258 0.7343750000886583 0
1467 0.1875000001177678 0.7187500001180173 0
1468 0.1718750001079538 0.7343750001082032 0
1469 0.1718750001079539 0.76562500010812 0
1470 0.1562500000981398 0.7500000000983893 0
1471 0.1875000001177678 0.781250000117851 0
1472 0.1718750001079538 0.7968750001080369 0
1473 0.1406250000883258 0.7656250000885754 0
1474 0.2031250001275817 0.734375000127748 0
1475 0.2187500001373958 0.7500000001374791 0
1476 0.2031250001275818 0.7656250001276649 0
1477 0.2343750001472098 0.7656250001472098 0
1478 0.2031250001275817 0.7968750001275817 0
1479 0.1406250000883258 0.7968750000884921 0
1480 0.1562500000981398 0.812500000098223 0
1481 0.1406250000883258 0.8281250000884091 0
1482 0.1718750001079539 0.8281250001079539 0
1483 0.1406250000883258 0.8593750000883258 0
1484 0.01562500000981394 0.7968750000103715 0
1485 0.03125000001962797 0.8125000000200948 0
1486 0.01562500000981394 0.8281250000102369 0
1487 0.046875000029442 0.8281250000298086 0
1488 0.01562500000981393 0.8593750000101116 0
1489 0.06250000003925593 0.8437500000395567 0
1490 0.046875000029442 0.8593750000297083 0
1491 0.046875000029442 0.8906250000296082 0
1492 0.03125000001962797 0.8750000000198599 0
1493 0.06250000003925593 0.906250000039356 0
1494 0.046875000029442 0.9218750000295076 0
1495 0.01562500000981393 0.8906250000100114 0
1496 0.07812500004906986 0.8593750000492703 0
1497 0.0937500000588839 0.8750000000589844 0
1498 0.07812500004906986 0.8906250000491704 0
1499 0.1093750000686979 0.8906250000686979 0
1500 0.07812500004906986 0.9218750000490699 0
1501 0.01562500000981393 0.9218750000099484 0
1502 0.03125000001962797 0.9375000000196936 0
1503 0.01562500000981393 0.9531250000098827 0
1504 0.046875000029442 0.953125000029442 0
1505 0.01562500000981393 0.9843750000098139 0
1506 0.9843750000098139 0.9843750000098139 0
1507 0.9843750000098139 0.953125000009731 0
1508 0.968750000019628 0.9375000000195449 0
1509 0.9843750000098139 0.9218750000096479 0
1510 0.953125000029442 0.953125000029442 0
1511 0.953125000029442 0.921875000029359 0
1512 0.9843750000098139 0.8906250000095649 0
1513 0.9375000000392559 0.9062500000391729 0
1514 0.953125000029442 0.8906250000292759 0
1515 0.953125000029442 0.8593750000291929 0
1516 0.968750000019628 0.8750000000193789 0
1517 0.9375000000392559 0.8437500000390069 0
1518 0.953125000029442 0.8281250000291098 0
1519 0.9843750000098138 0.859375000009482 0
1520 0.92187500004907 0.9218750000490699 0
1521 0.9218750000490699 0.8906250000489869 0
1522 0.9062500000588839 0.8750000000588009 0
1523 0.9218750000490699 0.8593750000489039 0
1524 0.8906250000686978 0.8906250000686979 0
1525 0.8906250000686979 0.8593750000686149 0
1526 0.9218750000490699 0.8281250000488208 0
1527 0.9843750000098139 0.8281250000093989 0
1528 0.9687500000196279 0.8125000000192129 0
1529 0.984375000009814 0.7968750000093159 0
1530 0.953125000029442 0.7968750000290269 0
1531 0.9843750000098139 0.7656250000092328 0
1532 0.8750000000785119 0.8437500000784288 0
1533 0.8906250000686979 0.8281250000685318 0
1534 0.8906250000686979 0.7968750000684488 0
1535 0.9062500000588839 0.8125000000586349 0
1536 0.8750000000785119 0.7812500000782628 0
1537 0.8906250000686979 0.7656250000683658 0
1538 0.9218750000490699 0.7968750000487379 0
1539 0.8906250000686979 0.7343750000682828 0
1540 0.9062500000588839 0.7500000000584688 0
1541 0.9218750000490699 0.7343750000485718 0
1542 0.9218750000490699 0.7656250000486549 0
1543 0.9218750000490699 0.7031250000484888 0
1544 0.9375000000392559 0.7187500000386748 0
1545 0.9375000000392559 0.7812500000388408 0
1546 0.8750000000785118 0.7187500000780969 0
1547 0.8906250000686979 0.7031250000681998 0
1548 0.8906250000686979 0.6718750000681168 0
1549 0.9062500000588839 0.6875000000583028 0
1550 0.8750000000785119 0.6562500000779308 0
1551 0.8906250000686979 0.6406250000680338 0
1552 0.9218750000490699 0.6718750000484057 0
1553 0.953125000029442 0.7656250000289438 0
1554 0.953125000029442 0.7343750000288609 0
1555 0.9687500000196281 0.7500000000190469 0
1556 0.953125000029442 0.7031250000287779 0
1557 0.9843750000098139 0.7343750000091498 0
1558 0.8593750000883258 0.8593750000883258 0
1559 0.8593750000883258 0.8281250000882429 0
1560 0.8437500000981398 0.8125000000980568 0
1561 0.8593750000883258 0.7968750000881598 0
1562 0.8281250001079538 0.8281250001079539 0
1563 0.8281250001079539 0.7968750001078708 0
1564 0.8593750000883258 0.7656250000880769 0
1565 0.8125000001177678 0.7812500001176848 0
1566 0.8281250001079539 0.7656250001077878 0
1567 0.8281250001079539 0.7343750001077047 0
1568 0.8437500000981399 0.7500000000978908 0
1569 0.8125000001177678 0.7187500001175188 0
1570 0.8281250001079539 0.7031250001076217 0
1571 0.8593750000883258 0.7343750000879938 0
1572 0.7968750001275817 0.7968750001275817 0
1573 0.7968750001275817 0.7656250001274988 0
1574 0.7812500001373958 0.7500000001373126 0
1575 0.7968750001275817 0.7343750001274157 0
1576 0.7656250001472098 0.7656250001472098 0
1577 0.7656250001472098 0.7343750001471268 0
1578 0.7968750001275817 0.7031250001273326 0
1579 0.8593750000883258 0.7031250000879108 0
1580 0.8437500000981398 0.6875000000977247 0
1581 0.8593750000883259 0.6718750000878277 0
1582 0.8281250001079539 0.6718750001075388 0
1583 0.8593750000883258 0.6406250000877448 0
1584 0.9843750000098139 0.7031250000090669 0
1585 0.9687500000196281 0.6875000000188809 0
1586 0.9843750000098138 0.6718750000089839 0
1587 0.953125000029442 0.6718750000286948 0
1588 0.9843750000098139 0.6406250000089009 0
1589 0.937500000039256 0.6562500000385088 0
1590 0.953125000029442 0.6406250000286118 0
1591 0.953125000029442 0.6093750000285288 0
1592 0.9687500000196279 0.6250000000187148 0
1593 0.9375000000392558 0.5937500000383429 0
1594 0.953125000029442 0.5781250000284459 0
1595 0.984375000009814 0.6093750000088178 0
1596 0.9218750000490699 0.6406250000483228 0
1597 0.906250000058884 0.6250000000581368 0
1598 0.9218750000490699 0.6093750000482399 0
1599 0.8906250000686979 0.6093750000679508 0
1600 0.9218750000490699 0.5781250000481568 0
1601 0.9843750000098139 0.5781250000087349 0
1602 0.968750000019628 0.5625000000185488 0
1603 0.9843750000098139 0.5468750000086519 0
1604 0.953125000029442 0.5468750000283629 0
1605 0.9843750000098139 0.5156250000085688 0
1606 0.7500000001570237 0.7187500001570237 0
1607 0.7656250001472098 0.7031250001471268 0
1608 0.7656250001472098 0.6718750001471268 0
1609 0.7812500001373958 0.6875000001372298 0
1610 0.7500000001570237 0.6562500001570237 0
1611 0.7656250001472098 0.6406250001471268 0
1612 0.7968750001275817 0.6718750001273328 0
1613 0.7656250001472098 0.6093750001471268 0
1614 0.7812500001373959 0.6250000001372298 0
1615 0.7968750001275817 0.6093750001273327 0
1616 0.7968750001275817 0.6406250001273326 0
1617 0.7968750001275817 0.5781250001273327 0
1618 0.8125000001177678 0.5937500001174357 0
1619 0.8125000001177678 0.6562500001174357 0
1620 0.7500000001570237 0.5937500001570237 0
1621 0.7656250001472098 0.5781250001471268 0
1622 0.7656250001472098 0.5468750001471268 0
1623 0.7812500001373958 0.5625000001372298 0
1624 0.7500000001570237 0.5312500001570237 0
1625 0.7656250001472098 0.5156250001471268 0
1626 0.7968750001275817 0.5468750001273327 0
1627 0.8281250001079539 0.6406250001075388 0
1628 0.8281250001079539 0.6093750001075388 0
1629 0.8437500000981399 0.6250000000976419 0
1630 0.8281250001079539 0.5781250001075388 0
1631 0.8593750000883258 0.6093750000877448 0
1632 0.7656250001472098 0.4843750001471268 0
1633 0.7812500001373958 0.5000000001372298 0
1634 0.7968750001275817 0.4843750001273328 0
1635 0.7968750001275817 0.5156250001273327 0
1636 0.7968750001275817 0.4531250001273328 0
1637 0.8125000001177678 0.4687500001174357 0
1638 0.8125000001177678 0.5312500001174357 0
1639 0.8281250001079539 0.4531250001075386 0
1640 0.8281250001079539 0.4843750001075386 0
1641 0.8437500000981398 0.5000000000976417 0
1642 0.8281250001079539 0.5156250001075388 0
1643 0.8593750000883258 0.4843750000877447 0
1644 0.8593750000883258 0.5156250000877447 0
1645 0.8281250001079539 0.5468750001075388 0
1646 0.8281250001079539 0.4218750001075386 0
1647 0.8437500000981398 0.4375000000976417 0
1648 0.8593750000883258 0.4218750000877447 0
1649 0.8593750000883258 0.4531250000877447 0
1650 0.8593750000883258 0.3906250000877447 0
1651 0.8750000000785119 0.4062500000778477 0
1652 0.8750000000785119 0.4687500000778477 0
1653 0.8437500000981398 0.5625000000976418 0
1654 0.8593750000883258 0.5468750000877447 0
1655 0.8593750000883258 0.5781250000877447 0
1656 0.8750000000785119 0.5312500000778477 0
1657 0.8750000000785119 0.5937500000778477 0
1658 0.7500000001570237 0.4687500001570237 0
1659 0.7656250001472098 0.4531250001471268 0
1660 0.7656250001472098 0.4218750001471268 0
1661 0.7812500001373958 0.4375000001372298 0
1662 0.7500000001570237 0.4062500001570237 0
1663 0.7656250001472098 0.3906250001471268 0
1664 0.7968750001275817 0.4218750001273328 0
1665 0.7656250001472098 0.3593750001471268 0
1666 0.7812500001373958 0.3750000001372298 0
1667 0.7968750001275817 0.3593750001273328 0
1668 0.7968750001275817 0.3906250001273328 0
1669 0.7968750001275817 0.3281250001273328 0
1670 0.8125000001177678 0.3437500001174357 0
1671 0.8125000001177678 0.4062500001174357 0
1672 0.7500000001570237 0.3437500001570237 0
1673 0.7656250001472098 0.3281250001471268 0
1674 0.7656250001472098 0.2968750001471268 0
1675 0.7812500001373959 0.3125000001372298 0
1676 0.7500000001570237 0.2812500001570237 0
1677 0.7656250001472098 0.2656250001471268 0
1678 0.7968750001275817 0.2968750001273328 0
1679 0.8281250001079539 0.3906250001075386 0
1680 0.8281250001079539 0.3593750001075386 0
1681 0.8437500000981399 0.3750000000976417 0
1682 0.8281250001079539 0.3281250001075386 0
1683 0.8593750000883258 0.3593750000877447 0
1684 0.8906250000686979 0.5781250000679508 0
1685 0.8906250000686979 0.5468750000679508 0
1686 0.9062500000588839 0.5625000000580538 0
1687 0.8906250000686979 0.5156250000679508 0
1688 0.9218750000490699 0.5468750000481568 0
1689 0.8906250000686979 0.4843750000679508 0
1690 0.9062500000588839 0.5000000000580538 0
1691 0.9218750000490699 0.4843750000481568 0
1692 0.9218750000490699 0.5156250000481568 0
1693 0.9218750000490699 0.4531250000481568 0
1694 0.9375000000392559 0.4687500000382598 0
1695 0.9375000000392559 0.5312500000382598 0
1696 0.8906250000686979 0.4531250000679508 0
1697 0.8906250000686979 0.4218750000679508 0
1698 0.9062500000588839 0.4375000000580538 0
1699 0.8906250000686979 0.3906250000679508 0
1700 0.9218750000490699 0.4218750000481568 0
1701 0.953125000029442 0.5156250000283629 0
1702 0.953125000029442 0.4843750000283629 0
1703 0.968750000019628 0.5000000000184659 0
1704 0.953125000029442 0.4531250000283629 0
1705 0.9843750000098139 0.4843750000085689 0
1706 0.7343750001668378 0.7343750001668377 0
1707 0.7343750001668377 0.7031250001668377 0
1708 0.7187500001766517 0.6875000001766517 0
1709 0.7343750001668377 0.6718750001668377 0
1710 0.7031250001864657 0.7031250001864657 0
1711 0.7031250001864657 0.6718750001864657 0
1712 0.7343750001668377 0.6406250001668377 0
1713 0.6875000001962797 0.6562500001962797 0
1714 0.7031250001864657 0.6406250001864657 0
1715 0.7031250001864657 0.6093750001864657 0
1716 0.7187500001766517 0.6250000001766517 0
1717 0.6875000001962797 0.5937500001962797 0
1718 0.7031250001864657 0.5781250001864657 0
1719 0.7343750001668377 0.6093750001668377 0
1720 0.6718750002060936 0.6718750002060936 0
1721 0.6718750002060936 0.6406250002060936 0
1722 0.6562500002159076 0.6250000002159076 0
1723 0.6718750002060936 0.6093750002060936 0
1724 0.6406250002257217 0.6406250002257217 0
1725 0.6406250002257217 0.6093750002257217 0
1726 0.6718750002060936 0.5781250002060936 0
1727 0.7343750001668377 0.5781250001668377 0
1728 0.7187500001766517 0.5625000001766517 0
1729 0.7343750001668377 0.5468750001668377 0
1730 0.7031250001864657 0.5468750001864657 0
1731 0.7343750001668377 0.5156250001668377 0
1732 0.6250000002355356 0.5937500002355356 0
1733 0.6406250002257217 0.5781250002257217 0
1734 0.6406250002257217 0.5468750002257217 0
1735 0.6562500002159076 0.5625000002159076 0
1736 0.6250000002355356 0.5312500002355356 0
1737 0.6406250002257217 0.5156250002257217 0
1738 0.6718750002060936 0.5468750002060936 0
1739 0.6406250002257217 0.4843750002257217 0
1740 0.6562500002159076 0.5000000002159076 0
1741 0.6718750002060936 0.4843750002060936 0
1742 0.6718750002060936 0.5156250002060936 0
1743 0.6718750002060936 0.4531250002060936 0
1744 0.6875000001962797 0.4687500001962797 0
1745 0.6875000001962797 0.5312500001962797 0
1746 0.6250000002355356 0.4687500002355356 0
1747 0.6406250002257217 0.4531250002257217 0
1748 0.6406250002257217 0.4218750002257217 0
1749 0.6562500002159076 0.4375000002159076 0
1750 0.6250000002355356 0.4062500002355356 0
1751 0.6406250002257217 0.3906250002257217 0
1752 0.6718750002060936 0.4218750002060936 0
1753 0.7031250001864657 0.5156250001864657 0
1754 0.7031250001864657 0.4843750001864657 0
1755 0.7187500001766517 0.5000000001766517 0
1756 0.7031250001864657 0.4531250001864657 0
1757 0.7343750001668377 0.4843750001668377 0
1758 0.6093750002453495 0.6093750002453495 0
1759 0.6093750002453495 0.5781250002453495 0
1760 0.5937500002551636 0.5625000002551636 0
1761 0.6093750002453495 0.5468750002453495 0
1762 0.5781250002649776 0.5781250002649776 0
1763 0.5781250002649776 0.5468750002649776 0
1764 0.6093750002453495 0.5156250002453495 0
1765 0.5625000002747915 0.5312500002747915 0
1766 0.5781250002649776 0.5156250002649776 0
1767 0.5781250002649776 0.4843750002649776 0
1768 0.5937500002551636 0.5000000002551636 0
1769 0.5625000002747915 0.4687500002747915 0
1770 0.5781250002649776 0.4531250002649776 0
1771 0.6093750002453495 0.4843750002453495 0
1772 0.5468750002846055 0.5468750002846055 0
1773 0.5468750002846055 0.5156250002846055 0
1774 0.5312500002944195 0.5000000002944195 0
1775 0.5468750002846055 0.4843750002846055 0
1776 0.5156250003042335 0.5156250003042335 0
1777 0.6093750002453495 0.4531250002453495 0
1778 0.5937500002551636 0.4375000002551636 0
1779 0.6093750002453495 0.4218750002453495 0
1780 0.7343750001668377 0.4531250001668377 0
1781 0.7187500001766517 0.4375000001766517 0
1782 0.7343750001668377 0.4218750001668377 0
1783 0.7031250001864657 0.4218750001864657 0
1784 0.7343750001668377 0.3906250001668377 0
1785 0.6875000001962797 0.4062500001962797 0
1786 0.7031250001864657 0.3906250001864657 0
1787 0.7031250001864657 0.3593750001864657 0
1788 0.7187500001766517 0.3750000001766517 0
1789 0.6875000001962797 0.3437500001962797 0
1790 0.7031250001864657 0.3281250001864657 0
1791 0.7343750001668377 0.3593750001668377 0
1792 0.6718750002060936 0.3906250002060936 0
1793 0.6562500002159076 0.3750000002159076 0
1794 0.6718750002060936 0.3593750002060936 0
1795 0.7343750001668377 0.3281250001668377 0
1796 0.7187500001766517 0.3125000001766517 0
1797 0.7343750001668377 0.2968750001668377 0
1798 0.9843750000098139 0.4531250000086608 0
1799 0.9687500000196281 0.4375000000185579 0
1800 0.9843750000098139 0.421875000008753 0
1801 0.953125000029442 0.4218750000284549 0
1802 0.9843750000098139 0.390625000008845 0
1803 0.9375000000392559 0.4062500000383519 0
1804 0.953125000029442 0.3906250000285469 0
1805 0.953125000029442 0.359375000028639 0
1806 0.968750000019628 0.375000000018742 0
1807 0.9375000000392559 0.343750000038536 0
1808 0.953125000029442 0.328125000028731 0
1809 0.9843750000098139 0.3593750000089371 0
1810 0.9218750000490699 0.3906250000482488 0
1811 0.906250000058884 0.3750000000581458 0
1812 0.9218750000490699 0.3593750000483409 0
1813 0.8906250000686979 0.3593750000680428 0
1814 0.9218750000490699 0.3281250000484329 0
1815 0.9843750000098139 0.3281250000090291 0
1816 0.9687500000196279 0.3125000000189261 0
1817 0.9843750000098139 0.2968750000091211 0
1818 0.953125000029442 0.2968750000288231 0
1819 0.9843750000098139 0.2656250000092132 0
1820 0.8750000000785119 0.3437500000779308 0
1821 0.8906250000686979 0.3281250000681258 0
1822 0.8906250000686979 0.2968750000682089 0
1823 0.9062500000588839 0.3125000000583209 0
1824 0.8750000000785119 0.2812500000780969 0
1825 0.8906250000686979 0.2656250000682918 0
1826 0.9218750000490699 0.296875000048516 0
1827 0.8906250000686979 0.2343750000683749 0
1828 0.9062500000588839 0.250000000058487 0
1829 0.9218750000490699 0.2343750000486819 0
1830 0.9218750000490699 0.265625000048599 0
1831 0.9218750000490699 0.203125000048765 0
1832 0.9375000000392559 0.2187500000388771 0
1833 0.9375000000392559 0.281250000038711 0
1834 0.8750000000785119 0.2187500000782627 0
1835 0.8906250000686979 0.2031250000684579 0
1836 0.8906250000686979 0.1718750000685408 0
1837 0.9062500000588839 0.1875000000586529 0
1838 0.8750000000785119 0.1562500000784288 0
1839 0.8906250000686979 0.1406250000686239 0
1840 0.9218750000490699 0.171875000048848 0
1841 0.953125000029442 0.2656250000289061 0
1842 0.953125000029442 0.2343750000289891 0
1843 0.968750000019628 0.2500000000191012 0
1844 0.953125000029442 0.2031250000290721 0
1845 0.9843750000098139 0.2343750000092962 0
1846 0.8593750000883258 0.3281250000878277 0
1847 0.8437500000981398 0.3125000000977247 0
1848 0.8593750000883258 0.2968750000879108 0
1849 0.8281250001079539 0.2968750001076217 0
1850 0.8593750000883258 0.2656250000879938 0
1851 0.8125000001177678 0.2812500001175187 0
1852 0.8281250001079539 0.2656250001077047 0
1853 0.8281250001079539 0.2343750001077878 0
1854 0.8437500000981398 0.2500000000978908 0
1855 0.8125000001177678 0.2187500001176848 0
1856 0.8281250001079539 0.2031250001078708 0
1857 0.8593750000883258 0.2343750000880769 0
1858 0.7968750001275817 0.2656250001274157 0
1859 0.7812500001373958 0.2500000001373128 0
1860 0.7968750001275817 0.2343750001274987 0
1861 0.8593750000883258 0.2031250000881598 0
1862 0.8437500000981398 0.1875000000980569 0
1863 0.8593750000883258 0.1718750000882427 0
1864 0.9843750000098139 0.2031250000093876 0
1865 0.968750000019628 0.1875000000192756 0
1866 0.9843750000098139 0.171875000009479 0
1867 0.953125000029442 0.1718750000291636 0
1868 0.9843750000098139 0.1406250000095703 0
1869 0.9375000000392559 0.1562500000390341 0
1870 0.953125000029442 0.1406250000292375 0
1871 0.953125000029442 0.1093750000293114 0
1872 0.968750000019628 0.1250000000194409 0
1873 0.9375000000392559 0.09375000003918199 0
1874 0.953125000029442 0.07812500002938538 0
1875 0.9843750000098139 0.1093750000096443 0
1876 0.9218750000490699 0.140625000048922 0
1877 0.9062500000588839 0.1250000000588098 0
1878 0.9218750000490699 0.1093750000489959 0
1879 0.9843750000098139 0.07812500000969269 0
1880 0.968750000019628 0.06250000001957146 0
1881 0.9843750000098139 0.04687500000974931 0
1882 0.04687500000989719 0.984375000009814 0
1883 0.06250000001971112 0.9687500000196282 0
1884 0.07812500000998024 0.9843750000098138 0
1885 0.07812500002952505 0.9531250000294419 0
1886 0.1093750000100635 0.9843750000098139 0
1887 0.09375000003933909 0.9375000000392559 0
1888 0.1093750000296083 0.953125000029442 0
1889 0.1406250000296914 0.9531250000294419 0
1890 0.1250000000198774 0.968750000019628 0
1891 0.1562500000395054 0.9375000000392562 0
1892 0.1718750000297746 0.953125000029442 0
1893 0.1406250000101466 0.9843750000098139 0
1894 0.1093750000491531 0.9218750000490699 0
1895 0.1250000000589671 0.9062500000588839 0
1896 0.1406250000492362 0.9218750000490699 0
1897 0.140625000068781 0.8906250000686979 0
1898 0.1718750000493194 0.9218750000490699 0
1899 0.1718750000102298 0.9843750000098137 0
1900 0.1875000000200437 0.9687500000196277 0
1901 0.2031250000103129 0.9843750000098139 0
1902 0.2031250000298577 0.9531250000294419 0
1903 0.2343750000103961 0.9843750000098138 0
1904 0.156250000078595 0.8750000000785116 0
1905 0.1718750000688642 0.890625000068698 0
1906 0.2031250000689473 0.8906250000686979 0
1907 0.1875000000591334 0.9062500000588838 0
1908 0.2187500000787613 0.8750000000785119 0
1909 0.2343750000690306 0.8906250000686977 0
1910 0.2031250000494025 0.9218750000490699 0
1911 0.2656250000691135 0.8906250000686978 0
1912 0.2500000000592997 0.9062500000588837 0
1913 0.2656250000495687 0.9218750000490699 0
1914 0.2343750000494857 0.9218750000490696 0
1915 0.2968750000496521 0.9218750000490699 0
1916 0.281250000039838 0.9375000000392559 0
1917 0.2187500000396717 0.9375000000392559 0
1918 0.2812500000789276 0.8750000000785119 0
1919 0.2968750000691969 0.8906250000686977 0
1920 0.3281250000692799 0.8906250000686979 0
1921 0.312500000059466 0.9062500000588841 0
1922 0.343750000079094 0.8750000000785119 0
1923 0.3593750000693631 0.8906250000686979 0
1924 0.328125000049735 0.92187500004907 0
1925 0.2343750000299409 0.953125000029442 0
1926 0.2656250000300239 0.953125000029442 0
1927 0.2500000000202101 0.968750000019628 0
1928 0.2968750000301073 0.9531250000294419 0
1929 0.2656250000104791 0.984375000009814 0
1930 0.171875000088409 0.8593750000883258 0
1931 0.187500000098223 0.8437500000981396 0
1932 0.2031250000884921 0.8593750000883257 0
1933 0.2031250001080369 0.8281250001079539 0
1934 0.2343750000885754 0.8593750000883258 0
1935 0.218750000117851 0.8125000001177678 0
1936 0.2343750001081202 0.8281250001079536 0
1937 0.2656250001082033 0.8281250001079541 0
1938 0.2500000000983893 0.8437500000981396 0
1939 0.2812500001180173 0.8125000001177678 0
1940 0.2968750001082865 0.8281250001079539 0
1941 0.2656250000886584 0.8593750000883258 0
1942 0.234375000127665 0.7968750001275816 0
1943 0.2500000001374789 0.7812500001373958 0
1944 0.265625000127748 0.7968750001275817 0
1945 0.2656250001472928 0.7656250001472098 0
1946 0.2968750001278312 0.7968750001275816 0
1947 0.2968750000887416 0.8593750000883256 0
1948 0.3125000000985556 0.8437500000981397 0
1949 0.3281250000888247 0.8593750000883258 0
1950 0.3281250001083695 0.8281250001079539 0
1951 0.3593750000889079 0.8593750000883258 0
1952 0.2968750000105623 0.9843750000098139 0
1953 0.3125000000203764 0.9687500000196279 0
1954 0.3281250000106455 0.9843750000098139 0
1955 0.3281250000301902 0.953125000029442 0
1956 0.3593750000107286 0.9843750000098139 0
1957 0.3437500000400043 0.9375000000392559 0
1958 0.3593750000302734 0.953125000029442 0
1959 0.3906250000303566 0.953125000029442 0
1960 0.3750000000205426 0.968750000019628 0
1961 0.4062500000401705 0.9375000000392559 0
1962 0.4218750000304396 0.9531250000294422 0
1963 0.3906250000108118 0.9843750000098139 0
1964 0.3593750000498183 0.9218750000490699 0
1965 0.3750000000596324 0.9062500000588838 0
1966 0.3906250000499015 0.9218750000490699 0
1967 0.3906250000694462 0.8906250000686979 0
1968 0.4218750000499845 0.9218750000490699 0
1969 0.4218750000108948 0.9843750000098139 0
1970 0.4375000000207089 0.9687500000196282 0
1971 0.4531250000109782 0.9843750000098139 0
1972 0.453125000030523 0.9531250000294418 0
1973 0.4843750000110612 0.9843750000098139 0
1974 0.2812500001570237 0.7500000001570237 0
1975 0.2968750001472929 0.7656250001472097 0
1976 0.3281250001472929 0.7656250001472098 0
1977 0.3125000001375621 0.7812500001373958 0
1978 0.3437500001570237 0.7500000001570237 0
1979 0.3593750001472928 0.7656250001472098 0
1980 0.3281250001278313 0.7968750001275818 0
1981 0.3906250001472927 0.7656250001472098 0
1982 0.3750000001375621 0.7812500001373958 0
1983 0.3906250001278314 0.7968750001275817 0
1984 0.3593750001278312 0.7968750001275817 0
1985 0.4218750001278314 0.7968750001275815 0
1986 0.4062500001181004 0.8125000001177678 0
1987 0.3437500001181004 0.8125000001177678 0
1988 0.4062500001570237 0.7500000001570237 0
1989 0.4218750001472928 0.7656250001472098 0
1990 0.4531250001472929 0.7656250001472098 0
1991 0.4375000001375621 0.7812500001373958 0
1992 0.4687500001570237 0.7500000001570237 0
1993 0.4843750001472928 0.7656250001472098 0
1994 0.4531250001278314 0.7968750001275817 0
1995 0.3593750001083695 0.8281250001079538 0
1996 0.3906250001083695 0.8281250001079539 0
1997 0.3750000000986388 0.8437500000981398 0
1998 0.4218750001083694 0.8281250001079541 0
1999 0.3906250000889079 0.8593750000883258 0
2000 0.5156250001472928 0.7656250001472098 0
2001 0.5000000001375621 0.7812500001373958 0
2002 0.5156250001278313 0.7968750001275817 0
2003 0.4843750001278314 0.7968750001275817 0
2004 0.5468750001278313 0.7968750001275817 0
2005 0.5312500001181004 0.8125000001177678 0
2006 0.4687500001181004 0.8125000001177678 0
2007 0.5468750001083695 0.8281250001079539 0
2008 0.5156250001083695 0.8281250001079539 0
2009 0.5000000000986388 0.8437500000981398 0
2010 0.4843750001083694 0.8281250001079539 0
2011 0.515625000088908 0.8593750000883258 0
2012 0.484375000088908 0.8593750000883256 0
2013 0.4531250001083696 0.8281250001079539 0
2014 0.5781250001083695 0.8281250001079539 0
2015 0.5625000000986388 0.8437500000981398 0
2016 0.578125000088908 0.8593750000883258 0
2017 0.546875000088908 0.8593750000883258 0
2018 0.609375000088908 0.8593750000883258 0
2019 0.5937500000791771 0.8750000000785119 0
2020 0.5312500000791771 0.8750000000785119 0
2021 0.4375000000986388 0.8437500000981398 0
2022 0.453125000088908 0.8593750000883258 0
2023 0.421875000088908 0.8593750000883258 0
2024 0.4687500000791771 0.8750000000785119 0
2025 0.4062500000791771 0.8750000000785119 0
2026 0.5312500001570237 0.7500000001570237 0
2027 0.5468750001472928 0.7656250001472098 0
2028 0.5781250001472928 0.7656250001472098 0
2029 0.5625000001375621 0.7812500001373958 0
2030 0.5937500001570237 0.7500000001570237 0
2031 0.6093750001472928 0.7656250001472098 0
2032 0.5781250001278313 0.7968750001275817 0
2033 0.6406250001472928 0.7656250001472098 0
2034 0.6250000001375621 0.7812500001373958 0
2035 0.6406250001278313 0.7968750001275817 0
2036 0.6093750001278313 0.7968750001275817 0
2037 0.6718750001278314 0.7968750001275817 0
2038 0.6562500001181004 0.8125000001177678 0
2039 0.5937500001181004 0.8125000001177678 0
2040 0.6562500001570237 0.7500000001570237 0
2041 0.6718750001472928 0.7656250001472098 0
2042 0.7031250001472928 0.7656250001472098 0
2043 0.6875000001375621 0.7812500001373955 0
2044 0.7187500001570237 0.7500000001570237 0
2045 0.7343750001472927 0.7656250001472098 0
2046 0.7031250001278314 0.7968750001275817 0
2047 0.6093750001083695 0.8281250001079539 0
2048 0.6406250001083695 0.8281250001079539 0
2049 0.6250000000986388 0.8437500000981397 0
2050 0.6718750001083694 0.8281250001079539 0
2051 0.640625000088908 0.8593750000883258 0
2052 0.4218750000694462 0.8906250000686979 0
2053 0.4531250000694462 0.8906250000686979 0
2054 0.4375000000597153 0.906250000058884 0
2055 0.4843750000694462 0.8906250000686979 0
2056 0.4531250000499846 0.9218750000490699 0
2057 0.5156250000694462 0.8906250000686979 0
2058 0.5000000000597155 0.9062500000588839 0
2059 0.5156250000499847 0.9218750000490699 0
2060 0.4843750000499846 0.9218750000490699 0
2061 0.5468750000499848 0.9218750000490699 0
2062 0.5312500000402538 0.9375000000392559 0
2063 0.4687500000402539 0.9375000000392559 0
2064 0.5468750000694462 0.8906250000686979 0
2065 0.5781250000694462 0.8906250000686979 0
2066 0.5625000000597155 0.9062500000588839 0
2067 0.6093750000694462 0.8906250000686979 0
2068 0.5781250000499848 0.9218750000490699 0
2069 0.4843750000305229 0.953125000029442 0
2070 0.5156250000305229 0.953125000029442 0
2071 0.500000000020792 0.968750000019628 0
2072 0.5468750000305228 0.953125000029442 0
2073 0.5156250000110613 0.9843750000098139 0
2074 0.2968750001668376 0.7343750001668377 0
2075 0.3125000001766517 0.7187500001766517 0
2076 0.3281250001668377 0.7343750001668377 0
2077 0.3281250001864658 0.7031250001864657 0
2078 0.3593750001668377 0.7343750001668377 0
2079 0.3437500001962797 0.6875000001962797 0
2080 0.3593750001864658 0.7031250001864657 0
2081 0.3906250001864657 0.7031250001864657 0
2082 0.3750000001766517 0.7187500001766517 0
2083 0.4062500001962797 0.6875000001962797 0
2084 0.4218750001864657 0.7031250001864657 0
2085 0.3906250001668376 0.7343750001668377 0
2086 0.3593750002060936 0.6718750002060936 0
2087 0.3750000002159076 0.6562500002159076 0
2088 0.3906250002060936 0.6718750002060936 0
2089 0.3906250002257217 0.6406250002257214 0
2090 0.4218750002060935 0.6718750002060936 0
2091 0.4218750001668377 0.7343750001668377 0
2092 0.4375000001766517 0.7187500001766517 0
2093 0.4531250001668377 0.7343750001668377 0
2094 0.4531250001864657 0.7031250001864657 0
2095 0.4843750001668377 0.7343750001668377 0
2096 0.4062500002355356 0.6250000002355356 0
2097 0.4218750002257217 0.6406250002257217 0
2098 0.4531250002257217 0.6406250002257217 0
2099 0.4375000002159076 0.6562500002159074 0
2100 0.4687500002355356 0.6250000002355356 0
2101 0.4843750002257217 0.6406250002257217 0
2102 0.4531250002060936 0.6718750002060936 0
2103 0.5156250002257217 0.6406250002257217 0
2104 0.5000000002159076 0.6562500002159076 0
2105 0.5156250002060936 0.6718750002060936 0
2106 0.4843750002060935 0.6718750002060938 0
2107 0.5468750002060936 0.6718750002060936 0
2108 0.5312500001962797 0.6875000001962797 0
2109 0.4687500001962797 0.6875000001962797 0
2110 0.5312500002355356 0.6250000002355356 0
2111 0.5468750002257217 0.6406250002257217 0
2112 0.5781250002257217 0.6406250002257217 0
2113 0.5625000002159076 0.6562500002159076 0
2114 0.5937500002355356 0.6250000002355356 0
2115 0.6093750002257217 0.6406250002257217 0
2116 0.5781250002060936 0.6718750002060936 0
2117 0.4843750001864657 0.7031250001864657 0
2118 0.5156250001864657 0.7031250001864657 0
2119 0.5000000001766517 0.7187500001766517 0
2120 0.5468750001864657 0.7031250001864657 0
2121 0.5156250001668377 0.7343750001668377 0
2122 0.4218750002453495 0.6093750002453495 0
2123 0.4375000002551636 0.5937500002551636 0
2124 0.4531250002453495 0.6093750002453495 0
2125 0.4531250002649776 0.5781250002649776 0
2126 0.4843750002453495 0.6093750002453495 0
2127 0.4687500002747915 0.5625000002747915 0
2128 0.4843750002649776 0.5781250002649776 0
2129 0.5156250002649776 0.5781250002649776 0
2130 0.5000000002551636 0.5937500002551636 0
2131 0.5312500002747915 0.5625000002747915 0
2132 0.5468750002649776 0.5781250002649776 0
2133 0.5156250002453495 0.6093750002453495 0
2134 0.4843750002846055 0.5468750002846055 0
2135 0.5000000002944195 0.5312500002944195 0
2136 0.5156250002846055 0.5468750002846055 0
2137 0.5468750002453495 0.6093750002453495 0
2138 0.5625000002551636 0.5937500002551636 0
2139 0.5781250002453495 0.6093750002453495 0
2140 0.5468750001668377 0.7343750001668377 0
2141 0.5625000001766517 0.7187500001766517 0
2142 0.5781250001668377 0.7343750001668377 0
2143 0.5781250001864657 0.7031250001864657 0
2144 0.6093750001668377 0.7343750001668377 0
2145 0.5937500001962797 0.6875000001962797 0
2146 0.6093750001864657 0.7031250001864657 0
2147 0.6406250001864657 0.7031250001864657 0
2148 0.6250000001766517 0.7187500001766517 0
2149 0.6562500001962797 0.6875000001962797 0
2150 0.6718750001864657 0.7031250001864657 0
2151 0.6406250001668377 0.7343750001668377 0
2152 0.6093750002060936 0.6718750002060936 0
2153 0.6250000002159076 0.6562500002159076 0
2154 0.6406250002060936 0.6718750002060936 0
2155 0.6718750001668377 0.7343750001668377 0
2156 0.6875000001766517 0.7187500001766517 0
2157 0.7031250001668377 0.7343750001668377 0
2158 0.546875000011017 0.9843750000098139 0
2159 0.5625000000206998 0.9687500000196281 0
2160 0.5781250000109249 0.9843750000098139 0
2161 0.5781250000304308 0.953125000029442 0
2162 0.6093750000107844 0.9843750000098139 0
2163 0.5937500000401877 0.9375000000392559 0
2164 0.6093750000303646 0.953125000029442 0
2165 0.6406250000302985 0.953125000029442 0
2166 0.6250000000205415 0.9687500000196281 0
2167 0.6562500000400557 0.9375000000392559 0
2168 0.6718750000302325 0.953125000029442 0
2169 0.6406250000107184 0.9843750000098139 0
2170 0.6093750000499185 0.9218750000490699 0
2171 0.6250000000596494 0.9062500000588838 0
2172 0.6406250000498526 0.9218750000490699 0
2173 0.6406250000693802 0.8906250000686979 0
2174 0.6718750000497864 0.9218750000490699 0
2175 0.671875000010688 0.9843750000098139 0
2176 0.6875000000204357 0.9687500000196277 0
2177 0.7031250000106481 0.9843750000098139 0
2178 0.7031250000301927 0.953125000029442 0
2179 0.734375000010599 0.9843750000098139 0
2180 0.656250000079094 0.8750000000785119 0
2181 0.671875000069297 0.8906250000686979 0
2182 0.703125000069214 0.8906250000686979 0
2183 0.6875000000595002 0.9062500000588839 0
2184 0.7187500000789276 0.8750000000785119 0
2185 0.7343750000691306 0.8906250000686979 0
2186 0.7031250000497034 0.9218750000490699 0
2187 0.7656250000690477 0.8906250000686979 0
2188 0.7500000000593339 0.9062500000588837 0
2189 0.765625000049537 0.9218750000490699 0
2190 0.7343750000496201 0.9218750000490699 0
2191 0.7968750000494539 0.9218750000490699 0
2192 0.7812500000397401 0.9375000000392559 0
2193 0.7187500000399064 0.9375000000392559 0
2194 0.7812500000787613 0.8750000000785119 0
2195 0.7968750000689644 0.8906250000686979 0
2196 0.8281250000688812 0.8906250000686979 0
2197 0.8125000000591676 0.906250000058884 0
2198 0.843750000078595 0.8750000000785119 0
2199 0.8593750000687981 0.8906250000686979 0
2200 0.8281250000493707 0.9218750000490699 0
2201 0.7343750000301095 0.953125000029442 0
2202 0.7656250000300263 0.953125000029442 0
2203 0.7500000000203126 0.9687500000196277 0
2204 0.7968750000299432 0.953125000029442 0
2205 0.7656250000105159 0.9843750000098139 0
2206 0.6718750000888247 0.8593750000883258 0
2207 0.6875000000985556 0.8437500000981397 0
2208 0.7031250000887418 0.8593750000883258 0
2209 0.7031250001082865 0.8281250001079539 0
2210 0.7343750000886584 0.8593750000883258 0
2211 0.7187500001180172 0.8125000001177678 0
2212 0.7343750001082031 0.8281250001079539 0
2213 0.7656250001081202 0.8281250001079539 0
2214 0.7500000000983893 0.8437500000981396 0
2215 0.781250000117851 0.8125000001177678 0
2216 0.7968750001080368 0.8281250001079539 0
2217 0.7656250000885754 0.8593750000883258 0
2218 0.734375000127748 0.7968750001275817 0
2219 0.7500000001374789 0.7812500001373958 0
2220 0.765625000127665 0.7968750001275817 0
2221 0.7968750000884921 0.8593750000883258 0
2222 0.812500000098223 0.8437500000981401 0
2223 0.8281250000884091 0.8593750000883258 0
2224 0.7968750000103715 0.9843750000098139 0
2225 0.8125000000200948 0.968750000019628 0
2226 0.828125000010237 0.9843750000098139 0
2227 0.8281250000298086 0.953125000029442 0
2228 0.8593750000101118 0.9843750000098139 0
2229 0.8437500000395567 0.9375000000392559 0
2230 0.8593750000297082 0.953125000029442 0
2231 0.8906250000296081 0.953125000029442 0
2232 0.8750000000198599 0.968750000019628 0
2233 0.9062500000393562 0.9375000000392559 0
2234 0.9218750000295076 0.953125000029442 0
2235 0.8906250000100115 0.9843750000098139 0
2236 0.8593750000492705 0.9218750000490699 0
2237 0.8750000000589842 0.9062500000588839 0
2238 0.8906250000491702 0.9218750000490699 0
2239 0.9218750000099485 0.9843750000098139 0
2240 0.9375000000196938 0.968750000019628 0
2241 0.9531250000098828 0.9843750000098139 0
2242 0.992187500004907 0.007812500004906964 0
2243 0.9765625000048654 0.007812500004906964 0
2244 0.9687500000097724 0.01562500000981393 0
2245 0.960937500004824 0.007812500004906964 0
2246 0.9765625000147209 0.02343750001472089 0
2247 0.9609375000146795 0.02343750001472089 0
2248 0.9453125000047825 0.007812500004906964 0
2249 0.9531250000195866 0.03125000001962797 0
2250 0.9453125000146381 0.02343750001472089 0
2251 0.9296875000145965 0.02343750001472089 0
2252 0.9375000000096896 0.01562500000981393 0
2253 0.9218750000195035 0.03125000001962797 0
2254 0.914062500014555 0.02343750001472089 0
2255 0.9296875000047411 0.007812500004906964 0
2256 0.960937500024535 0.03906250002453504 0
2257 0.9453125000244935 0.03906250002453504 0
2258 0.9375000000294005 0.046875000029442 0
2259 0.929687500024452 0.03906250002453504 0
2260 0.945312500034349 0.05468750003434897 0
2261 0.9296875000343074 0.05468750003434897 0
2262 0.9140625000244105 0.03906250002453504 0
2263 0.9140625000046996 0.007812500004906964 0
2264 0.9062500000096065 0.01562500000981393 0
2265 0.8984375000046581 0.007812500004906964 0
2266 0.8984375000145135 0.02343750001472089 0
2267 0.8828125000046165 0.007812500004906964 0
2268 0.9218750000392144 0.06250000003925593 0
2269 0.9140625000342659 0.05468750003434897 0
2270 0.8984375000342244 0.05468750003434897 0
2271 0.9062500000293174 0.046875000029442 0
2272 0.8906250000391314 0.06250000003925593 0
2273 0.8828125000341829 0.05468750003434897 0
2274 0.898437500024369 0.03906250002453504 0
2275 0.8671875000341414 0.05468750003434897 0
2276 0.8750000000292344 0.046875000029442 0
2277 0.8671875000242859 0.03906250002453504 0
2278 0.8828125000243274 0.03906250002453504 0
2279 0.8515625000242444 0.03906250002453504 0
2280 0.8593750000193374 0.03125000001962797 0
2281 0.8906250000194205 0.03125000001962797 0
2282 0.8593750000390483 0.06250000003925593 0
2283 0.8515625000340998 0.05468750003434897 0
2284 0.8359375000340583 0.05468750003434897 0
2285 0.8437500000291513 0.046875000029442 0
2286 0.8281250000389653 0.06250000003925593 0
2287 0.8203125000340168 0.05468750003434897 0
2288 0.8359375000242029 0.03906250002453504 0
2289 0.882812500014472 0.02343750001472089 0
2290 0.8671875000144305 0.02343750001472089 0
2291 0.8750000000095235 0.01562500000981393 0
2292 0.8515625000143889 0.02343750001472089 0
2293 0.867187500004575 0.007812500004906964 0
2294 0.9296875000441629 0.0703125000441629 0
2295 0.9140625000441214 0.0703125000441629 0
2296 0.9062500000490283 0.07812500004906986 0
2297 0.8984375000440799 0.0703125000441629 0
2298 0.9140625000539768 0.08593750005397682 0
2299 0.8984375000539353 0.08593750005397682 0
2300 0.8828125000440383 0.0703125000441629 0
2301 0.8906250000588425 0.0937500000588839 0
2302 0.8828125000538939 0.08593750005397682 0
2303 0.8671875000538525 0.08593750005397682 0
2304 0.8750000000489453 0.07812500004906986 0
2305 0.8593750000587594 0.0937500000588839 0
2306 0.851562500053811 0.08593750005397682 0
2307 0.8671875000439968 0.0703125000441629 0
2308 0.898437500063791 0.101562500063791 0
2309 0.8828125000637495 0.101562500063791 0
2310 0.8750000000686564 0.1093750000686979 0
2311 0.8671875000637079 0.101562500063791 0
2312 0.8828125000736049 0.1171875000736049 0
2313 0.8671875000735634 0.1171875000736049 0
2314 0.8515625000636664 0.101562500063791 0
2315 0.8515625000439553 0.0703125000441629 0
2316 0.8437500000488625 0.07812500004906986 0
2317 0.8359375000439139 0.0703125000441629 0
2318 0.8359375000537694 0.08593750005397682 0
2319 0.8203125000438725 0.0703125000441629 0
2320 0.8515625000045335 0.007812500004906964 0
2321 0.8437500000094404 0.01562500000981393 0
2322 0.835937500004492 0.007812500004906964 0
2323 0.8359375000143474 0.02343750001472089 0
2324 0.8203125000044504 0.007812500004906964 0
2325 0.8281250000192544 0.03125000001962797 0
2326 0.8203125000143059 0.02343750001472089 0
2327 0.8046875000142644 0.02343750001472089 0
2328 0.8125000000093574 0.01562500000981393 0
2329 0.7968750000191713 0.03125000001962797 0
2330 0.7890625000142228 0.02343750001472089 0
2331 0.8046875000044089 0.007812500004906964 0
2332 0.8203125000241613 0.03906250002453504 0
2333 0.8125000000290683 0.046875000029442 0
2334 0.8046875000241198 0.03906250002453504 0
2335 0.8046875000339753 0.05468750003434897 0
2336 0.7890625000240783 0.03906250002453504 0
2337 0.7890625000043674 0.007812500004906964 0
2338 0.7812500000092744 0.01562500000981393 0
2339 0.7734375000043259 0.007812500004906964 0
2340 0.7734375000141813 0.02343750001472089 0
2341 0.7578125000042844 0.007812500004906964 0
2342 0.8593750000784703 0.1250000000785119 0
2343 0.8515625000735219 0.1171875000736049 0
2344 0.8359375000734803 0.1171875000736049 0
2345 0.8437500000685734 0.1093750000686979 0
2346 0.8281250000783873 0.1250000000785119 0
2347 0.8203125000734388 0.1171875000736049 0
2348 0.8359375000636249 0.101562500063791 0
2349 0.8046875000733973 0.1171875000736049 0
2350 0.8125000000684903 0.1093750000686979 0
2351 0.8046875000635418 0.101562500063791 0
2352 0.8203125000635834 0.101562500063791 0
2353 0.7890625000635003 0.101562500063791 0
2354 0.7968750000585934 0.0937500000588839 0
2355 0.8281250000586764 0.0937500000588839 0
2356 0.7968750000783043 0.1250000000785119 0
2357 0.7890625000733558 0.1171875000736049 0
2358 0.7734375000733142 0.1171875000736049 0
2359 0.7812500000684073 0.1093750000686979 0
2360 0.7656250000782212 0.1250000000785119 0
2361 0.7578125000732727 0.1171875000736049 0
2362 0.7734375000634588 0.101562500063791 0
2363 0.8203125000537279 0.08593750005397682 0
2364 0.8046875000536864 0.08593750005397682 0
2365 0.8125000000487794 0.07812500004906986 0
2366 0.7890625000536449 0.08593750005397682 0
2367 0.8046875000438309 0.0703125000441629 0
2368 0.7421875000732312 0.1171875000736049 0
2369 0.7500000000683242 0.1093750000686979 0
2370 0.7421875000633757 0.101562500063791 0
2371 0.7578125000634173 0.101562500063791 0
2372 0.7265625000633342 0.101562500063791 0
2373 0.7343750000584273 0.0937500000588839 0
2374 0.7656250000585103 0.0937500000588839 0
2375 0.7265625000534788 0.08593750005397682 0
2376 0.7421875000535203 0.08593750005397682 0
2377 0.7500000000486133 0.07812500004906986 0
2378 0.7578125000535618 0.08593750005397682 0
2379 0.7421875000436648 0.0703125000441629 0
2380 0.7578125000437064 0.0703125000441629 0
2381 0.7734375000536033 0.08593750005397682 0
2382 0.7109375000534373 0.08593750005397682 0
2383 0.7187500000485303 0.07812500004906986 0
2384 0.7109375000435818 0.0703125000441629 0
2385 0.7265625000436233 0.0703125000441629 0
2386 0.6953125000435403 0.0703125000441629 0
2387 0.7031250000386333 0.06250000003925593 0
2388 0.7343750000387164 0.06250000003925593 0
2389 0.7812500000486964 0.07812500004906986 0
2390 0.7734375000437479 0.0703125000441629 0
2391 0.7890625000437894 0.0703125000441629 0
2392 0.7656250000387994 0.06250000003925593 0
2393 0.7968750000388825 0.06250000003925593 0
2394 0.7343750000781384 0.1250000000785119 0
2395 0.7265625000731898 0.1171875000736049 0
2396 0.7109375000731484 0.1171875000736049 0
2397 0.7187500000682412 0.1093750000686979 0
2398 0.7031250000780553 0.1250000000785119 0
2399 0.6953125000731069 0.1171875000736049 0
2400 0.7109375000632927 0.101562500063791 0
2401 0.6796875000730653 0.1171875000736049 0
2402 0.6875000000681584 0.1093750000686979 0
2403 0.6796875000632098 0.101562500063791 0
2404 0.6953125000632512 0.101562500063791 0
2405 0.6640625000631684 0.101562500063791 0
2406 0.6718750000582612 0.0937500000588839 0
2407 0.7031250000583442 0.0937500000588839 0
2408 0.6718750000779723 0.1250000000785119 0
2409 0.6640625000730238 0.1171875000736049 0
2410 0.6484375000729823 0.1171875000736049 0
2411 0.6562500000680753 0.1093750000686979 0
2412 0.6406250000778893 0.1250000000785119 0
2413 0.6328125000729408 0.1171875000736049 0
2414 0.6484375000631268 0.101562500063791 0
2415 0.6953125000533957 0.08593750005397682 0
2416 0.6796875000533542 0.08593750005397682 0
2417 0.6875000000484472 0.07812500004906986 0
2418 0.6640625000533127 0.08593750005397682 0
2419 0.6796875000434988 0.0703125000441629 0
2420 0.7890625000339339 0.05468750003434897 0
2421 0.7734375000338924 0.05468750003434897 0
2422 0.7812500000289853 0.046875000029442 0
2423 0.7578125000338509 0.05468750003434897 0
2424 0.7734375000240368 0.03906250002453504 0
2425 0.7421875000338094 0.05468750003434897 0
2426 0.7500000000289024 0.046875000029442 0
2427 0.7421875000239537 0.03906250002453504 0
2428 0.7578125000239953 0.03906250002453504 0
2429 0.7265625000239124 0.03906250002453504 0
2430 0.7343750000190052 0.03125000001962797 0
2431 0.7656250000190883 0.03125000001962797 0
2432 0.7265625000337679 0.05468750003434897 0
2433 0.7109375000337264 0.05468750003434897 0
2434 0.7187500000288194 0.046875000029442 0
2435 0.6953125000336848 0.05468750003434897 0
2436 0.7109375000238709 0.03906250002453504 0
2437 0.7578125000141398 0.02343750001472089 0
2438 0.7421875000140983 0.02343750001472089 0
2439 0.7500000000091913 0.01562500000981393 0
2440 0.7265625000140568 0.02343750001472089 0
2441 0.7421875000042428 0.007812500004906964 0
2442 0.8671875000834188 0.1328125000834188 0
2443 0.8515625000833773 0.1328125000834188 0
2444 0.8437500000882843 0.1406250000883258 0
2445 0.8359375000833358 0.1328125000834188 0
2446 0.8515625000932328 0.1484375000932328 0
2447 0.8359375000931912 0.1484375000932328 0
2448 0.8203125000832943 0.1328125000834188 0
2449 0.8281250000980984 0.1562500000981398 0
2450 0.8203125000931498 0.1484375000932328 0
2451 0.8046875000931084 0.1484375000932328 0
2452 0.8125000000882012 0.1406250000883258 0
2453 0.7968750000980154 0.1562500000981398 0
2454 0.7890625000930669 0.1484375000932328 0
2455 0.8046875000832527 0.1328125000834188 0
2456 0.8359375001030469 0.1640625001030469 0
2457 0.8203125001030054 0.1640625001030469 0
2458 0.8125000001079123 0.1718750001079539 0
2459 0.8046875001029639 0.1640625001030469 0
2460 0.8203125001128608 0.1796875001128608 0
2461 0.8046875001128193 0.1796875001128608 0
2462 0.7890625001029223 0.1640625001030469 0
2463 0.7890625000832112 0.1328125000834188 0
2464 0.7812500000881184 0.1406250000883258 0
2465 0.7734375000831698 0.1328125000834188 0
2466 0.7734375000930254 0.1484375000932328 0
2467 0.7578125000831284 0.1328125000834188 0
2468 0.7968750001177263 0.1875000001177678 0
2469 0.7890625001127778 0.1796875001128608 0
2470 0.7734375001127363 0.1796875001128608 0
2471 0.7812500001078293 0.1718750001079539 0
2472 0.7656250001176432 0.1875000001177678 0
2473 0.7578125001126947 0.1796875001128608 0
2474 0.7734375001028808 0.1640625001030469 0
2475 0.7421875001126532 0.1796875001128608 0
2476 0.7500000001077463 0.1718750001079539 0
2477 0.7421875001027978 0.1640625001030469 0
2478 0.7578125001028393 0.1640625001030469 0
2479 0.7265625001027562 0.1640625001030469 0
2480 0.7343750000978493 0.1562500000981398 0
2481 0.7656250000979323 0.1562500000981398 0
2482 0.7343750001175602 0.1875000001177678 0
2483 0.7265625001126117 0.1796875001128608 0
2484 0.7109375001125702 0.1796875001128608 0
2485 0.7187500001076632 0.1718750001079539 0
2486 0.7031250001174771 0.1875000001177678 0
2487 0.6953125001125287 0.1796875001128608 0
2488 0.7109375001027147 0.1640625001030469 0
2489 0.7578125000929838 0.1484375000932328 0
2490 0.7421875000929423 0.1484375000932328 0
2491 0.7500000000880354 0.1406250000883258 0
2492 0.7265625000929008 0.1484375000932328 0
2493 0.7421875000830869 0.1328125000834188 0
2494 0.8046875001226748 0.1953125001226748 0
2495 0.7890625001226332 0.1953125001226748 0
2496 0.7812500001275402 0.2031250001275817 0
2497 0.7734375001225917 0.1953125001226748 0
2498 0.7890625001324887 0.2109375001324887 0
2499 0.7734375001324472 0.2109375001324887 0
2500 0.7578125001225502 0.1953125001226748 0
2501 0.7656250001373544 0.2187500001373958 0
2502 0.7578125001324058 0.2109375001324887 0
2503 0.7421875001323643 0.2109375001324887 0
2504 0.7500000001274572 0.2031250001275817 0
2505 0.7343750001372713 0.2187500001373958 0
2506 0.7265625001323228 0.2109375001324887 0
2507 0.7421875001225087 0.1953125001226748 0
2508 0.7734375001423028 0.2265625001423028 0
2509 0.7578125001422613 0.2265625001423028 0
2510 0.7500000001471683 0.2343750001472098 0
2511 0.7421875001422198 0.2265625001423028 0
2512 0.7578125001521168 0.2421875001521168 0
2513 0.7421875001520752 0.2421875001521168 0
2514 0.7265625001421783 0.2265625001423028 0
2515 0.7265625001224671 0.1953125001226748 0
2516 0.7187500001273743 0.2031250001275817 0
2517 0.7109375001224257 0.1953125001226748 0
2518 0.7109375001322813 0.2109375001324887 0
2519 0.6953125001223843 0.1953125001226748 0
2520 0.7265625000830453 0.1328125000834188 0
2521 0.7187500000879523 0.1406250000883258 0
2522 0.7109375000830038 0.1328125000834188 0
2523 0.7109375000928593 0.1484375000932328 0
2524 0.6953125000829623 0.1328125000834188 0
2525 0.7031250000977662 0.1562500000981398 0
2526 0.6953125000928178 0.1484375000932328 0
2527 0.6796875000927762 0.1484375000932328 0
2528 0.6875000000878693 0.1406250000883258 0
2529 0.6718750000976832 0.1562500000981398 0
2530 0.6640625000927347 0.1484375000932328 0
2531 0.6796875000829208 0.1328125000834188 0
2532 0.6953125001026732 0.1640625001030469 0
2533 0.6875000001075802 0.1718750001079539 0
2534 0.6796875001026317 0.1640625001030469 0
2535 0.6796875001124871 0.1796875001128608 0
2536 0.6640625001025902 0.1640625001030469 0
2537 0.6640625000828793 0.1328125000834188 0
2538 0.6562500000877862 0.1406250000883258 0
2539 0.6484375000828377 0.1328125000834188 0
2540 0.6484375000926932 0.1484375000932328 0
2541 0.6328125000827962 0.1328125000834188 0
2542 0.7265625000042013 0.007812500004906964 0
2543 0.7187500000091083 0.01562500000981393 0
2544 0.7109375000041599 0.007812500004906964 0
2545 0.7109375000140153 0.02343750001472089 0
2546 0.6953125000041184 0.007812500004906964 0
2547 0.7031250000189224 0.03125000001962797 0
2548 0.6953125000139739 0.02343750001472089 0
2549 0.6796875000139324 0.02343750001472089 0
2550 0.6875000000090254 0.01562500000981393 0
2551 0.6718750000188394 0.03125000001962797 0
2552 0.6640625000138909 0.02343750001472089 0
2553 0.679687500004077 0.007812500004906964 0
2554 0.6953125000238294 0.03906250002453504 0
2555 0.6875000000287363 0.046875000029442 0
2556 0.6796875000237879 0.03906250002453504 0
2557 0.6796875000336433 0.05468750003434897 0
2558 0.6640625000237463 0.03906250002453504 0
2559 0.6640625000040354 0.007812500004906964 0
2560 0.6562500000089424 0.01562500000981393 0
2561 0.6484375000039939 0.007812500004906964 0
2562 0.6484375000138494 0.02343750001472089 0
2563 0.6328125000039524 0.007812500004906964 0
2564 0.6718750000385503 0.06250000003925593 0
2565 0.6640625000336018 0.05468750003434897 0
2566 0.6484375000335603 0.05468750003434897 0
2567 0.6562500000286533 0.046875000029442 0
2568 0.6406250000384672 0.06250000003925593 0
2569 0.6328125000335187 0.05468750003434897 0
2570 0.6484375000237048 0.03906250002453504 0
2571 0.6171875000334773 0.05468750003434897 0
2572 0.6250000000285703 0.046875000029442 0
2573 0.6171875000236218 0.03906250002453504 0
2574 0.6328125000236633 0.03906250002453504 0
2575 0.6015625000235804 0.03906250002453504 0
2576 0.6093750000186733 0.03125000001962797 0
2577 0.6406250000187563 0.03125000001962797 0
2578 0.6093750000383844 0.06250000003925593 0
2579 0.6015625000334359 0.05468750003434897 0
2580 0.5859375000333944 0.05468750003434897 0
2581 0.5937500000284874 0.046875000029442 0
2582 0.5781250000383014 0.06250000003925593 0
2583 0.5703125000333529 0.05468750003434897 0
2584 0.5859375000235389 0.03906250002453504 0
2585 0.6328125000138078 0.02343750001472089 0
2586 0.6171875000137663 0.02343750001472089 0
2587 0.6250000000088594 0.01562500000981393 0
2588 0.6015625000137248 0.02343750001472089 0
2589 0.6171875000039109 0.007812500004906964 0
2590 0.6640625000434572 0.0703125000441629 0
2591 0.6562500000483642 0.07812500004906986 0
2592 0.6484375000434157 0.0703125000441629 0
2593 0.6484375000532713 0.08593750005397682 0
2594 0.6328125000433743 0.0703125000441629 0
2595 0.6406250000581784 0.0937500000588839 0
2596 0.6328125000532299 0.08593750005397682 0
2597 0.6171875000531883 0.08593750005397682 0
2598 0.6250000000482814 0.07812500004906986 0
2599 0.6093750000580953 0.0937500000588839 0
2600 0.6015625000531468 0.08593750005397682 0
2601 0.6171875000433329 0.0703125000441629 0
2602 0.6328125000630853 0.101562500063791 0
2603 0.6250000000679923 0.1093750000686979 0
2604 0.6171875000630438 0.101562500063791 0
2605 0.6171875000728992 0.1171875000736049 0
2606 0.6015625000630023 0.101562500063791 0
2607 0.6015625000432914 0.0703125000441629 0
2608 0.5937500000481983 0.07812500004906986 0
2609 0.5859375000432498 0.0703125000441629 0
2610 0.5859375000531053 0.08593750005397682 0
2611 0.5703125000432083 0.0703125000441629 0
2612 0.6015625000038693 0.007812500004906964 0
2613 0.5937500000087763 0.01562500000981393 0
2614 0.5859375000038279 0.007812500004906964 0
2615 0.5859375000136834 0.02343750001472089 0
2616 0.5703125000037864 0.007812500004906964 0
2617 0.5781250000185905 0.03125000001962797 0
2618 0.570312500013642 0.02343750001472089 0
2619 0.5546875000136005 0.02343750001472089 0
2620 0.5625000000086935 0.01562500000981393 0
2621 0.5468750000185074 0.03125000001962797 0
2622 0.5390625000135589 0.02343750001472089 0
2623 0.554687500003745 0.007812500004906964 0
2624 0.5703125000234974 0.03906250002453504 0
2625 0.5625000000284044 0.046875000029442 0
2626 0.5546875000234559 0.03906250002453504 0
2627 0.5546875000333114 0.05468750003434897 0
2628 0.5390625000234144 0.03906250002453504 0
2629 0.5390625000037035 0.007812500004906964 0
2630 0.5312500000086104 0.01562500000981393 0
2631 0.523437500003662 0.007812500004906964 0
2632 0.5234375000135174 0.02343750001472089 0
2633 0.5078125000036204 0.007812500004906964 0
2634 0.7343750001570237 0.2500000001570237 0
2635 0.7265625001520752 0.2421875001521168 0
2636 0.7109375001520752 0.2421875001521168 0
2637 0.7187500001471268 0.2343750001472098 0
2638 0.7031250001570237 0.2500000001570237 0
2639 0.6953125001520752 0.2421875001521168 0
2640 0.7109375001421783 0.2265625001423028 0
2641 0.6796875001520752 0.2421875001521168 0
2642 0.6875000001471268 0.2343750001472098 0
2643 0.6796875001421783 0.2265625001423028 0
2644 0.6953125001421783 0.2265625001423028 0
2645 0.6640625001421783 0.2265625001423028 0
2646 0.6718750001372298 0.2187500001373958 0
2647 0.7031250001372298 0.2187500001373958 0
2648 0.6718750001570237 0.2500000001570237 0
2649 0.6640625001520752 0.2421875001521168 0
2650 0.6484375001520752 0.2421875001521168 0
2651 0.6562500001471268 0.2343750001472098 0
2652 0.6406250001570237 0.2500000001570237 0
2653 0.6328125001520752 0.2421875001521168 0
2654 0.6484375001421783 0.2265625001423028 0
2655 0.6953125001322813 0.2109375001324887 0
2656 0.6796875001322813 0.2109375001324887 0
2657 0.6875000001273328 0.2031250001275817 0
2658 0.6640625001322813 0.2109375001324887 0
2659 0.6796875001223843 0.1953125001226748 0
2660 0.6171875001520752 0.2421875001521168 0
2661 0.6250000001471268 0.2343750001472098 0
2662 0.6171875001421783 0.2265625001423028 0
2663 0.6328125001421783 0.2265625001423028 0
2664 0.6015625001421783 0.2265625001423028 0
2665 0.6093750001372298 0.2187500001373958 0
2666 0.6406250001372298 0.2187500001373958 0
2667 0.6015625001322813 0.2109375001324887 0
2668 0.6171875001322813 0.2109375001324887 0
2669 0.6250000001273328 0.2031250001275817 0
2670 0.6328125001322813 0.2109375001324887 0
2671 0.6171875001223843 0.1953125001226748 0
2672 0.6328125001223843 0.1953125001226748 0
2673 0.6484375001322813 0.2109375001324887 0
2674 0.5859375001322813 0.2109375001324887 0
2675 0.5937500001273328 0.2031250001275817 0
2676 0.5859375001223843 0.1953125001226748 0
2677 0.6015625001223843 0.1953125001226748 0
2678 0.5703125001223843 0.1953125001226748 0
2679 0.5781250001174357 0.1875000001177678 0
2680 0.6093750001174357 0.1875000001177678 0
2681 0.6562500001273328 0.2031250001275817 0
2682 0.6484375001223843 0.1953125001226748 0
2683 0.6640625001223843 0.1953125001226748 0
2684 0.6406250001174357 0.1875000001177678 0
2685 0.6718750001174357 0.1875000001177678 0
2686 0.6093750001570237 0.2500000001570237 0
2687 0.6015625001520752 0.2421875001521168 0
2688 0.5859375001520752 0.2421875001521168 0
2689 0.5937500001471268 0.2343750001472098 0
2690 0.5781250001570237 0.2500000001570237 0
2691 0.5703125001520752 0.2421875001521168 0
2692 0.5859375001421783 0.2265625001423028 0
2693 0.5546875001520752 0.2421875001521168 0
2694 0.5625000001471268 0.2343750001472098 0
2695 0.5546875001421783 0.2265625001423028 0
2696 0.5703125001421783 0.2265625001423028 0
2697 0.5390625001421783 0.2265625001423028 0
2698 0.5468750001372298 0.2187500001373958 0
2699 0.5781250001372298 0.2187500001373958 0
2700 0.5468750001570237 0.2500000001570237 0
2701 0.5390625001520752 0.2421875001521168 0
2702 0.5234375001520752 0.2421875001521168 0
2703 0.5312500001471268 0.2343750001472098 0
2704 0.5156250001570237 0.2500000001570237 0
2705 0.5078125001520752 0.2421875001521168 0
2706 0.5234375001421783 0.2265625001423028 0
2707 0.5703125001322813 0.2109375001324887 0
2708 0.5546875001322813 0.2109375001324887 0
2709 0.5625000001273328 0.2031250001275817 0
2710 0.5390625001322813 0.2109375001324887 0
2711 0.5546875001223843 0.1953125001226748 0
2712 0.6640625001124871 0.1796875001128608 0
2713 0.6484375001124871 0.1796875001128608 0
2714 0.6562500001075386 0.1718750001079539 0
2715 0.6328125001124871 0.1796875001128608 0
2716 0.6484375001025902 0.1640625001030469 0
2717 0.6171875001124871 0.1796875001128608 0
2718 0.6250000001075386 0.1718750001079539 0
2719 0.6171875001025902 0.1640625001030469 0
2720 0.6328125001025902 0.1640625001030469 0
2721 0.6015625001025902 0.1640625001030469 0
2722 0.6093750000976417 0.1562500000981398 0
2723 0.6406250000976417 0.1562500000981398 0
2724 0.6015625001124871 0.1796875001128608 0
2725 0.5859375001124871 0.1796875001128608 0
2726 0.5937500001075386 0.1718750001079539 0
2727 0.5703125001124871 0.1796875001128608 0
2728 0.5859375001025902 0.1640625001030469 0
2729 0.6328125000926932 0.1484375000932328 0
2730 0.6171875000926932 0.1484375000932328 0
2731 0.6250000000877447 0.1406250000883258 0
2732 0.6015625000926932 0.1484375000932328 0
2733 0.6171875000827962 0.1328125000834188 0
2734 0.4921875001520752 0.2421875001521168 0
2735 0.5000000001471268 0.2343750001472098 0
2736 0.4921875001421783 0.2265625001423028 0
2737 0.5078125001421783 0.2265625001423028 0
2738 0.4765625001421783 0.2265625001423028 0
2739 0.4843750001372298 0.2187500001373958 0
2740 0.5156250001372298 0.2187500001373958 0
2741 0.4765625001322812 0.2109375001324887 0
2742 0.4921875001322812 0.2109375001324887 0
2743 0.5000000001273328 0.2031250001275817 0
2744 0.5078125001322813 0.2109375001324887 0
2745 0.4921875001223842 0.1953125001226748 0
2746 0.5078125001223843 0.1953125001226748 0
2747 0.5234375001322813 0.2109375001324887 0
2748 0.4609375001322812 0.2109375001324887 0
2749 0.4687500001273327 0.2031250001275817 0
2750 0.4609375001223842 0.1953125001226748 0
2751 0.4765625001223842 0.1953125001226748 0
2752 0.4453125001223842 0.1953125001226748 0
2753 0.4531250001174357 0.1875000001177678 0
2754 0.4843750001174357 0.1875000001177678 0
2755 0.5312500001273328 0.2031250001275817 0
2756 0.5234375001223843 0.1953125001226748 0
2757 0.5390625001223843 0.1953125001226748 0
2758 0.5156250001174357 0.1875000001177678 0
2759 0.5468750001174357 0.1875000001177678 0
2760 0.4453125001124872 0.1796875001128608 0
2761 0.4609375001124872 0.1796875001128608 0
2762 0.4687500001075388 0.1718750001079539 0
2763 0.4765625001124872 0.1796875001128608 0
2764 0.4609375001025903 0.1640625001030469 0
2765 0.4765625001025903 0.1640625001030469 0
2766 0.4921875001124872 0.1796875001128608 0
2767 0.4843750000976417 0.1562500000981398 0
2768 0.4921875001025902 0.1640625001030469 0
2769 0.5078125001025902 0.1640625001030469 0
2770 0.5000000001075386 0.1718750001079539 0
2771 0.5156250000976417 0.1562500000981398 0
2772 0.5234375001025902 0.1640625001030469 0
2773 0.5078125001124871 0.1796875001128608 0
2774 0.4765625000926932 0.1484375000932328 0
2775 0.4921875000926932 0.1484375000932328 0
2776 0.5000000000877447 0.1406250000883258 0
2777 0.5078125000926932 0.1484375000932328 0
2778 0.4921875000827962 0.1328125000834188 0
2779 0.5078125000827962 0.1328125000834188 0
2780 0.5234375000926932 0.1484375000932328 0
2781 0.5234375001124871 0.1796875001128608 0
2782 0.5312500001075386 0.1718750001079539 0
2783 0.5390625001124871 0.1796875001128608 0
2784 0.5390625001025902 0.1640625001030469 0
2785 0.5546875001124871 0.1796875001128608 0
2786 0.4296875001124872 0.1796875001128608 0
2787 0.4375000001075388 0.1718750001079539 0
2788 0.4296875001025903 0.1640625001030469 0
2789 0.4453125001025903 0.1640625001030469 0
2790 0.4140625001025903 0.1640625001030469 0
2791 0.4218750000976418 0.1562500000981398 0
2792 0.4531250000976418 0.1562500000981398 0
2793 0.4140625000926933 0.1484375000932328 0
2794 0.4296875000926933 0.1484375000932328 0
2795 0.4375000000877447 0.1406250000883258 0
2796 0.4453125000926932 0.1484375000932328 0
2797 0.4296875000827962 0.1328125000834188 0
2798 0.4453125000827962 0.1328125000834188 0
2799 0.4609375000926932 0.1484375000932328 0
2800 0.3984375000926933 0.1484375000932328 0
2801 0.4062500000877448 0.1406250000883258 0
2802 0.3984375000827963 0.1328125000834188 0
2803 0.4140625000827962 0.1328125000834188 0
2804 0.3828125000827963 0.1328125000834188 0
2805 0.3906250000778477 0.1250000000785119 0
2806 0.4218750000778477 0.1250000000785119 0
2807 0.4687500000877447 0.1406250000883258 0
2808 0.4609375000827962 0.1328125000834188 0
2809 0.4765625000827962 0.1328125000834188 0
2810 0.4531250000778477 0.1250000000785119 0
2811 0.4843750000778477 0.1250000000785119 0
2812 0.5625000001075386 0.1718750001079539 0
2813 0.5546875001025902 0.1640625001030469 0
2814 0.5703125001025902 0.1640625001030469 0
2815 0.5468750000976417 0.1562500000981398 0
2816 0.5781250000976417 0.1562500000981398 0
2817 0.5390625000926932 0.1484375000932328 0
2818 0.5546875000926932 0.1484375000932328 0
2819 0.5625000000877447 0.1406250000883258 0
2820 0.5703125000926932 0.1484375000932328 0
2821 0.5546875000827962 0.1328125000834188 0
2822 0.5703125000827962 0.1328125000834188 0
2823 0.5859375000926932 0.1484375000932328 0
2824 0.5312500000877447 0.1406250000883258 0
2825 0.5234375000827962 0.1328125000834188 0
2826 0.5390625000827962 0.1328125000834188 0
2827 0.5156250000778477 0.1250000000785119 0
2828 0.5468750000778477 0.1250000000785119 0
2829 0.5937500000877447 0.1406250000883258 0
2830 0.5859375000827962 0.1328125000834188 0
2831 0.6015625000827962 0.1328125000834188 0
2832 0.5781250000778477 0.1250000000785119 0
2833 0.6093750000778477 0.1250000000785119 0
2834 0.4843750001570237 0.2500000001570237 0
2835 0.4765625001520752 0.2421875001521168 0
2836 0.4609375001520752 0.2421875001521168 0
2837 0.4687500001471268 0.2343750001472098 0
2838 0.4531250001570237 0.2500000001570237 0
2839 0.4453125001520752 0.2421875001521168 0
2840 0.4609375001421783 0.2265625001423028 0
2841 0.4296875001520752 0.2421875001521168 0
2842 0.4375000001471268 0.2343750001472098 0
2843 0.4296875001421783 0.2265625001423028 0
2844 0.4453125001421783 0.2265625001423028 0
2845 0.4140625001421783 0.2265625001423028 0
2846 0.4218750001372297 0.2187500001373958 0
2847 0.4531250001372297 0.2187500001373958 0
2848 0.4218750001570237 0.2500000001570237 0
2849 0.4140625001520752 0.2421875001521168 0
2850 0.3984375001520752 0.2421875001521168 0
2851 0.4062500001471268 0.2343750001472098 0
2852 0.3906250001570237 0.2500000001570237 0
2853 0.3828125001520752 0.2421875001521167 0
2854 0.3984375001421783 0.2265625001423028 0
2855 0.4453125001322812 0.2109375001324887 0
2856 0.4296875001322812 0.2109375001324887 0
2857 0.4375000001273327 0.2031250001275817 0
2858 0.4140625001322812 0.2109375001324887 0
2859 0.4296875001223842 0.1953125001226748 0
2860 0.3671875001520752 0.2421875001521168 0
2861 0.3750000001471268 0.2343750001472098 0
2862 0.3671875001421783 0.2265625001423028 0
2863 0.3828125001421783 0.2265625001423028 0
2864 0.3515625001421783 0.2265625001423028 0
2865 0.3593750001372297 0.2187500001373958 0
2866 0.3906250001372297 0.2187500001373958 0
2867 0.3515625001322812 0.2109375001324887 0
2868 0.3671875001322812 0.2109375001324887 0
2869 0.3750000001273327 0.2031250001275817 0
2870 0.3828125001322812 0.2109375001324887 0
2871 0.3671875001223842 0.1953125001226748 0
2872 0.3828125001223842 0.1953125001226748 0
2873 0.3984375001322812 0.2109375001324886 0
2874 0.3359375001322812 0.2109375001324887 0
2875 0.3437500001273327 0.2031250001275817 0
2876 0.3359375001223842 0.1953125001226748 0
2877 0.3515625001223842 0.1953125001226747 0
2878 0.3203125001223842 0.1953125001226748 0
2879 0.3281250001174357 0.1875000001177678 0
2880 0.3593750001174357 0.1875000001177678 0
2881 0.4062500001273327 0.2031250001275817 0
2882 0.3984375001223842 0.1953125001226748 0
2883 0.4140625001223842 0.1953125001226748 0
2884 0.3906250001174357 0.1875000001177678 0
2885 0.4218750001174357 0.1875000001177678 0
2886 0.3593750001570237 0.2500000001570237 0
2887 0.3515625001520752 0.2421875001521168 0
2888 0.3359375001520752 0.2421875001521168 0
2889 0.3437500001471268 0.2343750001472098 0
2890 0.3281250001570237 0.2500000001570237 0
2891 0.3203125001520752 0.2421875001521168 0
2892 0.3359375001421783 0.2265625001423028 0
2893 0.3046875001520752 0.2421875001521168 0
2894 0.3125000001471268 0.2343750001472098 0
2895 0.3046875001421783 0.2265625001423028 0
2896 0.3203125001421783 0.2265625001423028 0
2897 0.2890625001421783 0.2265625001423028 0
2898 0.2968750001372298 0.2187500001373958 0
2899 0.3281250001372297 0.2187500001373957 0
2900 0.2968750001570237 0.2500000001570237 0
2901 0.2890625001520752 0.2421875001521168 0
2902 0.2734375001520752 0.2421875001521168 0
2903 0.2812500001471268 0.2343750001472097 0
2904 0.2656250001570237 0.2500000001570237 0
2905 0.2578125001520752 0.2421875001521168 0
2906 0.2734375001421783 0.2265625001423028 0
2907 0.3203125001322812 0.2109375001324887 0
2908 0.3046875001322812 0.2109375001324887 0
2909 0.3125000001273327 0.2031250001275817 0
2910 0.2890625001322812 0.2109375001324887 0
2911 0.3046875001223842 0.1953125001226748 0
2912 0.4140625001124872 0.1796875001128608 0
2913 0.3984375001124872 0.1796875001128608 0
2914 0.4062500001075388 0.1718750001079539 0
2915 0.3828125001124872 0.1796875001128608 0
2916 0.3984375001025903 0.1640625001030469 0
2917 0.3671875001124872 0.1796875001128608 0
2918 0.3750000001075388 0.1718750001079539 0
2919 0.3671875001025903 0.1640625001030469 0
2920 0.3828125001025903 0.1640625001030469 0
2921 0.3515625001025903 0.1640625001030469 0
2922 0.3593750000976418 0.1562500000981398 0
2923 0.3906250000976418 0.1562500000981398 0
2924 0.3515625001124872 0.1796875001128608 0
2925 0.3359375001124872 0.1796875001128608 0
2926 0.3437500001075388 0.1718750001079539 0
2927 0.3203125001124872 0.1796875001128608 0
2928 0.3359375001025903 0.1640625001030469 0
2929 0.3828125000926933 0.1484375000932328 0
2930 0.3671875000926933 0.1484375000932328 0
2931 0.3750000000877448 0.1406250000883258 0
2932 0.3515625000926933 0.1484375000932328 0
2933 0.3671875000827963 0.1328125000834188 0
2934 0.6015625000728992 0.1171875000736049 0
2935 0.5859375000728992 0.1171875000736049 0
2936 0.5937500000679508 0.1093750000686979 0
2937 0.5703125000728992 0.1171875000736049 0
2938 0.5859375000630023 0.101562500063791 0
2939 0.5546875000728992 0.1171875000736049 0
2940 0.5625000000679508 0.1093750000686979 0
2941 0.5546875000630023 0.101562500063791 0
2942 0.5703125000630023 0.101562500063791 0
2943 0.5390625000630023 0.101562500063791 0
2944 0.5468750000580538 0.0937500000588839 0
2945 0.5781250000580538 0.0937500000588839 0
2946 0.5390625000728992 0.1171875000736049 0
2947 0.5234375000728992 0.1171875000736049 0
2948 0.5312500000679508 0.1093750000686979 0
2949 0.5078125000728992 0.1171875000736049 0
2950 0.5234375000630023 0.101562500063791 0
2951 0.5703125000531053 0.08593750005397682 0
2952 0.5546875000531053 0.08593750005397682 0
2953 0.5625000000481568 0.07812500004906986 0
2954 0.5390625000531053 0.08593750005397682 0
2955 0.5546875000432083 0.0703125000441629 0
2956 0.4921875000728992 0.1171875000736049 0
2957 0.5000000000679508 0.1093750000686979 0
2958 0.4921875000630023 0.101562500063791 0
2959 0.5078125000630023 0.101562500063791 0
2960 0.4765625000630023 0.101562500063791 0
2961 0.4843750000580538 0.0937500000588839 0
2962 0.5156250000580538 0.0937500000588839 0
2963 0.4765625000531053 0.08593750005397682 0
2964 0.4921875000531053 0.08593750005397682 0
2965 0.5000000000481568 0.07812500004906986 0
2966 0.5078125000531053 0.08593750005397682 0
2967 0.4921875000432083 0.0703125000441629 0
2968 0.5078125000432083 0.0703125000441629 0
2969 0.5234375000531053 0.08593750005397682 0
2970 0.4609375000531053 0.08593750005397682 0
2971 0.4687500000481568 0.07812500004906986 0
2972 0.4609375000432083 0.0703125000441629 0
2973 0.4765625000432083 0.0703125000441629 0
2974 0.4453125000432083 0.0703125000441629 0
2975 0.4531250000382598 0.06250000003925593 0
2976 0.4843750000382598 0.06250000003925593 0
2977 0.5312500000481568 0.07812500004906986 0
2978 0.5234375000432083 0.0703125000441629 0
2979 0.5390625000432083 0.0703125000441629 0
2980 0.5156250000382598 0.06250000003925593 0
2981 0.5468750000382598 0.06250000003925593 0
2982 0.4765625000728992 0.1171875000736049 0
2983 0.4609375000728992 0.1171875000736049 0
2984 0.4687500000679508 0.1093750000686979 0
2985 0.4453125000728992 0.1171875000736049 0
2986 0.4609375000630023 0.101562500063791 0
2987 0.4296875000728992 0.1171875000736049 0
2988 0.4375000000679508 0.1093750000686979 0
2989 0.4296875000630023 0.101562500063791 0
2990 0.4453125000630023 0.101562500063791 0
2991 0.4140625000630023 0.101562500063791 0
2992 0.4218750000580538 0.0937500000588839 0
2993 0.4531250000580538 0.0937500000588839 0
2994 0.4140625000728992 0.1171875000736049 0
2995 0.3984375000728992 0.1171875000736049 0
2996 0.4062500000679508 0.1093750000686979 0
2997 0.3828125000728992 0.1171875000736049 0
2998 0.3984375000630023 0.101562500063791 0
2999 0.4453125000531053 0.08593750005397682 0
3000 0.4296875000531053 0.08593750005397682 0
3001 0.4375000000481568 0.07812500004906986 0
3002 0.4140625000531053 0.08593750005397682 0
3003 0.4296875000432083 0.0703125000441629 0
3004 0.5390625000333114 0.05468750003434897 0
3005 0.5234375000333114 0.05468750003434897 0
3006 0.5312500000283629 0.046875000029442 0
3007 0.5078125000333114 0.05468750003434897 0
3008 0.5234375000234144 0.03906250002453504 0
3009 0.4921875000333114 0.05468750003434897 0
3010 0.5000000000283629 0.046875000029442 0
3011 0.4921875000234144 0.03906250002453504 0
3012 0.5078125000234144 0.03906250002453504 0
3013 0.4765625000234144 0.03906250002453504 0
3014 0.4843750000184659 0.03125000001962797 0
3015 0.5156250000184659 0.03125000001962797 0
3016 0.4765625000333114 0.05468750003434897 0
3017 0.4609375000333114 0.05468750003434897 0
3018 0.4687500000283629 0.046875000029442 0
3019 0.4453125000333114 0.05468750003434897 0
3020 0.4609375000234144 0.03906250002453504 0
3021 0.5078125000135174 0.02343750001472089 0
3022 0.4921875000135174 0.02343750001472088 0
3023 0.5000000000085689 0.01562500000981393 0
3024 0.4765625000135173 0.02343750001472089 0
3025 0.4921875000036203 0.007812500004906964 0
3026 0.7421875001619307 0.2578125001619307 0
3027 0.7265625001619307 0.2578125001619307 0
3028 0.7187500001668377 0.2656250001668377 0
3029 0.7109375001619307 0.2578125001619307 0
3030 0.7265625001717446 0.2734375001717446 0
3031 0.7109375001717446 0.2734375001717446 0
3032 0.6953125001619307 0.2578125001619307 0
3033 0.7031250001766518 0.2812500001766517 0
3034 0.6953125001717446 0.2734375001717446 0
3035 0.6796875001717446 0.2734375001717446 0
3036 0.6875000001668377 0.2656250001668377 0
3037 0.6718750001766517 0.2812500001766517 0
3038 0.6640625001717446 0.2734375001717446 0
3039 0.6796875001619307 0.2578125001619307 0
3040 0.7109375001815588 0.2890625001815588 0
3041 0.6953125001815588 0.2890625001815588 0
3042 0.6875000001864657 0.2968750001864657 0
3043 0.6796875001815588 0.2890625001815588 0
3044 0.6953125001913727 0.3046875001913727 0
3045 0.6796875001913727 0.3046875001913727 0
3046 0.6640625001815588 0.2890625001815588 0
3047 0.6640625001619307 0.2578125001619307 0
3048 0.6562500001668377 0.2656250001668377 0
3049 0.6484375001619307 0.2578125001619307 0
3050 0.6484375001717446 0.2734375001717446 0
3051 0.6328125001619307 0.2578125001619307 0
3052 0.6718750001962797 0.3125000001962797 0
3053 0.6640625001913727 0.3046875001913727 0
3054 0.6484375001913727 0.3046875001913727 0
3055 0.6562500001864657 0.2968750001864657 0
3056 0.6406250001962797 0.3125000001962797 0
3057 0.6328125001913727 0.3046875001913727 0
3058 0.6484375001815588 0.2890625001815588 0
3059 0.6171875001913727 0.3046875001913727 0
3060 0.6250000001864657 0.2968750001864657 0
3061 0.6171875001815588 0.2890625001815588 0
3062 0.6328125001815588 0.2890625001815588 0
3063 0.6015625001815588 0.2890625001815588 0
3064 0.6093750001766517 0.2812500001766517 0
3065 0.6406250001766517 0.2812500001766517 0
3066 0.6093750001962797 0.3125000001962797 0
3067 0.6015625001913727 0.3046875001913727 0
3068 0.5859375001913727 0.3046875001913727 0
3069 0.5937500001864657 0.2968750001864657 0
3070 0.5781250001962797 0.3125000001962797 0
3071 0.5703125001913727 0.3046875001913727 0
3072 0.5859375001815588 0.2890625001815588 0
3073 0.6328125001717446 0.2734375001717446 0
3074 0.6171875001717446 0.2734375001717446 0
3075 0.6250000001668377 0.2656250001668377 0
3076 0.6015625001717446 0.2734375001717446 0
3077 0.6171875001619307 0.2578125001619307 0
3078 0.6796875002011866 0.3203125002011866 0
3079 0.6640625002011866 0.3203125002011866 0
3080 0.6562500002060936 0.3281250002060936 0
3081 0.6484375002011866 0.3203125002011866 0
3082 0.6640625002110006 0.3359375002110006 0
3083 0.6484375002110006 0.3359375002110006 0
3084 0.6328125002011866 0.3203125002011866 0
3085 0.6406250002159076 0.3437500002159076 0
3086 0.6328125002110006 0.3359375002110006 0
3087 0.6171875002110006 0.3359375002110006 0
3088 0.6250000002060936 0.3281250002060936 0
3089 0.6093750002159076 0.3437500002159076 0
3090 0.6015625002110006 0.3359375002110006 0
3091 0.6171875002011866 0.3203125002011866 0
3092 0.6484375002208147 0.3515625002208147 0
3093 0.6328125002208147 0.3515625002208147 0
3094 0.6250000002257217 0.3593750002257217 0
3095 0.6171875002208147 0.3515625002208147 0
3096 0.6328125002306286 0.3671875002306286 0
3097 0.6171875002306286 0.3671875002306286 0
3098 0.6015625002208147 0.3515625002208147 0
3099 0.6015625002011866 0.3203125002011866 0
3100 0.5937500002060936 0.3281250002060936 0
3101 0.5859375002011866 0.3203125002011866 0
3102 0.5859375002110006 0.3359375002110006 0
3103 0.5703125002011866 0.3203125002011866 0
3104 0.6015625001619307 0.2578125001619307 0
3105 0.5937500001668377 0.2656250001668377 0
3106 0.5859375001619307 0.2578125001619307 0
3107 0.5859375001717446 0.2734375001717446 0
3108 0.5703125001619307 0.2578125001619307 0
3109 0.5781250001766517 0.2812500001766517 0
3110 0.5703125001717446 0.2734375001717446 0
3111 0.5546875001717446 0.2734375001717446 0
3112 0.5625000001668377 0.2656250001668377 0
3113 0.5468750001766517 0.2812500001766517 0
3114 0.5390625001717446 0.2734375001717446 0
3115 0.5546875001619307 0.2578125001619307 0
3116 0.5703125001815588 0.2890625001815588 0
3117 0.5625000001864657 0.2968750001864657 0
3118 0.5546875001815588 0.2890625001815588 0
3119 0.5546875001913727 0.3046875001913727 0
3120 0.5390625001815588 0.2890625001815588 0
3121 0.5390625001619307 0.2578125001619307 0
3122 0.5312500001668377 0.2656250001668377 0
3123 0.5234375001619307 0.2578125001619307 0
3124 0.5234375001717446 0.2734375001717446 0
3125 0.5078125001619307 0.2578125001619307 0
3126 0.6093750002355356 0.3750000002355356 0
3127 0.6015625002306286 0.3671875002306286 0
3128 0.5859375002306286 0.3671875002306286 0
3129 0.5937500002257217 0.3593750002257217 0
3130 0.5781250002355356 0.3750000002355356 0
3131 0.5703125002306286 0.3671875002306286 0
3132 0.5859375002208147 0.3515625002208147 0
3133 0.5546875002306286 0.3671875002306286 0
3134 0.5625000002257217 0.3593750002257217 0
3135 0.5546875002208147 0.3515625002208147 0
3136 0.5703125002208147 0.3515625002208147 0
3137 0.5390625002208147 0.3515625002208147 0
3138 0.5468750002159076 0.3437500002159076 0
3139 0.5781250002159076 0.3437500002159076 0
3140 0.5468750002355356 0.3750000002355356 0
3141 0.5390625002306286 0.3671875002306286 0
3142 0.5234375002306286 0.3671875002306286 0
3143 0.5312500002257217 0.3593750002257217 0
3144 0.5156250002355356 0.3750000002355356 0
3145 0.5078125002306286 0.3671875002306286 0
3146 0.5234375002208147 0.3515625002208147 0
3147 0.5703125002110006 0.3359375002110006 0
3148 0.5546875002110006 0.3359375002110006 0
3149 0.5625000002060936 0.3281250002060936 0
3150 0.5390625002110006 0.3359375002110006 0
3151 0.5546875002011866 0.3203125002011866 0
3152 0.4921875002306286 0.3671875002306286 0
3153 0.5000000002257217 0.3593750002257217 0
3154 0.4921875002208146 0.3515625002208147 0
3155 0.5078125002208147 0.3515625002208147 0
3156 0.4765625002208146 0.3515625002208147 0
3157 0.4843750002159076 0.3437500002159076 0
3158 0.5156250002159076 0.3437500002159076 0
3159 0.4765625002110007 0.3359375002110006 0
3160 0.4921875002110007 0.3359375002110006 0
3161 0.5000000002060936 0.3281250002060936 0
3162 0.5078125002110006 0.3359375002110006 0
3163 0.4921875002011866 0.3203125002011866 0
3164 0.5078125002011866 0.3203125002011866 0
3165 0.5234375002110006 0.3359375002110006 0
3166 0.4609375002110007 0.3359375002110006 0
3167 0.4687500002060935 0.3281250002060936 0
3168 0.4609375002011866 0.3203125002011866 0
3169 0.4765625002011866 0.3203125002011866 0
3170 0.4453125002011866 0.3203125002011866 0
3171 0.4531250001962797 0.3125000001962797 0
3172 0.4843750001962797 0.3125000001962797 0
3173 0.5312500002060936 0.3281250002060936 0
3174 0.5234375002011866 0.3203125002011866 0
3175 0.5390625002011866 0.3203125002011866 0
3176 0.5156250001962797 0.3125000001962797 0
3177 0.5468750001962797 0.3125000001962797 0
3178 0.4843750002355356 0.3750000002355356 0
3179 0.4765625002306286 0.3671875002306286 0
3180 0.4609375002306286 0.3671875002306286 0
3181 0.4687500002257217 0.3593750002257216 0
3182 0.4531250002355356 0.3750000002355356 0
3183 0.4453125002306286 0.3671875002306286 0
3184 0.4609375002208146 0.3515625002208147 0
3185 0.4296875002306286 0.3671875002306286 0
3186 0.4375000002257217 0.3593750002257217 0
3187 0.4296875002208146 0.3515625002208147 0
3188 0.4453125002208146 0.3515625002208147 0
3189 0.4140625002208146 0.3515625002208147 0
3190 0.4218750002159076 0.3437500002159076 0
3191 0.4531250002159076 0.3437500002159076 0
3192 0.4218750002355356 0.3750000002355356 0
3193 0.4140625002306286 0.3671875002306286 0
3194 0.3984375002306286 0.3671875002306286 0
3195 0.4062500002257217 0.3593750002257216 0
3196 0.3906250002355356 0.3750000002355356 0
3197 0.3828125002306286 0.3671875002306286 0
3198 0.3984375002208146 0.3515625002208147 0
3199 0.4453125002110007 0.3359375002110006 0
3200 0.4296875002110007 0.3359375002110006 0
3201 0.4375000002060936 0.3281250002060936 0
3202 0.4140625002110007 0.3359375002110006 0
3203 0.4296875002011866 0.3203125002011866 0
3204 0.5390625001913727 0.3046875001913727 0
3205 0.5234375001913727 0.3046875001913727 0
3206 0.5312500001864657 0.2968750001864657 0
3207 0.5078125001913727 0.3046875001913727 0
3208 0.5234375001815588 0.2890625001815588 0
3209 0.4921875001913727 0.3046875001913727 0
3210 0.5000000001864657 0.2968750001864657 0
3211 0.4921875001815587 0.2890625001815588 0
3212 0.5078125001815588 0.2890625001815588 0
3213 0.4765625001815587 0.2890625001815588 0
3214 0.4843750001766517 0.2812500001766517 0
3215 0.5156250001766517 0.2812500001766517 0
3216 0.4765625001913727 0.3046875001913727 0
3217 0.4609375001913727 0.3046875001913727 0
3218 0.4687500001864658 0.2968750001864657 0
3219 0.4453125001913727 0.3046875001913727 0
3220 0.4609375001815587 0.2890625001815588 0
3221 0.5078125001717446 0.2734375001717446 0
3222 0.4921875001717447 0.2734375001717446 0
3223 0.5000000001668377 0.2656250001668377 0
3224 0.4765625001717447 0.2734375001717446 0
3225 0.4921875001619307 0.2578125001619307 0
3226 0.6171875002404426 0.3828125002404426 0
3227 0.6015625002404426 0.3828125002404426 0
3228 0.5937500002453495 0.3906250002453495 0
3229 0.5859375002404426 0.3828125002404426 0
3230 0.6015625002502565 0.3984375002502565 0
3231 0.5859375002502565 0.3984375002502565 0
3232 0.5703125002404426 0.3828125002404426 0
3233 0.5781250002551636 0.4062500002551636 0
3234 0.5703125002502565 0.3984375002502565 0
3235 0.5546875002502565 0.3984375002502565 0
3236 0.5625000002453495 0.3906250002453495 0
3237 0.5468750002551636 0.4062500002551636 0
3238 0.5390625002502565 0.3984375002502565 0
3239 0.5546875002404426 0.3828125002404426 0
3240 0.5859375002600706 0.4140625002600706 0
3241 0.5703125002600706 0.4140625002600706 0
3242 0.5625000002649776 0.4218750002649776 0
3243 0.5546875002600706 0.4140625002600706 0
3244 0.5703125002698846 0.4296875002698846 0
3245 0.5546875002698846 0.4296875002698846 0
3246 0.5390625002600706 0.4140625002600706 0
3247 0.5390625002404426 0.3828125002404426 0
3248 0.5312500002453495 0.3906250002453495 0
3249 0.5234375002404426 0.3828125002404426 0
3250 0.5234375002502565 0.3984375002502565 0
3251 0.5078125002404426 0.3828125002404426 0
3252 0.5468750002747915 0.4375000002747915 0
3253 0.5390625002698846 0.4296875002698846 0
3254 0.5234375002698846 0.4296875002698846 0
3255 0.5312500002649776 0.4218750002649776 0
3256 0.5156250002747915 0.4375000002747915 0
3257 0.5078125002698846 0.4296875002698846 0
3258 0.5234375002600706 0.4140625002600706 0
3259 0.4921875002698846 0.4296875002698846 0
3260 0.5000000002649776 0.4218750002649776 0
3261 0.4921875002600705 0.4140625002600706 0
3262 0.5078125002600706 0.4140625002600706 0
3263 0.4765625002600705 0.4140625002600706 0
3264 0.4843750002551636 0.4062500002551636 0
3265 0.5156250002551636 0.4062500002551636 0
3266 0.4843750002747915 0.4375000002747915 0
3267 0.4765625002698846 0.4296875002698846 0
3268 0.4609375002698846 0.4296875002698846 0
3269 0.4687500002649776 0.4218750002649776 0
3270 0.4531250002747915 0.4375000002747915 0
3271 0.4453125002698846 0.4296875002698846 0
3272 0.4609375002600705 0.4140625002600706 0
3273 0.5078125002502565 0.3984375002502565 0
3274 0.4921875002502566 0.3984375002502565 0
3275 0.5000000002453495 0.3906250002453495 0
3276 0.4765625002502566 0.3984375002502565 0
3277 0.4921875002404426 0.3828125002404426 0
3278 0.5546875002796985 0.4453125002796985 0
3279 0.5390625002796985 0.4453125002796985 0
3280 0.5312500002846055 0.4531250002846055 0
3281 0.5234375002796985 0.4453125002796985 0
3282 0.5390625002895124 0.4609375002895124 0
3283 0.5234375002895124 0.4609375002895124 0
3284 0.5078125002796985 0.4453125002796985 0
3285 0.5156250002944195 0.4687500002944195 0
3286 0.5078125002895124 0.4609375002895124 0
3287 0.4921875002895125 0.4609375002895124 0
3288 0.5000000002846055 0.4531250002846055 0
3289 0.4843750002944195 0.4687500002944195 0
3290 0.4765625002895125 0.4609375002895124 0
3291 0.4921875002796985 0.4453125002796985 0
3292 0.5234375002993266 0.4765625002993266 0
3293 0.5078125002993266 0.4765625002993266 0
3294 0.5000000003042335 0.4843750003042335 0
3295 0.4921875002993265 0.4765625002993266 0
3296 0.5078125003091405 0.4921875003091405 0
3297 0.4921875003091405 0.4921875003091405 0
3298 0.4765625002993265 0.4765625002993266 0
3299 0.4765625002796985 0.4453125002796985 0
3300 0.4687500002846054 0.4531250002846055 0
3301 0.4609375002796985 0.4453125002796985 0
3302 0.4609375002895125 0.4609375002895124 0
3303 0.4453125002796985 0.4453125002796985 0
3304 0.4765625002404426 0.3828125002404426 0
3305 0.4687500002453495 0.3906250002453495 0
3306 0.4609375002404426 0.3828125002404426 0
3307 0.4609375002502566 0.3984375002502565 0
3308 0.4453125002404426 0.3828125002404426 0
3309 0.4531250002551636 0.4062500002551636 0
3310 0.4453125002502566 0.3984375002502565 0
3311 0.4296875002502566 0.3984375002502565 0
3312 0.4375000002453496 0.3906250002453495 0
3313 0.4218750002551636 0.4062500002551636 0
3314 0.4140625002502566 0.3984375002502565 0
3315 0.4296875002404426 0.3828125002404426 0
3316 0.4453125002600705 0.4140625002600706 0
3317 0.4375000002649776 0.4218750002649775 0
3318 0.4296875002600705 0.4140625002600706 0
3319 0.4296875002698846 0.4296875002698846 0
3320 0.4140625002600705 0.4140625002600706 0
3321 0.4140625002404426 0.3828125002404426 0
3322 0.4062500002453496 0.3906250002453495 0
3323 0.3984375002404426 0.3828125002404426 0
3324 0.3984375002502566 0.3984375002502565 0
3325 0.3828125002404426 0.3828125002404426 0
3326 0.4765625001619307 0.2578125001619307 0
3327 0.4687500001668376 0.2656250001668377 0
3328 0.4609375001619307 0.2578125001619307 0
3329 0.4609375001717447 0.2734375001717446 0
3330 0.4453125001619307 0.2578125001619307 0
3331 0.4531250001766517 0.2812500001766517 0
3332 0.4453125001717447 0.2734375001717446 0
3333 0.4296875001717447 0.2734375001717446 0
3334 0.4375000001668377 0.2656250001668377 0
3335 0.4218750001766517 0.2812500001766517 0
3336 0.4140625001717447 0.2734375001717446 0
3337 0.4296875001619307 0.2578125001619307 0
3338 0.4453125001815587 0.2890625001815588 0
3339 0.4375000001864657 0.2968750001864657 0
3340 0.4296875001815587 0.2890625001815588 0
3341 0.4296875001913727 0.3046875001913727 0
3342 0.4140625001815587 0.2890625001815588 0
3343 0.4140625001619307 0.2578125001619307 0
3344 0.4062500001668377 0.2656250001668377 0
3345 0.3984375001619307 0.2578125001619307 0
3346 0.3984375001717447 0.2734375001717446 0
3347 0.3828125001619307 0.2578125001619307 0
3348 0.4218750001962797 0.3125000001962797 0
3349 0.4140625001913727 0.3046875001913727 0
3350 0.3984375001913727 0.3046875001913727 0
3351 0.4062500001864657 0.2968750001864657 0
3352 0.3906250001962797 0.3125000001962797 0
3353 0.3828125001913727 0.3046875001913727 0
3354 0.3984375001815587 0.2890625001815588 0
3355 0.3671875001913727 0.3046875001913727 0
3356 0.3750000001864657 0.2968750001864657 0
3357 0.3671875001815587 0.2890625001815588 0
3358 0.3828125001815587 0.2890625001815588 0
3359 0.3515625001815587 0.2890625001815588 0
3360 0.3593750001766517 0.2812500001766517 0
3361 0.3906250001766517 0.2812500001766517 0
3362 0.3593750001962797 0.3125000001962797 0
3363 0.3515625001913727 0.3046875001913727 0
3364 0.3359375001913727 0.3046875001913727 0
3365 0.3437500001864658 0.2968750001864657 0
3366 0.3281250001962797 0.3125000001962797 0
3367 0.3203125001913727 0.3046875001913727 0
3368 0.3359375001815587 0.2890625001815588 0
3369 0.3828125001717447 0.2734375001717446 0
3370 0.3671875001717447 0.2734375001717446 0
3371 0.3750000001668377 0.2656250001668377 0
3372 0.3515625001717447 0.2734375001717446 0
3373 0.3671875001619307 0.2578125001619307 0
3374 0.4140625002011866 0.3203125002011866 0
3375 0.4062500002060936 0.3281250002060936 0
3376 0.3984375002011866 0.3203125002011866 0
3377 0.3984375002110007 0.3359375002110006 0
3378 0.3828125002011866 0.3203125002011866 0
3379 0.3906250002159076 0.3437500002159076 0
3380 0.3828125002110007 0.3359375002110006 0
3381 0.3671875002110007 0.3359375002110006 0
3382 0.3750000002060935 0.3281250002060936 0
3383 0.3593750002159076 0.3437500002159076 0
3384 0.3515625002110007 0.3359375002110007 0
3385 0.3671875002011866 0.3203125002011866 0
3386 0.3828125002208146 0.3515625002208147 0
3387 0.3750000002257217 0.3593750002257217 0
3388 0.3671875002208146 0.3515625002208147 0
3389 0.3671875002306286 0.3671875002306286 0
3390 0.3515625002208146 0.3515625002208147 0
3391 0.3515625002011866 0.3203125002011866 0
3392 0.3437500002060935 0.3281250002060936 0
3393 0.3359375002011866 0.3203125002011866 0
3394 0.3359375002110007 0.3359375002110006 0
3395 0.3203125002011866 0.3203125002011866 0
3396 0.3515625001619307 0.2578125001619307 0
3397 0.3437500001668376 0.2656250001668377 0
3398 0.3359375001619307 0.2578125001619307 0
3399 0.3359375001717447 0.2734375001717446 0
3400 0.3203125001619307 0.2578125001619307 0
3401 0.3281250001766517 0.2812500001766517 0
3402 0.3203125001717447 0.2734375001717446 0
3403 0.3046875001717447 0.2734375001717446 0
3404 0.3125000001668377 0.2656250001668377 0
3405 0.2968750001766517 0.2812500001766517 0
3406 0.2890625001717447 0.2734375001717446 0
3407 0.3046875001619307 0.2578125001619307 0
3408 0.3203125001815587 0.2890625001815588 0
3409 0.3125000001864657 0.2968750001864657 0
3410 0.3046875001815587 0.2890625001815588 0
3411 0.3046875001913727 0.3046875001913727 0
3412 0.2890625001815587 0.2890625001815588 0
3413 0.2890625001619307 0.2578125001619307 0
3414 0.2812500001668377 0.2656250001668377 0
3415 0.2734375001619307 0.2578125001619307 0
3416 0.2734375001717447 0.2734375001717446 0
3417 0.2578125001619307 0.2578125001619307 0
3418 0.4765625000036663 0.007812500004906964 0
3419 0.4687500000086148 0.01562500000981393 0
3420 0.4609375000037124 0.007812500004906964 0
3421 0.4609375000135634 0.02343750001472089 0
3422 0.4453125000037584 0.007812500004906964 0
3423 0.4531250000185119 0.03125000001962797 0
3424 0.4453125000136094 0.0234375000147209 0
3425 0.4296875000136554 0.02343750001472089 0
3426 0.4375000000087069 0.01562500000981393 0
3427 0.421875000018604 0.03125000001962797 0
3428 0.4140625000137015 0.02343750001472089 0
3429 0.4296875000038044 0.007812500004906964 0
3430 0.4453125000234604 0.03906250002453504 0
3431 0.4375000000284089 0.046875000029442 0
3432 0.4296875000235064 0.03906250002453504 0
3433 0.4296875000333574 0.05468750003434897 0
3434 0.4140625000235524 0.03906250002453504 0
3435 0.4140625000038505 0.007812500004906964 0
3436 0.406250000008799 0.01562500000981393 0
3437 0.3984375000038965 0.007812500004906964 0
3438 0.3984375000137475 0.02343750001472089 0
3439 0.3828125000039425 0.007812500004906964 0
3440 0.4218750000383059 0.06250000003925593 0
3441 0.4140625000334034 0.05468750003434897 0
3442 0.3984375000334494 0.05468750003434897 0
3443 0.4062500000285009 0.046875000029442 0
3444 0.3906250000383979 0.06250000003925593 0
3445 0.3828125000334954 0.05468750003434897 0
3446 0.3984375000235985 0.03906250002453504 0
3447 0.3671875000335414 0.05468750003434897 0
3448 0.375000000028593 0.046875000029442 0
3449 0.3671875000236905 0.03906250002453504 0
3450 0.3828125000236445 0.03906250002453504 0
3451 0.3515625000237365 0.03906250002453504 0
3452 0.359375000018788 0.03125000001962797 0
3453 0.390625000018696 0.03125000001962797 0
3454 0.3593750000384899 0.06250000003925593 0
3455 0.3515625000335875 0.05468750003434897 0
3456 0.3359375000336335 0.05468750003434898 0
3457 0.3437500000286851 0.046875000029442 0
3458 0.328125000038582 0.06250000003925593 0
3459 0.3203125000336795 0.05468750003434897 0
3460 0.3359375000237825 0.03906250002453504 0
3461 0.3828125000137935 0.02343750001472089 0
3462 0.3671875000138395 0.02343750001472089 0
3463 0.3750000000088911 0.01562500000981393 0
3464 0.3515625000138856 0.02343750001472089 0
3465 0.3671875000039886 0.007812500004906964 0
3466 0.4140625000432543 0.0703125000441629 0
3467 0.4062500000482028 0.07812500004906986 0
3468 0.3984375000433004 0.0703125000441629 0
3469 0.3984375000531513 0.08593750005397682 0
3470 0.3828125000433464 0.0703125000441629 0
3471 0.3906250000580997 0.0937500000588839 0
3472 0.3828125000531973 0.08593750005397682 0
3473 0.3671875000532434 0.08593750005397682 0
3474 0.3750000000482949 0.07812500004906986 0
3475 0.3593750000581919 0.0937500000588839 0
3476 0.3515625000532894 0.08593750005397682 0
3477 0.3671875000433924 0.0703125000441629 0
3478 0.3828125000630482 0.101562500063791 0
3479 0.3750000000679968 0.1093750000686979 0
3480 0.3671875000630943 0.101562500063791 0
3481 0.3671875000729453 0.1171875000736049 0
3482 0.3515625000631404 0.101562500063791 0
3483 0.3515625000434384 0.0703125000441629 0
3484 0.343750000048387 0.07812500004906986 0
3485 0.3359375000434844 0.0703125000441629 0
3486 0.3359375000533354 0.08593750005397682 0
3487 0.3203125000435305 0.0703125000441629 0
3488 0.3515625000040346 0.007812500004906964 0
3489 0.3437500000089831 0.01562500000981393 0
3490 0.3359375000040806 0.007812500004906964 0
3491 0.3359375000139316 0.02343750001472089 0
3492 0.3203125000041266 0.007812500004906964 0
3493 0.3281250000188801 0.03125000001962797 0
3494 0.3203125000139776 0.02343750001472089 0
3495 0.3046875000140236 0.02343750001472088 0
3496 0.3125000000090751 0.01562500000981393 0
3497 0.2968750000189722 0.03125000001962797 0
3498 0.2890625000140696 0.02343750001472089 0
3499 0.3046875000041727 0.007812500004906964 0
3500 0.3203125000238286 0.03906250002453504 0
3501 0.3125000000287771 0.04687500002944199 0
3502 0.3046875000238746 0.03906250002453504 0
3503 0.3046875000337256 0.05468750003434897 0
3504 0.2890625000239206 0.03906250002453504 0
3505 0.2890625000042187 0.007812500004906964 0
3506 0.2812500000091672 0.01562500000981393 0
3507 0.2734375000042647 0.007812500004906964 0
3508 0.2734375000141157 0.02343750001472088 0
3509 0.2578125000043108 0.007812500004906964 0
3510 0.3593750000778893 0.1250000000785119 0
3511 0.3515625000729868 0.1171875000736049 0
3512 0.3359375000730283 0.1171875000736049 0
3513 0.3437500000680843 0.1093750000686979 0
3514 0.3281250000779723 0.1250000000785119 0
3515 0.3203125000730698 0.1171875000736049 0
3516 0.3359375000631819 0.101562500063791 0
3517 0.3046875000731114 0.1171875000736049 0
3518 0.3125000000681674 0.1093750000686979 0
3519 0.3046875000632649 0.101562500063791 0
3520 0.3203125000632234 0.101562500063791 0
3521 0.2890625000633065 0.101562500063791 0
3522 0.2968750000583624 0.0937500000588839 0
3523 0.3281250000582794 0.09375000005888393 0
3524 0.2968750000780553 0.1250000000785119 0
3525 0.2890625000731528 0.1171875000736049 0
3526 0.2734375000731943 0.1171875000736049 0
3527 0.2812500000682504 0.1093750000686979 0
3528 0.2656250000781383 0.1250000000785119 0
3529 0.2578125000732359 0.1171875000736049 0
3530 0.2734375000633479 0.101562500063791 0
3531 0.320312500053377 0.08593750005397682 0
3532 0.3046875000534184 0.08593750005397682 0
3533 0.3125000000484744 0.07812500004906986 0
3534 0.28906250005346 0.08593750005397682 0
3535 0.304687500043572 0.0703125000441629 0
3536 0.2421875000732773 0.1171875000736049 0
3537 0.2500000000683333 0.1093750000686979 0
3538 0.2421875000634309 0.101562500063791 0
3539 0.2578125000633894 0.101562500063791 0
3540 0.2265625000634724 0.101562500063791 0
3541 0.2343750000585284 0.0937500000588839 0
3542 0.2656250000584455 0.0937500000588839 0
3543 0.226562500053626 0.08593750005397684 0
3544 0.2421875000535845 0.08593750005397682 0
3545 0.2500000000486405 0.07812500004906986 0
3546 0.2578125000535429 0.08593750005397682 0
3547 0.242187500043738 0.0703125000441629 0
3548 0.2578125000436965 0.0703125000441629 0
3549 0.2734375000535015 0.08593750005397682 0
3550 0.2109375000536675 0.08593750005397682 0
3551 0.2187500000487235 0.07812500004906986 0
3552 0.210937500043821 0.0703125000441629 0
3553 0.2265625000437795 0.0703125000441629 0
3554 0.1953125000438625 0.07031250004416292 0
3555 0.2031250000389186 0.06250000003925593 0
3556 0.2343750000388356 0.06250000003925593 0
3557 0.2812500000485575 0.07812500004906986 0
3558 0.273437500043655 0.0703125000441629 0
3559 0.2890625000436135 0.0703125000441629 0
3560 0.2656250000387526 0.06250000003925593 0
3561 0.2968750000386695 0.06250000003925593 0
3562 0.2343750000782213 0.1250000000785119 0
3563 0.2265625000733189 0.1171875000736049 0
3564 0.2109375000733603 0.1171875000736049 0
3565 0.2187500000684164 0.1093750000686979 0
3566 0.2031250000783043 0.1250000000785119 0
3567 0.1953125000734018 0.1171875000736049 0
3568 0.2109375000635139 0.101562500063791 0
3569 0.1796875000734434 0.1171875000736049 0
3570 0.1875000000684994 0.109375000068698 0
3571 0.1796875000635969 0.101562500063791 0
3572 0.1953125000635554 0.1015625000637909 0
3573 0.1640625000636384 0.101562500063791 0
3574 0.1718750000586944 0.0937500000588839 0
3575 0.2031250000586114 0.0937500000588839 0
3576 0.1718750000783874 0.1250000000785119 0
3577 0.1640625000734849 0.1171875000736049 0
3578 0.1484375000735264 0.1171875000736049 0
3579 0.1562500000685824 0.1093750000686979 0
3580 0.1406250000784703 0.1250000000785119 0
3581 0.1328125000735679 0.1171875000736049 0
3582 0.14843750006368 0.101562500063791 0
3583 0.195312500053709 0.0859375000539768 0
3584 0.1796875000537505 0.0859375000539768 0
3585 0.1875000000488065 0.07812500004906989 0
3586 0.164062500053792 0.08593750005397682 0
3587 0.179687500043904 0.0703125000441629 0
3588 0.2890625000337671 0.05468750003434897 0
3589 0.2734375000338085 0.05468750003434897 0
3590 0.2812500000288646 0.04687500002944199 0
3591 0.2578125000338501 0.05468750003434897 0
3592 0.2734375000239622 0.03906250002453504 0
3593 0.2421875000338916 0.05468750003434897 0
3594 0.2500000000289476 0.046875000029442 0
3595 0.2421875000240452 0.03906250002453504 0
3596 0.2578125000240036 0.03906250002453504 0
3597 0.2265625000240866 0.03906250002453504 0
3598 0.2343750000191427 0.03125000001962797 0
3599 0.2656250000190596 0.03125000001962797 0
3600 0.2265625000339331 0.05468750003434897 0
3601 0.2109375000339746 0.05468750003434897 0
3602 0.2187500000290306 0.046875000029442 0
3603 0.1953125000340161 0.05468750003434898 0
3604 0.2109375000241281 0.03906250002453504 0
3605 0.2578125000141572 0.02343750001472089 0
3606 0.2421875000141987 0.0234375000147209 0
3607 0.2500000000092547 0.01562500000981393 0
3608 0.2265625000142402 0.02343750001472089 0
3609 0.2421875000043522 0.007812500004906964 0
3610 0.3515625000828377 0.1328125000834188 0
3611 0.3437500000877863 0.1406250000883258 0
3612 0.3359375000828793 0.1328125000834188 0
3613 0.3359375000927348 0.1484375000932328 0
3614 0.3203125000829208 0.1328125000834188 0
3615 0.3281250000976833 0.1562500000981398 0
3616 0.3203125000927763 0.1484375000932328 0
3617 0.3046875000928178 0.1484375000932328 0
3618 0.3125000000878693 0.1406250000883258 0
3619 0.2968750000977662 0.1562500000981398 0
3620 0.2890625000928593 0.1484375000932328 0
3621 0.3046875000829623 0.1328125000834188 0
3622 0.3203125001026318 0.1640625001030469 0
3623 0.3125000001075803 0.1718750001079539 0
3624 0.3046875001026732 0.1640625001030469 0
3625 0.3046875001125288 0.1796875001128608 0
3626 0.2890625001027147 0.1640625001030469 0
3627 0.2890625000830038 0.1328125000834188 0
3628 0.2812500000879523 0.1406250000883258 0
3629 0.2734375000830453 0.1328125000834188 0
3630 0.2734375000929008 0.1484375000932328 0
3631 0.2578125000830868 0.1328125000834188 0
3632 0.2968750001174773 0.1875000001177678 0
3633 0.2890625001125703 0.1796875001128608 0
3634 0.2734375001126118 0.1796875001128608 0
3635 0.2812500001076632 0.1718750001079539 0
3636 0.2656250001175603 0.1875000001177678 0
3637 0.2578125001126532 0.1796875001128608 0
3638 0.2734375001027562 0.1640625001030469 0
3639 0.2421875001126948 0.1796875001128608 0
3640 0.2500000001077463 0.1718750001079539 0
3641 0.2421875001028393 0.1640625001030469 0
3642 0.2578125001027978 0.1640625001030469 0
3643 0.2265625001028808 0.1640625001030469 0
3644 0.2343750000979323 0.1562500000981398 0
3645 0.2656250000978493 0.1562500000981398 0
3646 0.2343750001176433 0.1875000001177678 0
3647 0.2265625001127363 0.1796875001128608 0
3648 0.2109375001127778 0.1796875001128609 0
3649 0.2187500001078293 0.1718750001079539 0
3650 0.2031250001177263 0.1875000001177678 0
3651 0.1953125001128193 0.1796875001128608 0
3652 0.2109375001029223 0.1640625001030469 0
3653 0.2578125000929423 0.1484375000932328 0
3654 0.2421875000929838 0.1484375000932328 0
3655 0.2500000000880353 0.1406250000883258 0
3656 0.2265625000930253 0.1484375000932328 0
3657 0.2421875000831283 0.1328125000834188 0
3658 0.2890625001224257 0.1953125001226748 0
3659 0.2812500001273742 0.2031250001275817 0
3660 0.2734375001224673 0.1953125001226748 0
3661 0.2734375001323227 0.2109375001324887 0
3662 0.2578125001225088 0.1953125001226748 0
3663 0.2656250001372712 0.2187500001373958 0
3664 0.2578125001323642 0.2109375001324887 0
3665 0.2421875001324058 0.2109375001324887 0
3666 0.2500000001274573 0.2031250001275817 0
3667 0.2343750001373542 0.2187500001373958 0
3668 0.2265625001324473 0.2109375001324887 0
3669 0.2421875001225502 0.1953125001226747 0
3670 0.2578125001422197 0.2265625001423029 0
3671 0.2500000001471683 0.2343750001472098 0
3672 0.2421875001422612 0.2265625001423029 0
3673 0.2421875001521167 0.2421875001521168 0
3674 0.2265625001423028 0.2265625001423028 0
3675 0.2265625001225918 0.1953125001226748 0
3676 0.2187500001275403 0.2031250001275817 0
3677 0.2109375001226333 0.1953125001226748 0
3678 0.2109375001324888 0.2109375001324887 0
3679 0.1953125001226748 0.1953125001226748 0
3680 0.2265625000831698 0.1328125000834188 0
3681 0.2187500000881183 0.1406250000883258 0
3682 0.2109375000832113 0.1328125000834188 0
3683 0.2109375000930668 0.1484375000932328 0
3684 0.1953125000832528 0.1328125000834188 0
3685 0.2031250000980153 0.1562500000981398 0
3686 0.1953125000931083 0.1484375000932328 0
3687 0.1796875000931498 0.1484375000932328 0
3688 0.1875000000882013 0.1406250000883258 0
3689 0.1718750000980983 0.1562500000981398 0
3690 0.1640625000931913 0.1484375000932328 0
3691 0.1796875000832943 0.1328125000834188 0
3692 0.1953125001029638 0.1640625001030469 0
3693 0.1875000001079123 0.1718750001079539 0
3694 0.1796875001030053 0.1640625001030469 0
3695 0.1796875001128608 0.1796875001128608 0
3696 0.1640625001030468 0.1640625001030468 0
3697 0.1640625000833358 0.1328125000834188 0
3698 0.1562500000882843 0.1406250000883258 0
3699 0.1484375000833774 0.1328125000834188 0
3700 0.1484375000932328 0.1484375000932327 0
3701 0.1328125000834189 0.1328125000834188 0
3702 0.226562500004398 0.007812500004906964 0
3703 0.2187500000093419 0.01562500000981393 0
3704 0.2109375000044436 0.007812500004906964 0
3705 0.2109375000142859 0.02343750001472089 0
3706 0.1953125000044893 0.007812500004906964 0
3707 0.2031250000192298 0.03125000001962797 0
3708 0.1953125000143316 0.02343750001472089 0
3709 0.1796875000143773 0.02343750001472089 0
3710 0.1875000000094333 0.01562500000981393 0
3711 0.1718750000193213 0.03125000001962797 0
3712 0.164062500014423 0.02343750001472089 0
3713 0.179687500004535 0.007812500004906964 0
3714 0.1953125000241738 0.03906250002453503 0
3715 0.1875000000291178 0.046875000029442 0
3716 0.1796875000242195 0.03906250002453504 0
3717 0.1796875000340618 0.05468750003434898 0
3718 0.1640625000242652 0.03906250002453505 0
3719 0.1640625000045807 0.007812500004906964 0
3720 0.1562500000095247 0.01562500000981393 0
3721 0.1484375000046264 0.007812500004906964 0
3722 0.1484375000144687 0.02343750001472089 0
3723 0.1328125000046721 0.007812500004906964 0
3724 0.171875000038997 0.06250000003925593 0
3725 0.1640625000340988 0.05468750003434897 0
3726 0.1484375000341357 0.05468750003434895 0
3727 0.1562500000292005 0.046875000029442 0
3728 0.140625000039071 0.06250000003925593 0
3729 0.1328125000341727 0.05468750003434897 0
3730 0.1484375000243022 0.03906250002453505 0
3731 0.1171875000342097 0.05468750003434897 0
3732 0.1250000000292745 0.046875000029442 0
3733 0.1171875000243762 0.03906250002453504 0
3734 0.1328125000243392 0.03906250002453504 0
3735 0.1015625000244132 0.03906250002453504 0
3736 0.1093750000194779 0.03125000001962797 0
3737 0.1406250000194039 0.03125000001962797 0
3738 0.109375000039145 0.06250000003925593 0
3739 0.1015625000342467 0.05468750003434897 0
3740 0.08593750003428369 0.05468750003434897 0
3741 0.09375000002934843 0.04687500002944202 0
3742 0.07812500003921895 0.06250000003925593 0
3743 0.07031250003432066 0.05468750003434897 0
3744 0.08593750002445015 0.03906250002453504 0
3745 0.1328125000145057 0.02343750001472089 0
3746 0.1171875000145426 0.02343750001472089 0
3747 0.1250000000096074 0.01562500000981393 0
3748 0.1015625000145797 0.02343750001472089 0
3749 0.1171875000047091 0.007812500004906964 0
3750 0.164062500043941 0.0703125000441629 0
3751 0.156250000048885 0.07812500004906986 0
3752 0.148437500043978 0.07031250004416292 0
3753 0.148437500053829 0.08593750005397682 0
3754 0.132812500044015 0.0703125000441629 0
3755 0.1406250000587729 0.0937500000588839 0
3756 0.132812500053866 0.08593750005397682 0
3757 0.1171875000539029 0.08593750005397682 0
3758 0.1250000000489589 0.07812500004906986 0
3759 0.1093750000588469 0.0937500000588839 0
3760 0.1015625000539399 0.08593750005397682 0
3761 0.117187500044052 0.0703125000441629 0
3762 0.1328125000637169 0.101562500063791 0
3763 0.1250000000686609 0.109375000068698 0
3764 0.1171875000637539 0.101562500063791 0
3765 0.1171875000736049 0.1171875000736049 0
3766 0.1015625000637909 0.101562500063791 0
3767 0.101562500044089 0.0703125000441629 0
3768 0.09375000004903293 0.07812500004906989 0
3769 0.08593750004412594 0.07031250004416287 0
3770 0.08593750005397691 0.08593750005397682 0
3771 0.07031250004416292 0.0703125000441629 0
3772 0.1015625000047333 0.007812500004906964 0
3773 0.09375000000966856 0.01562500000981393 0
3774 0.08593750000475749 0.007812500004906964 0
3775 0.08593750001460382 0.02343750001472089 0
3776 0.07031250000478168 0.007812500004906964 0
3777 0.07812500001954316 0.03125000001962797 0
3778 0.07031250001463206 0.02343750001472089 0
3779 0.05468750001466036 0.02343750001472089 0
3780 0.06250000000972102 0.01562500000981393 0
3781 0.0468750000195997 0.03125000001962797 0
3782 0.03906250001468863 0.02343750001472089 0
3783 0.05468750000480994 0.007812500004906964 0
3784 0.07031250002447842 0.03906250002453505 0
3785 0.06250000002941368 0.046875000029442 0
3786 0.05468750002450669 0.03906250002453505 0
3787 0.05468750003434894 0.05468750003434897 0
3788 0.03906250002453496 0.03906250002453503 0
3789 0.03906250000484497 0.007812500004906964 0
3790 0.03125000000978163 0.01562500000981393 0
3791 0.02343750000487732 0.007812500004906964 0
3792 0.02343750001472097 0.02343750001472089 0
3793 0.007812500004906991 0.007812500004906964 0
3794 0.007812500004906991 0.02343750000494849 0
3795 0.01562500000981398 0.03125000000985556 0
3796 0.007812500004906991 0.03906250000499023 0
3797 0.02343750001472097 0.03906250001476264 0
3798 0.007812500004906991 0.05468750000503174 0
3799 0.03125000001962797 0.04687500001966959 0
3800 0.02343750001472097 0.05468750001480416 0
3801 0.02343750001472097 0.07031250001484568 0
3802 0.01562500000981398 0.06250000000993872 0
3803 0.03125000001962797 0.07812500001975262 0
3804 0.02343750001472097 0.08593750001488723 0
3805 0.007812500004906991 0.07031250000507329 0
3806 0.03906250002453496 0.05468750002457658 0
3807 0.04687500002944195 0.06250000002948353 0
3808 0.03906250002453496 0.07031250002461811 0
3809 0.05468750003434894 0.07031250003439049 0
3810 0.03906250002453496 0.08593750002465961 0
3811 0.007812500004906988 0.0859375000051148 0
3812 0.01562500000981398 0.09375000001002187 0
3813 0.007812500004906988 0.1015625000051565 0
3814 0.02343750001472097 0.1015625000149289 0
3815 0.007812500004906988 0.1171875000051981 0
3816 0.06250000003925593 0.07812500003929745 0
3817 0.05468750003434894 0.08593750003443201 0
3818 0.05468750003434894 0.1015625000344737 0
3819 0.04687500002944195 0.09375000002956668 0
3820 0.06250000003925593 0.1093750000393807 0
3821 0.05468750003434894 0.1171875000345153 0
3822 0.03906250002453496 0.1015625000247014 0
3823 0.05468750003434894 0.1328125000345568 0
3824 0.04687500002944195 0.1250000000296498 0
3825 0.03906250002453496 0.1328125000247844 0
3826 0.03906250002453496 0.1171875000247429 0
3827 0.03906250002453496 0.1484375000248259 0
3828 0.03125000001962797 0.140625000019919 0
3829 0.03125000001962797 0.1093750000198359 0
3830 0.06250000003925593 0.1406250000394638 0
3831 0.05468750003434894 0.1484375000345983 0
3832 0.05468750003434894 0.1640625000346401 0
3833 0.04687500002944195 0.156250000029733 0
3834 0.06250000003925593 0.171875000039547 0
3835 0.05468750003434894 0.1796875000346816 0
3836 0.03906250002453496 0.1640625000248676 0
3837 0.02343750001472097 0.1171875000149705 0
3838 0.02343750001472097 0.132812500015012 0
3839 0.01562500000981398 0.125000000010105 0
3840 0.02343750001472097 0.1484375000150535 0
3841 0.007812500004906988 0.1328125000052396 0
3842 0.07031250004416292 0.0859375000442044 0
3843 0.07812500004906991 0.09375000004911149 0
3844 0.07031250004416292 0.1015625000442462 0
3845 0.08593750005397691 0.1015625000540186 0
3846 0.07031250004416292 0.1171875000442877 0
3847 0.0937500000588839 0.1093750000589255 0
3848 0.08593750005397691 0.1171875000540601 0
3849 0.08593750005397691 0.1328125000541016 0
3850 0.07812500004906991 0.1250000000491946 0
3851 0.0937500000588839 0.1406250000590086 0
3852 0.08593750005397691 0.1484375000541432 0
3853 0.07031250004416292 0.1328125000443292 0
3854 0.1015625000637909 0.1171875000638325 0
3855 0.1093750000686979 0.1250000000687395 0
3856 0.1015625000637909 0.132812500063874 0
3857 0.1171875000736049 0.1328125000736464 0
3858 0.1015625000637909 0.1484375000639156 0
3859 0.07031250004416292 0.1484375000443707 0
3860 0.07812500004906991 0.1562500000492778 0
3861 0.07031250004416292 0.1640625000444124 0
3862 0.08593750005397691 0.1640625000541849 0
3863 0.07031250004416292 0.179687500044454 0
3864 0.007812500004906988 0.1484375000052812 0
3865 0.01562500000981398 0.1562500000101882 0
3866 0.007812500004906988 0.1640625000053229 0
3867 0.02343750001472097 0.1640625000150953 0
3868 0.007812500004906985 0.1796875000053644 0
3869 0.03125000001962797 0.1718750000200022 0
3870 0.02343750001472097 0.1796875000151368 0
3871 0.02343750001472097 0.1953125000151782 0
3872 0.01562500000981397 0.1875000000102713 0
3873 0.03125000001962797 0.2031250000200853 0
3874 0.02343750001472097 0.2109375000152198 0
3875 0.007812500004906985 0.1953125000054059 0
3876 0.03906250002453496 0.1796875000249092 0
3877 0.04687500002944195 0.1875000000298162 0
3878 0.03906250002453496 0.1953125000249507 0
3879 0.05468750003434894 0.1953125000347231 0
3880 0.03906250002453496 0.2109375000249922 0
3881 0.007812500004906985 0.2109375000054474 0
3882 0.01562500000981397 0.2187500000103545 0
3883 0.007812500004906985 0.2265625000054892 0
3884 0.02343750001472098 0.2265625000152616 0
3885 0.007812500004906985 0.2421875000055307 0
3886 0.1250000000785119 0.1406250000785534 0
3887 0.1171875000736049 0.148437500073688 0
3888 0.1171875000736049 0.1640625000737297 0
3889 0.1093750000686979 0.1562500000688226 0
3890 0.1250000000785119 0.1718750000786367 0
3891 0.1171875000736049 0.1796875000737712 0
3892 0.1015625000637909 0.1640625000639573 0
3893 0.1171875000736049 0.1953125000738127 0
3894 0.1093750000686979 0.1875000000689058 0
3895 0.1015625000637909 0.1953125000640403 0
3896 0.1015625000637909 0.1796875000639988 0
3897 0.1015625000637909 0.2109375000640819 0
3898 0.0937500000588839 0.2031250000591749 0
3899 0.0937500000588839 0.1718750000590918 0
3900 0.1250000000785119 0.2031250000787197 0
3901 0.1171875000736049 0.2109375000738543 0
3902 0.1171875000736049 0.226562500073896 0
3903 0.1093750000686979 0.2187500000689889 0
3904 0.1250000000785119 0.2343750000788029 0
3905 0.1171875000736049 0.2421875000739376 0
3906 0.1015625000637909 0.2265625000641236 0
3907 0.08593750005397691 0.1796875000542264 0
3908 0.08593750005397691 0.1953125000542679 0
3909 0.07812500004906991 0.187500000049361 0
3910 0.08593750005397691 0.2109375000543095 0
3911 0.07031250004416292 0.1953125000444955 0
3912 0.1171875000736049 0.257812500073979 0
3913 0.1093750000686979 0.2500000000690721 0
3914 0.1015625000637909 0.2578125000642066 0
3915 0.1015625000637909 0.2421875000641652 0
3916 0.1015625000637909 0.2734375000642482 0
3917 0.0937500000588839 0.2656250000593412 0
3918 0.0937500000588839 0.2343750000592581 0
3919 0.08593750005397691 0.2734375000544756 0
3920 0.08593750005397691 0.2578125000544342 0
3921 0.07812500004906991 0.2500000000495273 0
3922 0.08593750005397691 0.2421875000543927 0
3923 0.07031250004416292 0.2578125000446618 0
3924 0.07031250004416292 0.2421875000446203 0
3925 0.08593750005397691 0.2265625000543512 0
3926 0.08593750005397691 0.2890625000545176 0
3927 0.07812500004906991 0.2812500000496104 0
3928 0.07031250004416292 0.2890625000447451 0
3929 0.07031250004416292 0.2734375000447035 0
3930 0.07031250004416292 0.3046875000447866 0
3931 0.06250000003925593 0.2968750000398797 0
3932 0.06250000003925593 0.2656250000397964 0
3933 0.07812500004906991 0.2187500000494441 0
3934 0.07031250004416292 0.2265625000445788 0
3935 0.07031250004416292 0.210937500044537 0
3936 0.06250000003925593 0.2343750000397134 0
3937 0.06250000003925593 0.2031250000396301 0
3938 0.1250000000785119 0.265625000078886 0
3939 0.1171875000736049 0.2734375000740206 0
3940 0.1171875000736049 0.2890625000740623 0
3941 0.1093750000686979 0.2812500000691552 0
3942 0.1250000000785119 0.2968750000789693 0
3943 0.1171875000736049 0.3046875000741038 0
3944 0.1015625000637909 0.28906250006429 0
3945 0.1171875000736049 0.3203125000741454 0
3946 0.1093750000686979 0.3125000000692384 0
3947 0.1015625000637909 0.320312500064373 0
3948 0.1015625000637909 0.3046875000643314 0
3949 0.1015625000637909 0.3359375000644145 0
3950 0.0937500000588839 0.3281250000595075 0
3951 0.0937500000588839 0.2968750000594245 0
3952 0.1250000000785119 0.3281250000790523 0
3953 0.1171875000736049 0.3359375000741869 0
3954 0.1171875000736049 0.3515625000742285 0
3955 0.1093750000686979 0.3437500000693215 0
3956 0.1250000000785119 0.3593750000791357 0
3957 0.1171875000736049 0.3671875000742701 0
3958 0.1015625000637909 0.3515625000644562 0
3959 0.08593750005397691 0.304687500054559 0
3960 0.08593750005397691 0.3203125000546005 0
3961 0.07812500004906989 0.3125000000496935 0
3962 0.08593750005397691 0.3359375000546421 0
3963 0.07031250004416292 0.3203125000448281 0
3964 0.05468750003434894 0.2109375000347646 0
3965 0.05468750003434894 0.2265625000348063 0
3966 0.04687500002944196 0.2187500000298993 0
3967 0.05468750003434894 0.242187500034848 0
3968 0.03906250002453496 0.226562500025034 0
3969 0.05468750003434895 0.2578125000348894 0
3970 0.04687500002944196 0.2500000000299825 0
3971 0.03906250002453496 0.257812500025117 0
3972 0.03906250002453496 0.2421875000250755 0
3973 0.03906250002453496 0.2734375000251585 0
3974 0.03125000001962797 0.2656250000202516 0
3975 0.03125000001962797 0.2343750000201685 0
3976 0.05468750003434894 0.2734375000349311 0
3977 0.05468750003434894 0.2890625000349726 0
3978 0.04687500002944196 0.2812500000300657 0
3979 0.05468750003434894 0.3046875000350142 0
3980 0.03906250002453496 0.2890625000252003 0
3981 0.02343750001472098 0.2421875000153031 0
3982 0.02343750001472098 0.2578125000153446 0
3983 0.01562500000981397 0.2500000000104377 0
3984 0.02343750001472098 0.2734375000153861 0
3985 0.007812500004906985 0.2578125000055722 0
3986 0.1328125000834189 0.1484375000834603 0
3987 0.1406250000883258 0.1562500000883674 0
3988 0.1328125000834189 0.1640625000835021 0
3989 0.1484375000932328 0.1640625000932745 0
3990 0.1328125000834189 0.1796875000835436 0
3991 0.1562500000981398 0.1718750000981815 0
3992 0.1484375000932328 0.179687500093316 0
3993 0.1484375000932328 0.1953125000933575 0
3994 0.1406250000883258 0.1875000000884506 0
3995 0.1562500000981398 0.2031250000982645 0
3996 0.1484375000932329 0.2109375000933991 0
3997 0.1328125000834189 0.1953125000835852 0
3998 0.1640625001030468 0.1796875001030884 0
3999 0.1718750001079538 0.1875000001079954 0
4000 0.1640625001030468 0.1953125001031299 0
4001 0.1796875001128608 0.1953125001129024 0
4002 0.1640625001030468 0.2109375001031715 0
4003 0.1328125000834189 0.2109375000836267 0
4004 0.1406250000883258 0.2187500000885337 0
4005 0.1328125000834189 0.2265625000836684 0
4006 0.1484375000932328 0.2265625000934408 0
4007 0.1328125000834189 0.2421875000837099 0
4008 0.1875000001177678 0.2031250001178093 0
4009 0.1796875001128608 0.2109375001129439 0
4010 0.1796875001128608 0.2265625001129856 0
4011 0.1718750001079538 0.2187500001080786 0
4012 0.1875000001177678 0.2343750001178926 0
4013 0.1796875001128608 0.2421875001130271 0
4014 0.1640625001030468 0.2265625001032132 0
4015 0.1796875001128609 0.2578125001130687 0
4016 0.1718750001079538 0.2500000001081617 0
4017 0.1640625001030468 0.2578125001032963 0
4018 0.1640625001030468 0.2421875001032547 0
4019 0.1640625001030468 0.2734375001033378 0
4020 0.1562500000981398 0.2656250000984308 0
4021 0.1562500000981398 0.2343750000983478 0
4022 0.1875000001177678 0.2656250001179756 0
4023 0.1796875001128608 0.2734375001131102 0
4024 0.1796875001128609 0.2890625001131519 0
4025 0.1718750001079538 0.2812500001082449 0
4026 0.1875000001177678 0.2968750001180589 0
4027 0.1796875001128609 0.3046875001131935 0
4028 0.1640625001030468 0.2890625001033795 0
4029 0.1484375000932328 0.2421875000934823 0
4030 0.1484375000932328 0.2578125000935239 0
4031 0.1406250000883258 0.2500000000886169 0
4032 0.1484375000932328 0.2734375000935654 0
4033 0.1328125000834189 0.2578125000837515 0
4034 0.1953125001226748 0.2109375001227163 0
4035 0.2031250001275818 0.2187500001276234 0
4036 0.1953125001226748 0.226562500122758 0
4037 0.2109375001324888 0.2265625001325304 0
4038 0.1953125001226748 0.2421875001227995 0
4039 0.2187500001373958 0.2343750001374375 0
4040 0.2109375001324888 0.242187500132572 0
4041 0.2109375001324888 0.2578125001326135 0
4042 0.2031250001275818 0.2500000001277065 0
4043 0.2187500001373958 0.2656250001375204 0
4044 0.2109375001324888 0.273437500132655 0
4045 0.1953125001226748 0.2578125001228411 0
4046 0.2265625001423027 0.2421875001423444 0
4047 0.2343750001472097 0.2500000001472513 0
4048 0.2265625001423027 0.2578125001423859 0
4049 0.2421875001521167 0.2578125001521583 0
4050 0.2265625001423028 0.2734375001424274 0
4051 0.1953125001226748 0.2734375001228826 0
4052 0.2031250001275818 0.2812500001277897 0
4053 0.1953125001226747 0.2890625001229243 0
4054 0.2109375001324888 0.2890625001326967 0
4055 0.1953125001226747 0.3046875001229659 0
4056 0.1328125000834188 0.273437500083793 0
4057 0.1406250000883258 0.2812500000887 0
4058 0.1328125000834189 0.2890625000838347 0
4059 0.1484375000932328 0.2890625000936071 0
4060 0.1328125000834189 0.3046875000838762 0
4061 0.1562500000981398 0.296875000098514 0
4062 0.1484375000932328 0.3046875000936485 0
4063 0.1484375000932328 0.3203125000936902 0
4064 0.1406250000883258 0.3125000000887831 0
4065 0.1562500000981398 0.3281250000985971 0
4066 0.1484375000932328 0.3359375000937317 0
4067 0.1328125000834188 0.3203125000839178 0
4068 0.1640625001030468 0.304687500103421 0
4069 0.1718750001079538 0.312500000108328 0
4070 0.1640625001030468 0.3203125001034625 0
4071 0.1796875001128608 0.3203125001132349 0
4072 0.1640625001030468 0.335937500103504 0
4073 0.1328125000834189 0.3359375000839592 0
4074 0.1406250000883258 0.3437500000888664 0
4075 0.1328125000834189 0.3515625000840009 0
4076 0.1484375000932329 0.3515625000937734 0
4077 0.1328125000834188 0.3671875000840426 0
4078 0.007812500004906985 0.2734375000056137 0
4079 0.01562500000981397 0.2812500000105207 0
4080 0.007812500004906985 0.2890625000056554 0
4081 0.02343750001472098 0.2890625000154278 0
4082 0.007812500004906985 0.3046875000056969 0
4083 0.03125000001962797 0.2968750000203348 0
4084 0.02343750001472098 0.3046875000154694 0
4085 0.02343750001472098 0.320312500015511 0
4086 0.01562500000981397 0.3125000000106039 0
4087 0.03125000001962797 0.3281250000204178 0
4088 0.02343750001472099 0.3359375000155524 0
4089 0.007812500004906985 0.3203125000057385 0
4090 0.03906250002453496 0.3046875000252418 0
4091 0.04687500002944196 0.3125000000301488 0
4092 0.03906250002453496 0.3203125000252833 0
4093 0.05468750003434895 0.3203125000350558 0
4094 0.03906250002453496 0.3359375000253249 0
4095 0.007812500004906981 0.3359375000057802 0
4096 0.01562500000981396 0.343750000010687 0
4097 0.007812500004906981 0.3515625000058216 0
4098 0.02343750001472099 0.3515625000155939 0
4099 0.007812500004906981 0.3671875000058631 0
4100 0.06250000003925593 0.3281250000399626 0
4101 0.05468750003434895 0.3359375000350972 0
4102 0.05468750003434895 0.3515625000351389 0
4103 0.04687500002944196 0.3437500000302318 0
4104 0.06250000003925593 0.359375000040046 0
4105 0.05468750003434895 0.3671875000351806 0
4106 0.03906250002453494 0.3515625000253664 0
4107 0.05468750003434895 0.382812500035222 0
4108 0.04687500002944198 0.375000000030315 0
4109 0.03906250002453496 0.3828125000254498 0
4110 0.03906250002453494 0.367187500025408 0
4111 0.03906250002453496 0.3984375000254912 0
4112 0.03125000001962797 0.3906250000205842 0
4113 0.03125000001962797 0.3593750000205008 0
4114 0.06250000003925593 0.390625000040129 0
4115 0.05468750003434895 0.3984375000352636 0
4116 0.05468750003434895 0.4140625000353053 0
4117 0.04687500002944198 0.4062500000303982 0
4118 0.06250000003925593 0.4218750000402124 0
4119 0.05468750003434895 0.4296875000353467 0
4120 0.03906250002453494 0.4140625000255327 0
4121 0.02343750001472099 0.3671875000156355 0
4122 0.02343750001472099 0.3828125000156772 0
4123 0.01562500000981396 0.3750000000107702 0
4124 0.02343750001472099 0.3984375000157188 0
4125 0.007812500004906981 0.3828125000059048 0
4126 0.07031250004416292 0.3359375000448696 0
4127 0.07812500004906991 0.3437500000497768 0
4128 0.07031250004416292 0.3515625000449114 0
4129 0.08593750005397691 0.3515625000546837 0
4130 0.07031250004416292 0.3671875000449529 0
4131 0.0937500000588839 0.3593750000595908 0
4132 0.08593750005397691 0.3671875000547253 0
4133 0.08593750005397691 0.3828125000547669 0
4134 0.07812500004906989 0.3750000000498599 0
4135 0.0937500000588839 0.3906250000596737 0
4136 0.08593750005397691 0.3984375000548083 0
4137 0.07031250004416292 0.3828125000449946 0
4138 0.1015625000637909 0.3671875000644977 0
4139 0.1093750000686979 0.3750000000694047 0
4140 0.1015625000637909 0.3828125000645392 0
4141 0.1171875000736049 0.3828125000743117 0
4142 0.1015625000637909 0.3984375000645808 0
4143 0.07031250004416292 0.3984375000450359 0
4144 0.07812500004906989 0.406250000049943 0
4145 0.07031250004416292 0.4140625000450777 0
4146 0.08593750005397691 0.4140625000548501 0
4147 0.07031250004416292 0.4296875000451192 0
4148 0.007812500004906981 0.3984375000059465 0
4149 0.01562500000981396 0.4062500000108534 0
4150 0.007812500004906981 0.4140625000059879 0
4151 0.02343750001472099 0.4140625000157603 0
4152 0.007812500004906978 0.4296875000060294 0
4153 0.03125000001962797 0.4218750000206672 0
4154 0.02343750001472099 0.4296875000158019 0
4155 0.02343750001472099 0.4453125000158435 0
4156 0.01562500000981396 0.4375000000109366 0
4157 0.03125000001962797 0.4531250000207505 0
4158 0.02343750001472099 0.460937500015885 0
4159 0.007812500004906978 0.4453125000060711 0
4160 0.03906250002453494 0.4296875000255743 0
4161 0.04687500002944198 0.4375000000304815 0
4162 0.03906250002453494 0.445312500025616 0
4163 0.05468750003434895 0.4453125000353884 0
4164 0.03906250002453494 0.4609375000256576 0
4165 0.007812500004906978 0.4609375000061127 0
4166 0.01562500000981396 0.4687500000110197 0
4167 0.007812500004906978 0.4765625000061541 0
4168 0.02343750001472099 0.4765625000159266 0
4169 0.007812500004906978 0.4921875000061957 0
4170 0.2500000001570237 0.2656250001570237 0
4171 0.2421875001521168 0.2734375001521583 0
4172 0.2421875001521168 0.2890625001521583 0
4173 0.2343750001472097 0.2812500001472928 0
4174 0.2500000001570237 0.2968750001570236 0
4175 0.2421875001521168 0.3046875001521583 0
4176 0.2265625001423027 0.2890625001424274 0
4177 0.2421875001521168 0.3203125001521583 0
4178 0.2343750001472097 0.3125000001472928 0
4179 0.2265625001423027 0.3203125001424274 0
4180 0.2265625001423027 0.3046875001424274 0
4181 0.2265625001423027 0.3359375001424273 0
4182 0.2187500001373958 0.328125000137562 0
4183 0.2187500001373958 0.2968750001375621 0
4184 0.2500000001570237 0.3281250001570237 0
4185 0.2421875001521168 0.3359375001521583 0
4186 0.2421875001521168 0.3515625001521583 0
4187 0.2343750001472097 0.3437500001472928 0
4188 0.2500000001570237 0.3593750001570237 0
4189 0.2421875001521167 0.3671875001521582 0
4190 0.2265625001423027 0.3515625001424274 0
4191 0.2109375001324888 0.3046875001326967 0
4192 0.2109375001324888 0.3203125001326967 0
4193 0.2031250001275818 0.3125000001278313 0
4194 0.2109375001324888 0.3359375001326967 0
4195 0.1953125001226748 0.3203125001229659 0
4196 0.2421875001521168 0.3828125001521583 0
4197 0.2343750001472097 0.3750000001472928 0
4198 0.2265625001423027 0.3828125001424273 0
4199 0.2265625001423027 0.3671875001424274 0
4200 0.2265625001423027 0.3984375001424274 0
4201 0.2187500001373958 0.3906250001375621 0
4202 0.2187500001373958 0.3593750001375621 0
4203 0.2109375001324888 0.3984375001326967 0
4204 0.2109375001324888 0.3828125001326967 0
4205 0.2031250001275818 0.3750000001278313 0
4206 0.2109375001324888 0.3671875001326967 0
4207 0.1953125001226747 0.3828125001229659 0
4208 0.1953125001226747 0.3671875001229659 0
4209 0.2109375001324888 0.3515625001326967 0
4210 0.2109375001324888 0.4140625001326969 0
4211 0.2031250001275818 0.4062500001278313 0
4212 0.1953125001226747 0.414062500122966 0
4213 0.1953125001226747 0.3984375001229658 0
4214 0.1953125001226747 0.4296875001229659 0
4215 0.1875000001177678 0.4218750001181004 0
4216 0.1875000001177678 0.3906250001181004 0
4217 0.2031250001275818 0.3437500001278312 0
4218 0.1953125001226747 0.3515625001229659 0
4219 0.1953125001226748 0.3359375001229659 0
4220 0.1875000001177678 0.3593750001181004 0
4221 0.1875000001177678 0.3281250001181004 0
4222 0.2500000001570237 0.3906250001570237 0
4223 0.2421875001521168 0.3984375001521583 0
4224 0.2421875001521168 0.4140625001521583 0
4225 0.2343750001472097 0.4062500001472929 0
4226 0.2500000001570237 0.4218750001570237 0
4227 0.2421875001521168 0.4296875001521582 0
4228 0.2265625001423027 0.4140625001424274 0
4229 0.2421875001521168 0.4453125001521583 0
4230 0.2343750001472097 0.4375000001472928 0
4231 0.2265625001423027 0.4453125001424274 0
4232 0.2265625001423027 0.4296875001424273 0
4233 0.2265625001423027 0.4609375001424274 0
4234 0.2187500001373958 0.453125000137562 0
4235 0.2187500001373958 0.4218750001375621 0
4236 0.2500000001570237 0.4531250001570238 0
4237 0.2421875001521168 0.4609375001521583 0
4238 0.2421875001521168 0.4765625001521583 0
4239 0.2343750001472097 0.4687500001472928 0
4240 0.2500000001570237 0.4843750001570237 0
4241 0.2421875001521168 0.4921875001521582 0
4242 0.2265625001423027 0.4765625001424273 0
4243 0.2109375001324888 0.4296875001326967 0
4244 0.2109375001324888 0.4453125001326967 0
4245 0.2031250001275818 0.4375000001278313 0
4246 0.2109375001324888 0.4609375001326967 0
4247 0.1953125001226747 0.445312500122966 0
4248 0.1796875001128608 0.3359375001132349 0
4249 0.1796875001128608 0.351562500113235 0
4250 0.1718750001079538 0.3437500001083695 0
4251 0.1796875001128608 0.367187500113235 0
4252 0.1640625001030468 0.3515625001035041 0
4253 0.1796875001128608 0.382812500113235 0
4254 0.1718750001079538 0.3750000001083695 0
4255 0.1640625001030468 0.3828125001035041 0
4256 0.1640625001030468 0.3671875001035041 0
4257 0.1640625001030468 0.3984375001035041 0
4258 0.1562500000981398 0.3906250000986389 0
4259 0.1562500000981398 0.3593750000986389 0
4260 0.1796875001128608 0.398437500113235 0
4261 0.1796875001128608 0.414062500113235 0
4262 0.1718750001079538 0.4062500001083696 0
4263 0.1796875001128608 0.429687500113235 0
4264 0.1640625001030468 0.4140625001035041 0
4265 0.1484375000932329 0.3671875000937734 0
4266 0.1484375000932328 0.3828125000937734 0
4267 0.1406250000883258 0.3750000000889079 0
4268 0.1484375000932328 0.3984375000937734 0
4269 0.1328125000834189 0.3828125000840424 0
4270 0.2421875001521168 0.5078125001521583 0
4271 0.2343750001472097 0.5000000001472928 0
4272 0.2265625001423027 0.5078125001424275 0
4273 0.2265625001423027 0.4921875001424274 0
4274 0.2265625001423027 0.5234375001424275 0
4275 0.2187500001373958 0.5156250001375621 0
4276 0.2187500001373958 0.4843750001375622 0
4277 0.2109375001324888 0.5234375001326966 0
4278 0.2109375001324888 0.5078125001326966 0
4279 0.2031250001275818 0.5000000001278313 0
4280 0.2109375001324888 0.4921875001326966 0
4281 0.1953125001226747 0.5078125001229659 0
4282 0.1953125001226747 0.4921875001229659 0
4283 0.2109375001324888 0.4765625001326967 0
4284 0.2109375001324888 0.5390625001326966 0
4285 0.2031250001275818 0.5312500001278313 0
4286 0.1953125001226747 0.5390625001229659 0
4287 0.1953125001226747 0.5234375001229659 0
4288 0.1953125001226747 0.5546875001229661 0
4289 0.1875000001177678 0.5468750001181004 0
4290 0.1875000001177678 0.5156250001181004 0
4291 0.2031250001275818 0.4687500001278314 0
4292 0.1953125001226747 0.4765625001229659 0
4293 0.1953125001226747 0.4609375001229659 0
4294 0.1875000001177678 0.4843750001181004 0
4295 0.1875000001177678 0.4531250001181004 0
4296 0.1796875001128609 0.554687500113235 0
4297 0.1796875001128609 0.539062500113235 0
4298 0.1718750001079538 0.5312500001083695 0
4299 0.1796875001128609 0.523437500113235 0
4300 0.1640625001030468 0.5390625001035042 0
4301 0.1640625001030468 0.5234375001035042 0
4302 0.1796875001128609 0.507812500113235 0
4303 0.1562500000981398 0.5156250000986388 0
4304 0.1640625001030468 0.5078125001035042 0
4305 0.1640625001030468 0.4921875001035041 0
4306 0.1718750001079538 0.5000000001083695 0
4307 0.1562500000981398 0.4843750000986388 0
4308 0.1640625001030468 0.476562500103504 0
4309 0.1796875001128609 0.492187500113235 0
4310 0.1484375000932329 0.5234375000937733 0
4311 0.1484375000932329 0.5078125000937733 0
4312 0.1406250000883258 0.500000000088908 0
4313 0.1484375000932329 0.4921875000937734 0
4314 0.1328125000834188 0.5078125000840426 0
4315 0.1328125000834188 0.4921875000840426 0
4316 0.1484375000932329 0.4765625000937734 0
4317 0.1796875001128609 0.476562500113235 0
4318 0.1718750001079538 0.4687500001083696 0
4319 0.1796875001128609 0.4609375001132349 0
4320 0.1640625001030468 0.4609375001035041 0
4321 0.1796875001128609 0.4453125001132349 0
4322 0.1796875001128609 0.570312500113235 0
4323 0.1718750001079538 0.5625000001083695 0
4324 0.1640625001030468 0.5703125001035042 0
4325 0.1640625001030468 0.5546875001035042 0
4326 0.1640625001030468 0.5859375001035042 0
4327 0.1562500000981398 0.5781250000986388 0
4328 0.1562500000981398 0.5468750000986388 0
4329 0.1484375000932329 0.5859375000937733 0
4330 0.1484375000932329 0.5703125000937731 0
4331 0.1406250000883258 0.5625000000889082 0
4332 0.1484375000932329 0.5546875000937733 0
4333 0.1328125000834188 0.5703125000840428 0
4334 0.1328125000834188 0.5546875000840428 0
4335 0.1484375000932329 0.5390625000937733 0
4336 0.1484375000932329 0.6015625000937733 0
4337 0.1406250000883258 0.5937500000889079 0
4338 0.1328125000834189 0.6015625000840427 0
4339 0.1328125000834188 0.5859375000840428 0
4340 0.1328125000834188 0.6171875000840424 0
4341 0.1250000000785119 0.6093750000791771 0
4342 0.1250000000785119 0.5781250000791771 0
4343 0.1406250000883258 0.531250000088908 0
4344 0.1328125000834188 0.5390625000840426 0
4345 0.1328125000834188 0.5234375000840426 0
4346 0.1250000000785119 0.5468750000791771 0
4347 0.1250000000785119 0.5156250000791771 0
4348 0.1718750001079538 0.4375000001083695 0
4349 0.1640625001030468 0.4453125001035041 0
4350 0.1640625001030468 0.4296875001035042 0
4351 0.1562500000981398 0.4531250000986388 0
4352 0.1562500000981398 0.4218750000986388 0
4353 0.1484375000932329 0.4609375000937735 0
4354 0.1484375000932329 0.4453125000937734 0
4355 0.1406250000883258 0.4375000000889079 0
4356 0.1484375000932329 0.4296875000937734 0
4357 0.1328125000834189 0.4453125000840426 0
4358 0.1328125000834188 0.4296875000840426 0
4359 0.1484375000932328 0.4140625000937734 0
4360 0.1406250000883258 0.468750000088908 0
4361 0.1328125000834188 0.4765625000840425 0
4362 0.1328125000834188 0.4609375000840426 0
4363 0.1250000000785119 0.4843750000791771 0
4364 0.1250000000785119 0.4531250000791771 0
4365 0.1406250000883258 0.4062500000889079 0
4366 0.1328125000834188 0.4140625000840426 0
4367 0.1328125000834189 0.3984375000840426 0
4368 0.1250000000785119 0.4218750000791771 0
4369 0.1250000000785119 0.3906250000791772 0
4370 0.2500000001570237 0.5156250001570237 0
4371 0.2421875001521167 0.5234375001521583 0
4372 0.2421875001521168 0.5390625001521583 0
4373 0.2343750001472097 0.5312500001472928 0
4374 0.2500000001570237 0.5468750001570237 0
4375 0.2421875001521168 0.5546875001521583 0
4376 0.2265625001423027 0.5390625001424275 0
4377 0.2421875001521168 0.5703125001521583 0
4378 0.2343750001472098 0.5625000001472928 0
4379 0.2265625001423028 0.5703125001424275 0
4380 0.2265625001423027 0.5546875001424275 0
4381 0.2265625001423027 0.5859375001424275 0
4382 0.2187500001373958 0.5781250001375621 0
4383 0.2187500001373958 0.5468750001375621 0
4384 0.2500000001570237 0.5781250001570237 0
4385 0.2421875001521168 0.5859375001521583 0
4386 0.2421875001521168 0.6015625001521583 0
4387 0.2343750001472097 0.5937500001472928 0
4388 0.2500000001570237 0.6093750001570237 0
4389 0.2421875001521168 0.6171875001521583 0
4390 0.2265625001423027 0.6015625001424277 0
4391 0.2109375001324888 0.5546875001326966 0
4392 0.2109375001324888 0.5703125001326966 0
4393 0.2031250001275818 0.5625000001278313 0
4394 0.2109375001324888 0.5859375001326966 0
4395 0.1953125001226747 0.5703125001229659 0
4396 0.2421875001521168 0.6328125001521583 0
4397 0.2343750001472098 0.6250000001472928 0
4398 0.2265625001423027 0.6328125001424275 0
4399 0.2265625001423028 0.6171875001424275 0
4400 0.2265625001423027 0.6484375001424275 0
4401 0.2187500001373958 0.6406250001375621 0
4402 0.2187500001373958 0.6093750001375621 0
4403 0.2109375001324888 0.6484375001326965 0
4404 0.2109375001324888 0.6328125001326966 0
4405 0.2031250001275818 0.6250000001278313 0
4406 0.2109375001324888 0.6171875001326966 0
4407 0.1953125001226747 0.6328125001229659 0
4408 0.1953125001226747 0.6171875001229659 0
4409 0.2109375001324888 0.6015625001326966 0
4410 0.2109375001324889 0.6640625001326967 0
4411 0.2031250001275817 0.6562500001278313 0
4412 0.1953125001226748 0.6640625001229659 0
4413 0.1953125001226747 0.6484375001229659 0
4414 0.1953125001226747 0.6796875001229659 0
4415 0.1875000001177678 0.6718750001181002 0
4416 0.1875000001177678 0.6406250001181004 0
4417 0.2031250001275818 0.5937500001278313 0
4418 0.1953125001226747 0.6015625001229659 0
4419 0.1953125001226747 0.5859375001229659 0
4420 0.1875000001177678 0.6093750001181004 0
4421 0.1875000001177678 0.5781250001181004 0
4422 0.2500000001570237 0.6406250001570237 0
4423 0.2421875001521167 0.6484375001521583 0
4424 0.2421875001521168 0.6640625001521585 0
4425 0.2343750001472097 0.6562500001472928 0
4426 0.2500000001570237 0.6718750001570237 0
4427 0.2421875001521168 0.6796875001521583 0
4428 0.2265625001423027 0.6640625001424274 0
4429 0.2421875001521168 0.6953125001521583 0
4430 0.2343750001472098 0.687500000147293 0
4431 0.2265625001423027 0.6953125001424277 0
4432 0.2265625001423027 0.6796875001424275 0
4433 0.2265625001423027 0.7109375001424274 0
4434 0.2187500001373958 0.7031250001375623 0
4435 0.2187500001373958 0.6718750001375622 0
4436 0.2500000001570237 0.7031250001570235 0
4437 0.2421875001521168 0.7109375001521581 0
4438 0.2421875001521168 0.7265625001521584 0
4439 0.2343750001472097 0.718750000147293 0
4440 0.2500000001570237 0.7343750001570237 0
4441 0.2421875001521168 0.7421875001521583 0
4442 0.2265625001423027 0.7265625001424275 0
4443 0.2109375001324888 0.6796875001326964 0
4444 0.2109375001324889 0.6953125001326966 0
4445 0.2031250001275818 0.6875000001278313 0
4446 0.2109375001324888 0.7109375001326964 0
4447 0.1953125001226747 0.6953125001229659 0
4448 0.1796875001128609 0.585937500113235 0
4449 0.1796875001128609 0.601562500113235 0
4450 0.1718750001079538 0.5937500001083695 0
4451 0.1796875001128609 0.617187500113235 0
4452 0.1640625001030468 0.601562500103504 0
4453 0.1796875001128609 0.6328125001132351 0
4454 0.1718750001079538 0.6250000001083695 0
4455 0.1640625001030468 0.6328125001035042 0
4456 0.1640625001030468 0.6171875001035044 0
4457 0.1640625001030468 0.6484375001035041 0
4458 0.1562500000981398 0.6406250000986388 0
4459 0.1562500000981398 0.6093750000986388 0
4460 0.1796875001128609 0.648437500113235 0
4461 0.1796875001128609 0.664062500113235 0
4462 0.1718750001079538 0.6562500001083695 0
4463 0.1796875001128609 0.679687500113235 0
4464 0.1640625001030468 0.6640625001035044 0
4465 0.1484375000932329 0.6171875000937731 0
4466 0.1484375000932329 0.6328125000937734 0
4467 0.1406250000883258 0.6250000000889079 0
4468 0.1484375000932329 0.6484375000937733 0
4469 0.1328125000834188 0.6328125000840424 0
4470 0.1171875000736049 0.3984375000743117 0
4471 0.1171875000736049 0.4140625000743117 0
4472 0.1093750000686979 0.4062500000694461 0
4473 0.1171875000736049 0.4296875000743117 0
4474 0.1015625000637909 0.4140625000645808 0
4475 0.1171875000736049 0.4453125000743117 0
4476 0.1093750000686979 0.4375000000694463 0
4477 0.1015625000637909 0.4453125000645808 0
4478 0.1015625000637909 0.4296875000645809 0
4479 0.1015625000637909 0.4609375000645807 0
4480 0.0937500000588839 0.4531250000597155 0
4481 0.0937500000588839 0.4218750000597155 0
4482 0.1171875000736049 0.4609375000743117 0
4483 0.1171875000736049 0.4765625000743117 0
4484 0.1093750000686979 0.4687500000694462 0
4485 0.1171875000736049 0.4921875000743117 0
4486 0.1015625000637909 0.4765625000645808 0
4487 0.08593750005397691 0.4296875000548501 0
4488 0.08593750005397691 0.44531250005485 0
4489 0.07812500004906989 0.4375000000499847 0
4490 0.08593750005397691 0.4609375000548501 0
4491 0.07031250004416292 0.4453125000451192 0
4492 0.1171875000736049 0.5078125000743117 0
4493 0.1093750000686979 0.5000000000694462 0
4494 0.1015625000637909 0.5078125000645808 0
4495 0.1015625000637909 0.4921875000645807 0
4496 0.1015625000637909 0.5234375000645808 0
4497 0.0937500000588839 0.5156250000597155 0
4498 0.0937500000588839 0.4843750000597155 0
4499 0.08593750005397691 0.52343750005485 0
4500 0.08593750005397693 0.50781250005485 0
4501 0.07812500004906989 0.5000000000499846 0
4502 0.08593750005397691 0.49218750005485 0
4503 0.07031250004416292 0.5078125000451191 0
4504 0.07031250004416292 0.4921875000451191 0
4505 0.08593750005397691 0.47656250005485 0
4506 0.08593750005397691 0.53906250005485 0
4507 0.07812500004906989 0.5312500000499846 0
4508 0.07031250004416292 0.5390625000451191 0
4509 0.07031250004416292 0.5234375000451191 0
4510 0.07031250004416292 0.5546875000451189 0
4511 0.06250000003925593 0.5468750000402537 0
4512 0.06250000003925593 0.5156250000402537 0
4513 0.07812500004906989 0.4687500000499847 0
4514 0.07031250004416292 0.4765625000451192 0
4515 0.07031250004416292 0.4609375000451194 0
4516 0.06250000003925593 0.4843750000402538 0
4517 0.06250000003925593 0.4531250000402538 0
4518 0.1171875000736049 0.5234375000743117 0
4519 0.1171875000736049 0.5390625000743117 0
4520 0.1093750000686979 0.5312500000694462 0
4521 0.1171875000736049 0.5546875000743117 0
4522 0.1015625000637909 0.5390625000645808 0
4523 0.1171875000736049 0.5703125000743117 0
4524 0.1093750000686979 0.5625000000694464 0
4525 0.1015625000637909 0.5703125000645806 0
4526 0.1015625000637909 0.5546875000645808 0
4527 0.1015625000637909 0.5859375000645808 0
4528 0.0937500000588839 0.5781250000597153 0
4529 0.0937500000588839 0.5468750000597153 0
4530 0.1171875000736049 0.5859375000743117 0
4531 0.1171875000736049 0.6015625000743116 0
4532 0.1093750000686979 0.5937500000694462 0
4533 0.1171875000736049 0.6171875000743118 0
4534 0.1015625000637909 0.6015625000645808 0
4535 0.08593750005397691 0.5546875000548499 0
4536 0.08593750005397691 0.5703125000548499 0
4537 0.07812500004906989 0.5625000000499845 0
4538 0.08593750005397691 0.58593750005485 0
4539 0.07031250004416292 0.5703125000451191 0
4540 0.05468750003434895 0.4609375000353884 0
4541 0.05468750003434895 0.4765625000353884 0
4542 0.04687500002944198 0.4687500000305229 0
4543 0.05468750003434895 0.4921875000353884 0
4544 0.03906250002453494 0.4765625000256575 0
4545 0.05468750003434895 0.5078125000353884 0
4546 0.04687500002944198 0.5000000000305229 0
4547 0.03906250002453494 0.5078125000256575 0
4548 0.03906250002453494 0.4921875000256576 0
4549 0.03906250002453494 0.5234375000256574 0
4550 0.03125000001962797 0.515625000020792 0
4551 0.03125000001962797 0.4843750000207921 0
4552 0.05468750003434897 0.5234375000353884 0
4553 0.05468750003434895 0.5390625000353882 0
4554 0.04687500002944198 0.5312500000305231 0
4555 0.05468750003434895 0.5546875000353882 0
4556 0.03906250002453494 0.5390625000256574 0
4557 0.02343750001472099 0.4921875000159266 0
4558 0.02343750001472099 0.5078125000159266 0
4559 0.01562500000981396 0.5000000000110612 0
4560 0.02343750001472099 0.5234375000159266 0
4561 0.007812500004906978 0.5078125000061958 0
4562 0.2578125001619307 0.2734375001619307 0
4563 0.2656250001668377 0.2812500001668377 0
4564 0.2578125001619307 0.2890625001619307 0
4565 0.2734375001717447 0.2890625001717446 0
4566 0.2578125001619307 0.3046875001619307 0
4567 0.2812500001766517 0.2968750001766517 0
4568 0.2734375001717447 0.3046875001717446 0
4569 0.2734375001717447 0.3203125001717446 0
4570 0.2656250001668377 0.3125000001668377 0
4571 0.2812500001766517 0.3281250001766517 0
4572 0.2734375001717447 0.3359375001717446 0
4573 0.2578125001619307 0.3203125001619307 0
4574 0.2890625001815587 0.3046875001815588 0
4575 0.2968750001864657 0.3125000001864657 0
4576 0.2890625001815587 0.3203125001815588 0
4577 0.3046875001913727 0.3203125001913727 0
4578 0.2890625001815587 0.3359375001815588 0
4579 0.2578125001619307 0.3359375001619307 0
4580 0.2656250001668377 0.3437500001668376 0
4581 0.2578125001619307 0.3515625001619307 0
4582 0.2734375001717447 0.3515625001717447 0
4583 0.2578125001619307 0.3671875001619307 0
4584 0.3125000001962797 0.3281250001962797 0
4585 0.3046875001913727 0.3359375001913727 0
4586 0.3046875001913727 0.3515625001913727 0
4587 0.2968750001864658 0.3437500001864656 0
4588 0.3125000001962797 0.3593750001962797 0
4589 0.3046875001913727 0.3671875001913727 0
4590 0.2890625001815587 0.3515625001815588 0
4591 0.3046875001913727 0.3828125001913727 0
4592 0.2968750001864657 0.3750000001864657 0
4593 0.2890625001815587 0.3828125001815588 0
4594 0.2890625001815587 0.3671875001815588 0
4595 0.2890625001815587 0.3984375001815588 0
4596 0.2812500001766517 0.3906250001766517 0
4597 0.2812500001766517 0.3593750001766517 0
4598 0.3125000001962797 0.3906250001962797 0
4599 0.3046875001913727 0.3984375001913727 0
4600 0.3046875001913727 0.4140625001913727 0
4601 0.2968750001864657 0.4062500001864658 0
4602 0.3125000001962797 0.4218750001962797 0
4603 0.3046875001913727 0.4296875001913727 0
4604 0.2890625001815587 0.4140625001815588 0
4605 0.2734375001717447 0.3671875001717446 0
4606 0.2734375001717447 0.3828125001717446 0
4607 0.2656250001668377 0.3750000001668377 0
4608 0.2734375001717447 0.3984375001717445 0
4609 0.2578125001619307 0.3828125001619307 0
4610 0.3203125002011866 0.3359375002011866 0
4611 0.3281250002060935 0.3437500002060936 0
4612 0.3203125002011866 0.3515625002011866 0
4613 0.3359375002110007 0.3515625002110007 0
4614 0.3203125002011866 0.3671875002011866 0
4615 0.3437500002159076 0.3593750002159076 0
4616 0.3359375002110007 0.3671875002110006 0
4617 0.3359375002110007 0.3828125002110006 0
4618 0.3281250002060935 0.3750000002060935 0
4619 0.3437500002159076 0.3906250002159076 0
4620 0.3359375002110007 0.3984375002110006 0
4621 0.3203125002011866 0.3828125002011866 0
4622 0.3515625002208146 0.3671875002208147 0
4623 0.3593750002257217 0.3750000002257217 0
4624 0.3515625002208146 0.3828125002208147 0
4625 0.3671875002306286 0.3828125002306286 0
4626 0.3515625002208146 0.3984375002208147 0
4627 0.3203125002011866 0.3984375002011866 0
4628 0.3281250002060936 0.4062500002060936 0
4629 0.3203125002011866 0.4140625002011866 0
4630 0.3359375002110007 0.4140625002110006 0
4631 0.3203125002011866 0.4296875002011866 0
4632 0.2578125001619307 0.3984375001619307 0
4633 0.2656250001668376 0.4062500001668377 0
4634 0.2578125001619307 0.4140625001619307 0
4635 0.2734375001717447 0.4140625001717446 0
4636 0.2578125001619307 0.4296875001619307 0
4637 0.2812500001766517 0.4218750001766517 0
4638 0.2734375001717447 0.4296875001717446 0
4639 0.2734375001717447 0.4453125001717446 0
4640 0.2656250001668377 0.4375000001668377 0
4641 0.2812500001766517 0.4531250001766517 0
4642 0.2734375001717447 0.4609375001717446 0
4643 0.2578125001619307 0.4453125001619306 0
4644 0.2890625001815587 0.4296875001815587 0
4645 0.2968750001864658 0.4375000001864658 0
4646 0.2890625001815587 0.4453125001815588 0
4647 0.3046875001913727 0.4453125001913727 0
4648 0.2890625001815587 0.4609375001815588 0
4649 0.2578125001619307 0.4609375001619307 0
4650 0.2656250001668376 0.4687500001668377 0
4651 0.2578125001619307 0.4765625001619307 0
4652 0.2734375001717447 0.4765625001717446 0
4653 0.2578125001619307 0.4921875001619307 0
4654 0.3750000002355356 0.3906250002355356 0
4655 0.3671875002306286 0.3984375002306286 0
4656 0.3671875002306286 0.4140625002306287 0
4657 0.3593750002257217 0.4062500002257216 0
4658 0.3750000002355356 0.4218750002355356 0
4659 0.3671875002306286 0.4296875002306286 0
4660 0.3515625002208146 0.4140625002208147 0
4661 0.3671875002306286 0.4453125002306286 0
4662 0.3593750002257217 0.4375000002257217 0
4663 0.3515625002208146 0.4453125002208147 0
4664 0.3515625002208146 0.4296875002208147 0
4665 0.3515625002208146 0.4609375002208148 0
4666 0.3437500002159076 0.4531250002159076 0
4667 0.3437500002159076 0.4218750002159076 0
4668 0.3750000002355356 0.4531250002355356 0
4669 0.3671875002306286 0.4609375002306286 0
4670 0.3671875002306286 0.4765625002306286 0
4671 0.3593750002257217 0.4687500002257216 0
4672 0.3750000002355356 0.4843750002355356 0
4673 0.3671875002306286 0.4921875002306286 0
4674 0.3515625002208146 0.4765625002208147 0
4675 0.3359375002110007 0.4296875002110006 0
4676 0.3359375002110007 0.4453125002110006 0
4677 0.3281250002060935 0.4375000002060936 0
4678 0.3359375002110007 0.4609375002110006 0
4679 0.3203125002011866 0.4453125002011866 0
4680 0.3671875002306286 0.5078125002306286 0
4681 0.3593750002257217 0.5000000002257217 0
4682 0.3515625002208146 0.5078125002208146 0
4683 0.3515625002208146 0.4921875002208147 0
4684 0.3515625002208146 0.5234375002208146 0
4685 0.3437500002159076 0.5156250002159076 0
4686 0.3437500002159076 0.4843750002159076 0
4687 0.3359375002110007 0.5234375002110007 0
4688 0.3359375002110007 0.5078125002110007 0
4689 0.3281250002060935 0.5000000002060936 0
4690 0.3359375002110007 0.4921875002110006 0
4691 0.3203125002011866 0.5078125002011866 0
4692 0.3203125002011866 0.4921875002011866 0
4693 0.3359375002110007 0.4765625002110006 0
4694 0.3359375002110007 0.5390625002110007 0
4695 0.3281250002060935 0.5312500002060936 0
4696 0.3203125002011866 0.5390625002011866 0
4697 0.3203125002011866 0.5234375002011866 0
4698 0.3203125002011866 0.5546875002011866 0
4699 0.3125000001962797 0.5468750001962797 0
4700 0.3125000001962797 0.5156250001962797 0
4701 0.3281250002060935 0.4687500002060936 0
4702 0.3203125002011866 0.4765625002011866 0
4703 0.3203125002011866 0.4609375002011866 0
4704 0.3125000001962797 0.4843750001962797 0
4705 0.3125000001962797 0.4531250001962797 0
4706 0.3750000002355356 0.5156250002355356 0
4707 0.3671875002306286 0.5234375002306286 0
4708 0.3671875002306286 0.5390625002306286 0
4709 0.3593750002257217 0.5312500002257217 0
4710 0.3750000002355356 0.5468750002355356 0
4711 0.3671875002306286 0.5546875002306286 0
4712 0.3515625002208146 0.5390625002208146 0
4713 0.3671875002306286 0.5703125002306286 0
4714 0.3593750002257217 0.5625000002257217 0
4715 0.3515625002208146 0.5703125002208146 0
4716 0.3515625002208146 0.5546875002208146 0
4717 0.3515625002208146 0.5859375002208146 0
4718 0.3437500002159076 0.5781250002159076 0
4719 0.3437500002159076 0.5468750002159076 0
4720 0.3750000002355356 0.5781250002355356 0
4721 0.3671875002306286 0.5859375002306286 0
4722 0.3671875002306286 0.6015625002306286 0
4723 0.3593750002257217 0.5937500002257217 0
4724 0.3750000002355356 0.6093750002355356 0
4725 0.3671875002306286 0.6171875002306286 0
4726 0.3515625002208146 0.6015625002208146 0
4727 0.3359375002110007 0.5546875002110007 0
4728 0.3359375002110007 0.5703125002110007 0
4729 0.3281250002060935 0.5625000002060936 0
4730 0.3359375002110007 0.5859375002110007 0
4731 0.3203125002011866 0.5703125002011866 0
4732 0.3046875001913727 0.4609375001913727 0
4733 0.3046875001913727 0.4765625001913727 0
4734 0.2968750001864658 0.4687500001864657 0
4735 0.3046875001913727 0.4921875001913727 0
4736 0.2890625001815587 0.4765625001815588 0
4737 0.3046875001913727 0.5078125001913727 0
4738 0.2968750001864658 0.5000000001864657 0
4739 0.2890625001815587 0.5078125001815587 0
4740 0.2890625001815587 0.4921875001815588 0
4741 0.2890625001815587 0.5234375001815587 0
4742 0.2812500001766517 0.5156250001766517 0
4743 0.2812500001766517 0.4843750001766517 0
4744 0.3046875001913727 0.5234375001913727 0
4745 0.3046875001913727 0.5390625001913727 0
4746 0.2968750001864658 0.5312500001864657 0
4747 0.3046875001913727 0.5546875001913727 0
4748 0.2890625001815587 0.5390625001815587 0
4749 0.2734375001717447 0.4921875001717446 0
4750 0.2734375001717447 0.5078125001717447 0
4751 0.2656250001668376 0.5000000001668377 0
4752 0.2734375001717447 0.5234375001717447 0
4753 0.2578125001619307 0.5078125001619307 0
4754 0.3828125002404426 0.3984375002404426 0
4755 0.3906250002453496 0.4062500002453495 0
4756 0.3828125002404426 0.4140625002404424 0
4757 0.3984375002502566 0.4140625002502565 0
4758 0.3828125002404426 0.4296875002404427 0
4759 0.4062500002551636 0.4218750002551636 0
4760 0.3984375002502566 0.4296875002502564 0
4761 0.3984375002502566 0.4453125002502565 0
4762 0.3906250002453496 0.4375000002453495 0
4763 0.4062500002551636 0.4531250002551634 0
4764 0.3984375002502566 0.4609375002502565 0
4765 0.3828125002404426 0.4453125002404426 0
4766 0.4140625002600705 0.4296875002600707 0
4767 0.4218750002649777 0.4375000002649775 0
4768 0.4140625002600705 0.4453125002600706 0
4769 0.4296875002698846 0.4453125002698846 0
4770 0.4140625002600705 0.4609375002600706 0
4771 0.3828125002404426 0.4609375002404426 0
4772 0.3906250002453496 0.4687500002453495 0
4773 0.3828125002404426 0.4765625002404426 0
4774 0.3984375002502566 0.4765625002502566 0
4775 0.3828125002404426 0.4921875002404426 0
4776 0.4375000002747915 0.4531250002747915 0
4777 0.4296875002698846 0.4609375002698846 0
4778 0.4296875002698846 0.4765625002698846 0
4779 0.4218750002649777 0.4687500002649776 0
4780 0.4375000002747915 0.4843750002747916 0
4781 0.4296875002698846 0.4921875002698846 0
4782 0.4140625002600705 0.4765625002600706 0
4783 0.4296875002698846 0.5078125002698846 0
4784 0.4218750002649777 0.5000000002649776 0
4785 0.4140625002600705 0.5078125002600705 0
4786 0.4140625002600705 0.4921875002600706 0
4787 0.4140625002600705 0.5234375002600705 0
4788 0.4062500002551636 0.5156250002551636 0
4789 0.4062500002551636 0.4843750002551636 0
4790 0.4375000002747915 0.5156250002747915 0
4791 0.4296875002698846 0.5234375002698846 0
4792 0.4296875002698846 0.5390625002698846 0
4793 0.4218750002649776 0.5312500002649776 0
4794 0.4375000002747915 0.5468750002747915 0
4795 0.4296875002698846 0.5546875002698846 0
4796 0.4140625002600705 0.5390625002600705 0
4797 0.3984375002502566 0.4921875002502565 0
4798 0.3984375002502566 0.5078125002502566 0
4799 0.3906250002453495 0.5000000002453495 0
4800 0.3984375002502566 0.5234375002502566 0
4801 0.3828125002404426 0.5078125002404426 0
4802 0.4453125002796985 0.4609375002796985 0
4803 0.4531250002846054 0.4687500002846055 0
4804 0.4453125002796985 0.4765625002796985 0
4805 0.4609375002895125 0.4765625002895124 0
4806 0.4453125002796985 0.4921875002796985 0
4807 0.4687500002944195 0.4843750002944195 0
4808 0.4609375002895125 0.4921875002895125 0
4809 0.4609375002895125 0.5078125002895125 0
4810 0.4531250002846054 0.5000000002846055 0
4811 0.4687500002944195 0.5156250002944195 0
4812 0.4609375002895125 0.5234375002895125 0
4813 0.4453125002796985 0.5078125002796985 0
4814 0.4765625002993265 0.4921875002993266 0
4815 0.4843750003042336 0.5000000003042335 0
4816 0.4765625002993265 0.5078125002993265 0
4817 0.4921875003091405 0.5078125003091405 0
4818 0.4765625002993265 0.5234375002993265 0
4819 0.4453125002796985 0.5234375002796985 0
4820 0.4531250002846055 0.5312500002846055 0
4821 0.4453125002796985 0.5390625002796985 0
4822 0.4609375002895125 0.5390625002895125 0
4823 0.4453125002796985 0.5546875002796985 0
4824 0.3828125002404426 0.5234375002404426 0
4825 0.3906250002453495 0.5312500002453495 0
4826 0.3828125002404426 0.5390625002404426 0
4827 0.3984375002502566 0.5390625002502566 0
4828 0.3828125002404426 0.5546875002404426 0
4829 0.4062500002551636 0.5468750002551636 0
4830 0.3984375002502566 0.5546875002502566 0
4831 0.3984375002502566 0.5703125002502566 0
4832 0.3906250002453495 0.5625000002453495 0
4833 0.4062500002551636 0.5781250002551636 0
4834 0.3984375002502566 0.5859375002502566 0
4835 0.3828125002404426 0.5703125002404426 0
4836 0.4140625002600705 0.5546875002600705 0
4837 0.4218750002649776 0.5625000002649776 0
4838 0.4140625002600705 0.5703125002600705 0
4839 0.4296875002698846 0.5703125002698846 0
4840 0.4140625002600705 0.5859375002600705 0
4841 0.3828125002404426 0.5859375002404426 0
4842 0.3906250002453495 0.5937500002453495 0
4843 0.3828125002404426 0.6015625002404426 0
4844 0.3984375002502566 0.6015625002502566 0
4845 0.3828125002404426 0.6171875002404426 0
4846 0.2578125001619307 0.5234375001619307 0
4847 0.2656250001668376 0.5312500001668377 0
4848 0.2578125001619307 0.5390625001619307 0
4849 0.2734375001717447 0.5390625001717447 0
4850 0.2578125001619307 0.5546875001619307 0
4851 0.2812500001766517 0.5468750001766517 0
4852 0.2734375001717447 0.5546875001717447 0
4853 0.2734375001717447 0.5703125001717447 0
4854 0.2656250001668377 0.5625000001668377 0
4855 0.2812500001766517 0.5781250001766517 0
4856 0.2734375001717447 0.5859375001717447 0
4857 0.2578125001619307 0.5703125001619307 0
4858 0.2890625001815587 0.5546875001815587 0
4859 0.2968750001864657 0.5625000001864657 0
4860 0.2890625001815587 0.5703125001815587 0
4861 0.3046875001913727 0.5703125001913727 0
4862 0.2890625001815587 0.5859375001815587 0
4863 0.2578125001619307 0.5859375001619307 0
4864 0.2656250001668376 0.5937500001668379 0
4865 0.2578125001619307 0.6015625001619307 0
4866 0.2734375001717447 0.6015625001717447 0
4867 0.2578125001619307 0.6171875001619307 0
4868 0.3125000001962797 0.5781250001962797 0
4869 0.3046875001913727 0.5859375001913727 0
4870 0.3046875001913727 0.6015625001913727 0
4871 0.2968750001864657 0.5937500001864655 0
4872 0.3125000001962797 0.6093750001962797 0
4873 0.3046875001913727 0.6171875001913727 0
4874 0.2890625001815587 0.6015625001815587 0
4875 0.3046875001913727 0.6328125001913725 0
4876 0.2968750001864658 0.6250000001864657 0
4877 0.2890625001815587 0.6328125001815587 0
4878 0.2890625001815587 0.6171875001815587 0
4879 0.2890625001815587 0.6484375001815587 0
4880 0.2812500001766517 0.6406250001766517 0
4881 0.2812500001766517 0.6093750001766517 0
4882 0.3125000001962797 0.6406250001962797 0
4883 0.3046875001913727 0.6484375001913727 0
4884 0.3046875001913727 0.6640625001913727 0
4885 0.2968750001864658 0.6562500001864657 0
4886 0.3125000001962797 0.6718750001962797 0
4887 0.3046875001913727 0.6796875001913727 0
4888 0.2890625001815587 0.6640625001815587 0
4889 0.2734375001717447 0.6171875001717447 0
4890 0.2734375001717447 0.6328125001717447 0
4891 0.2656250001668376 0.6250000001668377 0
4892 0.2734375001717447 0.6484375001717447 0
4893 0.2578125001619307 0.6328125001619307 0
4894 0.3203125002011866 0.5859375002011866 0
4895 0.3281250002060936 0.5937500002060936 0
4896 0.3203125002011866 0.6015625002011866 0
4897 0.3359375002110007 0.6015625002110007 0
4898 0.3203125002011866 0.6171875002011866 0
4899 0.3437500002159076 0.6093750002159076 0
4900 0.3359375002110007 0.6171875002110007 0
4901 0.3359375002110007 0.6328125002110007 0
4902 0.3281250002060936 0.6250000002060936 0
4903 0.3437500002159076 0.6406250002159076 0
4904 0.3359375002110007 0.6484375002110007 0
4905 0.3203125002011866 0.6328125002011866 0
4906 0.3515625002208146 0.6171875002208148 0
4907 0.3593750002257217 0.6250000002257217 0
4908 0.3515625002208146 0.6328125002208146 0
4909 0.3671875002306286 0.6328125002306286 0
4910 0.3515625002208146 0.6484375002208144 0
4911 0.3203125002011866 0.6484375002011866 0
4912 0.3281250002060935 0.6562500002060938 0
4913 0.3203125002011866 0.6640625002011866 0
4914 0.3359375002110007 0.6640625002110004 0
4915 0.3203125002011866 0.6796875002011866 0
4916 0.2578125001619307 0.6484375001619307 0
4917 0.2656250001668376 0.6562500001668377 0
4918 0.2578125001619307 0.6640625001619307 0
4919 0.2734375001717447 0.6640625001717447 0
4920 0.2578125001619307 0.6796875001619307 0
4921 0.2812500001766517 0.6718750001766517 0
4922 0.2734375001717447 0.6796875001717447 0
4923 0.2734375001717447 0.6953125001717447 0
4924 0.2656250001668376 0.6875000001668377 0
4925 0.2812500001766517 0.7031250001766518 0
4926 0.2734375001717447 0.7109375001717447 0
4927 0.2578125001619307 0.6953125001619307 0
4928 0.2890625001815587 0.6796875001815587 0
4929 0.2968750001864657 0.6875000001864657 0
4930 0.2890625001815587 0.6953125001815589 0
4931 0.3046875001913727 0.6953125001913727 0
4932 0.2890625001815587 0.7109375001815589 0
4933 0.2578125001619307 0.7109375001619305 0
4934 0.2656250001668376 0.7187500001668377 0
4935 0.2578125001619307 0.7265625001619307 0
4936 0.2734375001717447 0.726562500171745 0
4937 0.2578125001619307 0.7421875001619307 0
4938 0.007812500004906978 0.5234375000061631 0
4939 0.01562500000981396 0.5312500000110392 0
4940 0.007812500004906978 0.539062500006141 0
4941 0.02343750001472099 0.5390625000159046 0
4942 0.007812500004906978 0.5546875000061294 0
4943 0.03125000001962797 0.5468750000207458 0
4944 0.02343750001472099 0.5546875000158585 0
4945 0.02343750001472099 0.570312500015812 0
4946 0.01562500000981396 0.5625000000109711 0
4947 0.03125000001962797 0.5781250000206537 0
4948 0.02343750001472099 0.5859375000157659 0
4949 0.007812500004906978 0.5703125000060831 0
4950 0.03906250002453494 0.5546875000256113 0
4951 0.04687500002944198 0.5625000000304767 0
4952 0.03906250002453494 0.5703125000255652 0
4953 0.05468750003434895 0.5703125000353422 0
4954 0.03906250002453494 0.585937500025519 0
4955 0.007812500004906978 0.585937500006019 0
4956 0.01562500000981395 0.5937500000108545 0
4957 0.007812500004906974 0.6015625000059486 0
4958 0.02343750001472099 0.6015625000156959 0
4959 0.007812500004906974 0.6171875000058729 0
4960 0.06250000003925593 0.5781250000402207 0
4961 0.05468750003434895 0.5859375000353089 0
4962 0.05468750003434895 0.601562500035276 0
4963 0.04687500002944198 0.5937500000303977 0
4964 0.06250000003925593 0.6093750000401545 0
4965 0.05468750003434895 0.617187500035243 0
4966 0.03906250002453494 0.6015625000254861 0
4967 0.05468750003434897 0.6328125000352101 0
4968 0.04687500002944198 0.6250000000303315 0
4969 0.03906250002453494 0.63281250002542 0
4970 0.03906250002453494 0.617187500025453 0
4971 0.03906250002453494 0.6484375000253871 0
4972 0.03125000001962797 0.6406250000205083 0
4973 0.03125000001962797 0.6093750000205744 0
4974 0.06250000003925593 0.6406250000400886 0
4975 0.05468750003434897 0.648437500035177 0
4976 0.05468750003434897 0.664062500035144 0
4977 0.04687500002944199 0.6562500000302655 0
4978 0.06250000003925593 0.6718750000400225 0
4979 0.05468750003434895 0.679687500035111 0
4980 0.03906250002453494 0.6640625000253538 0
4981 0.02343750001472099 0.617187500015663 0
4982 0.023437500014721 0.6328125000156299 0
4983 0.01562500000981395 0.6250000000107514 0
4984 0.023437500014721 0.6484375000155969 0
4985 0.007812500004906974 0.6328125000058398 0
4986 0.07031250004416292 0.5859375000450859 0
4987 0.07812500004906989 0.5937500000499515 0
4988 0.07031250004416292 0.6015625000450533 0
4989 0.08593750005397691 0.601562500054817 0
4990 0.07031250004416292 0.61718750004502 0
4991 0.0937500000588839 0.6093750000596823 0
4992 0.08593750005397693 0.617187500054784 0
4993 0.08593750005397693 0.6328125000547509 0
4994 0.07812500004906989 0.6250000000498852 0
4995 0.0937500000588839 0.6406250000596163 0
4996 0.08593750005397693 0.6484375000547177 0
4997 0.07031250004416292 0.632812500044987 0
4998 0.1015625000637909 0.6171875000645477 0
4999 0.1093750000686979 0.6250000000694131 0
5000 0.1015625000637909 0.6328125000645147 0
5001 0.1171875000736049 0.6328125000742787 0
5002 0.1015625000637909 0.6484375000644818 0
5003 0.07031250004416292 0.648437500044954 0
5004 0.07812500004906989 0.6562500000498195 0
5005 0.07031250004416292 0.6640625000449207 0
5006 0.08593750005397691 0.6640625000546849 0
5007 0.0703125000441629 0.679687500044888 0
5008 0.007812500004906974 0.6484375000057783 0
5009 0.01562500000981395 0.6562500000107031 0
5010 0.007812500004906974 0.6640625000057632 0
5011 0.023437500014721 0.6640625000155818 0
5012 0.007812500004906971 0.6796875000057941 0
5013 0.03125000001962797 0.6718750000204554 0
5014 0.02343750001472099 0.6796875000155618 0
5015 0.023437500014721 0.6953125000155419 0
5016 0.01562500000981394 0.6875000000106681 0
5017 0.03125000001962797 0.7031250000204157 0
5018 0.023437500014721 0.7109375000155221 0
5019 0.007812500004906971 0.6953125000057745 0
5020 0.03906250002453493 0.6796875000253338 0
5021 0.04687500002944199 0.6875000000302125 0
5022 0.03906250002453493 0.695312500025314 0
5023 0.05468750003434897 0.6953125000350909 0
5024 0.03906250002453493 0.7109375000252941 0
5025 0.007812500004906971 0.7109375000057497 0
5026 0.01562500000981394 0.7187500000106235 0
5027 0.007812500004906971 0.7265625000057252 0
5028 0.023437500014721 0.7265625000154973 0
5029 0.007812500004906971 0.7421875000057003 0
5030 0.1250000000785119 0.6406250000791355 0
5031 0.1171875000736049 0.6484375000742371 0
5032 0.1171875000736049 0.6640625000741954 0
5033 0.1093750000686979 0.6562500000693388 0
5034 0.1250000000785119 0.6718750000790523 0
5035 0.1171875000736049 0.6796875000741539 0
5036 0.1015625000637909 0.66406250006444 0
5037 0.1171875000736049 0.6953125000741123 0
5038 0.1093750000686979 0.6875000000692555 0
5039 0.1015625000637909 0.695312500064357 0
5040 0.1015625000637909 0.6796875000643986 0
5041 0.1015625000637909 0.7109375000643154 0
5042 0.0937500000588839 0.7031250000594588 0
5043 0.0937500000588839 0.6718750000595415 0
5044 0.1250000000785119 0.7031250000789692 0
5045 0.1171875000736049 0.7109375000740707 0
5046 0.1171875000736049 0.7265625000740291 0
5047 0.1093750000686979 0.718750000069172 0
5048 0.1250000000785119 0.734375000078886 0
5049 0.1171875000736049 0.7421875000739878 0
5050 0.1015625000637909 0.7265625000642739 0
5051 0.08593750005397691 0.6796875000546433 0
5052 0.08593750005397693 0.6953125000546017 0
5053 0.07812500004906989 0.6875000000497448 0
5054 0.08593750005397693 0.7109375000545601 0
5055 0.07031250004416292 0.6953125000448463 0
5056 0.1171875000736049 0.757812500073946 0
5057 0.1093750000686979 0.7500000000690892 0
5058 0.1015625000637909 0.7578125000641907 0
5059 0.1015625000637909 0.7421875000642325 0
5060 0.1015625000637909 0.7734375000641489 0
5061 0.0937500000588839 0.7656250000592923 0
5062 0.0937500000588839 0.7343750000593754 0
5063 0.08593750005397693 0.7734375000543938 0
5064 0.08593750005397691 0.7578125000544353 0
5065 0.07812500004906986 0.7500000000495785 0
5066 0.08593750005397693 0.7421875000544771 0
5067 0.0703125000441629 0.7578125000446799 0
5068 0.0703125000441629 0.7421875000447216 0
5069 0.08593750005397691 0.7265625000545185 0
5070 0.08593750005397691 0.7890625000543521 0
5071 0.07812500004906986 0.7812500000494954 0
5072 0.07031250004416292 0.789062500044597 0
5073 0.0703125000441629 0.7734375000446384 0
5074 0.0703125000441629 0.8046875000445554 0
5075 0.06250000003925593 0.7968750000396985 0
5076 0.06250000003925593 0.765625000039782 0
5077 0.07812500004906986 0.7187500000496618 0
5078 0.0703125000441629 0.7265625000447631 0
5079 0.07031250004416292 0.7109375000448048 0
5080 0.06250000003925593 0.7343750000398646 0
5081 0.06250000003925593 0.7031250000399479 0
5082 0.1250000000785119 0.765625000078803 0
5083 0.1171875000736049 0.7734375000739047 0
5084 0.1171875000736049 0.789062500073863 0
5085 0.1093750000686979 0.7812500000690059 0
5086 0.1250000000785119 0.7968750000787197 0
5087 0.1171875000736049 0.8046875000738214 0
5088 0.1015625000637909 0.7890625000641075 0
5089 0.1171875000736049 0.8203125000737799 0
5090 0.1093750000686979 0.812500000068923 0
5091 0.1015625000637909 0.8203125000640245 0
5092 0.1015625000637909 0.804687500064066 0
5093 0.1015625000637909 0.8359375000639828 0
5094 0.0937500000588839 0.828125000059126 0
5095 0.0937500000588839 0.7968750000592091 0
5096 0.1250000000785119 0.8281250000786367 0
5097 0.1171875000736049 0.8359375000737381 0
5098 0.1171875000736049 0.8515625000736966 0
5099 0.1093750000686979 0.8437500000688398 0
5100 0.1250000000785119 0.8593750000785536 0
5101 0.1171875000736049 0.867187500073655 0
5102 0.1015625000637909 0.8515625000639415 0
5103 0.08593750005397691 0.8046875000543109 0
5104 0.08593750005397693 0.8203125000542693 0
5105 0.07812500004906986 0.8125000000494124 0
5106 0.08593750005397693 0.8359375000542275 0
5107 0.0703125000441629 0.8203125000445138 0
5108 0.05468750003434895 0.7109375000350495 0
5109 0.05468750003434897 0.7265625000350079 0
5110 0.04687500002944198 0.718750000030151 0
5111 0.05468750003434897 0.7421875000349665 0
5112 0.03906250002453493 0.7265625000252524 0
5113 0.05468750003434897 0.757812500034925 0
5114 0.04687500002944199 0.7500000000300681 0
5115 0.03906250002453493 0.7578125000251695 0
5116 0.03906250002453493 0.7421875000252113 0
5117 0.03906250002453493 0.7734375000251279 0
5118 0.03125000001962797 0.7656250000202709 0
5119 0.03125000001962797 0.7343750000203542 0
5120 0.05468750003434898 0.773437500034883 0
5121 0.05468750003434897 0.7890625000348417 0
5122 0.04687500002944199 0.7812500000299849 0
5123 0.05468750003434897 0.8046875000348002 0
5124 0.03906250002453493 0.7890625000250864 0
5125 0.023437500014721 0.7421875000154555 0
5126 0.023437500014721 0.7578125000154141 0
5127 0.01562500000981394 0.7500000000105573 0
5128 0.023437500014721 0.7734375000153726 0
5129 0.007812500004906971 0.7578125000056588 0
5130 0.1328125000834188 0.6484375000840009 0
5131 0.1406250000883258 0.6562500000888665 0
5132 0.1328125000834188 0.6640625000839591 0
5133 0.1484375000932329 0.6640625000937317 0
5134 0.1328125000834188 0.679687500083918 0
5135 0.1562500000981398 0.6718750000985974 0
5136 0.1484375000932329 0.6796875000936902 0
5137 0.1484375000932329 0.6953125000936489 0
5138 0.1406250000883258 0.6875000000887834 0
5139 0.1562500000981398 0.7031250000985141 0
5140 0.1484375000932329 0.710937500093607 0
5141 0.1328125000834188 0.6953125000838762 0
5142 0.1640625001030468 0.6796875001034626 0
5143 0.1718750001079539 0.6875000001083278 0
5144 0.1640625001030468 0.6953125001034213 0
5145 0.1796875001128609 0.6953125001131935 0
5146 0.1640625001030468 0.7109375001033794 0
5147 0.1328125000834188 0.7109375000838346 0
5148 0.1406250000883258 0.7187500000886999 0
5149 0.1328125000834188 0.726562500083793 0
5150 0.1484375000932329 0.7265625000935653 0
5151 0.1328125000834188 0.7421875000837512 0
5152 0.1875000001177678 0.7031250001180591 0
5153 0.1796875001128609 0.7109375001131517 0
5154 0.1796875001128609 0.7265625001131101 0
5155 0.1718750001079538 0.7187500001082449 0
5156 0.1875000001177678 0.7343750001179759 0
5157 0.1796875001128609 0.7421875001130687 0
5158 0.1640625001030468 0.726562500103338 0
5159 0.1796875001128609 0.7578125001130271 0
5160 0.1718750001079539 0.7500000001081617 0
5161 0.1640625001030468 0.7578125001032547 0
5162 0.1640625001030468 0.7421875001032963 0
5163 0.1640625001030468 0.7734375001032131 0
5164 0.1562500000981398 0.7656250000983478 0
5165 0.1562500000981398 0.7343750000984306 0
5166 0.1875000001177678 0.7656250001178926 0
5167 0.1796875001128609 0.7734375001129856 0
5168 0.1796875001128608 0.7890625001129442 0
5169 0.1718750001079538 0.7812500001080787 0
5170 0.1875000001177678 0.7968750001178093 0
5171 0.1796875001128609 0.8046875001129024 0
5172 0.1640625001030468 0.7890625001031716 0
5173 0.1484375000932329 0.7421875000935237 0
5174 0.1484375000932329 0.7578125000934823 0
5175 0.1406250000883258 0.750000000088617 0
5176 0.1484375000932329 0.7734375000934407 0
5177 0.1328125000834188 0.7578125000837101 0
5178 0.1953125001226747 0.7109375001229241 0
5179 0.2031250001275817 0.7187500001277897 0
5180 0.1953125001226748 0.7265625001228827 0
5181 0.2109375001324888 0.7265625001326551 0
5182 0.1953125001226747 0.7421875001228411 0
5183 0.2187500001373958 0.7343750001375204 0
5184 0.2109375001324888 0.7421875001326135 0
5185 0.2109375001324888 0.7578125001325717 0
5186 0.2031250001275817 0.7500000001277065 0
5187 0.2187500001373958 0.7656250001374374 0
5188 0.2109375001324889 0.7734375001325304 0
5189 0.1953125001226747 0.7578125001227995 0
5190 0.2265625001423027 0.7421875001423859 0
5191 0.2343750001472098 0.7500000001472514 0
5192 0.2265625001423028 0.7578125001423441 0
5193 0.2421875001521168 0.7578125001521168 0
5194 0.2265625001423027 0.7734375001423027 0
5195 0.1953125001226748 0.7734375001227578 0
5196 0.2031250001275818 0.7812500001276236 0
5197 0.1953125001226747 0.7890625001227163 0
5198 0.2109375001324888 0.7890625001324886 0
5199 0.1953125001226747 0.8046875001226748 0
5200 0.1328125000834188 0.7734375000836684 0
5201 0.1406250000883258 0.7812500000885337 0
5202 0.1328125000834188 0.7890625000836268 0
5203 0.1484375000932329 0.7890625000933992 0
5204 0.1328125000834188 0.8046875000835851 0
5205 0.1562500000981398 0.7968750000982645 0
5206 0.1484375000932329 0.8046875000933577 0
5207 0.1484375000932329 0.820312500093316 0
5208 0.1406250000883258 0.8125000000884506 0
5209 0.1562500000981398 0.8281250000981815 0
5210 0.1484375000932329 0.8359375000932742 0
5211 0.1328125000834188 0.8203125000835436 0
5212 0.1640625001030468 0.8046875001031299 0
5213 0.1718750001079539 0.8125000001079954 0
5214 0.1640625001030468 0.8203125001030884 0
5215 0.1796875001128609 0.8203125001128608 0
5216 0.1640625001030468 0.835937500103047 0
5217 0.1328125000834188 0.835937500083502 0
5218 0.1406250000883258 0.8437500000883674 0
5219 0.1328125000834188 0.8515625000834605 0
5220 0.1484375000932329 0.8515625000932329 0
5221 0.1328125000834188 0.8671875000834188 0
5222 0.007812500004906971 0.7734375000055864 0
5223 0.01562500000981394 0.7812500000104438 0
5224 0.007812500004906971 0.7890625000055146 0
5225 0.023437500014721 0.7890625000153005 0
5226 0.007812500004906971 0.8046875000054425 0
5227 0.03125000001962797 0.7968750000201623 0
5228 0.023437500014721 0.8046875000152334 0
5229 0.023437500014721 0.8203125000151656 0
5230 0.01562500000981394 0.8125000000103042 0
5231 0.03125000001962797 0.8281250000200275 0
5232 0.023437500014721 0.8359375000150987 0
5233 0.007812500004906971 0.8203125000053751 0
5234 0.03906250002453493 0.8046875000250191 0
5235 0.046875000029442 0.812500000029876 0
5236 0.03906250002453493 0.8203125000249515 0
5237 0.05468750003434897 0.8203125000347329 0
5238 0.03906250002453493 0.8359375000248843 0
5239 0.007812500004906971 0.8359375000053053 0
5240 0.01562500000981393 0.8437500000101743 0
5241 0.007812500004906967 0.8515625000052427 0
5242 0.023437500014721 0.8515625000150358 0
5243 0.007812500004906967 0.8671875000051875 0
5244 0.06250000003925593 0.8281250000396068 0
5245 0.05468750003434897 0.8359375000346824 0
5246 0.05468750003434897 0.8515625000346324 0
5247 0.046875000029442 0.8437500000297584 0
5248 0.06250000003925593 0.8593750000395066 0
5249 0.05468750003434897 0.8671875000345823 0
5250 0.03906250002453493 0.8515625000248341 0
5251 0.05468750003434897 0.8828125000345324 0
5252 0.046875000029442 0.8750000000296582 0
5253 0.03906250002453493 0.882812500024734 0
5254 0.03906250002453494 0.8671875000247838 0
5255 0.03906250002453493 0.8984375000246837 0
5256 0.03125000001962797 0.8906250000198097 0
5257 0.03125000001962797 0.8593750000199101 0
5258 0.06250000003925593 0.8906250000394063 0
5259 0.05468750003434897 0.8984375000344821 0
5260 0.05468750003434897 0.9140625000344321 0
5261 0.046875000029442 0.9062500000295579 0
5262 0.06250000003925593 0.9218750000393063 0
5263 0.05468750003434897 0.9296875000343818 0
5264 0.03906250002453493 0.914062500024634 0
5265 0.023437500014721 0.8671875000149858 0
5266 0.023437500014721 0.8828125000149358 0
5267 0.01562500000981393 0.8750000000100616 0
5268 0.023437500014721 0.8984375000148855 0
5269 0.007812500004906967 0.8828125000051374 0
5270 0.0703125000441629 0.8359375000444637 0
5271 0.07812500004906986 0.8437500000493205 0
5272 0.0703125000441629 0.8515625000444136 0
5273 0.08593750005397693 0.8515625000541774 0
5274 0.0703125000441629 0.8671875000443635 0
5275 0.0937500000588839 0.8593750000590343 0
5276 0.08593750005397693 0.8671875000541274 0
5277 0.08593750005397693 0.8828125000540774 0
5278 0.07812500004906986 0.8750000000492203 0
5279 0.0937500000588839 0.890625000058934 0
5280 0.08593750005397691 0.898437500054027 0
5281 0.0703125000441629 0.8828125000443133 0
5282 0.1015625000637909 0.8671875000638913 0
5283 0.1093750000686979 0.8750000000687479 0
5284 0.1015625000637909 0.882812500063841 0
5285 0.1171875000736049 0.8828125000736049 0
5286 0.1015625000637909 0.8984375000637909 0
5287 0.0703125000441629 0.8984375000442629 0
5288 0.07812500004906986 0.9062500000491199 0
5289 0.0703125000441629 0.914062500044213 0
5290 0.08593750005397693 0.9140625000539767 0
5291 0.0703125000441629 0.9296875000441629 0
5292 0.007812500004906967 0.8984375000051124 0
5293 0.01562500000981393 0.9062500000099801 0
5294 0.007812500004906964 0.9140625000050808 0
5295 0.023437500014721 0.9140625000148541 0
5296 0.007812500004906964 0.929687500005043 0
5297 0.03125000001962797 0.9218750000197267 0
5298 0.023437500014721 0.9296875000148209 0
5299 0.023437500014721 0.9453125000147884 0
5300 0.01562500000981393 0.9375000000099156 0
5301 0.03125000001962797 0.9531250000196609 0
5302 0.023437500014721 0.9609375000147553 0
5303 0.007812500004906964 0.94531250000501 0
5304 0.03906250002453493 0.9296875000246008 0
5305 0.046875000029442 0.9375000000294749 0
5306 0.03906250002453493 0.9453125000245679 0
5307 0.05468750003434897 0.945312500034349 0
5308 0.03906250002453493 0.9609375000245352 0
5309 0.007812500004906964 0.9609375000049635 0
5310 0.01562500000981393 0.9687500000098483 0
5311 0.007812500004906964 0.9765625000049291 0
5312 0.023437500014721 0.976562500014721 0
5313 0.007812500004906964 0.992187500004907 0
5314 0.9921875000049071 0.992187500004907 0
5315 0.9921875000049069 0.9765625000048656 0
5316 0.9843750000098139 0.9687500000097725 0
5317 0.992187500004907 0.960937500004824 0
5318 0.9765625000147208 0.976562500014721 0
5319 0.9765625000147209 0.9609375000146795 0
5320 0.992187500004907 0.9453125000047825 0
5321 0.968750000019628 0.9531250000195864 0
5322 0.9765625000147209 0.945312500014638 0
5323 0.9765625000147209 0.9296875000145964 0
5324 0.9843750000098139 0.9375000000096895 0
5325 0.9687500000196279 0.9218750000195034 0
5326 0.9765625000147209 0.9140625000145549 0
5327 0.992187500004907 0.929687500004741 0
5328 0.960937500024535 0.9609375000245349 0
5329 0.960937500024535 0.9453125000244934 0
5330 0.953125000029442 0.9375000000294005 0
5331 0.960937500024535 0.929687500024452 0
5332 0.9453125000343489 0.945312500034349 0
5333 0.945312500034349 0.9296875000343074 0
5334 0.960937500024535 0.9140625000244105 0
5335 0.992187500004907 0.9140625000046995 0
5336 0.9843750000098139 0.9062500000096064 0
5337 0.992187500004907 0.8984375000046579 0
5338 0.9765625000147209 0.8984375000145134 0
5339 0.992187500004907 0.8828125000046164 0
5340 0.9375000000392559 0.9218750000392144 0
5341 0.945312500034349 0.9140625000342659 0
5342 0.9453125000343491 0.8984375000342244 0
5343 0.953125000029442 0.9062500000293174 0
5344 0.9375000000392559 0.8906250000391314 0
5345 0.945312500034349 0.8828125000341829 0
5346 0.960937500024535 0.898437500024369 0
5347 0.945312500034349 0.8671875000341414 0
5348 0.953125000029442 0.8750000000292344 0
5349 0.960937500024535 0.8671875000242859 0
5350 0.960937500024535 0.8828125000243274 0
5351 0.960937500024535 0.8515625000242444 0
5352 0.9687500000196279 0.8593750000193374 0
5353 0.9687500000196281 0.8906250000194205 0
5354 0.9375000000392559 0.8593750000390483 0
5355 0.9453125000343491 0.8515625000340998 0
5356 0.945312500034349 0.8359375000340583 0
5357 0.953125000029442 0.8437500000291513 0
5358 0.9375000000392559 0.8281250000389654 0
5359 0.945312500034349 0.8203125000340169 0
5360 0.960937500024535 0.8359375000242029 0
5361 0.9765625000147208 0.882812500014472 0
5362 0.9765625000147208 0.8671875000144305 0
5363 0.984375000009814 0.8750000000095234 0
5364 0.9765625000147209 0.8515625000143889 0
5365 0.992187500004907 0.8671875000045749 0
5366 0.9296875000441629 0.9296875000441629 0
5367 0.9296875000441629 0.9140625000441214 0
5368 0.9218750000490699 0.9062500000490286 0
5369 0.929687500044163 0.8984375000440799 0
5370 0.9140625000539768 0.9140625000539769 0
5371 0.9140625000539768 0.8984375000539354 0
5372 0.9296875000441629 0.8828125000440384 0
5373 0.9062500000588839 0.8906250000588424 0
5374 0.9140625000539768 0.8828125000538939 0
5375 0.9140625000539768 0.8671875000538523 0
5376 0.9218750000490699 0.8750000000489454 0
5377 0.906250000058884 0.8593750000587594 0
5378 0.9140625000539768 0.8515625000538108 0
5379 0.9296875000441629 0.8671875000439969 0
5380 0.898437500063791 0.8984375000637909 0
5381 0.898437500063791 0.8828125000637493 0
5382 0.8906250000686979 0.8750000000686564 0
5383 0.898437500063791 0.8671875000637079 0
5384 0.8828125000736049 0.8828125000736049 0
5385 0.8828125000736049 0.8671875000735634 0
5386 0.898437500063791 0.8515625000636664 0
5387 0.9296875000441629 0.8515625000439554 0
5388 0.9218750000490699 0.8437500000488622 0
5389 0.9296875000441629 0.8359375000439139 0
5390 0.9140625000539767 0.8359375000537694 0
5391 0.9296875000441629 0.8203125000438724 0
5392 0.992187500004907 0.8515625000045335 0
5393 0.9843750000098138 0.8437500000094404 0
5394 0.992187500004907 0.835937500004492 0
5395 0.9765625000147209 0.8359375000143474 0
5396 0.992187500004907 0.8203125000044504 0
5397 0.968750000019628 0.8281250000192544 0
5398 0.9765625000147209 0.8203125000143059 0
5399 0.976562500014721 0.8046875000142644 0
5400 0.9843750000098139 0.8125000000093574 0
5401 0.968750000019628 0.7968750000191713 0
5402 0.976562500014721 0.7890625000142228 0
5403 0.992187500004907 0.8046875000044089 0
5404 0.9609375000245352 0.8203125000241613 0
5405 0.953125000029442 0.8125000000290683 0
5406 0.960937500024535 0.8046875000241198 0
5407 0.945312500034349 0.8046875000339754 0
5408 0.960937500024535 0.7890625000240783 0
5409 0.992187500004907 0.7890625000043674 0
5410 0.9843750000098139 0.7812500000092744 0
5411 0.992187500004907 0.7734375000043259 0
5412 0.976562500014721 0.7734375000141813 0
5413 0.992187500004907 0.7578125000042844 0
5414 0.8750000000785119 0.8593750000784703 0
5415 0.8828125000736049 0.8515625000735219 0
5416 0.8828125000736049 0.8359375000734803 0
5417 0.8906250000686979 0.8437500000685734 0
5418 0.8750000000785119 0.8281250000783873 0
5419 0.8828125000736049 0.8203125000734388 0
5420 0.898437500063791 0.8359375000636249 0
5421 0.8828125000736049 0.8046875000733973 0
5422 0.8906250000686979 0.8125000000684903 0
5423 0.898437500063791 0.8046875000635418 0
5424 0.898437500063791 0.8203125000635834 0
5425 0.898437500063791 0.7890625000635003 0
5426 0.9062500000588839 0.7968750000585934 0
5427 0.9062500000588839 0.8281250000586764 0
5428 0.8750000000785119 0.7968750000783044 0
5429 0.8828125000736049 0.7890625000733558 0
5430 0.8828125000736049 0.7734375000733144 0
5431 0.890625000068698 0.7812500000684073 0
5432 0.8750000000785119 0.7656250000782213 0
5433 0.8828125000736049 0.7578125000732728 0
5434 0.8984375000637911 0.7734375000634588 0
5435 0.9140625000539768 0.8203125000537279 0
5436 0.9140625000539767 0.8046875000536864 0
5437 0.9218750000490699 0.8125000000487794 0
5438 0.9140625000539768 0.7890625000536449 0
5439 0.9296875000441629 0.8046875000438308 0
5440 0.8828125000736049 0.7421875000732313 0
5441 0.8906250000686979 0.7500000000683243 0
5442 0.898437500063791 0.7421875000633757 0
5443 0.898437500063791 0.7578125000634173 0
5444 0.898437500063791 0.7265625000633343 0
5445 0.9062500000588839 0.7343750000584273 0
5446 0.9062500000588839 0.7656250000585103 0
5447 0.9140625000539768 0.7265625000534788 0
5448 0.9140625000539768 0.7421875000535203 0
5449 0.9218750000490699 0.7500000000486133 0
5450 0.9140625000539768 0.7578125000535618 0
5451 0.9296875000441629 0.7421875000436648 0
5452 0.9296875000441628 0.7578125000437064 0
5453 0.9140625000539768 0.7734375000536033 0
5454 0.9140625000539768 0.7109375000534373 0
5455 0.9218750000490699 0.7187500000485303 0
5456 0.9296875000441629 0.7109375000435818 0
5457 0.9296875000441629 0.7265625000436233 0
5458 0.9296875000441629 0.6953125000435403 0
5459 0.9375000000392559 0.7031250000386333 0
5460 0.9375000000392559 0.7343750000387164 0
5461 0.9218750000490699 0.7812500000486964 0
5462 0.9296875000441628 0.7734375000437479 0
5463 0.9296875000441628 0.7890625000437894 0
5464 0.9375000000392559 0.7656250000387994 0
5465 0.9375000000392559 0.7968750000388823 0
5466 0.8750000000785119 0.7343750000781384 0
5467 0.8828125000736049 0.7265625000731898 0
5468 0.8828125000736049 0.7109375000731483 0
5469 0.8906250000686979 0.7187500000682412 0
5470 0.8750000000785119 0.7031250000780553 0
5471 0.8828125000736048 0.6953125000731069 0
5472 0.898437500063791 0.7109375000632928 0
5473 0.8828125000736049 0.6796875000730653 0
5474 0.8906250000686979 0.6875000000681584 0
5475 0.898437500063791 0.6796875000632098 0
5476 0.898437500063791 0.6953125000632513 0
5477 0.898437500063791 0.6640625000631682 0
5478 0.9062500000588839 0.6718750000582613 0
5479 0.9062500000588838 0.7031250000583443 0
5480 0.8750000000785119 0.6718750000779723 0
5481 0.8828125000736049 0.6640625000730238 0
5482 0.8828125000736049 0.6484375000729823 0
5483 0.8906250000686979 0.6562500000680753 0
5484 0.8750000000785119 0.6406250000778893 0
5485 0.8828125000736049 0.6328125000729408 0
5486 0.898437500063791 0.6484375000631268 0
5487 0.9140625000539768 0.6953125000533957 0
5488 0.9140625000539768 0.6796875000533543 0
5489 0.9218750000490699 0.6875000000484472 0
5490 0.9140625000539768 0.6640625000533128 0
5491 0.9296875000441629 0.6796875000434988 0
5492 0.945312500034349 0.7890625000339339 0
5493 0.945312500034349 0.7734375000338923 0
5494 0.953125000029442 0.7812500000289854 0
5495 0.945312500034349 0.7578125000338508 0
5496 0.960937500024535 0.7734375000240369 0
5497 0.945312500034349 0.7421875000338093 0
5498 0.953125000029442 0.7500000000289023 0
5499 0.960937500024535 0.7421875000239539 0
5500 0.960937500024535 0.7578125000239954 0
5501 0.960937500024535 0.7265625000239123 0
5502 0.968750000019628 0.7343750000190054 0
5503 0.9687500000196279 0.7656250000190883 0
5504 0.945312500034349 0.7265625000337679 0
5505 0.945312500034349 0.7109375000337264 0
5506 0.953125000029442 0.7187500000288193 0
5507 0.945312500034349 0.6953125000336848 0
5508 0.960937500024535 0.7109375000238708 0
5509 0.976562500014721 0.7578125000141398 0
5510 0.976562500014721 0.7421875000140983 0
5511 0.984375000009814 0.7500000000091913 0
5512 0.9765625000147209 0.7265625000140569 0
5513 0.992187500004907 0.7421875000042428 0
5514 0.8671875000834188 0.8671875000834188 0
5515 0.8671875000834188 0.8515625000833773 0
5516 0.8593750000883259 0.8437500000882843 0
5517 0.8671875000834189 0.8359375000833358 0
5518 0.8515625000932328 0.8515625000932329 0
5519 0.8515625000932328 0.8359375000931912 0
5520 0.8671875000834188 0.8203125000832943 0
5521 0.8437500000981397 0.8281250000980982 0
5522 0.8515625000932328 0.8203125000931498 0
5523 0.8515625000932328 0.8046875000931083 0
5524 0.8593750000883258 0.8125000000882013 0
5525 0.8437500000981398 0.7968750000980154 0
5526 0.8515625000932328 0.7890625000930668 0
5527 0.8671875000834188 0.8046875000832528 0
5528 0.8359375001030469 0.8359375001030468 0
5529 0.8359375001030469 0.8203125001030054 0
5530 0.8281250001079538 0.8125000001079123 0
5531 0.8359375001030468 0.8046875001029639 0
5532 0.8203125001128608 0.8203125001128608 0
5533 0.8203125001128608 0.8046875001128193 0
5534 0.8359375001030468 0.7890625001029223 0
5535 0.8671875000834188 0.7890625000832113 0
5536 0.8593750000883258 0.7812500000881183 0
5537 0.8671875000834188 0.7734375000831698 0
5538 0.8515625000932328 0.7734375000930254 0
5539 0.8671875000834187 0.7578125000831284 0
5540 0.8125000001177678 0.7968750001177263 0
5541 0.8203125001128608 0.7890625001127778 0
5542 0.8203125001128608 0.7734375001127363 0
5543 0.8281250001079539 0.7812500001078293 0
5544 0.8125000001177678 0.7656250001176432 0
5545 0.8203125001128608 0.7578125001126947 0
5546 0.8359375001030469 0.7734375001028808 0
5547 0.8203125001128608 0.7421875001126532 0
5548 0.8281250001079539 0.7500000001077463 0
5549 0.8359375001030469 0.7421875001027978 0
5550 0.8359375001030469 0.7578125001028393 0
5551 0.8359375001030469 0.7265625001027562 0
5552 0.8437500000981398 0.7343750000978493 0
5553 0.8437500000981398 0.7656250000979323 0
5554 0.8125000001177678 0.7343750001175602 0
5555 0.8203125001128609 0.7265625001126117 0
5556 0.8203125001128608 0.7109375001125703 0
5557 0.8281250001079539 0.7187500001076632 0
5558 0.8125000001177678 0.7031250001174773 0
5559 0.8203125001128608 0.6953125001125288 0
5560 0.8359375001030469 0.7109375001027147 0
5561 0.8515625000932328 0.7578125000929838 0
5562 0.8515625000932328 0.7421875000929423 0
5563 0.8593750000883258 0.7500000000880354 0
5564 0.8515625000932328 0.7265625000929008 0
5565 0.8671875000834188 0.7421875000830869 0
5566 0.8046875001226748 0.8046875001226748 0
5567 0.8046875001226748 0.7890625001226332 0
5568 0.7968750001275817 0.7812500001275402 0
5569 0.8046875001226748 0.7734375001225917 0
5570 0.7890625001324887 0.7890625001324887 0
5571 0.7890625001324887 0.7734375001324473 0
5572 0.8046875001226748 0.7578125001225502 0
5573 0.7812500001373959 0.7656250001373544 0
5574 0.7890625001324887 0.7578125001324058 0
5575 0.7890625001324887 0.7421875001323642 0
5576 0.7968750001275817 0.7500000001274573 0
5577 0.7812500001373958 0.7343750001372713 0
5578 0.7890625001324887 0.7265625001323228 0
5579 0.8046875001226748 0.7421875001225088 0
5580 0.7734375001423028 0.7734375001423027 0
5581 0.7734375001423028 0.7578125001422613 0
5582 0.7656250001472098 0.7500000001471683 0
5583 0.7734375001423028 0.7421875001422198 0
5584 0.7578125001521167 0.7578125001521168 0
5585 0.7578125001521168 0.7421875001520752 0
5586 0.7734375001423028 0.7265625001421783 0
5587 0.8046875001226748 0.7265625001224673 0
5588 0.7968750001275817 0.7187500001273742 0
5589 0.8046875001226748 0.7109375001224257 0
5590 0.7890625001324887 0.7109375001322812 0
5591 0.8046875001226748 0.6953125001223842 0
5592 0.8671875000834187 0.7265625000830453 0
5593 0.8593750000883258 0.7187500000879523 0
5594 0.8671875000834188 0.7109375000830038 0
5595 0.8515625000932328 0.7109375000928593 0
5596 0.8671875000834188 0.6953125000829623 0
5597 0.8437500000981398 0.7031250000977662 0
5598 0.8515625000932328 0.6953125000928178 0
5599 0.8515625000932328 0.6796875000927762 0
5600 0.8593750000883258 0.6875000000878693 0
5601 0.8437500000981398 0.6718750000976833 0
5602 0.8515625000932328 0.6640625000927348 0
5603 0.8671875000834188 0.6796875000829208 0
5604 0.835937500103047 0.6953125001026732 0
5605 0.8281250001079539 0.6875000001075802 0
5606 0.8359375001030469 0.6796875001026318 0
5607 0.8203125001128608 0.6796875001124872 0
5608 0.8359375001030469 0.6640625001025903 0
5609 0.8671875000834188 0.6640625000828793 0
5610 0.8593750000883258 0.6562500000877863 0
5611 0.8671875000834188 0.6484375000828377 0
5612 0.8515625000932328 0.6484375000926933 0
5613 0.8671875000834188 0.6328125000827963 0
5614 0.992187500004907 0.7265625000042014 0
5615 0.9843750000098139 0.7187500000091084 0
5616 0.992187500004907 0.7109375000041599 0
5617 0.9765625000147209 0.7109375000140153 0
5618 0.992187500004907 0.6953125000041184 0
5619 0.9687500000196279 0.7031250000189223 0
5620 0.9765625000147209 0.6953125000139738 0
5621 0.9765625000147209 0.6796875000139324 0
5622 0.9843750000098139 0.6875000000090253 0
5623 0.968750000019628 0.6718750000188394 0
5624 0.9765625000147209 0.6640625000138909 0
5625 0.992187500004907 0.6796875000040768 0
5626 0.960937500024535 0.6953125000238294 0
5627 0.953125000029442 0.6875000000287363 0
5628 0.960937500024535 0.6796875000237879 0
5629 0.945312500034349 0.6796875000336433 0
5630 0.960937500024535 0.6640625000237463 0
5631 0.992187500004907 0.6640625000040354 0
5632 0.9843750000098139 0.6562500000089424 0
5633 0.992187500004907 0.6484375000039939 0
5634 0.9765625000147209 0.6484375000138494 0
5635 0.992187500004907 0.6328125000039524 0
5636 0.9375000000392559 0.6718750000385503 0
5637 0.945312500034349 0.6640625000336018 0
5638 0.945312500034349 0.6484375000335603 0
5639 0.953125000029442 0.6562500000286533 0
5640 0.9375000000392559 0.6406250000384673 0
5641 0.945312500034349 0.6328125000335189 0
5642 0.960937500024535 0.6484375000237048 0
5643 0.945312500034349 0.6171875000334773 0
5644 0.953125000029442 0.6250000000285704 0
5645 0.960937500024535 0.6171875000236219 0
5646 0.960937500024535 0.6328125000236633 0
5647 0.960937500024535 0.6015625000235804 0
5648 0.968750000019628 0.6093750000186734 0
5649 0.9687500000196281 0.6406250000187563 0
5650 0.9375000000392559 0.6093750000383843 0
5651 0.945312500034349 0.6015625000334358 0
5652 0.9453125000343489 0.5859375000333944 0
5653 0.953125000029442 0.5937500000284873 0
5654 0.9375000000392559 0.5781250000383014 0
5655 0.945312500034349 0.5703125000333529 0
5656 0.960937500024535 0.5859375000235389 0
5657 0.9765625000147209 0.6328125000138078 0
5658 0.9765625000147209 0.6171875000137663 0
5659 0.9843750000098139 0.6250000000088594 0
5660 0.9765625000147209 0.6015625000137249 0
5661 0.992187500004907 0.6171875000039109 0
5662 0.9296875000441629 0.6640625000434572 0
5663 0.9218750000490699 0.6562500000483643 0
5664 0.9296875000441629 0.6484375000434158 0
5665 0.9140625000539768 0.6484375000532713 0
5666 0.9296875000441629 0.6328125000433743 0
5667 0.9062500000588839 0.6406250000581782 0
5668 0.9140625000539768 0.6328125000532298 0
5669 0.9140625000539768 0.6171875000531883 0
5670 0.9218750000490699 0.6250000000482813 0
5671 0.906250000058884 0.6093750000580953 0
5672 0.9140625000539768 0.6015625000531468 0
5673 0.9296875000441629 0.6171875000433328 0
5674 0.898437500063791 0.6328125000630853 0
5675 0.8906250000686979 0.6250000000679923 0
5676 0.898437500063791 0.6171875000630438 0
5677 0.8828125000736049 0.6171875000728992 0
5678 0.898437500063791 0.6015625000630023 0
5679 0.9296875000441628 0.6015625000432914 0
5680 0.9218750000490699 0.5937500000481983 0
5681 0.9296875000441629 0.5859375000432498 0
5682 0.9140625000539768 0.5859375000531053 0
5683 0.9296875000441629 0.5703125000432083 0
5684 0.992187500004907 0.6015625000038695 0
5685 0.9843750000098139 0.5937500000087764 0
5686 0.992187500004907 0.5859375000038279 0
5687 0.9765625000147209 0.5859375000136834 0
5688 0.992187500004907 0.5703125000037864 0
5689 0.9687500000196281 0.5781250000185904 0
5690 0.9765625000147209 0.5703125000136419 0
5691 0.9765625000147209 0.5546875000136003 0
5692 0.9843750000098139 0.5625000000086934 0
5693 0.9687500000196279 0.5468750000185073 0
5694 0.9765625000147209 0.5390625000135588 0
5695 0.992187500004907 0.5546875000037449 0
5696 0.960937500024535 0.5703125000234973 0
5697 0.953125000029442 0.5625000000284044 0
5698 0.9609375000245349 0.5546875000234559 0
5699 0.945312500034349 0.5546875000333114 0
5700 0.960937500024535 0.5390625000234144 0
5701 0.992187500004907 0.5390625000037034 0
5702 0.9843750000098139 0.5312500000086103 0
5703 0.992187500004907 0.5234375000036618 0
5704 0.9765625000147209 0.5234375000135173 0
5705 0.992187500004907 0.5078125000036203 0
5706 0.7500000001570237 0.7343750001570237 0
5707 0.7578125001521168 0.7265625001520752 0
5708 0.7578125001521168 0.7109375001520752 0
5709 0.7656250001472098 0.7187500001471268 0
5710 0.7500000001570237 0.7031250001570237 0
5711 0.7578125001521168 0.6953125001520752 0
5712 0.7734375001423028 0.7109375001421783 0
5713 0.7578125001521168 0.6796875001520752 0
5714 0.7656250001472098 0.6875000001471268 0
5715 0.7734375001423028 0.6796875001421783 0
5716 0.7734375001423028 0.6953125001421783 0
5717 0.7734375001423028 0.6640625001421783 0
5718 0.7812500001373958 0.6718750001372298 0
5719 0.7812500001373959 0.7031250001372298 0
5720 0.7500000001570237 0.6718750001570237 0
5721 0.7578125001521168 0.6640625001520752 0
5722 0.7578125001521168 0.6484375001520752 0
5723 0.7656250001472098 0.6562500001471268 0
5724 0.7500000001570237 0.6406250001570237 0
5725 0.7578125001521168 0.6328125001520752 0
5726 0.7734375001423028 0.6484375001421783 0
5727 0.7890625001324887 0.6953125001322812 0
5728 0.7890625001324887 0.6796875001322812 0
5729 0.7968750001275817 0.6875000001273327 0
5730 0.7890625001324887 0.6640625001322812 0
5731 0.8046875001226748 0.6796875001223842 0
5732 0.7578125001521168 0.6171875001520752 0
5733 0.7656250001472098 0.6250000001471268 0
5734 0.7734375001423028 0.6171875001421783 0
5735 0.7734375001423028 0.6328125001421783 0
5736 0.7734375001423028 0.6015625001421783 0
5737 0.7812500001373959 0.6093750001372298 0
5738 0.7812500001373959 0.6406250001372298 0
5739 0.7890625001324887 0.6015625001322812 0
5740 0.7890625001324887 0.6171875001322812 0
5741 0.7968750001275817 0.6250000001273327 0
5742 0.7890625001324887 0.6328125001322812 0
5743 0.8046875001226748 0.6171875001223842 0
5744 0.8046875001226748 0.6328125001223842 0
5745 0.7890625001324887 0.6484375001322812 0
5746 0.7890625001324887 0.5859375001322812 0
5747 0.7968750001275817 0.5937500001273327 0
5748 0.8046875001226748 0.5859375001223842 0
5749 0.8046875001226748 0.6015625001223842 0
5750 0.8046875001226748 0.5703125001223842 0
5751 0.8125000001177678 0.5781250001174357 0
5752 0.8125000001177678 0.6093750001174357 0
5753 0.7968750001275817 0.6562500001273327 0
5754 0.8046875001226748 0.6484375001223842 0
5755 0.8046875001226748 0.6640625001223842 0
5756 0.8125000001177678 0.6406250001174357 0
5757 0.8125000001177678 0.6718750001174358 0
5758 0.7500000001570237 0.6093750001570237 0
5759 0.7578125001521168 0.6015625001520752 0
5760 0.7578125001521168 0.5859375001520752 0
5761 0.7656250001472098 0.5937500001471268 0
5762 0.7500000001570237 0.5781250001570237 0
5763 0.7578125001521168 0.5703125001520752 0
5764 0.7734375001423028 0.5859375001421783 0
5765 0.7578125001521168 0.5546875001520752 0
5766 0.7656250001472098 0.5625000001471268 0
5767 0.7734375001423028 0.5546875001421783 0
5768 0.7734375001423028 0.5703125001421783 0
5769 0.7734375001423028 0.5390625001421783 0
5770 0.7812500001373959 0.5468750001372298 0
5771 0.7812500001373959 0.5781250001372298 0
5772 0.7500000001570237 0.5468750001570237 0
5773 0.7578125001521168 0.5390625001520752 0
5774 0.7578125001521168 0.5234375001520752 0
5775 0.7656250001472098 0.5312500001471268 0
5776 0.7500000001570237 0.5156250001570237 0
5777 0.7578125001521168 0.5078125001520752 0
5778 0.7734375001423028 0.5234375001421783 0
5779 0.7890625001324887 0.5703125001322812 0
5780 0.7890625001324887 0.5546875001322812 0
5781 0.7968750001275817 0.5625000001273327 0
5782 0.7890625001324887 0.5390625001322812 0
5783 0.8046875001226748 0.5546875001223842 0
5784 0.8203125001128608 0.6640625001124872 0
5785 0.8203125001128608 0.6484375001124872 0
5786 0.8281250001079539 0.6562500001075386 0
5787 0.8203125001128608 0.6328125001124872 0
5788 0.8359375001030469 0.6484375001025903 0
5789 0.8203125001128608 0.6171875001124872 0
5790 0.8281250001079539 0.6250000001075388 0
5791 0.8359375001030469 0.6171875001025903 0
5792 0.8359375001030469 0.6328125001025903 0
5793 0.8359375001030469 0.6015625001025902 0
5794 0.8437500000981399 0.6093750000976418 0
5795 0.8437500000981397 0.6406250000976419 0
5796 0.8203125001128608 0.6015625001124872 0
5797 0.8203125001128608 0.5859375001124872 0
5798 0.8281250001079539 0.5937500001075388 0
5799 0.8203125001128608 0.5703125001124872 0
5800 0.8359375001030469 0.5859375001025903 0
5801 0.8515625000932328 0.6328125000926933 0
5802 0.8515625000932328 0.6171875000926933 0
5803 0.8593750000883258 0.6250000000877448 0
5804 0.8515625000932328 0.6015625000926933 0
5805 0.8671875000834188 0.6171875000827964 0
5806 0.7578125001521168 0.4921875001520752 0
5807 0.7656250001472098 0.5000000001471268 0
5808 0.7734375001423028 0.4921875001421783 0
5809 0.7734375001423028 0.5078125001421783 0
5810 0.7734375001423028 0.4765625001421783 0
5811 0.7812500001373958 0.4843750001372298 0
5812 0.7812500001373958 0.5156250001372298 0
5813 0.7890625001324887 0.4765625001322813 0
5814 0.7890625001324887 0.4921875001322813 0
5815 0.7968750001275817 0.5000000001273328 0
5816 0.7890625001324887 0.5078125001322813 0
5817 0.8046875001226748 0.4921875001223843 0
5818 0.8046875001226748 0.5078125001223842 0
5819 0.7890625001324887 0.5234375001322812 0
5820 0.7890625001324887 0.4609375001322813 0
5821 0.7968750001275817 0.4687500001273328 0
5822 0.8046875001226748 0.4609375001223843 0
5823 0.8046875001226748 0.4765625001223843 0
5824 0.8046875001226748 0.4453125001223843 0
5825 0.8125000001177678 0.4531250001174357 0
5826 0.8125000001177678 0.4843750001174357 0
5827 0.7968750001275817 0.5312500001273327 0
5828 0.8046875001226748 0.5234375001223842 0
5829 0.8046875001226748 0.5390625001223842 0
5830 0.8125000001177678 0.5156250001174357 0
5831 0.8125000001177678 0.5468750001174357 0
5832 0.8203125001128608 0.4453125001124871 0
5833 0.8203125001128608 0.4609375001124871 0
5834 0.8281250001079539 0.4687500001075386 0
5835 0.8203125001128608 0.4765625001124871 0
5836 0.8359375001030469 0.4609375001025902 0
5837 0.8359375001030469 0.4765625001025902 0
5838 0.8203125001128608 0.4921875001124871 0
5839 0.8437500000981398 0.4843750000976417 0
5840 0.8359375001030469 0.4921875001025902 0
5841 0.8359375001030469 0.5078125001025902 0
5842 0.8281250001079539 0.5000000001075386 0
5843 0.8437500000981398 0.5156250000976417 0
5844 0.8359375001030469 0.5234375001025903 0
5845 0.8203125001128608 0.5078125001124872 0
5846 0.8515625000932328 0.4765625000926932 0
5847 0.8515625000932328 0.4921875000926932 0
5848 0.8593750000883258 0.5000000000877447 0
5849 0.8515625000932328 0.5078125000926932 0
5850 0.8671875000834188 0.4921875000827962 0
5851 0.8671875000834188 0.5078125000827962 0
5852 0.8515625000932328 0.5234375000926932 0
5853 0.8203125001128608 0.5234375001124872 0
5854 0.8281250001079539 0.5312500001075388 0
5855 0.8203125001128608 0.5390625001124872 0
5856 0.8359375001030469 0.5390625001025903 0
5857 0.8203125001128608 0.5546875001124872 0
5858 0.8203125001128608 0.4296875001124871 0
5859 0.8281250001079539 0.4375000001075386 0
5860 0.8359375001030469 0.4296875001025902 0
5861 0.8359375001030469 0.4453125001025902 0
5862 0.8359375001030469 0.4140625001025902 0
5863 0.8437500000981398 0.4218750000976417 0
5864 0.8437500000981398 0.4531250000976417 0
5865 0.8515625000932328 0.4140625000926932 0
5866 0.8515625000932328 0.4296875000926932 0
5867 0.8593750000883258 0.4375000000877447 0
5868 0.8515625000932328 0.4453125000926932 0
5869 0.8671875000834188 0.4296875000827962 0
5870 0.8671875000834188 0.4453125000827962 0
5871 0.8515625000932328 0.4609375000926932 0
5872 0.8515625000932328 0.3984375000926932 0
5873 0.8593750000883258 0.4062500000877447 0
5874 0.8671875000834188 0.3984375000827962 0
5875 0.8671875000834188 0.4140625000827962 0
5876 0.8671875000834188 0.3828125000827962 0
5877 0.8750000000785119 0.3906250000778477 0
5878 0.8750000000785119 0.4218750000778477 0
5879 0.8593750000883258 0.4687500000877447 0
5880 0.8671875000834188 0.4609375000827962 0
5881 0.8671875000834188 0.4765625000827962 0
5882 0.8750000000785119 0.4531250000778477 0
5883 0.8750000000785119 0.4843750000778477 0
5884 0.8281250001079539 0.5625000001075388 0
5885 0.8359375001030469 0.5546875001025903 0
5886 0.8359375001030469 0.5703125001025903 0
5887 0.8437500000981398 0.5468750000976418 0
5888 0.8437500000981398 0.5781250000976418 0
5889 0.8515625000932328 0.5390625000926932 0
5890 0.8515625000932328 0.5546875000926932 0
5891 0.8593750000883258 0.5625000000877447 0
5892 0.8515625000932328 0.5703125000926933 0
5893 0.8671875000834188 0.5546875000827962 0
5894 0.8671875000834188 0.5703125000827962 0
5895 0.8515625000932328 0.5859375000926933 0
5896 0.8593750000883258 0.5312500000877447 0
5897 0.8671875000834188 0.5234375000827962 0
5898 0.8671875000834188 0.5390625000827962 0
5899 0.8750000000785119 0.5156250000778477 0
5900 0.8750000000785119 0.5468750000778477 0
5901 0.8593750000883258 0.5937500000877448 0
5902 0.8671875000834188 0.5859375000827962 0
5903 0.8671875000834188 0.6015625000827962 0
5904 0.8750000000785119 0.5781250000778477 0
5905 0.8750000000785119 0.6093750000778477 0
5906 0.7500000001570237 0.4843750001570237 0
5907 0.7578125001521168 0.4765625001520752 0
5908 0.7578125001521168 0.4609375001520752 0
5909 0.7656250001472098 0.4687500001471268 0
5910 0.7500000001570237 0.4531250001570237 0
5911 0.7578125001521168 0.4453125001520752 0
5912 0.7734375001423028 0.4609375001421783 0
5913 0.7578125001521168 0.4296875001520752 0
5914 0.7656250001472098 0.4375000001471268 0
5915 0.7734375001423028 0.4296875001421783 0
5916 0.7734375001423028 0.4453125001421783 0
5917 0.7734375001423028 0.4140625001421783 0
5918 0.7812500001373958 0.4218750001372298 0
5919 0.7812500001373958 0.4531250001372298 0
5920 0.7500000001570237 0.4218750001570237 0
5921 0.7578125001521168 0.4140625001520752 0
5922 0.7578125001521168 0.3984375001520752 0
5923 0.7656250001472098 0.4062500001471268 0
5924 0.7500000001570237 0.3906250001570237 0
5925 0.7578125001521168 0.3828125001520752 0
5926 0.7734375001423028 0.3984375001421783 0
5927 0.7890625001324887 0.4453125001322813 0
5928 0.7890625001324887 0.4296875001322813 0
5929 0.7968750001275817 0.4375000001273328 0
5930 0.7890625001324887 0.4140625001322813 0
5931 0.8046875001226748 0.4296875001223843 0
5932 0.7578125001521168 0.3671875001520752 0
5933 0.7656250001472098 0.3750000001471268 0
5934 0.7734375001423028 0.3671875001421783 0
5935 0.7734375001423028 0.3828125001421783 0
5936 0.7734375001423028 0.3515625001421783 0
5937 0.7812500001373957 0.3593750001372298 0
5938 0.7812500001373958 0.3906250001372298 0
5939 0.7890625001324887 0.3515625001322813 0
5940 0.7890625001324887 0.3671875001322813 0
5941 0.7968750001275817 0.3750000001273328 0
5942 0.7890625001324887 0.3828125001322813 0
5943 0.8046875001226748 0.3671875001223843 0
5944 0.8046875001226748 0.3828125001223843 0
5945 0.7890625001324887 0.3984375001322813 0
5946 0.7890625001324887 0.3359375001322813 0
5947 0.7968750001275817 0.3437500001273328 0
5948 0.8046875001226748 0.3359375001223843 0
5949 0.8046875001226748 0.3515625001223843 0
5950 0.8046875001226748 0.3203125001223843 0
5951 0.8125000001177678 0.3281250001174357 0
5952 0.8125000001177678 0.3593750001174357 0
5953 0.7968750001275817 0.4062500001273328 0
5954 0.8046875001226748 0.3984375001223843 0
5955 0.8046875001226748 0.4140625001223843 0
5956 0.8125000001177678 0.3906250001174357 0
5957 0.8125000001177678 0.4218750001174357 0
5958 0.7500000001570237 0.3593750001570237 0
5959 0.7578125001521168 0.3515625001520752 0
5960 0.7578125001521168 0.3359375001520752 0
5961 0.7656250001472098 0.3437500001471268 0
5962 0.7500000001570237 0.3281250001570237 0
5963 0.7578125001521168 0.3203125001520752 0
5964 0.7734375001423028 0.3359375001421783 0
5965 0.7578125001521168 0.3046875001520752 0
5966 0.7656250001472098 0.3125000001471268 0
5967 0.7734375001423028 0.3046875001421783 0
5968 0.7734375001423028 0.3203125001421783 0
5969 0.7734375001423028 0.2890625001421783 0
5970 0.7812500001373958 0.2968750001372298 0
5971 0.7812500001373958 0.3281250001372298 0
5972 0.7500000001570237 0.2968750001570237 0
5973 0.7578125001521168 0.2890625001520752 0
5974 0.7578125001521168 0.2734375001520752 0
5975 0.7656250001472098 0.2812500001471268 0
5976 0.7500000001570237 0.2656250001570237 0
5977 0.7578125001521168 0.2578125001520752 0
5978 0.7734375001423028 0.2734375001421783 0
5979 0.7890625001324887 0.3203125001322813 0
5980 0.7890625001324887 0.3046875001322813 0
5981 0.7968750001275817 0.3125000001273328 0
5982 0.7890625001324887 0.2890625001322813 0
5983 0.8046875001226748 0.3046875001223843 0
5984 0.8203125001128608 0.4140625001124871 0
5985 0.8203125001128608 0.3984375001124871 0
5986 0.8281250001079539 0.4062500001075386 0
5987 0.8203125001128608 0.3828125001124871 0
5988 0.8359375001030469 0.3984375001025902 0
5989 0.8203125001128608 0.3671875001124871 0
5990 0.8281250001079539 0.3750000001075386 0
5991 0.8359375001030469 0.3671875001025902 0
5992 0.8359375001030469 0.3828125001025902 0
5993 0.8359375001030469 0.3515625001025902 0
5994 0.8437500000981399 0.3593750000976417 0
5995 0.8437500000981399 0.3906250000976417 0
5996 0.8203125001128608 0.3515625001124871 0
5997 0.8203125001128608 0.3359375001124871 0
5998 0.8281250001079539 0.3437500001075386 0
5999 0.8203125001128608 0.3203125001124871 0
6000 0.8359375001030469 0.3359375001025902 0
6001 0.8515625000932328 0.3828125000926932 0
6002 0.8515625000932328 0.3671875000926932 0
6003 0.8593750000883258 0.3750000000877447 0
6004 0.8515625000932328 0.3515625000926932 0
6005 0.8671875000834188 0.3671875000827962 0
6006 0.8828125000736049 0.6015625000728992 0
6007 0.8828125000736049 0.5859375000728992 0
6008 0.8906250000686979 0.5937500000679508 0
6009 0.8828125000736049 0.5703125000728992 0
6010 0.898437500063791 0.5859375000630023 0
6011 0.8828125000736049 0.5546875000728992 0
6012 0.8906250000686979 0.5625000000679508 0
6013 0.898437500063791 0.5546875000630023 0
6014 0.898437500063791 0.5703125000630023 0
6015 0.898437500063791 0.5390625000630023 0
6016 0.9062500000588839 0.5468750000580538 0
6017 0.9062500000588838 0.5781250000580538 0
6018 0.8828125000736049 0.5390625000728992 0
6019 0.8828125000736049 0.5234375000728992 0
6020 0.8906250000686979 0.5312500000679508 0
6021 0.8828125000736049 0.5078125000728992 0
6022 0.898437500063791 0.5234375000630023 0
6023 0.9140625000539768 0.5703125000531053 0
6024 0.9140625000539768 0.5546875000531053 0
6025 0.9218750000490699 0.5625000000481568 0
6026 0.9140625000539768 0.5390625000531053 0
6027 0.9296875000441629 0.5546875000432083 0
6028 0.8828125000736049 0.4921875000728992 0
6029 0.8906250000686979 0.5000000000679508 0
6030 0.898437500063791 0.4921875000630023 0
6031 0.898437500063791 0.5078125000630023 0
6032 0.898437500063791 0.4765625000630023 0
6033 0.9062500000588839 0.4843750000580538 0
6034 0.9062500000588839 0.5156250000580538 0
6035 0.9140625000539768 0.4765625000531053 0
6036 0.9140625000539768 0.4921875000531053 0
6037 0.9218750000490699 0.5000000000481568 0
6038 0.9140625000539768 0.5078125000531053 0
6039 0.9296875000441629 0.4921875000432083 0
6040 0.9296875000441629 0.5078125000432083 0
6041 0.9140625000539768 0.5234375000531053 0
6042 0.9140625000539768 0.4609375000531053 0
6043 0.9218750000490699 0.4687500000481568 0
6044 0.9296875000441629 0.4609375000432083 0
6045 0.9296875000441629 0.4765625000432083 0
6046 0.9296875000441629 0.4453125000432083 0
6047 0.9375000000392559 0.4531250000382598 0
6048 0.9375000000392559 0.4843750000382598 0
6049 0.9218750000490699 0.5312500000481568 0
6050 0.9296875000441629 0.5234375000432083 0
6051 0.9296875000441629 0.5390625000432083 0
6052 0.9375000000392559 0.5156250000382598 0
6053 0.9375000000392559 0.5468750000382598 0
6054 0.8828125000736049 0.4765625000728992 0
6055 0.8828125000736049 0.4609375000728992 0
6056 0.8906250000686979 0.4687500000679508 0
6057 0.8828125000736049 0.4453125000728992 0
6058 0.898437500063791 0.4609375000630023 0
6059 0.8828125000736049 0.4296875000728992 0
6060 0.8906250000686979 0.4375000000679508 0
6061 0.898437500063791 0.4296875000630023 0
6062 0.898437500063791 0.4453125000630023 0
6063 0.898437500063791 0.4140625000630023 0
6064 0.9062500000588838 0.4218750000580538 0
6065 0.9062500000588839 0.4531250000580538 0
6066 0.8828125000736049 0.4140625000728992 0
6067 0.8828125000736049 0.3984375000728992 0
6068 0.8906250000686979 0.4062500000679508 0
6069 0.8828125000736049 0.3828125000728992 0
6070 0.898437500063791 0.3984375000630023 0
6071 0.9140625000539768 0.4453125000531053 0
6072 0.9140625000539768 0.4296875000531053 0
6073 0.9218750000490699 0.4375000000481568 0
6074 0.9140625000539768 0.4140625000531053 0
6075 0.9296875000441629 0.4296875000432083 0
6076 0.945312500034349 0.5390625000333114 0
6077 0.945312500034349 0.5234375000333114 0
6078 0.953125000029442 0.5312500000283629 0
6079 0.945312500034349 0.5078125000333114 0
6080 0.960937500024535 0.5234375000234144 0
6081 0.945312500034349 0.4921875000333114 0
6082 0.953125000029442 0.5000000000283629 0
6083 0.960937500024535 0.4921875000234144 0
6084 0.960937500024535 0.5078125000234144 0
6085 0.960937500024535 0.4765625000234144 0
6086 0.968750000019628 0.4843750000184659 0
6087 0.968750000019628 0.5156250000184659 0
6088 0.945312500034349 0.4765625000333114 0
6089 0.945312500034349 0.4609375000333114 0
6090 0.953125000029442 0.4687500000283629 0
6091 0.945312500034349 0.4453125000333114 0
6092 0.960937500024535 0.4609375000234144 0
6093 0.9765625000147209 0.5078125000135174 0
6094 0.9765625000147209 0.4921875000135174 0
6095 0.9843750000098139 0.5000000000085689 0
6096 0.9765625000147209 0.4765625000135174 0
6097 0.992187500004907 0.4921875000036204 0
6098 0.7421875001619307 0.7421875001619307 0
6099 0.7421875001619307 0.7265625001619307 0
6100 0.7343750001668377 0.7187500001668377 0
6101 0.7421875001619307 0.7109375001619307 0
6102 0.7265625001717446 0.7265625001717447 0
6103 0.7265625001717446 0.7109375001717447 0
6104 0.7421875001619307 0.6953125001619307 0
6105 0.7187500001766517 0.7031250001766517 0
6106 0.7265625001717446 0.6953125001717447 0
6107 0.7265625001717446 0.6796875001717447 0
6108 0.7343750001668378 0.6875000001668377 0
6109 0.7187500001766517 0.6718750001766517 0
6110 0.7265625001717446 0.6640625001717447 0
6111 0.7421875001619307 0.6796875001619307 0
6112 0.7109375001815588 0.7109375001815587 0
6113 0.7109375001815588 0.6953125001815587 0
6114 0.7031250001864657 0.6875000001864657 0
6115 0.7109375001815588 0.6796875001815587 0
6116 0.6953125001913727 0.6953125001913727 0
6117 0.6953125001913727 0.6796875001913727 0
6118 0.7109375001815588 0.6640625001815587 0
6119 0.7421875001619307 0.6640625001619307 0
6120 0.7343750001668377 0.6562500001668377 0
6121 0.7421875001619307 0.6484375001619307 0
6122 0.7265625001717446 0.6484375001717447 0
6123 0.7421875001619307 0.6328125001619307 0
6124 0.6875000001962797 0.6718750001962797 0
6125 0.6953125001913727 0.6640625001913727 0
6126 0.6953125001913727 0.6484375001913727 0
6127 0.7031250001864657 0.6562500001864657 0
6128 0.6875000001962797 0.6406250001962797 0
6129 0.6953125001913727 0.6328125001913727 0
6130 0.7109375001815588 0.6484375001815587 0
6131 0.6953125001913727 0.6171875001913727 0
6132 0.7031250001864657 0.6250000001864657 0
6133 0.7109375001815588 0.6171875001815587 0
6134 0.7109375001815588 0.6328125001815587 0
6135 0.7109375001815588 0.6015625001815587 0
6136 0.7187500001766517 0.6093750001766517 0
6137 0.7187500001766517 0.6406250001766517 0
6138 0.6875000001962797 0.6093750001962797 0
6139 0.6953125001913727 0.6015625001913727 0
6140 0.6953125001913727 0.5859375001913727 0
6141 0.7031250001864657 0.5937500001864657 0
6142 0.6875000001962797 0.5781250001962797 0
6143 0.6953125001913727 0.5703125001913727 0
6144 0.7109375001815588 0.5859375001815587 0
6145 0.7265625001717446 0.6328125001717447 0
6146 0.7265625001717446 0.6171875001717447 0
6147 0.7343750001668377 0.6250000001668377 0
6148 0.7265625001717446 0.6015625001717447 0
6149 0.7421875001619307 0.6171875001619307 0
6150 0.6796875002011866 0.6796875002011866 0
6151 0.6796875002011866 0.6640625002011866 0
6152 0.6718750002060936 0.6562500002060936 0
6153 0.6796875002011866 0.6484375002011866 0
6154 0.6640625002110006 0.6640625002110007 0
6155 0.6640625002110006 0.6484375002110007 0
6156 0.6796875002011866 0.6328125002011866 0
6157 0.6562500002159076 0.6406250002159076 0
6158 0.6640625002110006 0.6328125002110007 0
6159 0.6640625002110006 0.6171875002110007 0
6160 0.6718750002060936 0.6250000002060936 0
6161 0.6562500002159076 0.6093750002159076 0
6162 0.6640625002110006 0.6015625002110007 0
6163 0.6796875002011866 0.6171875002011866 0
6164 0.6484375002208147 0.6484375002208146 0
6165 0.6484375002208147 0.6328125002208146 0
6166 0.6406250002257217 0.6250000002257217 0
6167 0.6484375002208147 0.6171875002208146 0
6168 0.6328125002306286 0.6328125002306286 0
6169 0.6328125002306286 0.6171875002306286 0
6170 0.6484375002208147 0.6015625002208146 0
6171 0.6796875002011866 0.6015625002011866 0
6172 0.6718750002060936 0.5937500002060936 0
6173 0.6796875002011866 0.5859375002011866 0
6174 0.6640625002110006 0.5859375002110007 0
6175 0.6796875002011866 0.5703125002011866 0
6176 0.7421875001619307 0.6015625001619307 0
6177 0.7343750001668377 0.5937500001668377 0
6178 0.7421875001619307 0.5859375001619307 0
6179 0.7265625001717446 0.5859375001717447 0
6180 0.7421875001619307 0.5703125001619307 0
6181 0.7187500001766517 0.5781250001766517 0
6182 0.7265625001717446 0.5703125001717447 0
6183 0.7265625001717446 0.5546875001717447 0
6184 0.7343750001668377 0.5625000001668377 0
6185 0.7187500001766517 0.5468750001766517 0
6186 0.7265625001717446 0.5390625001717447 0
6187 0.7421875001619307 0.5546875001619307 0
6188 0.7109375001815588 0.5703125001815587 0
6189 0.7031250001864657 0.5625000001864657 0
6190 0.7109375001815588 0.5546875001815587 0
6191 0.6953125001913727 0.5546875001913727 0
6192 0.7109375001815588 0.5390625001815587 0
6193 0.7421875001619307 0.5390625001619307 0
6194 0.7343750001668377 0.5312500001668377 0
6195 0.7421875001619307 0.5234375001619307 0
6196 0.7265625001717446 0.5234375001717447 0
6197 0.7421875001619307 0.5078125001619307 0
6198 0.6250000002355356 0.6093750002355356 0
6199 0.6328125002306286 0.6015625002306286 0
6200 0.6328125002306286 0.5859375002306286 0
6201 0.6406250002257217 0.5937500002257217 0
6202 0.6250000002355356 0.5781250002355356 0
6203 0.6328125002306286 0.5703125002306286 0
6204 0.6484375002208147 0.5859375002208146 0
6205 0.6328125002306286 0.5546875002306286 0
6206 0.6406250002257217 0.5625000002257217 0
6207 0.6484375002208147 0.5546875002208146 0
6208 0.6484375002208147 0.5703125002208146 0
6209 0.6484375002208147 0.5390625002208146 0
6210 0.6562500002159076 0.5468750002159076 0
6211 0.6562500002159076 0.5781250002159076 0
6212 0.6250000002355356 0.5468750002355356 0
6213 0.6328125002306286 0.5390625002306286 0
6214 0.6328125002306286 0.5234375002306286 0
6215 0.6406250002257217 0.5312500002257217 0
6216 0.6250000002355356 0.5156250002355356 0
6217 0.6328125002306286 0.5078125002306286 0
6218 0.6484375002208147 0.5234375002208146 0
6219 0.6640625002110006 0.5703125002110007 0
6220 0.6640625002110006 0.5546875002110007 0
6221 0.6718750002060936 0.5625000002060936 0
6222 0.6640625002110006 0.5390625002110007 0
6223 0.6796875002011866 0.5546875002011866 0
6224 0.6328125002306286 0.4921875002306286 0
6225 0.6406250002257217 0.5000000002257217 0
6226 0.6484375002208147 0.4921875002208147 0
6227 0.6484375002208147 0.5078125002208146 0
6228 0.6484375002208147 0.4765625002208147 0
6229 0.6562500002159076 0.4843750002159076 0
6230 0.6562500002159076 0.5156250002159076 0
6231 0.6640625002110006 0.4765625002110006 0
6232 0.6640625002110006 0.4921875002110006 0
6233 0.6718750002060936 0.5000000002060936 0
6234 0.6640625002110006 0.5078125002110007 0
6235 0.6796875002011866 0.4921875002011866 0
6236 0.6796875002011866 0.5078125002011866 0
6237 0.6640625002110006 0.5234375002110007 0
6238 0.6640625002110006 0.4609375002110006 0
6239 0.6718750002060936 0.4687500002060936 0
6240 0.6796875002011866 0.4609375002011866 0
6241 0.6796875002011866 0.4765625002011866 0
6242 0.6796875002011866 0.4453125002011866 0
6243 0.6875000001962797 0.4531250001962797 0
6244 0.6875000001962797 0.4843750001962797 0
6245 0.6718750002060936 0.5312500002060936 0
6246 0.6796875002011866 0.5234375002011866 0
6247 0.6796875002011866 0.5390625002011866 0
6248 0.6875000001962797 0.5156250001962797 0
6249 0.6875000001962797 0.5468750001962797 0
6250 0.6250000002355356 0.4843750002355356 0
6251 0.6328125002306286 0.4765625002306286 0
6252 0.6328125002306286 0.4609375002306286 0
6253 0.6406250002257217 0.4687500002257217 0
6254 0.6250000002355356 0.4531250002355356 0
6255 0.6328125002306286 0.4453125002306286 0
6256 0.6484375002208147 0.4609375002208147 0
6257 0.6328125002306286 0.4296875002306286 0
6258 0.6406250002257217 0.4375000002257217 0
6259 0.6484375002208147 0.4296875002208147 0
6260 0.6484375002208147 0.4453125002208147 0
6261 0.6484375002208147 0.4140625002208147 0
6262 0.6562500002159076 0.4218750002159076 0
6263 0.6562500002159076 0.4531250002159076 0
6264 0.6250000002355356 0.4218750002355356 0
6265 0.6328125002306286 0.4140625002306286 0
6266 0.6328125002306286 0.3984375002306286 0
6267 0.6406250002257217 0.4062500002257217 0
6268 0.6250000002355356 0.3906250002355356 0
6269 0.6328125002306286 0.3828125002306286 0
6270 0.6484375002208147 0.3984375002208147 0
6271 0.6640625002110006 0.4453125002110006 0
6272 0.6640625002110006 0.4296875002110006 0
6273 0.6718750002060936 0.4375000002060936 0
6274 0.6640625002110006 0.4140625002110006 0
6275 0.6796875002011866 0.4296875002011866 0
6276 0.6953125001913727 0.5390625001913727 0
6277 0.6953125001913727 0.5234375001913727 0
6278 0.7031250001864657 0.5312500001864657 0
6279 0.6953125001913727 0.5078125001913727 0
6280 0.7109375001815588 0.5234375001815587 0
6281 0.6953125001913727 0.4921875001913727 0
6282 0.7031250001864657 0.5000000001864657 0
6283 0.7109375001815588 0.4921875001815588 0
6284 0.7109375001815588 0.5078125001815587 0
6285 0.7109375001815588 0.4765625001815588 0
6286 0.7187500001766517 0.4843750001766517 0
6287 0.7187500001766517 0.5156250001766517 0
6288 0.6953125001913727 0.4765625001913727 0
6289 0.6953125001913727 0.4609375001913727 0
6290 0.7031250001864657 0.4687500001864657 0
6291 0.6953125001913727 0.4453125001913727 0
6292 0.7109375001815588 0.4609375001815588 0
6293 0.7265625001717446 0.5078125001717447 0
6294 0.7265625001717446 0.4921875001717446 0
6295 0.7343750001668377 0.5000000001668377 0
6296 0.7265625001717446 0.4765625001717446 0
6297 0.7421875001619307 0.4921875001619307 0
6298 0.6171875002404426 0.6171875002404426 0
6299 0.6171875002404426 0.6015625002404426 0
6300 0.6093750002453495 0.5937500002453495 0
6301 0.6171875002404426 0.5859375002404426 0
6302 0.6015625002502565 0.6015625002502566 0
6303 0.6015625002502565 0.5859375002502566 0
6304 0.6171875002404426 0.5703125002404426 0
6305 0.5937500002551636 0.5781250002551636 0
6306 0.6015625002502565 0.5703125002502566 0
6307 0.6015625002502565 0.5546875002502566 0
6308 0.6093750002453495 0.5625000002453495 0
6309 0.5937500002551636 0.5468750002551636 0
6310 0.6015625002502565 0.5390625002502566 0
6311 0.6171875002404426 0.5546875002404426 0
6312 0.5859375002600706 0.5859375002600705 0
6313 0.5859375002600706 0.5703125002600705 0
6314 0.5781250002649776 0.5625000002649776 0
6315 0.5859375002600706 0.5546875002600705 0
6316 0.5703125002698846 0.5703125002698846 0
6317 0.5703125002698846 0.5546875002698846 0
6318 0.5859375002600706 0.5390625002600705 0
6319 0.6171875002404426 0.5390625002404426 0
6320 0.6093750002453495 0.5312500002453495 0
6321 0.6171875002404426 0.5234375002404426 0
6322 0.6015625002502565 0.5234375002502566 0
6323 0.6171875002404426 0.5078125002404426 0
6324 0.5625000002747915 0.5468750002747915 0
6325 0.5703125002698846 0.5390625002698846 0
6326 0.5703125002698846 0.5234375002698846 0
6327 0.5781250002649776 0.5312500002649776 0
6328 0.5625000002747915 0.5156250002747915 0
6329 0.5703125002698846 0.5078125002698846 0
6330 0.5859375002600706 0.5234375002600705 0
6331 0.5703125002698846 0.4921875002698846 0
6332 0.5781250002649776 0.5000000002649776 0
6333 0.5859375002600706 0.4921875002600706 0
6334 0.5859375002600706 0.5078125002600705 0
6335 0.5859375002600706 0.4765625002600706 0
6336 0.5937500002551636 0.4843750002551636 0
6337 0.5937500002551636 0.5156250002551636 0
6338 0.5625000002747915 0.4843750002747915 0
6339 0.5703125002698846 0.4765625002698846 0
6340 0.5703125002698846 0.4609375002698846 0
6341 0.5781250002649776 0.4687500002649776 0
6342 0.5625000002747915 0.4531250002747915 0
6343 0.5703125002698846 0.4453125002698846 0
6344 0.5859375002600706 0.4609375002600706 0
6345 0.6015625002502565 0.5078125002502566 0
6346 0.6015625002502565 0.4921875002502565 0
6347 0.6093750002453495 0.5000000002453495 0
6348 0.6015625002502565 0.4765625002502565 0
6349 0.6171875002404426 0.4921875002404426 0
6350 0.5546875002796985 0.5546875002796985 0
6351 0.5546875002796985 0.5390625002796985 0
6352 0.5468750002846055 0.5312500002846055 0
6353 0.5546875002796985 0.5234375002796985 0
6354 0.5390625002895124 0.5390625002895125 0
6355 0.5390625002895124 0.5234375002895125 0
6356 0.5546875002796985 0.5078125002796985 0
6357 0.5312500002944195 0.5156250002944195 0
6358 0.5390625002895124 0.5078125002895125 0
6359 0.5390625002895124 0.4921875002895124 0
6360 0.5468750002846055 0.5000000002846055 0
6361 0.5312500002944195 0.4843750002944195 0
6362 0.5390625002895124 0.4765625002895124 0
6363 0.5546875002796985 0.4921875002796985 0
6364 0.5234375002993266 0.5234375002993265 0
6365 0.5234375002993266 0.5078125002993265 0
6366 0.5156250003042335 0.5000000003042335 0
6367 0.5234375002993266 0.4921875002993266 0
6368 0.5078125003091405 0.5078125003091405 0
6369 0.5546875002796985 0.4765625002796985 0
6370 0.5468750002846055 0.4687500002846055 0
6371 0.5546875002796985 0.4609375002796985 0
6372 0.6171875002404426 0.4765625002404426 0
6373 0.6093750002453495 0.4687500002453495 0
6374 0.6171875002404426 0.4609375002404426 0
6375 0.6015625002502565 0.4609375002502565 0
6376 0.6171875002404426 0.4453125002404426 0
6377 0.5937500002551636 0.4531250002551636 0
6378 0.6015625002502565 0.4453125002502565 0
6379 0.6015625002502565 0.4296875002502565 0
6380 0.6093750002453495 0.4375000002453495 0
6381 0.5937500002551636 0.4218750002551636 0
6382 0.6015625002502565 0.4140625002502565 0
6383 0.6171875002404426 0.4296875002404426 0
6384 0.5859375002600706 0.4453125002600706 0
6385 0.5781250002649776 0.4375000002649776 0
6386 0.5859375002600706 0.4296875002600706 0
6387 0.6171875002404426 0.4140625002404426 0
6388 0.6093750002453495 0.4062500002453495 0
6389 0.6171875002404426 0.3984375002404426 0
6390 0.7421875001619307 0.4765625001619307 0
6391 0.7343750001668377 0.4687500001668377 0
6392 0.7421875001619307 0.4609375001619307 0
6393 0.7265625001717446 0.4609375001717446 0
6394 0.7421875001619307 0.4453125001619307 0
6395 0.7187500001766517 0.4531250001766517 0
6396 0.7265625001717446 0.4453125001717446 0
6397 0.7265625001717446 0.4296875001717446 0
6398 0.7343750001668377 0.4375000001668377 0
6399 0.7187500001766517 0.4218750001766517 0
6400 0.7265625001717446 0.4140625001717446 0
6401 0.7421875001619307 0.4296875001619307 0
6402 0.7109375001815588 0.4453125001815588 0
6403 0.7031250001864657 0.4375000001864657 0
6404 0.7109375001815588 0.4296875001815588 0
6405 0.6953125001913727 0.4296875001913727 0
6406 0.7109375001815588 0.4140625001815588 0
6407 0.7421875001619307 0.4140625001619307 0
6408 0.7343750001668377 0.4062500001668377 0
6409 0.7421875001619307 0.3984375001619307 0
6410 0.7265625001717446 0.3984375001717446 0
6411 0.7421875001619307 0.3828125001619307 0
6412 0.6875000001962797 0.4218750001962797 0
6413 0.6953125001913727 0.4140625001913727 0
6414 0.6953125001913727 0.3984375001913727 0
6415 0.7031250001864657 0.4062500001864657 0
6416 0.6875000001962797 0.3906250001962797 0
6417 0.6953125001913727 0.3828125001913727 0
6418 0.7109375001815588 0.3984375001815588 0
6419 0.6953125001913727 0.3671875001913727 0
6420 0.7031250001864657 0.3750000001864657 0
6421 0.7109375001815588 0.3671875001815588 0
6422 0.7109375001815588 0.3828125001815588 0
6423 0.7109375001815588 0.3515625001815588 0
6424 0.7187500001766517 0.3593750001766517 0
6425 0.7187500001766517 0.3906250001766517 0
6426 0.6875000001962797 0.3593750001962797 0
6427 0.6953125001913727 0.3515625001913727 0
6428 0.6953125001913727 0.3359375001913727 0
6429 0.7031250001864657 0.3437500001864657 0
6430 0.6875000001962797 0.3281250001962797 0
6431 0.6953125001913727 0.3203125001913727 0
6432 0.7109375001815588 0.3359375001815588 0
6433 0.7265625001717446 0.3828125001717446 0
6434 0.7265625001717446 0.3671875001717446 0
6435 0.7343750001668377 0.3750000001668377 0
6436 0.7265625001717446 0.3515625001717446 0
6437 0.7421875001619307 0.3671875001619307 0
6438 0.6796875002011866 0.4140625002011866 0
6439 0.6718750002060936 0.4062500002060936 0
6440 0.6796875002011866 0.3984375002011866 0
6441 0.6640625002110006 0.3984375002110006 0
6442 0.6796875002011866 0.3828125002011866 0
6443 0.6562500002159076 0.3906250002159076 0
6444 0.6640625002110006 0.3828125002110006 0
6445 0.6640625002110006 0.3671875002110006 0
6446 0.6718750002060936 0.3750000002060936 0
6447 0.6562500002159076 0.3593750002159076 0
6448 0.6640625002110006 0.3515625002110006 0
6449 0.6796875002011866 0.3671875002011866 0
6450 0.6484375002208147 0.3828125002208147 0
6451 0.6406250002257217 0.3750000002257217 0
6452 0.6484375002208147 0.3671875002208147 0
6453 0.6796875002011866 0.3515625002011866 0
6454 0.6718750002060936 0.3437500002060936 0
6455 0.6796875002011866 0.3359375002011866 0
6456 0.7421875001619307 0.3515625001619307 0
6457 0.7343750001668377 0.3437500001668377 0
6458 0.7421875001619307 0.3359375001619307 0
6459 0.7265625001717446 0.3359375001717446 0
6460 0.7421875001619307 0.3203125001619307 0
6461 0.7187500001766517 0.3281250001766517 0
6462 0.7265625001717446 0.3203125001717446 0
6463 0.7265625001717446 0.3046875001717446 0
6464 0.7343750001668377 0.3125000001668377 0
6465 0.7187500001766516 0.2968750001766517 0
6466 0.7265625001717446 0.2890625001717446 0
6467 0.7421875001619307 0.3046875001619307 0
6468 0.7109375001815588 0.3203125001815588 0
6469 0.7031250001864657 0.3125000001864657 0
6470 0.7109375001815588 0.3046875001815588 0
6471 0.7421875001619307 0.2890625001619307 0
6472 0.7343750001668377 0.2812500001668377 0
6473 0.7421875001619307 0.2734375001619307 0
6474 0.992187500004907 0.4765625000036664 0
6475 0.9843750000098139 0.4687500000086149 0
6476 0.992187500004907 0.4609375000037124 0
6477 0.9765625000147209 0.4609375000135634 0
6478 0.992187500004907 0.4453125000037583 0
6479 0.9687500000196279 0.4531250000185119 0
6480 0.9765625000147209 0.4453125000136093 0
6481 0.9765625000147209 0.4296875000136555 0
6482 0.9843750000098139 0.4375000000087069 0
6483 0.968750000019628 0.421875000018604 0
6484 0.9765625000147209 0.4140625000137015 0
6485 0.992187500004907 0.4296875000038045 0
6486 0.960937500024535 0.4453125000234603 0
6487 0.953125000029442 0.4375000000284088 0
6488 0.960937500024535 0.4296875000235064 0
6489 0.945312500034349 0.4296875000333573 0
6490 0.960937500024535 0.4140625000235525 0
6491 0.992187500004907 0.4140625000038505 0
6492 0.9843750000098139 0.406250000008799 0
6493 0.992187500004907 0.3984375000038964 0
6494 0.9765625000147209 0.3984375000137474 0
6495 0.992187500004907 0.3828125000039426 0
6496 0.9375000000392559 0.4218750000383058 0
6497 0.945312500034349 0.4140625000334034 0
6498 0.945312500034349 0.3984375000334495 0
6499 0.953125000029442 0.406250000028501 0
6500 0.9375000000392559 0.390625000038398 0
6501 0.945312500034349 0.3828125000334954 0
6502 0.960937500024535 0.3984375000235985 0
6503 0.945312500034349 0.3671875000335414 0
6504 0.953125000029442 0.3750000000285929 0
6505 0.960937500024535 0.3671875000236905 0
6506 0.960937500024535 0.3828125000236444 0
6507 0.960937500024535 0.3515625000237366 0
6508 0.9687500000196279 0.3593750000187881 0
6509 0.9687500000196281 0.3906250000186959 0
6510 0.9375000000392559 0.3593750000384899 0
6511 0.945312500034349 0.3515625000335875 0
6512 0.945312500034349 0.3359375000336335 0
6513 0.953125000029442 0.3437500000286851 0
6514 0.9375000000392559 0.328125000038582 0
6515 0.945312500034349 0.3203125000336795 0
6516 0.960937500024535 0.3359375000237825 0
6517 0.9765625000147209 0.3828125000137935 0
6518 0.9765625000147209 0.3671875000138396 0
6519 0.9843750000098139 0.3750000000088911 0
6520 0.9765625000147209 0.3515625000138856 0
6521 0.992187500004907 0.3671875000039886 0
6522 0.9296875000441629 0.4140625000432543 0
6523 0.9218750000490699 0.4062500000482028 0
6524 0.9296875000441629 0.3984375000433004 0
6525 0.9140625000539768 0.3984375000531513 0
6526 0.9296875000441629 0.3828125000433464 0
6527 0.906250000058884 0.3906250000580997 0
6528 0.9140625000539768 0.3828125000531973 0
6529 0.9140625000539768 0.3671875000532434 0
6530 0.9218750000490699 0.3750000000482949 0
6531 0.906250000058884 0.3593750000581919 0
6532 0.9140625000539768 0.3515625000532894 0
6533 0.9296875000441629 0.3671875000433924 0
6534 0.898437500063791 0.3828125000630482 0
6535 0.8906250000686979 0.3750000000679967 0
6536 0.898437500063791 0.3671875000630943 0
6537 0.8828125000736049 0.3671875000729452 0
6538 0.898437500063791 0.3515625000631404 0
6539 0.9296875000441629 0.3515625000434384 0
6540 0.9218750000490699 0.3437500000483869 0
6541 0.9296875000441629 0.3359375000434844 0
6542 0.9140625000539768 0.3359375000533353 0
6543 0.9296875000441629 0.3203125000435305 0
6544 0.992187500004907 0.3515625000040346 0
6545 0.9843750000098139 0.343750000008983 0
6546 0.992187500004907 0.3359375000040806 0
6547 0.9765625000147209 0.3359375000139315 0
6548 0.992187500004907 0.3203125000041267 0
6549 0.968750000019628 0.32812500001888 0
6550 0.9765625000147209 0.3203125000139776 0
6551 0.9765625000147209 0.3046875000140237 0
6552 0.9843750000098139 0.3125000000090752 0
6553 0.968750000019628 0.2968750000189722 0
6554 0.9765625000147209 0.2890625000140696 0
6555 0.992187500004907 0.3046875000041727 0
6556 0.960937500024535 0.3203125000238285 0
6557 0.953125000029442 0.312500000028777 0
6558 0.960937500024535 0.3046875000238746 0
6559 0.945312500034349 0.3046875000337255 0
6560 0.960937500024535 0.2890625000239206 0
6561 0.992187500004907 0.2890625000042186 0
6562 0.9843750000098139 0.2812500000091671 0
6563 0.992187500004907 0.2734375000042647 0
6564 0.9765625000147209 0.2734375000141156 0
6565 0.992187500004907 0.2578125000043108 0
6566 0.8750000000785119 0.3593750000778893 0
6567 0.8828125000736049 0.3515625000729867 0
6568 0.8828125000736049 0.3359375000730283 0
6569 0.8906250000686979 0.3437500000680843 0
6570 0.8750000000785119 0.3281250000779723 0
6571 0.8828125000736049 0.3203125000730698 0
6572 0.898437500063791 0.3359375000631819 0
6573 0.8828125000736049 0.3046875000731113 0
6574 0.8906250000686979 0.3125000000681674 0
6575 0.898437500063791 0.3046875000632649 0
6576 0.898437500063791 0.3203125000632234 0
6577 0.898437500063791 0.2890625000633065 0
6578 0.9062500000588838 0.2968750000583624 0
6579 0.9062500000588839 0.3281250000582794 0
6580 0.8750000000785119 0.2968750000780553 0
6581 0.8828125000736049 0.2890625000731528 0
6582 0.8828125000736049 0.2734375000731943 0
6583 0.8906250000686979 0.2812500000682503 0
6584 0.8750000000785119 0.2656250000781384 0
6585 0.8828125000736049 0.2578125000732359 0
6586 0.898437500063791 0.2734375000633479 0
6587 0.9140625000539768 0.3203125000533769 0
6588 0.9140625000539768 0.3046875000534184 0
6589 0.9218750000490699 0.3125000000484744 0
6590 0.9140625000539768 0.2890625000534599 0
6591 0.9296875000441629 0.304687500043572 0
6592 0.8828125000736049 0.2421875000732774 0
6593 0.8906250000686979 0.2500000000683333 0
6594 0.898437500063791 0.2421875000634309 0
6595 0.898437500063791 0.2578125000633894 0
6596 0.898437500063791 0.2265625000634723 0
6597 0.9062500000588839 0.2343750000585285 0
6598 0.9062500000588839 0.2656250000584455 0
6599 0.9140625000539768 0.226562500053626 0
6600 0.9140625000539768 0.2421875000535845 0
6601 0.9218750000490699 0.2500000000486404 0
6602 0.9140625000539768 0.2578125000535429 0
6603 0.9296875000441629 0.242187500043738 0
6604 0.9296875000441629 0.2578125000436966 0
6605 0.9140625000539768 0.2734375000535014 0
6606 0.9140625000539768 0.2109375000536675 0
6607 0.9218750000490699 0.2187500000487235 0
6608 0.9296875000441629 0.2109375000438211 0
6609 0.9296875000441629 0.2265625000437795 0
6610 0.9296875000441629 0.1953125000438625 0
6611 0.9375000000392559 0.2031250000389186 0
6612 0.9375000000392559 0.2343750000388356 0
6613 0.9218750000490699 0.2812500000485575 0
6614 0.9296875000441629 0.2734375000436551 0
6615 0.9296875000441629 0.2890625000436136 0
6616 0.9375000000392559 0.2656250000387526 0
6617 0.9375000000392559 0.2968750000386695 0
6618 0.8750000000785119 0.2343750000782212 0
6619 0.8828125000736049 0.2265625000733188 0
6620 0.8828125000736049 0.2109375000733603 0
6621 0.8906250000686979 0.2187500000684164 0
6622 0.8750000000785119 0.2031250000783043 0
6623 0.8828125000736049 0.1953125000734018 0
6624 0.898437500063791 0.2109375000635139 0
6625 0.8828125000736049 0.1796875000734433 0
6626 0.8906250000686979 0.1875000000684994 0
6627 0.898437500063791 0.1796875000635969 0
6628 0.898437500063791 0.1953125000635554 0
6629 0.898437500063791 0.1640625000636384 0
6630 0.9062500000588839 0.1718750000586944 0
6631 0.9062500000588839 0.2031250000586113 0
6632 0.8750000000785119 0.1718750000783873 0
6633 0.8828125000736049 0.1640625000734848 0
6634 0.8828125000736049 0.1484375000735263 0
6635 0.8906250000686979 0.1562500000685824 0
6636 0.8750000000785119 0.1406250000784703 0
6637 0.8828125000736049 0.1328125000735678 0
6638 0.898437500063791 0.14843750006368 0
6639 0.9140625000539768 0.1953125000537089 0
6640 0.9140625000539768 0.1796875000537504 0
6641 0.9218750000490699 0.1875000000488065 0
6642 0.9140625000539768 0.164062500053792 0
6643 0.9296875000441629 0.179687500043904 0
6644 0.945312500034349 0.289062500033767 0
6645 0.945312500034349 0.2734375000338085 0
6646 0.953125000029442 0.2812500000288646 0
6647 0.945312500034349 0.25781250003385 0
6648 0.960937500024535 0.2734375000239622 0
6649 0.945312500034349 0.2421875000338916 0
6650 0.953125000029442 0.2500000000289476 0
6651 0.960937500024535 0.2421875000240452 0
6652 0.960937500024535 0.2578125000240037 0
6653 0.960937500024535 0.2265625000240867 0
6654 0.968750000019628 0.2343750000191427 0
6655 0.968750000019628 0.2656250000190596 0
6656 0.945312500034349 0.2265625000339331 0
6657 0.945312500034349 0.2109375000339746 0
6658 0.953125000029442 0.2187500000290306 0
6659 0.945312500034349 0.1953125000340161 0
6660 0.960937500024535 0.2109375000241281 0
6661 0.9765625000147209 0.2578125000141571 0
6662 0.9765625000147209 0.2421875000141986 0
6663 0.9843750000098139 0.2500000000092547 0
6664 0.9765625000147209 0.2265625000142402 0
6665 0.992187500004907 0.2421875000043523 0
6666 0.8671875000834188 0.3515625000828377 0
6667 0.8593750000883258 0.3437500000877862 0
6668 0.8671875000834188 0.3359375000828793 0
6669 0.8515625000932328 0.3359375000927347 0
6670 0.8671875000834188 0.3203125000829208 0
6671 0.8437500000981398 0.3281250000976832 0
6672 0.8515625000932328 0.3203125000927762 0
6673 0.8515625000932328 0.3046875000928178 0
6674 0.8593750000883258 0.3125000000878693 0
6675 0.8437500000981399 0.2968750000977662 0
6676 0.8515625000932328 0.2890625000928593 0
6677 0.8671875000834188 0.3046875000829623 0
6678 0.8359375001030469 0.3203125001026317 0
6679 0.8281250001079539 0.3125000001075802 0
6680 0.8359375001030469 0.3046875001026732 0
6681 0.8203125001128608 0.3046875001125287 0
6682 0.8359375001030469 0.2890625001027147 0
6683 0.8671875000834188 0.2890625000830038 0
6684 0.8593750000883258 0.2812500000879523 0
6685 0.8671875000834188 0.2734375000830453 0
6686 0.8515625000932328 0.2734375000929008 0
6687 0.8671875000834188 0.2578125000830869 0
6688 0.8125000001177678 0.2968750001174771 0
6689 0.8203125001128608 0.2890625001125702 0
6690 0.8203125001128608 0.2734375001126117 0
6691 0.8281250001079539 0.2812500001076632 0
6692 0.8125000001177678 0.2656250001175602 0
6693 0.8203125001128608 0.2578125001126532 0
6694 0.8359375001030469 0.2734375001027562 0
6695 0.8203125001128608 0.2421875001126947 0
6696 0.8281250001079539 0.2500000001077463 0
6697 0.8359375001030469 0.2421875001028393 0
6698 0.8359375001030469 0.2578125001027978 0
6699 0.8359375001030469 0.2265625001028808 0
6700 0.8437500000981398 0.2343750000979323 0
6701 0.8437500000981397 0.2656250000978493 0
6702 0.8125000001177678 0.2343750001176432 0
6703 0.8203125001128608 0.2265625001127363 0
6704 0.8203125001128608 0.2109375001127778 0
6705 0.8281250001079539 0.2187500001078293 0
6706 0.8125000001177678 0.2031250001177263 0
6707 0.8203125001128608 0.1953125001128193 0
6708 0.8359375001030469 0.2109375001029223 0
6709 0.8515625000932328 0.2578125000929423 0
6710 0.8515625000932328 0.2421875000929838 0
6711 0.8593750000883258 0.2500000000880354 0
6712 0.8515625000932328 0.2265625000930254 0
6713 0.8671875000834188 0.2421875000831284 0
6714 0.8046875001226748 0.2890625001224257 0
6715 0.7968750001275817 0.2812500001273743 0
6716 0.8046875001226748 0.2734375001224671 0
6717 0.7890625001324887 0.2734375001323228 0
6718 0.8046875001226748 0.2578125001225087 0
6719 0.7812500001373959 0.2656250001372713 0
6720 0.7890625001324887 0.2578125001323643 0
6721 0.7890625001324887 0.2421875001324058 0
6722 0.7968750001275817 0.2500000001274572 0
6723 0.7812500001373958 0.2343750001373544 0
6724 0.7890625001324887 0.2265625001324472 0
6725 0.8046875001226748 0.2421875001225502 0
6726 0.7734375001423028 0.2578125001422198 0
6727 0.7656250001472098 0.2500000001471683 0
6728 0.7734375001423028 0.2421875001422613 0
6729 0.8046875001226748 0.2265625001225917 0
6730 0.7968750001275817 0.2187500001275402 0
6731 0.8046875001226748 0.2109375001226332 0
6732 0.8671875000834188 0.2265625000831698 0
6733 0.8593750000883258 0.2187500000881184 0
6734 0.8671875000834188 0.2109375000832112 0
6735 0.8515625000932328 0.2109375000930669 0
6736 0.8671875000834188 0.1953125000832527 0
6737 0.8437500000981398 0.2031250000980154 0
6738 0.8515625000932328 0.1953125000931084 0
6739 0.8515625000932328 0.1796875000931498 0
6740 0.8593750000883258 0.1875000000882012 0
6741 0.8437500000981398 0.1718750000980984 0
6742 0.8515625000932328 0.1640625000931912 0
6743 0.8671875000834188 0.1796875000832943 0
6744 0.8359375001030469 0.1953125001029639 0
6745 0.8281250001079539 0.1875000001079123 0
6746 0.8359375001030469 0.1796875001030054 0
6747 0.8671875000834188 0.1640625000833358 0
6748 0.8593750000883258 0.1562500000882843 0
6749 0.8671875000834188 0.1484375000833773 0
6750 0.992187500004907 0.226562500004398 0
6751 0.9843750000098139 0.2187500000093419 0
6752 0.992187500004907 0.2109375000044437 0
6753 0.9765625000147209 0.2109375000142859 0
6754 0.992187500004907 0.1953125000044893 0
6755 0.968750000019628 0.20312500001923 0
6756 0.9765625000147209 0.1953125000143316 0
6757 0.9765625000147209 0.1796875000143773 0
6758 0.9843750000098139 0.1875000000094333 0
6759 0.968750000019628 0.1718750000193212 0
6760 0.9765625000147209 0.1640625000144229 0
6761 0.992187500004907 0.179687500004535 0
6762 0.960937500024535 0.1953125000241738 0
6763 0.953125000029442 0.1875000000291178 0
6764 0.960937500024535 0.1796875000242195 0
6765 0.945312500034349 0.1796875000340619 0
6766 0.960937500024535 0.1640625000242653 0
6767 0.992187500004907 0.1640625000045808 0
6768 0.9843750000098139 0.1562500000095246 0
6769 0.992187500004907 0.1484375000046264 0
6770 0.9765625000147209 0.1484375000144686 0
6771 0.992187500004907 0.132812500004672 0
6772 0.9375000000392559 0.171875000038997 0
6773 0.945312500034349 0.1640625000340988 0
6774 0.945312500034349 0.1484375000341358 0
6775 0.953125000029442 0.1562500000292005 0
6776 0.9375000000392559 0.1406250000390711 0
6777 0.945312500034349 0.1328125000341728 0
6778 0.960937500024535 0.1484375000243022 0
6779 0.945312500034349 0.1171875000342097 0
6780 0.953125000029442 0.1250000000292745 0
6781 0.960937500024535 0.1171875000243762 0
6782 0.960937500024535 0.1328125000243392 0
6783 0.960937500024535 0.1015625000244131 0
6784 0.968750000019628 0.1093750000194779 0
6785 0.968750000019628 0.1406250000194039 0
6786 0.9375000000392559 0.109375000039145 0
6787 0.945312500034349 0.1015625000342467 0
6788 0.945312500034349 0.08593750003428369 0
6789 0.953125000029442 0.09375000002934841 0
6790 0.9375000000392559 0.07812500003921896 0
6791 0.945312500034349 0.07031250003432066 0
6792 0.960937500024535 0.08593750002445011 0
6793 0.9765625000147209 0.1328125000145056 0
6794 0.9765625000147209 0.1171875000145426 0
6795 0.9843750000098139 0.1250000000096073 0
6796 0.9765625000147209 0.1015625000145796 0
6797 0.992187500004907 0.1171875000047091 0
6798 0.9296875000441629 0.1640625000439411 0
6799 0.9218750000490699 0.156250000048885 0
6800 0.9296875000441629 0.148437500043978 0
6801 0.9140625000539768 0.1484375000538289 0
6802 0.9296875000441629 0.132812500044015 0
6803 0.9062500000588839 0.1406250000587729 0
6804 0.9140625000539768 0.1328125000538659 0
6805 0.9140625000539768 0.1171875000539029 0
6806 0.9218750000490699 0.1250000000489589 0
6807 0.9062500000588839 0.1093750000588469 0
6808 0.9140625000539768 0.10156250005394 0
6809 0.9296875000441629 0.117187500044052 0
6810 0.898437500063791 0.1328125000637168 0
6811 0.8906250000686979 0.1250000000686609 0
6812 0.898437500063791 0.1171875000637539 0
6813 0.9296875000441629 0.101562500044089 0
6814 0.9218750000490699 0.09375000004903289 0
6815 0.9296875000441629 0.08593750004412593 0
6816 0.992187500004907 0.1015625000047333 0
6817 0.9843750000098139 0.09375000000966849 0
6818 0.992187500004907 0.08593750000475753 0
6819 0.9765625000147209 0.08593750001460376 0
6820 0.992187500004907 0.07031250000478173 0
6821 0.968750000019628 0.07812500001954314 0
6822 0.9765625000147209 0.07031250001463207 0
6823 0.9765625000147209 0.05468750001466038 0
6824 0.9843750000098139 0.062500000009721 0
6825 0.968750000019628 0.04687500001959966 0
6826 0.9765625000147209 0.03906250001468869 0
6827 0.992187500004907 0.05468750000480993 0
6828 0.960937500024535 0.07031250002447842 0
6829 0.953125000029442 0.06250000002941369 0
6830 0.960937500024535 0.05468750002450673 0
6831 0.992187500004907 0.03906250000484501 0
6832 0.9843750000098139 0.03125000000978162 0
6833 0.992187500004907 0.02343750000487721 0
6834 0.0234375000049486 0.9921875000049071 0
6835 0.03125000000985556 0.9843750000098139 0
6836 0.03906250000499012 0.9921875000049069 0
6837 0.03906250001476252 0.976562500014721 0
6838 0.05468750000503175 0.992187500004907 0
6839 0.0468750000196696 0.9687500000196281 0
6840 0.05468750001480416 0.976562500014721 0
6841 0.07031250001484569 0.9765625000147212 0
6842 0.06250000000993872 0.9843750000098139 0
6843 0.07812500001975264 0.9687500000196279 0
6844 0.08593750001488731 0.9765625000147208 0
6845 0.07031250000507328 0.9921875000049067 0
6846 0.05468750002457656 0.9609375000245349 0
6847 0.06250000002948353 0.953125000029442 0
6848 0.07031250002461809 0.9609375000245347 0
6849 0.07031250003439049 0.945312500034349 0
6850 0.0859375000246597 0.9609375000245349 0
6851 0.08593750000511491 0.9921875000049072 0
6852 0.09375000001002189 0.9843750000098139 0
6853 0.1015625000051564 0.992187500004907 0
6854 0.1015625000149288 0.976562500014721 0
6855 0.1171875000051981 0.9921875000049071 0
6856 0.07812500003929745 0.937500000039256 0
6857 0.08593750003443212 0.945312500034349 0
6858 0.1015625000344736 0.945312500034349 0
6859 0.09375000002956668 0.953125000029442 0
6860 0.1093750000393807 0.9375000000392559 0
6861 0.1171875000345153 0.945312500034349 0
6862 0.1015625000247012 0.9609375000245348 0
6863 0.1328125000345568 0.945312500034349 0
6864 0.1250000000296498 0.953125000029442 0
6865 0.1328125000247844 0.9609375000245349 0
6866 0.1171875000247429 0.960937500024535 0
6867 0.1484375000248261 0.9609375000245349 0
6868 0.140625000019919 0.968750000019628 0
6869 0.1093750000198359 0.9687500000196282 0
6870 0.1406250000394638 0.9375000000392562 0
6871 0.1484375000345985 0.945312500034349 0
6872 0.1640625000346399 0.9453125000343492 0
6873 0.156250000029733 0.9531250000294422 0
6874 0.171875000039547 0.937500000039256 0
6875 0.1796875000346816 0.945312500034349 0
6876 0.1640625000248676 0.9609375000245349 0
6877 0.1171875000149705 0.976562500014721 0
6878 0.132812500015012 0.9765625000147209 0
6879 0.125000000010105 0.9843750000098141 0
6880 0.1484375000150536 0.9765625000147212 0
6881 0.1328125000052396 0.992187500004907 0
6882 0.08593750004420453 0.9296875000441629 0
6883 0.09375000004911151 0.9218750000490699 0
6884 0.1015625000442461 0.9296875000441629 0
6885 0.1015625000540185 0.914062500053977 0
6886 0.1171875000442877 0.9296875000441627 0
6887 0.1093750000589255 0.9062500000588839 0
6888 0.1171875000540601 0.914062500053977 0
6889 0.1328125000541016 0.9140625000539768 0
6890 0.1250000000491946 0.9218750000490699 0
6891 0.1406250000590086 0.9062500000588838 0
6892 0.1484375000541433 0.9140625000539768 0
6893 0.1328125000443292 0.9296875000441629 0
6894 0.1171875000638325 0.898437500063791 0
6895 0.1250000000687395 0.8906250000686982 0
6896 0.132812500063874 0.8984375000637908 0
6897 0.1328125000736464 0.8828125000736049 0
6898 0.1484375000639157 0.8984375000637909 0
6899 0.1484375000443709 0.9296875000441629 0
6900 0.1562500000492778 0.9218750000490696 0
6901 0.1640625000444123 0.9296875000441631 0
6902 0.1640625000541847 0.9140625000539772 0
6903 0.179687500044454 0.9296875000441629 0
6904 0.1484375000052812 0.992187500004907 0
6905 0.1562500000101882 0.9843750000098139 0
6906 0.1640625000053227 0.992187500004907 0
6907 0.1640625000150951 0.9765625000147209 0
6908 0.1796875000053644 0.992187500004907 0
6909 0.1718750000200022 0.968750000019628 0
6910 0.1796875000151368 0.976562500014721 0
6911 0.1953125000151783 0.9765625000147211 0
6912 0.1875000000102713 0.9843750000098139 0
6913 0.2031250000200853 0.968750000019628 0
6914 0.21093750001522 0.9765625000147208 0
6915 0.1953125000054059 0.992187500004907 0
6916 0.1796875000249092 0.9609375000245352 0
6917 0.1875000000298161 0.953125000029442 0
6918 0.1953125000249507 0.9609375000245349 0
6919 0.1953125000347231 0.9453125000343491 0
6920 0.2109375000249924 0.9609375000245347 0
6921 0.2109375000054476 0.9921875000049067 0
6922 0.2187500000103545 0.9843750000098139 0
6923 0.2265625000054891 0.992187500004907 0
6924 0.2265625000152614 0.9765625000147209 0
6925 0.2421875000055307 0.9921875000049067 0
6926 0.1406250000785534 0.8750000000785121 0
6927 0.1484375000736881 0.8828125000736049 0
6928 0.1640625000737296 0.8828125000736049 0
6929 0.1562500000688226 0.8906250000686982 0
6930 0.1718750000786367 0.8750000000785119 0
6931 0.1796875000737712 0.8828125000736049 0
6932 0.1640625000639571 0.8984375000637909 0
6933 0.1953125000738127 0.882812500073605 0
6934 0.1875000000689057 0.8906250000686982 0
6935 0.1953125000640403 0.8984375000637908 0
6936 0.1796875000639988 0.8984375000637908 0
6937 0.210937500064082 0.8984375000637906 0
6938 0.2031250000591749 0.906250000058884 0
6939 0.1718750000590918 0.9062500000588839 0
6940 0.2031250000787197 0.8750000000785119 0
6941 0.2109375000738544 0.8828125000736049 0
6942 0.2265625000738959 0.8828125000736049 0
6943 0.2187500000689889 0.8906250000686979 0
6944 0.234375000078803 0.8750000000785119 0
6945 0.2421875000739375 0.8828125000736047 0
6946 0.2265625000641235 0.8984375000637911 0
6947 0.1796875000542264 0.9140625000539769 0
6948 0.1953125000542679 0.9140625000539767 0
6949 0.187500000049361 0.9218750000490699 0
6950 0.2109375000543096 0.9140625000539769 0
6951 0.1953125000444955 0.9296875000441629 0
6952 0.257812500073979 0.8828125000736049 0
6953 0.2500000000690721 0.8906250000686979 0
6954 0.2578125000642066 0.8984375000637911 0
6955 0.2421875000641652 0.898437500063791 0
6956 0.2734375000642483 0.8984375000637909 0
6957 0.2656250000593411 0.9062500000588841 0
6958 0.2343750000592582 0.906250000058884 0
6959 0.2734375000544759 0.9140625000539769 0
6960 0.2578125000544342 0.9140625000539768 0
6961 0.2500000000495273 0.9218750000490699 0
6962 0.2421875000543927 0.9140625000539769 0
6963 0.2578125000446618 0.9296875000441627 0
6964 0.2421875000446203 0.9296875000441629 0
6965 0.2265625000543511 0.9140625000539769 0
6966 0.2890625000545174 0.9140625000539769 0
6967 0.2812500000496105 0.9218750000490699 0
6968 0.289062500044745 0.9296875000441629 0
6969 0.2734375000447035 0.9296875000441627 0
6970 0.3046875000447866 0.9296875000441629 0
6971 0.2968750000398797 0.937500000039256 0
6972 0.2656250000397963 0.9375000000392559 0
6973 0.2187500000494441 0.9218750000490699 0
6974 0.2265625000445786 0.9296875000441628 0
6975 0.2109375000445372 0.9296875000441629 0
6976 0.2343750000397133 0.9375000000392559 0
6977 0.2031250000396301 0.9375000000392558 0
6978 0.265625000078886 0.8750000000785119 0
6979 0.2734375000740207 0.8828125000736049 0
6980 0.2890625000740622 0.8828125000736049 0
6981 0.2812500000691552 0.8906250000686979 0
6982 0.2968750000789693 0.8750000000785119 0
6983 0.3046875000741038 0.8828125000736049 0
6984 0.2890625000642898 0.8984375000637909 0
6985 0.3203125000741454 0.8828125000736049 0
6986 0.3125000000692384 0.8906250000686979 0
6987 0.320312500064373 0.8984375000637909 0
6988 0.3046875000643314 0.8984375000637908 0
6989 0.3359375000644146 0.8984375000637911 0
6990 0.3281250000595075 0.9062500000588838 0
6991 0.2968750000594245 0.9062500000588838 0
6992 0.3281250000790522 0.8750000000785119 0
6993 0.335937500074187 0.8828125000736049 0
6994 0.3515625000742285 0.8828125000736051 0
6995 0.3437500000693215 0.8906250000686979 0
6996 0.3593750000791355 0.8750000000785119 0
6997 0.36718750007427 0.8828125000736049 0
6998 0.3515625000644561 0.8984375000637908 0
6999 0.304687500054559 0.914062500053977 0
7000 0.3203125000546005 0.9140625000539769 0
7001 0.3125000000496936 0.9218750000490696 0
7002 0.3359375000546421 0.914062500053977 0
7003 0.3203125000448282 0.9296875000441629 0
7004 0.2109375000347648 0.945312500034349 0
7005 0.2265625000348062 0.945312500034349 0
7006 0.2187500000298993 0.953125000029442 0
7007 0.2421875000348479 0.945312500034349 0
7008 0.2265625000250338 0.9609375000245348 0
7009 0.2578125000348894 0.945312500034349 0
7010 0.2500000000299825 0.953125000029442 0
7011 0.257812500025117 0.9609375000245352 0
7012 0.2421875000250755 0.960937500024535 0
7013 0.2734375000251587 0.9609375000245348 0
7014 0.2656250000202515 0.9687500000196281 0
7015 0.2343750000201685 0.9687500000196279 0
7016 0.2734375000349311 0.945312500034349 0
7017 0.2890625000349726 0.9453125000343487 0
7018 0.2812500000300656 0.953125000029442 0
7019 0.3046875000350142 0.945312500034349 0
7020 0.2890625000252002 0.9609375000245348 0
7021 0.2421875000153031 0.976562500014721 0
7022 0.2578125000153446 0.9765625000147209 0
7023 0.2500000000104377 0.9843750000098139 0
7024 0.2734375000153862 0.9765625000147211 0
7025 0.2578125000055723 0.992187500004907 0
7026 0.1484375000834604 0.8671875000834188 0
7027 0.1562500000883674 0.8593750000883258 0
7028 0.164062500083502 0.8671875000834188 0
7029 0.1640625000932744 0.8515625000932331 0
7030 0.1796875000835436 0.8671875000834188 0
7031 0.1718750000981814 0.8437500000981396 0
7032 0.179687500093316 0.851562500093233 0
7033 0.1953125000933576 0.851562500093233 0
7034 0.1875000000884506 0.8593750000883258 0
7035 0.2031250000982646 0.8437500000981397 0
7036 0.2109375000933992 0.8515625000932329 0
7037 0.1953125000835851 0.8671875000834188 0
7038 0.1796875001030885 0.8359375001030468 0
7039 0.1875000001079954 0.8281250001079539 0
7040 0.1953125001031299 0.8359375001030467 0
7041 0.1953125001129023 0.8203125001128606 0
7042 0.2109375001031716 0.8359375001030468 0
7043 0.2109375000836268 0.8671875000834186 0
7044 0.2187500000885338 0.8593750000883258 0
7045 0.2265625000836683 0.8671875000834188 0
7046 0.2265625000934407 0.8515625000932329 0
7047 0.2421875000837099 0.8671875000834188 0
7048 0.2031250001178093 0.8125000001177677 0
7049 0.210937500112944 0.8203125001128608 0
7050 0.2265625001129855 0.8203125001128607 0
7051 0.2187500001080785 0.8281250001079539 0
7052 0.2343750001178926 0.8125000001177678 0
7053 0.2421875001130272 0.8203125001128608 0
7054 0.2265625001032131 0.8359375001030467 0
7055 0.2578125001130687 0.8203125001128608 0
7056 0.2500000001081617 0.8281250001079539 0
7057 0.2578125001032963 0.8359375001030466 0
7058 0.2421875001032548 0.8359375001030468 0
7059 0.2734375001033379 0.8359375001030466 0
7060 0.2656250000984308 0.8437500000981397 0
7061 0.2343750000983477 0.8437500000981396 0
7062 0.2656250001179756 0.8125000001177678 0
7063 0.2734375001131103 0.8203125001128608 0
7064 0.2890625001131518 0.8203125001128608 0
7065 0.2812500001082449 0.8281250001079539 0
7066 0.296875000118059 0.8125000001177678 0
7067 0.3046875001131935 0.8203125001128608 0
7068 0.2890625001033794 0.8359375001030468 0
7069 0.2421875000934823 0.8515625000932328 0
7070 0.2578125000935239 0.8515625000932328 0
7071 0.2500000000886169 0.8593750000883258 0
7072 0.2734375000935655 0.8515625000932329 0
7073 0.2578125000837515 0.867187500083419 0
7074 0.2109375001227164 0.8046875001226745 0
7075 0.2187500001276234 0.7968750001275817 0
7076 0.2265625001227579 0.8046875001226748 0
7077 0.2265625001325303 0.7890625001324887 0
7078 0.2421875001227996 0.8046875001226748 0
7079 0.2343750001374374 0.7812500001373957 0
7080 0.242187500132572 0.7890625001324888 0
7081 0.2578125001326135 0.7890625001324889 0
7082 0.2500000001277065 0.7968750001275817 0
7083 0.2656250001375204 0.781250000137396 0
7084 0.2734375001326551 0.7890625001324889 0
7085 0.2578125001228411 0.804687500122675 0
7086 0.2421875001423443 0.7734375001423027 0
7087 0.2500000001472513 0.7656250001472098 0
7088 0.2578125001423859 0.7734375001423029 0
7089 0.2578125001521583 0.7578125001521168 0
7090 0.2734375001424275 0.7734375001423027 0
7091 0.2734375001228827 0.8046875001226748 0
7092 0.2812500001277897 0.7968750001275817 0
7093 0.2890625001229242 0.8046875001226748 0
7094 0.2890625001326966 0.7890625001324886 0
7095 0.3046875001229659 0.8046875001226748 0
7096 0.2734375000837931 0.8671875000834186 0
7097 0.2812500000887 0.8593750000883258 0
7098 0.2890625000838346 0.8671875000834188 0
7099 0.289062500093607 0.8515625000932326 0
7100 0.3046875000838762 0.8671875000834188 0
7101 0.2968750000985141 0.8437500000981397 0
7102 0.3046875000936486 0.851562500093233 0
7103 0.3203125000936902 0.851562500093233 0
7104 0.3125000000887832 0.8593750000883258 0
7105 0.3281250000985971 0.8437500000981397 0
7106 0.3359375000937318 0.8515625000932329 0
7107 0.3203125000839178 0.8671875000834188 0
7108 0.304687500103421 0.8359375001030468 0
7109 0.312500000108328 0.8281250001079539 0
7110 0.3203125001034626 0.835937500103047 0
7111 0.320312500113235 0.8203125001128608 0
7112 0.3359375001035042 0.835937500103047 0
7113 0.3359375000839594 0.8671875000834188 0
7114 0.3437500000888664 0.8593750000883258 0
7115 0.3515625000840009 0.8671875000834188 0
7116 0.3515625000937733 0.8515625000932329 0
7117 0.3671875000840424 0.8671875000834188 0
7118 0.2734375000056138 0.992187500004907 0
7119 0.2812500000105209 0.9843750000098139 0
7120 0.2890625000056554 0.992187500004907 0
7121 0.2890625000154278 0.9765625000147209 0
7122 0.3046875000056969 0.9921875000049067 0
7123 0.2968750000203349 0.9687500000196279 0
7124 0.3046875000154695 0.976562500014721 0
7125 0.3203125000155109 0.9765625000147211 0
7126 0.312500000010604 0.9843750000098139 0
7127 0.3281250000204179 0.9687500000196282 0
7128 0.3359375000155524 0.9765625000147209 0
7129 0.3203125000057386 0.992187500004907 0
7130 0.3046875000252418 0.9609375000245349 0
7131 0.3125000000301488 0.9531250000294418 0
7132 0.3203125000252833 0.9609375000245348 0
7133 0.3203125000350557 0.945312500034349 0
7134 0.3359375000253249 0.9609375000245352 0
7135 0.33593750000578 0.992187500004907 0
7136 0.343750000010687 0.9843750000098139 0
7137 0.3515625000058216 0.992187500004907 0
7138 0.3515625000155941 0.9765625000147209 0
7139 0.3671875000058632 0.992187500004907 0
7140 0.3281250000399626 0.9375000000392558 0
7141 0.3359375000350973 0.945312500034349 0
7142 0.3515625000351389 0.945312500034349 0
7143 0.3437500000302318 0.953125000029442 0
7144 0.3593750000400459 0.9375000000392559 0
7145 0.3671875000351804 0.945312500034349 0
7146 0.3515625000253665 0.9609375000245349 0
7147 0.382812500035222 0.945312500034349 0
7148 0.3750000000303151 0.953125000029442 0
7149 0.3828125000254497 0.960937500024535 0
7150 0.367187500025408 0.9609375000245348 0
7151 0.3984375000254912 0.9609375000245349 0
7152 0.3906250000205843 0.9687500000196281 0
7153 0.359375000020501 0.9687500000196279 0
7154 0.390625000040129 0.9375000000392559 0
7155 0.3984375000352636 0.945312500034349 0
7156 0.4140625000353051 0.945312500034349 0
7157 0.4062500000303981 0.953125000029442 0
7158 0.421875000040212 0.9375000000392559 0
7159 0.4296875000353467 0.945312500034349 0
7160 0.4140625000255327 0.960937500024535 0
7161 0.3671875000156356 0.9765625000147211 0
7162 0.3828125000156771 0.9765625000147209 0
7163 0.3750000000107702 0.9843750000098139 0
7164 0.3984375000157188 0.9765625000147209 0
7165 0.3828125000059047 0.992187500004907 0
7166 0.3359375000448698 0.9296875000441629 0
7167 0.3437500000497767 0.9218750000490699 0
7168 0.3515625000449113 0.9296875000441629 0
7169 0.3515625000546836 0.9140625000539769 0
7170 0.3671875000449528 0.9296875000441629 0
7171 0.3593750000595907 0.9062500000588839 0
7172 0.3671875000547252 0.9140625000539769 0
7173 0.3828125000547669 0.914062500053977 0
7174 0.3750000000498599 0.9218750000490699 0
7175 0.3906250000596738 0.9062500000588841 0
7176 0.3984375000548084 0.9140625000539769 0
7177 0.3828125000449945 0.9296875000441629 0
7178 0.3671875000644976 0.8984375000637908 0
7179 0.3750000000694048 0.8906250000686979 0
7180 0.3828125000645393 0.8984375000637906 0
7181 0.3828125000743117 0.8828125000736049 0
7182 0.3984375000645808 0.8984375000637911 0
7183 0.398437500045036 0.9296875000441629 0
7184 0.4062500000499429 0.9218750000490699 0
7185 0.4140625000450775 0.9296875000441629 0
7186 0.4140625000548499 0.9140625000539768 0
7187 0.4296875000451191 0.9296875000441629 0
7188 0.3984375000059464 0.992187500004907 0
7189 0.4062500000108533 0.9843750000098141 0
7190 0.4140625000059879 0.9921875000049072 0
7191 0.4140625000157603 0.9765625000147211 0
7192 0.4296875000060295 0.992187500004907 0
7193 0.4218750000206672 0.9687500000196279 0
7194 0.4296875000158019 0.9765625000147211 0
7195 0.4453125000158434 0.9765625000147211 0
7196 0.4375000000109365 0.9843750000098139 0
7197 0.4531250000207506 0.9687500000196279 0
7198 0.4609375000158851 0.9765625000147209 0
7199 0.4453125000060711 0.992187500004907 0
7200 0.4296875000255743 0.9609375000245349 0
7201 0.4375000000304813 0.953125000029442 0
7202 0.4453125000256158 0.9609375000245348 0
7203 0.4453125000353882 0.945312500034349 0
7204 0.4609375000256575 0.960937500024535 0
7205 0.4609375000061127 0.992187500004907 0
7206 0.4687500000110196 0.9843750000098139 0
7207 0.4765625000061542 0.992187500004907 0
7208 0.4765625000159266 0.9765625000147211 0
7209 0.4921875000061959 0.992187500004907 0
7210 0.2656250001570237 0.7500000001570237 0
7211 0.2734375001521583 0.7578125001521168 0
7212 0.2890625001521583 0.7578125001521168 0
7213 0.2812500001472927 0.7656250001472098 0
7214 0.2968750001570237 0.7500000001570239 0
7215 0.3046875001521583 0.7578125001521168 0
7216 0.2890625001424275 0.7734375001423027 0
7217 0.3203125001521583 0.7578125001521168 0
7218 0.3125000001472929 0.7656250001472097 0
7219 0.3203125001424275 0.7734375001423027 0
7220 0.3046875001424275 0.7734375001423029 0
7221 0.3359375001424275 0.7734375001423028 0
7222 0.3281250001375621 0.7812500001373957 0
7223 0.2968750001375621 0.7812500001373955 0
7224 0.3281250001570237 0.7500000001570237 0
7225 0.3359375001521583 0.7578125001521168 0
7226 0.3515625001521583 0.7578125001521168 0
7227 0.3437500001472929 0.7656250001472098 0
7228 0.3593750001570237 0.7500000001570237 0
7229 0.3671875001521583 0.7578125001521168 0
7230 0.3515625001424275 0.7734375001423025 0
7231 0.3046875001326966 0.789062500132489 0
7232 0.3203125001326966 0.7890625001324886 0
7233 0.3125000001278312 0.7968750001275817 0
7234 0.3359375001326966 0.7890625001324889 0
7235 0.3203125001229659 0.804687500122675 0
7236 0.3828125001521583 0.7578125001521168 0
7237 0.3750000001472928 0.7656250001472098 0
7238 0.3828125001424275 0.7734375001423027 0
7239 0.3671875001424275 0.7734375001423027 0
7240 0.3984375001424275 0.7734375001423029 0
7241 0.3906250001375621 0.7812500001373958 0
7242 0.3593750001375621 0.7812500001373958 0
7243 0.3984375001326966 0.7890625001324888 0
7244 0.3828125001326966 0.7890625001324888 0
7245 0.3750000001278312 0.7968750001275817 0
7246 0.3671875001326966 0.7890625001324888 0
7247 0.3828125001229659 0.8046875001226748 0
7248 0.3671875001229659 0.8046875001226748 0
7249 0.3515625001326966 0.7890625001324887 0
7250 0.4140625001326966 0.7890625001324888 0
7251 0.4062500001278314 0.7968750001275817 0
7252 0.4140625001229659 0.8046875001226748 0
7253 0.3984375001229659 0.8046875001226748 0
7254 0.4296875001229659 0.8046875001226748 0
7255 0.4218750001181004 0.8125000001177678 0
7256 0.3906250001181004 0.8125000001177678 0
7257 0.3437500001278312 0.7968750001275817 0
7258 0.3515625001229659 0.8046875001226748 0
7259 0.3359375001229659 0.8046875001226748 0
7260 0.3593750001181004 0.8125000001177678 0
7261 0.3281250001181004 0.812500000117768 0
7262 0.3906250001570237 0.7500000001570237 0
7263 0.3984375001521583 0.7578125001521168 0
7264 0.4140625001521582 0.7578125001521168 0
7265 0.4062500001472928 0.7656250001472098 0
7266 0.4218750001570237 0.7500000001570237 0
7267 0.4296875001521583 0.7578125001521168 0
7268 0.4140625001424275 0.7734375001423027 0
7269 0.4453125001521583 0.7578125001521168 0
7270 0.4375000001472928 0.7656250001472098 0
7271 0.4453125001424275 0.7734375001423025 0
7272 0.4296875001424275 0.7734375001423027 0
7273 0.4609375001424275 0.7734375001423027 0
7274 0.4531250001375621 0.7812500001373958 0
7275 0.4218750001375621 0.781250000137396 0
7276 0.4531250001570237 0.7500000001570237 0
7277 0.4609375001521583 0.7578125001521168 0
7278 0.4765625001521583 0.7578125001521168 0
7279 0.4687500001472929 0.7656250001472098 0
7280 0.4843750001570237 0.7500000001570237 0
7281 0.4921875001521583 0.7578125001521168 0
7282 0.4765625001424275 0.7734375001423027 0
7283 0.4296875001326966 0.7890625001324888 0
7284 0.4453125001326966 0.7890625001324888 0
7285 0.4375000001278314 0.7968750001275817 0
7286 0.4609375001326966 0.7890625001324888 0
7287 0.4453125001229659 0.8046875001226748 0
7288 0.335937500113235 0.8203125001128608 0
7289 0.351562500113235 0.8203125001128608 0
7290 0.3437500001083695 0.8281250001079539 0
7291 0.367187500113235 0.8203125001128611 0
7292 0.3515625001035042 0.8359375001030469 0
7293 0.382812500113235 0.8203125001128608 0
7294 0.3750000001083694 0.8281250001079539 0
7295 0.3828125001035043 0.8359375001030469 0
7296 0.3671875001035042 0.8359375001030468 0
7297 0.3984375001035042 0.8359375001030467 0
7298 0.3906250000986388 0.8437500000981398 0
7299 0.3593750000986388 0.8437500000981398 0
7300 0.398437500113235 0.8203125001128608 0
7301 0.414062500113235 0.8203125001128608 0
7302 0.4062500001083695 0.8281250001079539 0
7303 0.429687500113235 0.8203125001128608 0
7304 0.4140625001035042 0.8359375001030468 0
7305 0.3671875000937733 0.851562500093233 0
7306 0.3828125000937733 0.8515625000932326 0
7307 0.3750000000889079 0.8593750000883258 0
7308 0.3984375000937733 0.8515625000932329 0
7309 0.3828125000840424 0.8671875000834188 0
7310 0.5078125001521583 0.7578125001521168 0
7311 0.5000000001472928 0.7656250001472098 0
7312 0.5078125001424274 0.7734375001423027 0
7313 0.4921875001424275 0.7734375001423029 0
7314 0.5234375001424274 0.7734375001423025 0
7315 0.5156250001375621 0.7812500001373958 0
7316 0.4843750001375621 0.7812500001373958 0
7317 0.5234375001326967 0.7890625001324888 0
7318 0.5078125001326967 0.7890625001324888 0
7319 0.5000000001278313 0.7968750001275817 0
7320 0.4921875001326966 0.7890625001324888 0
7321 0.5078125001229659 0.8046875001226748 0
7322 0.4921875001229659 0.8046875001226748 0
7323 0.4765625001326966 0.7890625001324888 0
7324 0.5390625001326967 0.7890625001324888 0
7325 0.5312500001278313 0.7968750001275817 0
7326 0.5390625001229659 0.8046875001226748 0
7327 0.5234375001229659 0.8046875001226748 0
7328 0.5546875001229659 0.8046875001226748 0
7329 0.5468750001181004 0.8125000001177678 0
7330 0.5156250001181004 0.8125000001177678 0
7331 0.4687500001278314 0.7968750001275817 0
7332 0.4765625001229659 0.8046875001226748 0
7333 0.4609375001229659 0.8046875001226748 0
7334 0.4843750001181004 0.8125000001177678 0
7335 0.4531250001181004 0.8125000001177678 0
7336 0.554687500113235 0.8203125001128608 0
7337 0.539062500113235 0.8203125001128608 0
7338 0.5312500001083695 0.8281250001079539 0
7339 0.523437500113235 0.8203125001128608 0
7340 0.5390625001035041 0.8359375001030468 0
7341 0.5234375001035041 0.8359375001030466 0
7342 0.507812500113235 0.8203125001128608 0
7343 0.5156250000986388 0.8437500000981398 0
7344 0.5078125001035041 0.8359375001030468 0
7345 0.4921875001035042 0.8359375001030468 0
7346 0.5000000001083695 0.8281250001079539 0
7347 0.4843750000986388 0.8437500000981398 0
7348 0.4765625001035042 0.8359375001030468 0
7349 0.492187500113235 0.8203125001128608 0
7350 0.5234375000937734 0.8515625000932329 0
7351 0.5078125000937734 0.8515625000932329 0
7352 0.500000000088908 0.8593750000883258 0
7353 0.4921875000937733 0.8515625000932329 0
7354 0.5078125000840426 0.8671875000834188 0
7355 0.4921875000840426 0.8671875000834188 0
7356 0.4765625000937733 0.8515625000932326 0
7357 0.476562500113235 0.8203125001128608 0
7358 0.4687500001083695 0.8281250001079539 0
7359 0.460937500113235 0.8203125001128608 0
7360 0.4609375001035042 0.8359375001030468 0
7361 0.445312500113235 0.8203125001128608 0
7362 0.570312500113235 0.8203125001128608 0
7363 0.5625000001083695 0.8281250001079539 0
7364 0.5703125001035041 0.8359375001030468 0
7365 0.5546875001035041 0.8359375001030468 0
7366 0.5859375001035041 0.835937500103047 0
7367 0.5781250000986388 0.8437500000981398 0
7368 0.5468750000986388 0.8437500000981398 0
7369 0.5859375000937734 0.8515625000932329 0
7370 0.5703125000937734 0.8515625000932329 0
7371 0.562500000088908 0.8593750000883258 0
7372 0.5546875000937734 0.8515625000932329 0
7373 0.5703125000840426 0.8671875000834188 0
7374 0.5546875000840426 0.8671875000834188 0
7375 0.5390625000937734 0.8515625000932331 0
7376 0.6015625000937734 0.851562500093233 0
7377 0.5937500000889081 0.8593750000883258 0
7378 0.6015625000840426 0.8671875000834188 0
7379 0.5859375000840426 0.8671875000834188 0
7380 0.6171875000840426 0.8671875000834188 0
7381 0.6093750000791771 0.8750000000785119 0
7382 0.5781250000791771 0.8750000000785119 0
7383 0.531250000088908 0.8593750000883258 0
7384 0.5390625000840426 0.8671875000834188 0
7385 0.5234375000840426 0.8671875000834188 0
7386 0.5468750000791771 0.8750000000785119 0
7387 0.5156250000791771 0.8750000000785119 0
7388 0.4375000001083695 0.8281250001079539 0
7389 0.4453125001035042 0.8359375001030466 0
7390 0.4296875001035042 0.8359375001030468 0
7391 0.4531250000986388 0.8437500000981398 0
7392 0.4218750000986388 0.8437500000981398 0
7393 0.4609375000937733 0.8515625000932329 0
7394 0.4453125000937733 0.8515625000932329 0
7395 0.437500000088908 0.8593750000883256 0
7396 0.4296875000937733 0.8515625000932326 0
7397 0.4453125000840426 0.8671875000834188 0
7398 0.4296875000840426 0.8671875000834188 0
7399 0.4140625000937733 0.8515625000932329 0
7400 0.468750000088908 0.8593750000883258 0
7401 0.4765625000840426 0.8671875000834188 0
7402 0.4609375000840426 0.8671875000834188 0
7403 0.4843750000791771 0.8750000000785119 0
7404 0.4531250000791771 0.8750000000785119 0
7405 0.4062500000889079 0.8593750000883258 0
7406 0.4140625000840426 0.8671875000834188 0
7407 0.3984375000840426 0.8671875000834189 0
7408 0.4218750000791771 0.8750000000785119 0
7409 0.3906250000791771 0.8750000000785119 0
7410 0.5156250001570237 0.7500000001570237 0
7411 0.5234375001521583 0.7578125001521168 0
7412 0.5390625001521583 0.7578125001521168 0
7413 0.5312500001472928 0.7656250001472098 0
7414 0.5468750001570237 0.7500000001570237 0
7415 0.5546875001521583 0.7578125001521168 0
7416 0.5390625001424274 0.7734375001423027 0
7417 0.5703125001521583 0.7578125001521168 0
7418 0.5625000001472928 0.7656250001472098 0
7419 0.5703125001424274 0.7734375001423029 0
7420 0.5546875001424274 0.7734375001423027 0
7421 0.5859375001424274 0.7734375001423027 0
7422 0.5781250001375621 0.7812500001373958 0
7423 0.5468750001375621 0.7812500001373958 0
7424 0.5781250001570237 0.7500000001570237 0
7425 0.5859375001521583 0.7578125001521168 0
7426 0.6015625001521583 0.7578125001521168 0
7427 0.5937500001472928 0.7656250001472098 0
7428 0.6093750001570237 0.7500000001570237 0
7429 0.6171875001521583 0.7578125001521168 0
7430 0.6015625001424274 0.7734375001423027 0
7431 0.5546875001326967 0.7890625001324888 0
7432 0.5703125001326967 0.7890625001324888 0
7433 0.5625000001278313 0.7968750001275817 0
7434 0.5859375001326967 0.7890625001324888 0
7435 0.5703125001229659 0.8046875001226748 0
7436 0.6328125001521583 0.7578125001521168 0
7437 0.6250000001472928 0.7656250001472098 0
7438 0.6328125001424274 0.7734375001423027 0
7439 0.6171875001424274 0.7734375001423025 0
7440 0.6484375001424274 0.7734375001423026 0
7441 0.6406250001375621 0.7812500001373955 0
7442 0.6093750001375621 0.7812500001373958 0
7443 0.6484375001326967 0.789062500132489 0
7444 0.6328125001326967 0.7890625001324888 0
7445 0.6250000001278313 0.7968750001275817 0
7446 0.6171875001326967 0.7890625001324888 0
7447 0.6328125001229659 0.8046875001226748 0
7448 0.6171875001229659 0.8046875001226748 0
7449 0.6015625001326967 0.7890625001324888 0
7450 0.6640625001326967 0.7890625001324886 0
7451 0.6562500001278313 0.7968750001275817 0
7452 0.6640625001229659 0.8046875001226748 0
7453 0.6484375001229659 0.8046875001226748 0
7454 0.6796875001229659 0.8046875001226748 0
7455 0.6718750001181004 0.8125000001177678 0
7456 0.6406250001181004 0.8125000001177678 0
7457 0.5937500001278313 0.7968750001275817 0
7458 0.6015625001229659 0.8046875001226748 0
7459 0.5859375001229659 0.8046875001226748 0
7460 0.6093750001181004 0.8125000001177678 0
7461 0.5781250001181004 0.8125000001177678 0
7462 0.6406250001570237 0.7500000001570237 0
7463 0.6484375001521583 0.7578125001521168 0
7464 0.6640625001521583 0.7578125001521168 0
7465 0.6562500001472928 0.7656250001472098 0
7466 0.6718750001570237 0.7500000001570237 0
7467 0.6796875001521583 0.7578125001521168 0
7468 0.6640625001424274 0.7734375001423029 0
7469 0.6953125001521583 0.7578125001521168 0
7470 0.6875000001472928 0.7656250001472098 0
7471 0.6953125001424274 0.7734375001423026 0
7472 0.6796875001424274 0.7734375001423027 0
7473 0.7109375001424274 0.7734375001423027 0
7474 0.7031250001375621 0.7812500001373958 0
7475 0.6718750001375622 0.7812500001373959 0
7476 0.7031250001570237 0.7500000001570237 0
7477 0.7109375001521583 0.7578125001521168 0
7478 0.7265625001521583 0.7578125001521168 0
7479 0.7187500001472928 0.7656250001472098 0
7480 0.7343750001570237 0.7500000001570237 0
7481 0.7421875001521583 0.7578125001521168 0
7482 0.7265625001424274 0.7734375001423027 0
7483 0.6796875001326967 0.789062500132489 0
7484 0.6953125001326967 0.7890625001324886 0
7485 0.6875000001278313 0.7968750001275817 0
7486 0.7109375001326967 0.7890625001324887 0
7487 0.6953125001229659 0.8046875001226748 0
7488 0.585937500113235 0.8203125001128608 0
7489 0.601562500113235 0.8203125001128608 0
7490 0.5937500001083695 0.8281250001079539 0
7491 0.617187500113235 0.8203125001128608 0
7492 0.6015625001035041 0.8359375001030467 0
7493 0.632812500113235 0.8203125001128608 0
7494 0.6250000001083695 0.8281250001079539 0
7495 0.6328125001035041 0.8359375001030469 0
7496 0.6171875001035041 0.8359375001030468 0
7497 0.6484375001035041 0.8359375001030466 0
7498 0.6406250000986388 0.8437500000981397 0
7499 0.6093750000986387 0.8437500000981397 0
7500 0.648437500113235 0.8203125001128608 0
7501 0.664062500113235 0.8203125001128608 0
7502 0.6562500001083695 0.8281250001079539 0
7503 0.679687500113235 0.8203125001128608 0
7504 0.6640625001035041 0.8359375001030467 0
7505 0.6171875000937734 0.8515625000932329 0
7506 0.6328125000937734 0.8515625000932328 0
7507 0.625000000088908 0.8593750000883258 0
7508 0.6484375000937734 0.8515625000932326 0
7509 0.6328125000840426 0.8671875000834188 0
7510 0.3984375000743117 0.8828125000736049 0
7511 0.4140625000743117 0.8828125000736049 0
7512 0.4062500000694462 0.8906250000686979 0
7513 0.4296875000743117 0.8828125000736051 0
7514 0.4140625000645808 0.8984375000637908 0
7515 0.4453125000743116 0.8828125000736049 0
7516 0.4375000000694462 0.8906250000686977 0
7517 0.4453125000645808 0.8984375000637909 0
7518 0.4296875000645808 0.8984375000637908 0
7519 0.4609375000645808 0.8984375000637909 0
7520 0.4531250000597153 0.9062500000588841 0
7521 0.4218750000597153 0.9062500000588838 0
7522 0.4609375000743116 0.8828125000736049 0
7523 0.4765625000743116 0.8828125000736049 0
7524 0.4687500000694462 0.8906250000686979 0
7525 0.4921875000743117 0.8828125000736049 0
7526 0.4765625000645808 0.8984375000637909 0
7527 0.4296875000548499 0.9140625000539767 0
7528 0.4453125000548498 0.9140625000539769 0
7529 0.4375000000499846 0.9218750000490696 0
7530 0.46093750005485 0.9140625000539772 0
7531 0.4453125000451191 0.9296875000441629 0
7532 0.5078125000743117 0.8828125000736049 0
7533 0.5000000000694462 0.8906250000686979 0
7534 0.5078125000645808 0.8984375000637909 0
7535 0.4921875000645807 0.8984375000637908 0
7536 0.5234375000645808 0.8984375000637906 0
7537 0.5156250000597155 0.9062500000588839 0
7538 0.4843750000597155 0.9062500000588839 0
7539 0.5234375000548501 0.9140625000539769 0
7540 0.5078125000548501 0.9140625000539769 0
7541 0.5000000000499847 0.9218750000490699 0
7542 0.49218750005485 0.9140625000539769 0
7543 0.5078125000451192 0.9296875000441629 0
7544 0.4921875000451193 0.9296875000441629 0
7545 0.47656250005485 0.9140625000539769 0
7546 0.5390625000548501 0.9140625000539772 0
7547 0.5312500000499847 0.9218750000490699 0
7548 0.5390625000451192 0.9296875000441629 0
7549 0.5234375000451192 0.9296875000441629 0
7550 0.5546875000451192 0.9296875000441629 0
7551 0.5468750000402538 0.9375000000392559 0
7552 0.5156250000402538 0.9375000000392559 0
7553 0.4687500000499846 0.9218750000490699 0
7554 0.4765625000451191 0.9296875000441629 0
7555 0.4609375000451191 0.9296875000441629 0
7556 0.4843750000402538 0.9375000000392559 0
7557 0.4531250000402537 0.9375000000392559 0
7558 0.5234375000743117 0.8828125000736049 0
7559 0.5390625000743117 0.8828125000736049 0
7560 0.5312500000694462 0.8906250000686979 0
7561 0.5546875000743117 0.8828125000736049 0
7562 0.5390625000645808 0.8984375000637911 0
7563 0.5703125000743117 0.8828125000736049 0
7564 0.5625000000694461 0.8906250000686979 0
7565 0.5703125000645808 0.898437500063791 0
7566 0.5546875000645808 0.8984375000637909 0
7567 0.5859375000645808 0.8984375000637909 0
7568 0.5781250000597155 0.9062500000588837 0
7569 0.5468750000597155 0.9062500000588841 0
7570 0.5859375000743117 0.8828125000736049 0
7571 0.6015625000743117 0.8828125000736049 0
7572 0.5937500000694462 0.8906250000686979 0
7573 0.6171875000743117 0.8828125000736049 0
7574 0.6015625000645808 0.8984375000637909 0
7575 0.5546875000548501 0.9140625000539768 0
7576 0.5703125000548501 0.9140625000539769 0
7577 0.5625000000499848 0.9218750000490699 0
7578 0.58593750005485 0.914062500053977 0
7579 0.5703125000451192 0.9296875000441629 0
7580 0.4609375000353884 0.9453125000343487 0
7581 0.4765625000353884 0.945312500034349 0
7582 0.4687500000305229 0.9531250000294418 0
7583 0.4921875000353883 0.945312500034349 0
7584 0.4765625000256575 0.960937500024535 0
7585 0.5078125000353884 0.945312500034349 0
7586 0.5000000000305229 0.953125000029442 0
7587 0.5078125000256575 0.9609375000245349 0
7588 0.4921875000256575 0.9609375000245349 0
7589 0.5234375000256575 0.9609375000245348 0
7590 0.515625000020792 0.968750000019628 0
7591 0.484375000020792 0.968750000019628 0
7592 0.5234375000353884 0.945312500034349 0
7593 0.5390625000353884 0.945312500034349 0
7594 0.5312500000305229 0.953125000029442 0
7595 0.5546875000353884 0.945312500034349 0
7596 0.5390625000256575 0.960937500024535 0
7597 0.4921875000159266 0.976562500014721 0
7598 0.5078125000159266 0.9765625000147208 0
7599 0.5000000000110612 0.9843750000098139 0
7600 0.5234375000159266 0.9765625000147208 0
7601 0.5078125000061957 0.992187500004907 0
7602 0.2734375001619307 0.7421875001619307 0
7603 0.2812500001668376 0.7343750001668375 0
7604 0.2890625001619307 0.7421875001619309 0
7605 0.2890625001717447 0.7265625001717447 0
7606 0.3046875001619307 0.7421875001619307 0
7607 0.2968750001766517 0.7187500001766518 0
7608 0.3046875001717447 0.7265625001717445 0
7609 0.3203125001717447 0.7265625001717447 0
7610 0.3125000001668377 0.7343750001668379 0
7611 0.3281250001766517 0.7187500001766517 0
7612 0.3359375001717447 0.7265625001717447 0
7613 0.3203125001619307 0.7421875001619307 0
7614 0.3046875001815587 0.7109375001815589 0
7615 0.3125000001864658 0.7031250001864657 0
7616 0.3203125001815587 0.7109375001815589 0
7617 0.3203125001913727 0.6953125001913727 0
7618 0.3359375001815587 0.7109375001815587 0
7619 0.3359375001619307 0.7421875001619307 0
7620 0.3437500001668376 0.7343750001668377 0
7621 0.3515625001619307 0.7421875001619307 0
7622 0.3515625001717447 0.7265625001717447 0
7623 0.3671875001619307 0.7421875001619307 0
7624 0.3281250001962797 0.6875000001962797 0
7625 0.3359375001913727 0.6953125001913727 0
7626 0.3515625001913727 0.6953125001913727 0
7627 0.3437500001864658 0.7031250001864657 0
7628 0.3593750001962797 0.6875000001962797 0
7629 0.3671875001913727 0.6953125001913727 0
7630 0.3515625001815587 0.7109375001815587 0
7631 0.3828125001913727 0.6953125001913727 0
7632 0.3750000001864658 0.7031250001864657 0
7633 0.3828125001815587 0.7109375001815587 0
7634 0.3671875001815587 0.7109375001815587 0
7635 0.3984375001815587 0.7109375001815587 0
7636 0.3906250001766517 0.7187500001766517 0
7637 0.3593750001766517 0.7187500001766517 0
7638 0.3906250001962797 0.6875000001962797 0
7639 0.3984375001913727 0.6953125001913727 0
7640 0.4140625001913727 0.6953125001913727 0
7641 0.4062500001864658 0.7031250001864657 0
7642 0.4218750001962797 0.6875000001962797 0
7643 0.4296875001913727 0.6953125001913727 0
7644 0.4140625001815587 0.7109375001815587 0
7645 0.3671875001717447 0.7265625001717447 0
7646 0.3828125001717447 0.7265625001717447 0
7647 0.3750000001668377 0.7343750001668377 0
7648 0.3984375001717447 0.7265625001717447 0
7649 0.3828125001619307 0.7421875001619307 0
7650 0.3359375002011866 0.6796875002011866 0
7651 0.3437500002060935 0.6718750002060936 0
7652 0.3515625002011866 0.6796875002011866 0
7653 0.3515625002110007 0.6640625002110007 0
7654 0.3671875002011866 0.6796875002011866 0
7655 0.3593750002159076 0.6562500002159076 0
7656 0.3671875002110007 0.6640625002110007 0
7657 0.3828125002110007 0.6640625002110007 0
7658 0.3750000002060936 0.6718750002060936 0
7659 0.3906250002159076 0.6562500002159076 0
7660 0.3984375002110007 0.6640625002110007 0
7661 0.3828125002011866 0.6796875002011866 0
7662 0.3671875002208146 0.6484375002208146 0
7663 0.3750000002257217 0.6406250002257217 0
7664 0.3828125002208146 0.6484375002208146 0
7665 0.3828125002306286 0.6328125002306286 0
7666 0.3984375002208146 0.6484375002208146 0
7667 0.3984375002011866 0.6796875002011866 0
7668 0.4062500002060935 0.6718750002060936 0
7669 0.4140625002011866 0.6796875002011866 0
7670 0.4140625002110007 0.6640625002110007 0
7671 0.4296875002011866 0.6796875002011866 0
7672 0.3984375001619307 0.7421875001619307 0
7673 0.4062500001668377 0.7343750001668377 0
7674 0.4140625001619307 0.7421875001619307 0
7675 0.4140625001717447 0.7265625001717447 0
7676 0.4296875001619307 0.7421875001619307 0
7677 0.4218750001766517 0.7187500001766517 0
7678 0.4296875001717447 0.7265625001717447 0
7679 0.4453125001717447 0.726562500171745 0
7680 0.4375000001668376 0.7343750001668377 0
7681 0.4531250001766517 0.7187500001766517 0
7682 0.4609375001717447 0.7265625001717447 0
7683 0.4453125001619307 0.7421875001619307 0
7684 0.4296875001815587 0.7109375001815587 0
7685 0.4375000001864658 0.7031250001864657 0
7686 0.4453125001815587 0.7109375001815587 0
7687 0.4453125001913727 0.6953125001913727 0
7688 0.4609375001815587 0.7109375001815587 0
7689 0.4609375001619307 0.7421875001619307 0
7690 0.4687500001668376 0.7343750001668377 0
7691 0.4765625001619307 0.7421875001619307 0
7692 0.4765625001717447 0.7265625001717445 0
7693 0.4921875001619307 0.7421875001619307 0
7694 0.3906250002355356 0.6250000002355356 0
7695 0.3984375002306286 0.6328125002306286 0
7696 0.4140625002306286 0.6328125002306286 0
7697 0.4062500002257217 0.6406250002257217 0
7698 0.4218750002355356 0.6250000002355356 0
7699 0.4296875002306286 0.6328125002306286 0
7700 0.4140625002208146 0.6484375002208146 0
7701 0.4453125002306286 0.6328125002306286 0
7702 0.4375000002257217 0.6406250002257217 0
7703 0.4453125002208146 0.6484375002208146 0
7704 0.4296875002208146 0.6484375002208146 0
7705 0.4609375002208146 0.6484375002208146 0
7706 0.4531250002159076 0.6562500002159078 0
7707 0.4218750002159076 0.6562500002159076 0
7708 0.4531250002355356 0.6250000002355356 0
7709 0.4609375002306286 0.6328125002306286 0
7710 0.4765625002306286 0.6328125002306286 0
7711 0.4687500002257217 0.6406250002257217 0
7712 0.4843750002355356 0.6250000002355356 0
7713 0.4921875002306286 0.6328125002306286 0
7714 0.4765625002208146 0.6484375002208146 0
7715 0.4296875002110007 0.6640625002110009 0
7716 0.4453125002110007 0.6640625002110009 0
7717 0.4375000002060936 0.6718750002060936 0
7718 0.4609375002110007 0.6640625002110007 0
7719 0.4453125002011866 0.6796875002011866 0
7720 0.5078125002306286 0.6328125002306286 0
7721 0.5000000002257217 0.6406250002257217 0
7722 0.5078125002208147 0.6484375002208146 0
7723 0.4921875002208146 0.6484375002208146 0
7724 0.5234375002208147 0.6484375002208146 0
7725 0.5156250002159076 0.6562500002159076 0
7726 0.4843750002159076 0.6562500002159076 0
7727 0.5234375002110006 0.6640625002110007 0
7728 0.5078125002110006 0.6640625002110007 0
7729 0.5000000002060936 0.6718750002060936 0
7730 0.4921875002110007 0.6640625002110007 0
7731 0.5078125002011866 0.6796875002011866 0
7732 0.4921875002011866 0.6796875002011866 0
7733 0.4765625002110007 0.6640625002110007 0
7734 0.5390625002110006 0.6640625002110007 0
7735 0.5312500002060936 0.6718750002060936 0
7736 0.5390625002011866 0.6796875002011866 0
7737 0.5234375002011866 0.6796875002011866 0
7738 0.5546875002011866 0.6796875002011866 0
7739 0.5468750001962797 0.6875000001962797 0
7740 0.5156250001962797 0.6875000001962797 0
7741 0.4687500002060936 0.6718750002060936 0
7742 0.4765625002011866 0.6796875002011866 0
7743 0.4609375002011866 0.6796875002011866 0
7744 0.4843750001962797 0.6875000001962797 0
7745 0.4531250001962797 0.6875000001962797 0
7746 0.5156250002355356 0.6250000002355356 0
7747 0.5234375002306286 0.6328125002306286 0
7748 0.5390625002306286 0.6328125002306286 0
7749 0.5312500002257217 0.6406250002257217 0
7750 0.5468750002355356 0.6250000002355356 0
7751 0.5546875002306286 0.6328125002306286 0
7752 0.5390625002208147 0.6484375002208146 0
7753 0.5703125002306286 0.6328125002306286 0
7754 0.5625000002257217 0.6406250002257217 0
7755 0.5703125002208147 0.6484375002208146 0
7756 0.5546875002208147 0.6484375002208146 0
7757 0.5859375002208147 0.6484375002208146 0
7758 0.5781250002159076 0.6562500002159076 0
7759 0.5468750002159076 0.6562500002159076 0
7760 0.5781250002355356 0.6250000002355356 0
7761 0.5859375002306286 0.6328125002306286 0
7762 0.6015625002306286 0.6328125002306286 0
7763 0.5937500002257217 0.6406250002257217 0
7764 0.6093750002355356 0.6250000002355356 0
7765 0.6171875002306286 0.6328125002306286 0
7766 0.6015625002208147 0.6484375002208146 0
7767 0.5546875002110006 0.6640625002110007 0
7768 0.5703125002110006 0.6640625002110007 0
7769 0.5625000002060936 0.6718750002060936 0
7770 0.5859375002110006 0.6640625002110007 0
7771 0.5703125002011866 0.6796875002011866 0
7772 0.4609375001913727 0.6953125001913727 0
7773 0.4765625001913727 0.6953125001913727 0
7774 0.4687500001864657 0.7031250001864657 0
7775 0.4921875001913727 0.6953125001913727 0
7776 0.4765625001815587 0.7109375001815587 0
7777 0.5078125001913727 0.6953125001913727 0
7778 0.5000000001864657 0.7031250001864657 0
7779 0.5078125001815588 0.7109375001815584 0
7780 0.4921875001815587 0.7109375001815587 0
7781 0.5234375001815588 0.7109375001815587 0
7782 0.5156250001766517 0.7187500001766517 0
7783 0.4843750001766517 0.7187500001766517 0
7784 0.5234375001913727 0.6953125001913727 0
7785 0.5390625001913727 0.6953125001913727 0
7786 0.5312500001864657 0.7031250001864657 0
7787 0.5546875001913727 0.6953125001913727 0
7788 0.5390625001815588 0.7109375001815587 0
7789 0.4921875001717447 0.7265625001717447 0
7790 0.5078125001717446 0.7265625001717447 0
7791 0.5000000001668377 0.7343750001668377 0
7792 0.5234375001717446 0.7265625001717445 0
7793 0.5078125001619307 0.7421875001619307 0
7794 0.3984375002404426 0.6171875002404426 0
7795 0.4062500002453495 0.6093750002453495 0
7796 0.4140625002404426 0.6171875002404426 0
7797 0.4140625002502566 0.6015625002502566 0
7798 0.4296875002404426 0.6171875002404426 0
7799 0.4218750002551636 0.5937500002551636 0
7800 0.4296875002502566 0.6015625002502566 0
7801 0.4453125002502566 0.6015625002502566 0
7802 0.4375000002453495 0.6093750002453495 0
7803 0.4531250002551636 0.5937500002551636 0
7804 0.4609375002502566 0.6015625002502566 0
7805 0.4453125002404426 0.6171875002404426 0
7806 0.4296875002600705 0.5859375002600705 0
7807 0.4375000002649776 0.5781250002649776 0
7808 0.4453125002600705 0.5859375002600705 0
7809 0.4453125002698846 0.5703125002698846 0
7810 0.4609375002600705 0.5859375002600705 0
7811 0.4609375002404426 0.6171875002404426 0
7812 0.4687500002453495 0.6093750002453495 0
7813 0.4765625002404426 0.6171875002404426 0
7814 0.4765625002502566 0.6015625002502566 0
7815 0.4921875002404426 0.6171875002404426 0
7816 0.4531250002747915 0.5625000002747915 0
7817 0.4609375002698846 0.5703125002698846 0
7818 0.4765625002698846 0.5703125002698846 0
7819 0.4687500002649776 0.5781250002649776 0
7820 0.4843750002747915 0.5625000002747915 0
7821 0.4921875002698846 0.5703125002698846 0
7822 0.4765625002600705 0.5859375002600705 0
7823 0.5078125002698846 0.5703125002698846 0
7824 0.5000000002649776 0.5781250002649776 0
7825 0.5078125002600706 0.5859375002600705 0
7826 0.4921875002600705 0.5859375002600705 0
7827 0.5234375002600706 0.5859375002600705 0
7828 0.5156250002551636 0.5937500002551636 0
7829 0.4843750002551636 0.5937500002551636 0
7830 0.5156250002747915 0.5625000002747915 0
7831 0.5234375002698846 0.5703125002698846 0
7832 0.5390625002698846 0.5703125002698846 0
7833 0.5312500002649776 0.5781250002649776 0
7834 0.5468750002747915 0.5625000002747915 0
7835 0.5546875002698846 0.5703125002698846 0
7836 0.5390625002600706 0.5859375002600705 0
7837 0.4921875002502566 0.6015625002502566 0
7838 0.5078125002502565 0.6015625002502566 0
7839 0.5000000002453495 0.6093750002453495 0
7840 0.5234375002502565 0.6015625002502566 0
7841 0.5078125002404426 0.6171875002404426 0
7842 0.4609375002796985 0.5546875002796985 0
7843 0.4687500002846055 0.5468750002846055 0
7844 0.4765625002796985 0.5546875002796985 0
7845 0.4765625002895125 0.5390625002895125 0
7846 0.4921875002796985 0.5546875002796985 0
7847 0.4843750002944195 0.5312500002944195 0
7848 0.4921875002895125 0.5390625002895125 0
7849 0.5078125002895124 0.5390625002895125 0
7850 0.5000000002846055 0.5468750002846055 0
7851 0.5156250002944195 0.5312500002944195 0
7852 0.5234375002895124 0.5390625002895125 0
7853 0.5078125002796985 0.5546875002796985 0
7854 0.4921875002993265 0.5234375002993265 0
7855 0.5000000003042335 0.5156250003042335 0
7856 0.5078125002993266 0.5234375002993265 0
7857 0.5234375002796985 0.5546875002796985 0
7858 0.5312500002846055 0.5468750002846055 0
7859 0.5390625002796985 0.5546875002796985 0
7860 0.5234375002404426 0.6171875002404426 0
7861 0.5312500002453495 0.6093750002453495 0
7862 0.5390625002404426 0.6171875002404426 0
7863 0.5390625002502565 0.6015625002502566 0
7864 0.5546875002404426 0.6171875002404426 0
7865 0.5468750002551636 0.5937500002551636 0
7866 0.5546875002502565 0.6015625002502566 0
7867 0.5703125002502565 0.6015625002502566 0
7868 0.5625000002453495 0.6093750002453495 0
7869 0.5781250002551636 0.5937500002551636 0
7870 0.5859375002502565 0.6015625002502566 0
7871 0.5703125002404426 0.6171875002404426 0
7872 0.5546875002600706 0.5859375002600705 0
7873 0.5625000002649776 0.5781250002649776 0
7874 0.5703125002600706 0.5859375002600705 0
7875 0.5859375002404426 0.6171875002404426 0
7876 0.5937500002453495 0.6093750002453495 0
7877 0.6015625002404426 0.6171875002404426 0
7878 0.5234375001619307 0.7421875001619307 0
7879 0.5312500001668377 0.7343750001668377 0
7880 0.5390625001619307 0.7421875001619307 0
7881 0.5390625001717446 0.7265625001717447 0
7882 0.5546875001619307 0.7421875001619307 0
7883 0.5468750001766517 0.7187500001766519 0
7884 0.5546875001717446 0.726562500171745 0
7885 0.5703125001717446 0.7265625001717447 0
7886 0.5625000001668377 0.7343750001668377 0
7887 0.5781250001766517 0.7187500001766517 0
7888 0.5859375001717446 0.7265625001717447 0
7889 0.5703125001619307 0.7421875001619307 0
7890 0.5546875001815588 0.7109375001815587 0
7891 0.5625000001864657 0.7031250001864657 0
7892 0.5703125001815588 0.7109375001815587 0
7893 0.5703125001913727 0.6953125001913727 0
7894 0.5859375001815588 0.7109375001815587 0
7895 0.5859375001619307 0.7421875001619307 0
7896 0.5937500001668377 0.7343750001668377 0
7897 0.6015625001619307 0.7421875001619307 0
7898 0.6015625001717446 0.7265625001717447 0
7899 0.6171875001619307 0.7421875001619307 0
7900 0.5781250001962797 0.6875000001962797 0
7901 0.5859375001913727 0.6953125001913727 0
7902 0.6015625001913727 0.6953125001913727 0
7903 0.5937500001864657 0.7031250001864657 0
7904 0.6093750001962797 0.6875000001962797 0
7905 0.6171875001913727 0.6953125001913727 0
7906 0.6015625001815588 0.7109375001815587 0
7907 0.6328125001913727 0.6953125001913727 0
7908 0.6250000001864657 0.7031250001864657 0
7909 0.6328125001815588 0.7109375001815587 0
7910 0.6171875001815588 0.7109375001815587 0
7911 0.6484375001815588 0.7109375001815587 0
7912 0.6406250001766517 0.7187500001766517 0
7913 0.6093750001766517 0.7187500001766517 0
7914 0.6406250001962797 0.6875000001962797 0
7915 0.6484375001913727 0.6953125001913727 0
7916 0.6640625001913727 0.6953125001913727 0
7917 0.6562500001864657 0.7031250001864657 0
7918 0.6718750001962797 0.6875000001962797 0
7919 0.6796875001913727 0.6953125001913727 0
7920 0.6640625001815588 0.7109375001815587 0
7921 0.6171875001717446 0.7265625001717447 0
7922 0.6328125001717446 0.7265625001717447 0
7923 0.6250000001668377 0.7343750001668377 0
7924 0.6484375001717446 0.7265625001717447 0
7925 0.6328125001619307 0.7421875001619307 0
7926 0.5859375002011866 0.6796875002011866 0
7927 0.5937500002060936 0.6718750002060936 0
7928 0.6015625002011866 0.6796875002011866 0
7929 0.6015625002110006 0.6640625002110007 0
7930 0.6171875002011866 0.6796875002011866 0
7931 0.6093750002159076 0.6562500002159076 0
7932 0.6171875002110006 0.6640625002110007 0
7933 0.6328125002110006 0.6640625002110007 0
7934 0.6250000002060936 0.6718750002060936 0
7935 0.6406250002159076 0.6562500002159076 0
7936 0.6484375002110006 0.6640625002110007 0
7937 0.6328125002011866 0.6796875002011866 0
7938 0.6171875002208147 0.6484375002208146 0
7939 0.6250000002257217 0.6406250002257217 0
7940 0.6328125002208147 0.6484375002208146 0
7941 0.6484375002011866 0.6796875002011866 0
7942 0.6562500002060936 0.6718750002060936 0
7943 0.6640625002011866 0.6796875002011866 0
7944 0.6484375001619307 0.7421875001619307 0
7945 0.6562500001668377 0.7343750001668377 0
7946 0.6640625001619307 0.7421875001619307 0
7947 0.6640625001717446 0.7265625001717447 0
7948 0.6796875001619307 0.7421875001619307 0
7949 0.6718750001766517 0.7187500001766517 0
7950 0.6796875001717446 0.7265625001717447 0
7951 0.6953125001717446 0.7265625001717447 0
7952 0.6875000001668378 0.7343750001668377 0
7953 0.7031250001766517 0.7187500001766517 0
7954 0.7109375001717446 0.7265625001717447 0
7955 0.6953125001619307 0.7421875001619307 0
7956 0.6796875001815588 0.7109375001815587 0
7957 0.6875000001864657 0.7031250001864657 0
7958 0.6953125001815588 0.7109375001815587 0
7959 0.7109375001619307 0.7421875001619307 0
7960 0.7187500001668377 0.7343750001668377 0
7961 0.7265625001619307 0.7421875001619307 0
7962 0.5234375000061631 0.992187500004907 0
7963 0.5312500000110391 0.9843750000098139 0
7964 0.5390625000061409 0.992187500004907 0
7965 0.5390625000159045 0.9765625000147211 0
7966 0.5546875000061295 0.992187500004907 0
7967 0.5468750000207458 0.968750000019628 0
7968 0.5546875000158584 0.9765625000147208 0
7969 0.5703125000158121 0.9765625000147211 0
7970 0.5625000000109709 0.9843750000098139 0
7971 0.5781250000206537 0.9687500000196282 0
7972 0.5859375000157662 0.9765625000147208 0
7973 0.5703125000060834 0.992187500004907 0
7974 0.5546875000256113 0.9609375000245349 0
7975 0.5625000000304766 0.953125000029442 0
7976 0.5703125000255652 0.9609375000245349 0
7977 0.5703125000353422 0.945312500034349 0
7978 0.5859375000255191 0.9609375000245349 0
7979 0.585937500006019 0.992187500004907 0
7980 0.5937500000108548 0.9843750000098139 0
7981 0.6015625000059488 0.992187500004907 0
7982 0.6015625000156959 0.9765625000147211 0
7983 0.6171875000058729 0.992187500004907 0
7984 0.5781250000402207 0.9375000000392559 0
7985 0.5859375000353092 0.945312500034349 0
7986 0.6015625000352762 0.945312500034349 0
7987 0.5937500000303977 0.953125000029442 0
7988 0.6093750000401548 0.9375000000392559 0
7989 0.6171875000352431 0.945312500034349 0
7990 0.6015625000254861 0.9609375000245352 0
7991 0.6328125000352101 0.945312500034349 0
7992 0.6250000000303315 0.953125000029442 0
7993 0.63281250002542 0.9609375000245347 0
7994 0.6171875000254531 0.9609375000245348 0
7995 0.648437500025387 0.960937500024535 0
7996 0.6406250000205085 0.9687500000196279 0
7997 0.6093750000205744 0.968750000019628 0
7998 0.6406250000400886 0.9375000000392559 0
7999 0.6484375000351771 0.945312500034349 0
8000 0.6640625000351441 0.945312500034349 0
8001 0.6562500000302656 0.953125000029442 0
8002 0.6718750000400227 0.9375000000392559 0
8003 0.679687500035111 0.945312500034349 0
8004 0.6640625000253539 0.9609375000245352 0
8005 0.6171875000156629 0.9765625000147211 0
8006 0.6328125000156299 0.976562500014721 0
8007 0.6250000000107515 0.9843750000098139 0
8008 0.6484375000155969 0.9765625000147212 0
8009 0.6328125000058398 0.992187500004907 0
8010 0.5859375000450862 0.9296875000441629 0
8011 0.5937500000499516 0.9218750000490699 0
8012 0.6015625000450531 0.9296875000441629 0
8013 0.601562500054817 0.9140625000539767 0
8014 0.6171875000450201 0.9296875000441629 0
8015 0.6093750000596825 0.906250000058884 0
8016 0.617187500054784 0.9140625000539767 0
8017 0.632812500054751 0.9140625000539769 0
8018 0.6250000000498855 0.9218750000490699 0
8019 0.6406250000596163 0.906250000058884 0
8020 0.648437500054718 0.9140625000539772 0
8021 0.6328125000449871 0.9296875000441629 0
8022 0.6171875000645478 0.8984375000637906 0
8023 0.6250000000694134 0.8906250000686979 0
8024 0.6328125000645148 0.8984375000637908 0
8025 0.6328125000742787 0.8828125000736049 0
8026 0.6484375000644818 0.8984375000637909 0
8027 0.648437500044954 0.9296875000441629 0
8028 0.6562500000498196 0.9218750000490699 0
8029 0.664062500044921 0.9296875000441629 0
8030 0.6640625000546849 0.9140625000539768 0
8031 0.6796875000448879 0.9296875000441629 0
8032 0.6484375000057783 0.992187500004907 0
8033 0.6562500000107032 0.9843750000098139 0
8034 0.6640625000057632 0.992187500004907 0
8035 0.6640625000155818 0.976562500014721 0
8036 0.6796875000057943 0.992187500004907 0
8037 0.6718750000204555 0.968750000019628 0
8038 0.6796875000155618 0.976562500014721 0
8039 0.6953125000155419 0.9765625000147212 0
8040 0.6875000000106681 0.9843750000098139 0
8041 0.7031250000204157 0.9687500000196277 0
8042 0.710937500015522 0.976562500014721 0
8043 0.6953125000057744 0.992187500004907 0
8044 0.6796875000253341 0.9609375000245349 0
8045 0.6875000000302126 0.953125000029442 0
8046 0.6953125000253142 0.9609375000245347 0
8047 0.6953125000350912 0.945312500034349 0
8048 0.7109375000252942 0.9609375000245347 0
8049 0.7109375000057496 0.992187500004907 0
8050 0.7187500000106235 0.9843750000098139 0
8051 0.7265625000057251 0.992187500004907 0
8052 0.7265625000154974 0.9765625000147212 0
8053 0.7421875000057004 0.992187500004907 0
8054 0.6406250000791356 0.8750000000785119 0
8055 0.6484375000742371 0.8828125000736049 0
8056 0.6640625000741955 0.8828125000736049 0
8057 0.6562500000693386 0.8906250000686979 0
8058 0.6718750000790523 0.8750000000785119 0
8059 0.6796875000741539 0.8828125000736049 0
8060 0.6640625000644402 0.8984375000637908 0
8061 0.6953125000741124 0.8828125000736049 0
8062 0.6875000000692554 0.8906250000686979 0
8063 0.6953125000643571 0.8984375000637909 0
8064 0.6796875000643985 0.898437500063791 0
8065 0.7109375000643154 0.8984375000637911 0
8066 0.7031250000594587 0.906250000058884 0
8067 0.6718750000595417 0.9062500000588839 0
8068 0.7031250000789693 0.8750000000785119 0
8069 0.7109375000740707 0.8828125000736049 0
8070 0.7265625000740292 0.8828125000736049 0
8071 0.7187500000691723 0.8906250000686979 0
8072 0.734375000078886 0.8750000000785119 0
8073 0.7421875000739876 0.8828125000736049 0
8074 0.7265625000642739 0.8984375000637911 0
8075 0.6796875000546433 0.9140625000539767 0
8076 0.6953125000546018 0.9140625000539769 0
8077 0.6875000000497449 0.9218750000490699 0
8078 0.7109375000545601 0.9140625000539768 0
8079 0.6953125000448465 0.9296875000441629 0
8080 0.7578125000739462 0.8828125000736049 0
8081 0.7500000000690892 0.8906250000686979 0
8082 0.7578125000641907 0.8984375000637906 0
8083 0.7421875000642323 0.8984375000637908 0
8084 0.7734375000641491 0.8984375000637909 0
8085 0.7656250000592923 0.9062500000588838 0
8086 0.7343750000593754 0.9062500000588837 0
8087 0.7734375000543938 0.9140625000539772 0
8088 0.7578125000544355 0.9140625000539767 0
8089 0.7500000000495786 0.9218750000490699 0
8090 0.742187500054477 0.9140625000539769 0
8091 0.7578125000446801 0.9296875000441629 0
8092 0.7421875000447217 0.9296875000441629 0
8093 0.7265625000545186 0.914062500053977 0
8094 0.7890625000543523 0.9140625000539768 0
8095 0.7812500000494953 0.9218750000490699 0
8096 0.789062500044597 0.9296875000441629 0
8097 0.7734375000446385 0.9296875000441629 0
8098 0.8046875000445554 0.9296875000441629 0
8099 0.7968750000396985 0.9375000000392559 0
8100 0.7656250000397817 0.9375000000392559 0
8101 0.7187500000496616 0.9218750000490699 0
8102 0.7265625000447633 0.9296875000441629 0
8103 0.7109375000448048 0.9296875000441629 0
8104 0.7343750000398648 0.9375000000392559 0
8105 0.703125000039948 0.9375000000392559 0
8106 0.765625000078803 0.8750000000785119 0
8107 0.7734375000739043 0.8828125000736049 0
8108 0.7890625000738629 0.8828125000736049 0
8109 0.7812500000690061 0.8906250000686979 0
8110 0.7968750000787197 0.8750000000785119 0
8111 0.8046875000738213 0.8828125000736049 0
8112 0.7890625000641076 0.8984375000637909 0
8113 0.8203125000737798 0.8828125000736049 0
8114 0.8125000000689229 0.8906250000686979 0
8115 0.8203125000640245 0.898437500063791 0
8116 0.804687500064066 0.8984375000637911 0
8117 0.8359375000639829 0.8984375000637908 0
8118 0.828125000059126 0.906250000058884 0
8119 0.7968750000592091 0.9062500000588839 0
8120 0.8281250000786367 0.8750000000785119 0
8121 0.8359375000737381 0.8828125000736049 0
8122 0.8515625000736966 0.8828125000736049 0
8123 0.8437500000688398 0.8906250000686979 0
8124 0.8593750000785534 0.8750000000785119 0
8125 0.8671875000736551 0.8828125000736049 0
8126 0.8515625000639413 0.8984375000637906 0
8127 0.8046875000543107 0.9140625000539767 0
8128 0.8203125000542691 0.9140625000539769 0
8129 0.8125000000494123 0.9218750000490699 0
8130 0.8359375000542275 0.9140625000539769 0
8131 0.8203125000445138 0.9296875000441629 0
8132 0.7109375000350495 0.945312500034349 0
8133 0.726562500035008 0.945312500034349 0
8134 0.7187500000301511 0.953125000029442 0
8135 0.7421875000349664 0.945312500034349 0
8136 0.7265625000252527 0.9609375000245352 0
8137 0.7578125000349248 0.945312500034349 0
8138 0.7500000000300679 0.953125000029442 0
8139 0.7578125000251695 0.9609375000245347 0
8140 0.7421875000252109 0.9609375000245348 0
8141 0.7734375000251279 0.9609375000245349 0
8142 0.7656250000202711 0.9687500000196277 0
8143 0.7343750000203542 0.9687500000196277 0
8144 0.7734375000348832 0.945312500034349 0
8145 0.7890625000348417 0.945312500034349 0
8146 0.7812500000299849 0.953125000029442 0
8147 0.8046875000348001 0.945312500034349 0
8148 0.7890625000250864 0.9609375000245347 0
8149 0.7421875000154559 0.9765625000147211 0
8150 0.7578125000154142 0.9765625000147212 0
8151 0.7500000000105574 0.9843750000098139 0
8152 0.7734375000153726 0.9765625000147212 0
8153 0.7578125000056589 0.992187500004907 0
8154 0.648437500084001 0.8671875000834188 0
8155 0.6562500000888664 0.8593750000883258 0
8156 0.6640625000839593 0.8671875000834188 0
8157 0.6640625000937317 0.8515625000932329 0
8158 0.6796875000839178 0.8671875000834188 0
8159 0.6718750000985971 0.8437500000981401 0
8160 0.6796875000936902 0.8515625000932326 0
8161 0.6953125000936486 0.8515625000932328 0
8162 0.6875000000887832 0.8593750000883258 0
8163 0.7031250000985141 0.8437500000981397 0
8164 0.710937500093607 0.851562500093233 0
8165 0.6953125000838764 0.8671875000834188 0
8166 0.6796875001034626 0.8359375001030467 0
8167 0.687500000108328 0.8281250001079539 0
8168 0.695312500103421 0.8359375001030467 0
8169 0.6953125001131935 0.8203125001128608 0
8170 0.7109375001033796 0.8359375001030467 0
8171 0.7109375000838347 0.8671875000834188 0
8172 0.7187500000887 0.8593750000883258 0
8173 0.726562500083793 0.8671875000834188 0
8174 0.7265625000935654 0.8515625000932329 0
8175 0.7421875000837515 0.8671875000834188 0
8176 0.7031250001180589 0.8125000001177678 0
8177 0.7109375001131519 0.8203125001128608 0
8178 0.7265625001131102 0.8203125001128608 0
8179 0.7187500001082449 0.8281250001079539 0
8180 0.7343750001179756 0.8125000001177678 0
8181 0.7421875001130687 0.8203125001128608 0
8182 0.7265625001033378 0.8359375001030468 0
8183 0.7578125001130271 0.8203125001128608 0
8184 0.7500000001081617 0.8281250001079539 0
8185 0.7578125001032548 0.8359375001030467 0
8186 0.7421875001032963 0.8359375001030467 0
8187 0.7734375001032132 0.8359375001030467 0
8188 0.7656250000983478 0.8437500000981397 0
8189 0.7343750000984308 0.8437500000981401 0
8190 0.7656250001178926 0.8125000001177678 0
8191 0.7734375001129855 0.8203125001128608 0
8192 0.7890625001129439 0.8203125001128608 0
8193 0.7812500001080785 0.8281250001079539 0
8194 0.7968750001178093 0.8125000001177678 0
8195 0.8046875001129024 0.8203125001128608 0
8196 0.7890625001031715 0.8359375001030468 0
8197 0.7421875000935237 0.851562500093233 0
8198 0.7578125000934823 0.8515625000932328 0
8199 0.7500000000886169 0.8593750000883258 0
8200 0.7734375000934408 0.8515625000932329 0
8201 0.7578125000837099 0.8671875000834188 0
8202 0.7109375001229243 0.8046875001226748 0
8203 0.7187500001277896 0.7968750001275817 0
8204 0.7265625001228826 0.8046875001226748 0
8205 0.726562500132655 0.789062500132489 0
8206 0.7421875001228411 0.8046875001226748 0
8207 0.7343750001375204 0.7812500001373959 0
8208 0.7421875001326135 0.7890625001324888 0
8209 0.757812500132572 0.7890625001324888 0
8210 0.7500000001277066 0.7968750001275817 0
8211 0.7656250001374374 0.7812500001373958 0
8212 0.7734375001325304 0.7890625001324888 0
8213 0.7578125001227995 0.8046875001226748 0
8214 0.7421875001423859 0.7734375001423027 0
8215 0.7500000001472513 0.7656250001472098 0
8216 0.7578125001423444 0.7734375001423027 0
8217 0.773437500122758 0.8046875001226748 0
8218 0.7812500001276232 0.7968750001275817 0
8219 0.7890625001227163 0.8046875001226748 0
8220 0.7734375000836684 0.8671875000834188 0
8221 0.7812500000885336 0.8593750000883258 0
8222 0.7890625000836267 0.8671875000834188 0
8223 0.789062500093399 0.8515625000932328 0
8224 0.8046875000835851 0.8671875000834188 0
8225 0.7968750000982645 0.8437500000981399 0
8226 0.8046875000933575 0.851562500093233 0
8227 0.820312500093316 0.8515625000932326 0
8228 0.8125000000884507 0.8593750000883258 0
8229 0.8281250000981815 0.8437500000981397 0
8230 0.8359375000932745 0.8515625000932329 0
8231 0.8203125000835436 0.8671875000834188 0
8232 0.8046875001031299 0.8359375001030467 0
8233 0.8125000001079954 0.8281250001079539 0
8234 0.8203125001030885 0.8359375001030467 0
8235 0.8359375000835022 0.8671875000834188 0
8236 0.8437500000883673 0.8593750000883258 0
8237 0.8515625000834603 0.8671875000834188 0
8238 0.7734375000055864 0.992187500004907 0
8239 0.7812500000104436 0.9843750000098139 0
8240 0.7890625000055143 0.992187500004907 0
8241 0.7890625000153004 0.976562500014721 0
8242 0.8046875000054425 0.992187500004907 0
8243 0.7968750000201621 0.9687500000196282 0
8244 0.8046875000152331 0.976562500014721 0
8245 0.8203125000151659 0.976562500014721 0
8246 0.8125000000103042 0.9843750000098139 0
8247 0.8281250000200275 0.9687500000196279 0
8248 0.8359375000150986 0.976562500014721 0
8249 0.8203125000053753 0.992187500004907 0
8250 0.804687500025019 0.9609375000245347 0
8251 0.8125000000298759 0.953125000029442 0
8252 0.8203125000249517 0.9609375000245348 0
8253 0.8203125000347328 0.945312500034349 0
8254 0.8359375000248843 0.9609375000245347 0
8255 0.8359375000053054 0.992187500004907 0
8256 0.8437500000101744 0.9843750000098139 0
8257 0.8515625000052428 0.992187500004907 0
8258 0.851562500015036 0.9765625000147212 0
8259 0.8671875000051875 0.992187500004907 0
8260 0.8281250000396068 0.9375000000392559 0
8261 0.8359375000346827 0.945312500034349 0
8262 0.8515625000346325 0.945312500034349 0
8263 0.8437500000297583 0.953125000029442 0
8264 0.8593750000395066 0.9375000000392559 0
8265 0.8671875000345823 0.945312500034349 0
8266 0.8515625000248341 0.9609375000245349 0
8267 0.8828125000345324 0.945312500034349 0
8268 0.8750000000296582 0.953125000029442 0
8269 0.882812500024734 0.9609375000245347 0
8270 0.8671875000247841 0.9609375000245348 0
8271 0.8984375000246838 0.9609375000245349 0
8272 0.8906250000198097 0.968750000019628 0
8273 0.8593750000199101 0.9687500000196277 0
8274 0.8906250000394063 0.9375000000392559 0
8275 0.8984375000344821 0.945312500034349 0
8276 0.914062500034432 0.945312500034349 0
8277 0.9062500000295578 0.953125000029442 0
8278 0.9218750000393061 0.9375000000392559 0
8279 0.9296875000343818 0.945312500034349 0
8280 0.9140625000246337 0.9609375000245349 0
8281 0.8671875000149858 0.9765625000147208 0
8282 0.8828125000149358 0.9765625000147211 0
8283 0.8750000000100615 0.9843750000098139 0
8284 0.8984375000148856 0.976562500014721 0
8285 0.8828125000051374 0.992187500004907 0
8286 0.8359375000444638 0.9296875000441629 0
8287 0.8437500000493205 0.9218750000490699 0
8288 0.8515625000444136 0.9296875000441629 0
8289 0.8515625000541773 0.9140625000539767 0
8290 0.8671875000443634 0.9296875000441629 0
8291 0.8593750000590343 0.906250000058884 0
8292 0.8671875000541274 0.9140625000539768 0
8293 0.8828125000540772 0.9140625000539769 0
8294 0.8750000000492203 0.9218750000490699 0
8295 0.890625000058934 0.9062500000588838 0
8296 0.898437500054027 0.9140625000539767 0
8297 0.8828125000443133 0.9296875000441629 0
8298 0.8671875000638911 0.8984375000637911 0
8299 0.875000000068748 0.8906250000686979 0
8300 0.8828125000638409 0.8984375000637906 0
8301 0.8984375000442633 0.9296875000441629 0
8302 0.90625000004912 0.9218750000490699 0
8303 0.9140625000442132 0.9296875000441629 0
8304 0.8984375000051122 0.992187500004907 0
8305 0.9062500000099801 0.9843750000098139 0
8306 0.9140625000050806 0.992187500004907 0
8307 0.9140625000148541 0.976562500014721 0
8308 0.9296875000050429 0.992187500004907 0
8309 0.9218750000197267 0.9687500000196281 0
8310 0.9296875000148211 0.976562500014721 0
8311 0.9453125000147883 0.9765625000147212 0
8312 0.9375000000099156 0.9843750000098139 0
8313 0.9531250000196609 0.968750000019628 0
8314 0.9609375000147552 0.9765625000147212 0
8315 0.94531250000501 0.992187500004907 0
8316 0.9296875000246008 0.9609375000245347 0
8317 0.9375000000294749 0.953125000029442 0
8318 0.945312500024568 0.9609375000245348 0
8319 0.9609375000049635 0.992187500004907 0
8320 0.9687500000098483 0.9843750000098139 0
8321 0.9765625000049289 0.992187500004907 0
$EndNodes
$Elements
16641
1 15 2 1 2 2
2 1 2 3 1 1 5
3 1 2 3 1 5 6
4 1 2 3 1 6 7
5 1 2 3 1 7 8
6 1 2 3 1 8 9
7 1 2 3 1 9 10
8 1 2 3 1 10 11
9 1 2 3 1 11 12
10 1 2 3 1 12 13
11 1 2 3 1 13 14
12 1 2 3 1 14 15
13 1 2 3 1 15 16
14 1 2 3 1 16 17
15 1 2 3 1 17 18
16 1 2 3 1 18 19
17 1 2 3 1 19 20
18 1 2 3 1 20 21
19 1 2 3 1 21 22
20 1 2 3 1 22 23
21 1 2 3 1 23 24
22 1 2 3 1 24 25
23 1 2 3 1 25 26
24 1 2 3 1 26 27
25 1 2 3 1 27 28
26 1 2 3 1 28 29
27 1 2 3 1 29 30
28 1 2 3 1 30 31
29 1 2 3 1 31 32
30 1 2 3 1 32 33
31 1 2 3 1 33 34
32 1 2 3 1 34 35
33 1 2 3 1 35 36
34 1 2 3 1 36 37
35 1 2 3 1 37 38
36 1 2 3 1 38 39
37 1 2 3 1 39 40
38 1 2 3 1 40 41
39 1 2 3 1 41 42
40 1 2 3 1 42 43
41 1 2 3 1 43 44
42 1 2 3 1 44 45
43 1 2 3 1 45 46
44 1 2 3 1 46 47
45 1 2 3 1 47 48
46 1 2 3 1 48 49
47 1 2 3 1 49 50
48 1 2 3 1 50 51
49 1 2 3 1 51 52
50 1 2 3 1 52 53
51 1 2 3 1 53 54
52 1 2 3 1 54 55
53 1 2 3 1 55 56
54 1 2 3 1 56 57
55 1 2 3 1 57 58
56 1 2 3 1 58 59
57 1 2 3 1 59 60
58 1 2 3 1 60 61
59 1 2 3 1 61 62
60 1 2 3 1 62 63
61 1 2 3 1 63 64
62 1 2 3 1 64 65
63 1 2 3 1 65 66
64 1 2 3 1 66 67
65 1 2 3 1 67 2
66 1 2 4 2 2 68
67 1 2 4 2 68 69
68 1 2 4 2 69 70
69 1 2 4 2 70 71
70 1 2 4 2 71 72
71 1 2 4 2 72 73
72 1 2 4 2 73 74
73 1 2 4 2 74 75
74 1 2 4 2 75 76
75 1 2 4 2 76 77
76 1 2 4 2 77 78
77 1 2 4 2 78 79
78 1 2 4 2 79 80
79 1 2 4 2 80 81
80 1 2 4 2 81 82
81 1 2 4 2 82 83
82 1 2 4 2 83 84
83 1 2 4 2 84 85
84 1 2 4 2 85 86
85 1 2 4 2 86 87
86 1 2 4 2 87 88
87 1 2 4 2 88 89
88 1 2 4 2 89 90
89 1 2 4 2 90 91
90 1 2 4 2 91 92
91 1 2 4 2 92 93
92 1 2 4 2 93 94
93 1 2 4 2 94 95
94 1 2 4 2 95 96
95 1 2 4 2 96 97
96 1 2 4 2 97 98
97 1 2 4 2 98 99
98 1 2 4 2 99 100
99 1 2 4 2 100 101
100 1 2 4 2 101 102
101 1 2 4 2 102 103
102 1 2 4 2 103 104
103 1 2 4 2 104 105
104 1 2 4 2 105 106
105 1 2 4 2 106 107
106 1 2 4 2 107 108
107 1 2 4 2 108 109
108 1 2 4 2 109 110
109 1 2 4 2 110 111
110 1 2 4 2 111 112
111 1 2 4 2 112 113
112 1 2 4 2 113 114
113 1 2 4 2 114 115
114 1 2 4 2 115 116
115 1 2 4 2 116 117
116 1 2 4 2 117 118
117 1 2 4 2 118 119
118 1 2 4 2 119 120
119 1 2 4 2 120 121
120 1 2 4 2 121 122
121 1 2 4 2 122 123
122 1 2 4 2 123 124
123 1 2 4 2 124 125
124 1 2 4 2 125 126
125 1 2 4 2 126 127
126 1 2 4 2 127 128
127 1 2 4 2 128 129
128 1 2 4 2 129 130
129 1 2 4 2 130 3
130 1 2 5 3 3 131
131 1 2 5 3 131 132
132 1 2 5 3 132 133
133 1 2 5 3 133 134
134 1 2 5 3 134 135
135 1 2 5 3 135 136
136 1 2 5 3 136 137
137 1 2 5 3 137 138
138 1 2 5 3 138 139
139 1 2 5 3 139 140
140 1 2 5 3 140 141
141 1 2 5 3 141 142
142 1 2 5 3 142 143
143 1 2 5 3 143 144
144 1 2 5 3 144 145
145 1 2 5 3 145 146
146 1 2 5 3 146 147
147 1 2 5 3 147 148
148 1 2 5 3 148 149
149 1 2 5 3 149 150
150 1 2 5 3 150 151
151 1 2 5 3 151 152
152 1 2 5 3 152 153
153 1 2 5 3 153 154
154 1 2 5 3 154 155
155 1 2 5 3 155 156
156 1 2 5 3 156 157
157 1 2 5 3 157 158
158 1 2 5 3 158 159
159 1 2 5 3 159 160
160 1 2 5 3 160 161
161 1 2 5 3 161 162
162 1 2 5 3 162 163
163 1 2 5 3 163 164
164 1 2 5 3 164 165
165 1 2 5 3 165 166
166 1 2 5 3 166 167
167 1 2 5 3 167 168
168 1 2 5 3 168 169
169 1 2 5 3 169 170
170 1 2 5 3 170 171
171 1 2 5 3 171 172
172 1 2 5 3 172 173
173 1 2 5 3 173 174
174 1 2 5 3 174 175
175 1 2 5 3 175 176
176 1 2 5 3 176 177
177 1 2 5 3 177 178
178 1 2 5 3 178 179
179 1 2 5 3 179 180
180 1 2 5 3 180 181
181 1 2 5 3 181 182
182 1 2 5 3 182 183
183 1 2 5 3 183 184
184 1 2 5 3 184 185
185 1 2 5 3 185 186
186 1 2 5 3 186 187
187 1 2 5 3 187 188
188 1 2 5 3 188 189
189 1 2 5 3 189 190
190 1 2 5 3 190 191
191 1 2 5 3 191 192
192 1 2 5 3 192 193
193 1 2 5 3 193 4
194 1 2 2 4 4 194
195 1 2 2 4 194 195
196 1 2 2 4 195 196
197 1 2 2 4 196 197
198 1 2 2 4 197 198
199 1 2 2 4 198 199
200 1 2 2 4 199 200
201 1 2 2 4 200 201
202 1 2 2 4 201 202
203 1 2 2 4 202 203
204 1 2 2 4 203 204
205 1 2 2 4 204 205
206 1 2 2 4 205 206
207 1 2 2 4 206 207
208 1 2 2 4 207 208
209 1 2 2 4 208 209
210 1 2 2 4 209 210
211 1 2 2 4 210 211
212 1 2 2 4 211 212
213 1 2 2 4 212 213
214 1 2 2 4 213 214
215 1 2 2 4 214 215
216 1 2 2 4 215 216
217 1 2 2 4 216 217
218 1 2 2 4 217 218
219 1 2 2 4 218 219
220 1 2 2 4 219 220
221 1 2 2 4 220 221
222 1 2 2 4 221 222
223 1 2 2 4 222 223
224 1 2 2 4 223 224
225 1 2 2 4 224 225
226 1 2 2 4 225 226
227 1 2 2 4 226 227
228 1 2 2 4 227 228
229 1 2 2 4 228 229
230 1 2 2 4 229 230
231 1 2 2 4 230 231
232 1 2 2 4 231 232
233 1 2 2 4 232 233
234 1 2 2 4 233 234
235 1 2 2 4 234 235
236 1 2 2 4 235 236
237 1 2 2 4 236 237
238 1 2 2 4 237 238
239 1 2 2 4 238 239
240 1 2 2 4 239 240
241 1 2 2 4 240 241
242 1 2 2 4 241 242
243 1 2 2 4 242 243
244 1 2 2 4 243 244
245 1 2 2 4 244 245
246 1 2 2 4 245 246
247 1 2 2 4 246 247
248 1 2 2 4 247 248
249 1 2 2 4 248 249
250 1 2 2 4 249 250
251 1 2 2 4 250 251
252 1 2 2 4 251 252
253 1 2 2 4 252 253
254 1 2 2 4 253 254
255 1 2 2 4 254 255
256 1 2 2 4 255 256
257 1 2 2 4 256 1
258 2 2 6 1 2 2242 67
259 2 2 6 1 2242 2243 67
260 2 2 6 1 2242 738 2243
261 2 2 6 1 67 2243 66
262 2 2 6 1 738 2244 2243
263 2 2 6 1 2244 2245 2243
264 2 2 6 1 2244 739 2245
265 2 2 6 1 2243 2245 66
266 2 2 6 1 738 2246 2244
267 2 2 6 1 2246 2247 2244
268 2 2 6 1 2246 370 2247
269 2 2 6 1 2244 2247 739
270 2 2 6 1 66 2245 65
271 2 2 6 1 2245 2248 65
272 2 2 6 1 2245 739 2248
273 2 2 6 1 65 2248 64
274 2 2 6 1 370 2249 2247
275 2 2 6 1 2249 2250 2247
276 2 2 6 1 2249 740 2250
277 2 2 6 1 2247 2250 739
278 2 2 6 1 740 2251 2250
279 2 2 6 1 2251 2252 2250
280 2 2 6 1 2251 741 2252
281 2 2 6 1 2250 2252 739
282 2 2 6 1 740 2253 2251
283 2 2 6 1 2253 2254 2251
284 2 2 6 1 2253 371 2254
285 2 2 6 1 2251 2254 741
286 2 2 6 1 739 2252 2248
287 2 2 6 1 2252 2255 2248
288 2 2 6 1 2252 741 2255
289 2 2 6 1 2248 2255 64
290 2 2 6 1 370 2256 2249
291 2 2 6 1 2256 2257 2249
292 2 2 6 1 2256 742 2257
293 2 2 6 1 2249 2257 740
294 2 2 6 1 742 2258 2257
295 2 2 6 1 2258 2259 2257
296 2 2 6 1 2258 743 2259
297 2 2 6 1 2257 2259 740
298 2 2 6 1 742 2260 2258
299 2 2 6 1 2260 2261 2258
300 2 2 6 1 2260 282 2261
301 2 2 6 1 2258 2261 743
302 2 2 6 1 740 2259 2253
303 2 2 6 1 2259 2262 2253
304 2 2 6 1 2259 743 2262
305 2 2 6 1 2253 2262 371
306 2 2 6 1 64 2255 63
307 2 2 6 1 2255 2263 63
308 2 2 6 1 2255 741 2263
309 2 2 6 1 63 2263 62
310 2 2 6 1 741 2264 2263
311 2 2 6 1 2264 2265 2263
312 2 2 6 1 2264 744 2265
313 2 2 6 1 2263 2265 62
314 2 2 6 1 741 2254 2264
315 2 2 6 1 2254 2266 2264
316 2 2 6 1 2254 371 2266
317 2 2 6 1 2264 2266 744
318 2 2 6 1 62 2265 61
319 2 2 6 1 2265 2267 61
320 2 2 6 1 2265 744 2267
321 2 2 6 1 61 2267 60
322 2 2 6 1 282 2268 2261
323 2 2 6 1 2268 2269 2261
324 2 2 6 1 2268 745 2269
325 2 2 6 1 2261 2269 743
326 2 2 6 1 745 2270 2269
327 2 2 6 1 2270 2271 2269
328 2 2 6 1 2270 746 2271
329 2 2 6 1 2269 2271 743
330 2 2 6 1 745 2272 2270
331 2 2 6 1 2272 2273 2270
332 2 2 6 1 2272 372 2273
333 2 2 6 1 2270 2273 746
334 2 2 6 1 743 2271 2262
335 2 2 6 1 2271 2274 2262
336 2 2 6 1 2271 746 2274
337 2 2 6 1 2262 2274 371
338 2 2 6 1 372 2275 2273
339 2 2 6 1 2275 2276 2273
340 2 2 6 1 2275 747 2276
341 2 2 6 1 2273 2276 746
342 2 2 6 1 747 2277 2276
343 2 2 6 1 2277 2278 2276
344 2 2 6 1 2277 748 2278
345 2 2 6 1 2276 2278 746
346 2 2 6 1 747 2279 2277
347 2 2 6 1 2279 2280 2277
348 2 2 6 1 2279 373 2280
349 2 2 6 1 2277 2280 748
350 2 2 6 1 746 2278 2274
351 2 2 6 1 2278 2281 2274
352 2 2 6 1 2278 748 2281
353 2 2 6 1 2274 2281 371
354 2 2 6 1 372 2282 2275
355 2 2 6 1 2282 2283 2275
356 2 2 6 1 2282 749 2283
357 2 2 6 1 2275 2283 747
358 2 2 6 1 749 2284 2283
359 2 2 6 1 2284 2285 2283
360 2 2 6 1 2284 750 2285
361 2 2 6 1 2283 2285 747
362 2 2 6 1 749 2286 2284
363 2 2 6 1 2286 2287 2284
364 2 2 6 1 2286 283 2287
365 2 2 6 1 2284 2287 750
366 2 2 6 1 747 2285 2279
367 2 2 6 1 2285 2288 2279
368 2 2 6 1 2285 750 2288
369 2 2 6 1 2279 2288 373
370 2 2 6 1 371 2281 2266
371 2 2 6 1 2281 2289 2266
372 2 2 6 1 2281 748 2289
373 2 2 6 1 2266 2289 744
374 2 2 6 1 748 2290 2289
375 2 2 6 1 2290 2291 2289
376 2 2 6 1 2290 751 2291
377 2 2 6 1 2289 2291 744
378 2 2 6 1 748 2280 2290
379 2 2 6 1 2280 2292 2290
380 2 2 6 1 2280 373 2292
381 2 2 6 1 2290 2292 751
382 2 2 6 1 744 2291 2267
383 2 2 6 1 2291 2293 2267
384 2 2 6 1 2291 751 2293
385 2 2 6 1 2267 2293 60
386 2 2 6 1 282 2294 2268
387 2 2 6 1 2294 2295 2268
388 2 2 6 1 2294 752 2295
389 2 2 6 1 2268 2295 745
390 2 2 6 1 752 2296 2295
391 2 2 6 1 2296 2297 2295
392 2 2 6 1 2296 753 2297
393 2 2 6 1 2295 2297 745
394 2 2 6 1 752 2298 2296
395 2 2 6 1 2298 2299 2296
396 2 2 6 1 2298 374 2299
397 2 2 6 1 2296 2299 753
398 2 2 6 1 745 2297 2272
399 2 2 6 1 2297 2300 2272
400 2 2 6 1 2297 753 2300
401 2 2 6 1 2272 2300 372
402 2 2 6 1 374 2301 2299
403 2 2 6 1 2301 2302 2299
404 2 2 6 1 2301 754 2302
405 2 2 6 1 2299 2302 753
406 2 2 6 1 754 2303 2302
407 2 2 6 1 2303 2304 2302
408 2 2 6 1 2303 755 2304
409 2 2 6 1 2302 2304 753
410 2 2 6 1 754 2305 2303
411 2 2 6 1 2305 2306 2303
412 2 2 6 1 2305 375 2306
413 2 2 6 1 2303 2306 755
414 2 2 6 1 753 2304 2300
415 2 2 6 1 2304 2307 2300
416 2 2 6 1 2304 755 2307
417 2 2 6 1 2300 2307 372
418 2 2 6 1 374 2308 2301
419 2 2 6 1 2308 2309 2301
420 2 2 6 1 2308 756 2309
421 2 2 6 1 2301 2309 754
422 2 2 6 1 756 2310 2309
423 2 2 6 1 2310 2311 2309
424 2 2 6 1 2310 757 2311
425 2 2 6 1 2309 2311 754
426 2 2 6 1 756 2312 2310
427 2 2 6 1 2312 2313 2310
428 2 2 6 1 2312 262 2313
429 2 2 6 1 2310 2313 757
430 2 2 6 1 754 2311 2305
431 2 2 6 1 2311 2314 2305
432 2 2 6 1 2311 757 2314
433 2 2 6 1 2305 2314 375
434 2 2 6 1 372 2307 2282
435 2 2 6 1 2307 2315 2282
436 2 2 6 1 2307 755 2315
437 2 2 6 1 2282 2315 749
438 2 2 6 1 755 2316 2315
439 2 2 6 1 2316 2317 2315
440 2 2 6 1 2316 758 2317
441 2 2 6 1 2315 2317 749
442 2 2 6 1 755 2306 2316
443 2 2 6 1 2306 2318 2316
444 2 2 6 1 2306 375 2318
445 2 2 6 1 2316 2318 758
446 2 2 6 1 749 2317 2286
447 2 2 6 1 2317 2319 2286
448 2 2 6 1 2317 758 2319
449 2 2 6 1 2286 2319 283
450 2 2 6 1 60 2293 59
451 2 2 6 1 2293 2320 59
452 2 2 6 1 2293 751 2320
453 2 2 6 1 59 2320 58
454 2 2 6 1 751 2321 2320
455 2 2 6 1 2321 2322 2320
456 2 2 6 1 2321 759 2322
457 2 2 6 1 2320 2322 58
458 2 2 6 1 751 2292 2321
459 2 2 6 1 2292 2323 2321
460 2 2 6 1 2292 373 2323
461 2 2 6 1 2321 2323 759
462 2 2 6 1 58 2322 57
463 2 2 6 1 2322 2324 57
464 2 2 6 1 2322 759 2324
465 2 2 6 1 57 2324 56
466 2 2 6 1 373 2325 2323
467 2 2 6 1 2325 2326 2323
468 2 2 6 1 2325 760 2326
469 2 2 6 1 2323 2326 759
470 2 2 6 1 760 2327 2326
471 2 2 6 1 2327 2328 2326
472 2 2 6 1 2327 761 2328
473 2 2 6 1 2326 2328 759
474 2 2 6 1 760 2329 2327
475 2 2 6 1 2329 2330 2327
476 2 2 6 1 2329 376 2330
477 2 2 6 1 2327 2330 761
478 2 2 6 1 759 2328 2324
479 2 2 6 1 2328 2331 2324
480 2 2 6 1 2328 761 2331
481 2 2 6 1 2324 2331 56
482 2 2 6 1 373 2288 2325
483 2 2 6 1 2288 2332 2325
484 2 2 6 1 2288 750 2332
485 2 2 6 1 2325 2332 760
486 2 2 6 1 750 2333 2332
487 2 2 6 1 2333 2334 2332
488 2 2 6 1 2333 762 2334
489 2 2 6 1 2332 2334 760
490 2 2 6 1 750 2287 2333
491 2 2 6 1 2287 2335 2333
492 2 2 6 1 2287 283 2335
493 2 2 6 1 2333 2335 762
494 2 2 6 1 760 2334 2329
495 2 2 6 1 2334 2336 2329
496 2 2 6 1 2334 762 2336
497 2 2 6 1 2329 2336 376
498 2 2 6 1 56 2331 55
499 2 2 6 1 2331 2337 55
500 2 2 6 1 2331 761 2337
501 2 2 6 1 55 2337 54
502 2 2 6 1 761 2338 2337
503 2 2 6 1 2338 2339 2337
504 2 2 6 1 2338 763 2339
505 2 2 6 1 2337 2339 54
506 2 2 6 1 761 2330 2338
507 2 2 6 1 2330 2340 2338
508 2 2 6 1 2330 376 2340
509 2 2 6 1 2338 2340 763
510 2 2 6 1 54 2339 53
511 2 2 6 1 2339 2341 53
512 2 2 6 1 2339 763 2341
513 2 2 6 1 53 2341 52
514 2 2 6 1 262 2342 2313
515 2 2 6 1 2342 2343 2313
516 2 2 6 1 2342 764 2343
517 2 2 6 1 2313 2343 757
518 2 2 6 1 764 2344 2343
519 2 2 6 1 2344 2345 2343
520 2 2 6 1 2344 765 2345
521 2 2 6 1 2343 2345 757
522 2 2 6 1 764 2346 2344
523 2 2 6 1 2346 2347 2344
524 2 2 6 1 2346 377 2347
525 2 2 6 1 2344 2347 765
526 2 2 6 1 757 2345 2314
527 2 2 6 1 2345 2348 2314
528 2 2 6 1 2345 765 2348
529 2 2 6 1 2314 2348 375
530 2 2 6 1 377 2349 2347
531 2 2 6 1 2349 2350 2347
532 2 2 6 1 2349 766 2350
533 2 2 6 1 2347 2350 765
534 2 2 6 1 766 2351 2350
535 2 2 6 1 2351 2352 2350
536 2 2 6 1 2351 767 2352
537 2 2 6 1 2350 2352 765
538 2 2 6 1 766 2353 2351
539 2 2 6 1 2353 2354 2351
540 2 2 6 1 2353 378 2354
541 2 2 6 1 2351 2354 767
542 2 2 6 1 765 2352 2348
543 2 2 6 1 2352 2355 2348
544 2 2 6 1 2352 767 2355
545 2 2 6 1 2348 2355 375
546 2 2 6 1 377 2356 2349
547 2 2 6 1 2356 2357 2349
548 2 2 6 1 2356 768 2357
549 2 2 6 1 2349 2357 766
550 2 2 6 1 768 2358 2357
551 2 2 6 1 2358 2359 2357
552 2 2 6 1 2358 769 2359
553 2 2 6 1 2357 2359 766
554 2 2 6 1 768 2360 2358
555 2 2 6 1 2360 2361 2358
556 2 2 6 1 2360 284 2361
557 2 2 6 1 2358 2361 769
558 2 2 6 1 766 2359 2353
559 2 2 6 1 2359 2362 2353
560 2 2 6 1 2359 769 2362
561 2 2 6 1 2353 2362 378
562 2 2 6 1 375 2355 2318
563 2 2 6 1 2355 2363 2318
564 2 2 6 1 2355 767 2363
565 2 2 6 1 2318 2363 758
566 2 2 6 1 767 2364 2363
567 2 2 6 1 2364 2365 2363
568 2 2 6 1 2364 770 2365
569 2 2 6 1 2363 2365 758
570 2 2 6 1 767 2354 2364
571 2 2 6 1 2354 2366 2364
572 2 2 6 1 2354 378 2366
573 2 2 6 1 2364 2366 770
574 2 2 6 1 758 2365 2319
575 2 2 6 1 2365 2367 2319
576 2 2 6 1 2365 770 2367
577 2 2 6 1 2319 2367 283
578 2 2 6 1 284 2368 2361
579 2 2 6 1 2368 2369 2361
580 2 2 6 1 2368 771 2369
581 2 2 6 1 2361 2369 769
582 2 2 6 1 771 2370 2369
583 2 2 6 1 2370 2371 2369
584 2 2 6 1 2370 772 2371
585 2 2 6 1 2369 2371 769
586 2 2 6 1 771 2372 2370
587 2 2 6 1 2372 2373 2370
588 2 2 6 1 2372 379 2373
589 2 2 6 1 2370 2373 772
590 2 2 6 1 769 2371 2362
591 2 2 6 1 2371 2374 2362
592 2 2 6 1 2371 772 2374
593 2 2 6 1 2362 2374 378
594 2 2 6 1 379 2375 2373
595 2 2 6 1 2375 2376 2373
596 2 2 6 1 2375 773 2376
597 2 2 6 1 2373 2376 772
598 2 2 6 1 773 2377 2376
599 2 2 6 1 2377 2378 2376
600 2 2 6 1 2377 774 2378
601 2 2 6 1 2376 2378 772
602 2 2 6 1 773 2379 2377
603 2 2 6 1 2379 2380 2377
604 2 2 6 1 2379 380 2380
605 2 2 6 1 2377 2380 774
606 2 2 6 1 772 2378 2374
607 2 2 6 1 2378 2381 2374
608 2 2 6 1 2378 774 2381
609 2 2 6 1 2374 2381 378
610 2 2 6 1 379 2382 2375
611 2 2 6 1 2382 2383 2375
612 2 2 6 1 2382 775 2383
613 2 2 6 1 2375 2383 773
614 2 2 6 1 775 2384 2383
615 2 2 6 1 2384 2385 2383
616 2 2 6 1 2384 776 2385
617 2 2 6 1 2383 2385 773
618 2 2 6 1 775 2386 2384
619 2 2 6 1 2386 2387 2384
620 2 2 6 1 2386 285 2387
621 2 2 6 1 2384 2387 776
622 2 2 6 1 773 2385 2379
623 2 2 6 1 2385 2388 2379
624 2 2 6 1 2385 776 2388
625 2 2 6 1 2379 2388 380
626 2 2 6 1 378 2381 2366
627 2 2 6 1 2381 2389 2366
628 2 2 6 1 2381 774 2389
629 2 2 6 1 2366 2389 770
630 2 2 6 1 774 2390 2389
631 2 2 6 1 2390 2391 2389
632 2 2 6 1 2390 777 2391
633 2 2 6 1 2389 2391 770
634 2 2 6 1 774 2380 2390
635 2 2 6 1 2380 2392 2390
636 2 2 6 1 2380 380 2392
637 2 2 6 1 2390 2392 777
638 2 2 6 1 770 2391 2367
639 2 2 6 1 2391 2393 2367
640 2 2 6 1 2391 777 2393
641 2 2 6 1 2367 2393 283
642 2 2 6 1 284 2394 2368
643 2 2 6 1 2394 2395 2368
644 2 2 6 1 2394 778 2395
645 2 2 6 1 2368 2395 771
646 2 2 6 1 778 2396 2395
647 2 2 6 1 2396 2397 2395
648 2 2 6 1 2396 779 2397
649 2 2 6 1 2395 2397 771
650 2 2 6 1 778 2398 2396
651 2 2 6 1 2398 2399 2396
652 2 2 6 1 2398 381 2399
653 2 2 6 1 2396 2399 779
654 2 2 6 1 771 2397 2372
655 2 2 6 1 2397 2400 2372
656 2 2 6 1 2397 779 2400
657 2 2 6 1 2372 2400 379
658 2 2 6 1 381 2401 2399
659 2 2 6 1 2401 2402 2399
660 2 2 6 1 2401 780 2402
661 2 2 6 1 2399 2402 779
662 2 2 6 1 780 2403 2402
663 2 2 6 1 2403 2404 2402
664 2 2 6 1 2403 781 2404
665 2 2 6 1 2402 2404 779
666 2 2 6 1 780 2405 2403
667 2 2 6 1 2405 2406 2403
668 2 2 6 1 2405 382 2406
669 2 2 6 1 2403 2406 781
670 2 2 6 1 779 2404 2400
671 2 2 6 1 2404 2407 2400
672 2 2 6 1 2404 781 2407
673 2 2 6 1 2400 2407 379
674 2 2 6 1 381 2408 2401
675 2 2 6 1 2408 2409 2401
676 2 2 6 1 2408 782 2409
677 2 2 6 1 2401 2409 780
678 2 2 6 1 782 2410 2409
679 2 2 6 1 2410 2411 2409
680 2 2 6 1 2410 783 2411
681 2 2 6 1 2409 2411 780
682 2 2 6 1 782 2412 2410
683 2 2 6 1 2412 2413 2410
684 2 2 6 1 2412 263 2413
685 2 2 6 1 2410 2413 783
686 2 2 6 1 780 2411 2405
687 2 2 6 1 2411 2414 2405
688 2 2 6 1 2411 783 2414
689 2 2 6 1 2405 2414 382
690 2 2 6 1 379 2407 2382
691 2 2 6 1 2407 2415 2382
692 2 2 6 1 2407 781 2415
693 2 2 6 1 2382 2415 775
694 2 2 6 1 781 2416 2415
695 2 2 6 1 2416 2417 2415
696 2 2 6 1 2416 784 2417
697 2 2 6 1 2415 2417 775
698 2 2 6 1 781 2406 2416
699 2 2 6 1 2406 2418 2416
700 2 2 6 1 2406 382 2418
701 2 2 6 1 2416 2418 784
702 2 2 6 1 775 2417 2386
703 2 2 6 1 2417 2419 2386
704 2 2 6 1 2417 784 2419
705 2 2 6 1 2386 2419 285
706 2 2 6 1 283 2393 2335
707 2 2 6 1 2393 2420 2335
708 2 2 6 1 2393 777 2420
709 2 2 6 1 2335 2420 762
710 2 2 6 1 777 2421 2420
711 2 2 6 1 2421 2422 2420
712 2 2 6 1 2421 785 2422
713 2 2 6 1 2420 2422 762
714 2 2 6 1 777 2392 2421
715 2 2 6 1 2392 2423 2421
716 2 2 6 1 2392 380 2423
717 2 2 6 1 2421 2423 785
718 2 2 6 1 762 2422 2336
719 2 2 6 1 2422 2424 2336
720 2 2 6 1 2422 785 2424
721 2 2 6 1 2336 2424 376
722 2 2 6 1 380 2425 2423
723 2 2 6 1 2425 2426 2423
724 2 2 6 1 2425 786 2426
725 2 2 6 1 2423 2426 785
726 2 2 6 1 786 2427 2426
727 2 2 6 1 2427 2428 2426
728 2 2 6 1 2427 787 2428
729 2 2 6 1 2426 2428 785
730 2 2 6 1 786 2429 2427
731 2 2 6 1 2429 2430 2427
732 2 2 6 1 2429 383 2430
733 2 2 6 1 2427 2430 787
734 2 2 6 1 785 2428 2424
735 2 2 6 1 2428 2431 2424
736 2 2 6 1 2428 787 2431
737 2 2 6 1 2424 2431 376
738 2 2 6 1 380 2388 2425
739 2 2 6 1 2388 2432 2425
740 2 2 6 1 2388 776 2432
741 2 2 6 1 2425 2432 786
742 2 2 6 1 776 2433 2432
743 2 2 6 1 2433 2434 2432
744 2 2 6 1 2433 788 2434
745 2 2 6 1 2432 2434 786
746 2 2 6 1 776 2387 2433
747 2 2 6 1 2387 2435 2433
748 2 2 6 1 2387 285 2435
749 2 2 6 1 2433 2435 788
750 2 2 6 1 786 2434 2429
751 2 2 6 1 2434 2436 2429
752 2 2 6 1 2434 788 2436
753 2 2 6 1 2429 2436 383
754 2 2 6 1 376 2431 2340
755 2 2 6 1 2431 2437 2340
756 2 2 6 1 2431 787 2437
757 2 2 6 1 2340 2437 763
758 2 2 6 1 787 2438 2437
759 2 2 6 1 2438 2439 2437
760 2 2 6 1 2438 789 2439
761 2 2 6 1 2437 2439 763
762 2 2 6 1 787 2430 2438
763 2 2 6 1 2430 2440 2438
764 2 2 6 1 2430 383 2440
765 2 2 6 1 2438 2440 789
766 2 2 6 1 763 2439 2341
767 2 2 6 1 2439 2441 2341
768 2 2 6 1 2439 789 2441
769 2 2 6 1 2341 2441 52
770 2 2 6 1 262 2442 2342
771 2 2 6 1 2442 2443 2342
772 2 2 6 1 2442 790 2443
773 2 2 6 1 2342 2443 764
774 2 2 6 1 790 2444 2443
775 2 2 6 1 2444 2445 2443
776 2 2 6 1 2444 791 2445
777 2 2 6 1 2443 2445 764
778 2 2 6 1 790 2446 2444
779 2 2 6 1 2446 2447 2444
780 2 2 6 1 2446 384 2447
781 2 2 6 1 2444 2447 791
782 2 2 6 1 764 2445 2346
783 2 2 6 1 2445 2448 2346
784 2 2 6 1 2445 791 2448
785 2 2 6 1 2346 2448 377
786 2 2 6 1 384 2449 2447
787 2 2 6 1 2449 2450 2447
788 2 2 6 1 2449 792 2450
789 2 2 6 1 2447 2450 791
790 2 2 6 1 792 2451 2450
791 2 2 6 1 2451 2452 2450
792 2 2 6 1 2451 793 2452
793 2 2 6 1 2450 2452 791
794 2 2 6 1 792 2453 2451
795 2 2 6 1 2453 2454 2451
796 2 2 6 1 2453 385 2454
797 2 2 6 1 2451 2454 793
798 2 2 6 1 791 2452 2448
799 2 2 6 1 2452 2455 2448
800 2 2 6 1 2452 793 2455
801 2 2 6 1 2448 2455 377
802 2 2 6 1 384 2456 2449
803 2 2 6 1 2456 2457 2449
804 2 2 6 1 2456 794 2457
805 2 2 6 1 2449 2457 792
806 2 2 6 1 794 2458 2457
807 2 2 6 1 2458 2459 2457
808 2 2 6 1 2458 795 2459
809 2 2 6 1 2457 2459 792
810 2 2 6 1 794 2460 2458
811 2 2 6 1 2460 2461 2458
812 2 2 6 1 2460 286 2461
813 2 2 6 1 2458 2461 795
814 2 2 6 1 792 2459 2453
815 2 2 6 1 2459 2462 2453
816 2 2 6 1 2459 795 2462
817 2 2 6 1 2453 2462 385
818 2 2 6 1 377 2455 2356
819 2 2 6 1 2455 2463 2356
820 2 2 6 1 2455 793 2463
821 2 2 6 1 2356 2463 768
822 2 2 6 1 793 2464 2463
823 2 2 6 1 2464 2465 2463
824 2 2 6 1 2464 796 2465
825 2 2 6 1 2463 2465 768
826 2 2 6 1 793 2454 2464
827 2 2 6 1 2454 2466 2464
828 2 2 6 1 2454 385 2466
829 2 2 6 1 2464 2466 796
830 2 2 6 1 768 2465 2360
831 2 2 6 1 2465 2467 2360
832 2 2 6 1 2465 796 2467
833 2 2 6 1 2360 2467 284
834 2 2 6 1 286 2468 2461
835 2 2 6 1 2468 2469 2461
836 2 2 6 1 2468 797 2469
837 2 2 6 1 2461 2469 795
838 2 2 6 1 797 2470 2469
839 2 2 6 1 2470 2471 2469
840 2 2 6 1 2470 798 2471
841 2 2 6 1 2469 2471 795
842 2 2 6 1 797 2472 2470
843 2 2 6 1 2472 2473 2470
844 2 2 6 1 2472 386 2473
845 2 2 6 1 2470 2473 798
846 2 2 6 1 795 2471 2462
847 2 2 6 1 2471 2474 2462
848 2 2 6 1 2471 798 2474
849 2 2 6 1 2462 2474 385
850 2 2 6 1 386 2475 2473
851 2 2 6 1 2475 2476 2473
852 2 2 6 1 2475 799 2476
853 2 2 6 1 2473 2476 798
854 2 2 6 1 799 2477 2476
855 2 2 6 1 2477 2478 2476
856 2 2 6 1 2477 800 2478
857 2 2 6 1 2476 2478 798
858 2 2 6 1 799 2479 2477
859 2 2 6 1 2479 2480 2477
860 2 2 6 1 2479 387 2480
861 2 2 6 1 2477 2480 800
862 2 2 6 1 798 2478 2474
863 2 2 6 1 2478 2481 2474
864 2 2 6 1 2478 800 2481
865 2 2 6 1 2474 2481 385
866 2 2 6 1 386 2482 2475
867 2 2 6 1 2482 2483 2475
868 2 2 6 1 2482 801 2483
869 2 2 6 1 2475 2483 799
870 2 2 6 1 801 2484 2483
871 2 2 6 1 2484 2485 2483
872 2 2 6 1 2484 802 2485
873 2 2 6 1 2483 2485 799
874 2 2 6 1 801 2486 2484
875 2 2 6 1 2486 2487 2484
876 2 2 6 1 2486 287 2487
877 2 2 6 1 2484 2487 802
878 2 2 6 1 799 2485 2479
879 2 2 6 1 2485 2488 2479
880 2 2 6 1 2485 802 2488
881 2 2 6 1 2479 2488 387
882 2 2 6 1 385 2481 2466
883 2 2 6 1 2481 2489 2466
884 2 2 6 1 2481 800 2489
885 2 2 6 1 2466 2489 796
886 2 2 6 1 800 2490 2489
887 2 2 6 1 2490 2491 2489
888 2 2 6 1 2490 803 2491
889 2 2 6 1 2489 2491 796
890 2 2 6 1 800 2480 2490
891 2 2 6 1 2480 2492 2490
892 2 2 6 1 2480 387 2492
893 2 2 6 1 2490 2492 803
894 2 2 6 1 796 2491 2467
895 2 2 6 1 2491 2493 2467
896 2 2 6 1 2491 803 2493
897 2 2 6 1 2467 2493 284
898 2 2 6 1 286 2494 2468
899 2 2 6 1 2494 2495 2468
900 2 2 6 1 2494 804 2495
901 2 2 6 1 2468 2495 797
902 2 2 6 1 804 2496 2495
903 2 2 6 1 2496 2497 2495
904 2 2 6 1 2496 805 2497
905 2 2 6 1 2495 2497 797
906 2 2 6 1 804 2498 2496
907 2 2 6 1 2498 2499 2496
908 2 2 6 1 2498 388 2499
909 2 2 6 1 2496 2499 805
910 2 2 6 1 797 2497 2472
911 2 2 6 1 2497 2500 2472
912 2 2 6 1 2497 805 2500
913 2 2 6 1 2472 2500 386
914 2 2 6 1 388 2501 2499
915 2 2 6 1 2501 2502 2499
916 2 2 6 1 2501 806 2502
917 2 2 6 1 2499 2502 805
918 2 2 6 1 806 2503 2502
919 2 2 6 1 2503 2504 2502
920 2 2 6 1 2503 807 2504
921 2 2 6 1 2502 2504 805
922 2 2 6 1 806 2505 2503
923 2 2 6 1 2505 2506 2503
924 2 2 6 1 2505 389 2506
925 2 2 6 1 2503 2506 807
926 2 2 6 1 805 2504 2500
927 2 2 6 1 2504 2507 2500
928 2 2 6 1 2504 807 2507
929 2 2 6 1 2500 2507 386
930 2 2 6 1 388 2508 2501
931 2 2 6 1 2508 2509 2501
932 2 2 6 1 2508 808 2509
933 2 2 6 1 2501 2509 806
934 2 2 6 1 808 2510 2509
935 2 2 6 1 2510 2511 2509
936 2 2 6 1 2510 809 2511
937 2 2 6 1 2509 2511 806
938 2 2 6 1 808 2512 2510
939 2 2 6 1 2512 2513 2510
940 2 2 6 1 2512 258 2513
941 2 2 6 1 2510 2513 809
942 2 2 6 1 806 2511 2505
943 2 2 6 1 2511 2514 2505
944 2 2 6 1 2511 809 2514
945 2 2 6 1 2505 2514 389
946 2 2 6 1 386 2507 2482
947 2 2 6 1 2507 2515 2482
948 2 2 6 1 2507 807 2515
949 2 2 6 1 2482 2515 801
950 2 2 6 1 807 2516 2515
951 2 2 6 1 2516 2517 2515
952 2 2 6 1 2516 810 2517
953 2 2 6 1 2515 2517 801
954 2 2 6 1 807 2506 2516
955 2 2 6 1 2506 2518 2516
956 2 2 6 1 2506 389 2518
957 2 2 6 1 2516 2518 810
958 2 2 6 1 801 2517 2486
959 2 2 6 1 2517 2519 2486
960 2 2 6 1 2517 810 2519
961 2 2 6 1 2486 2519 287
962 2 2 6 1 284 2493 2394
963 2 2 6 1 2493 2520 2394
964 2 2 6 1 2493 803 2520
965 2 2 6 1 2394 2520 778
966 2 2 6 1 803 2521 2520
967 2 2 6 1 2521 2522 2520
968 2 2 6 1 2521 811 2522
969 2 2 6 1 2520 2522 778
970 2 2 6 1 803 2492 2521
971 2 2 6 1 2492 2523 2521
972 2 2 6 1 2492 387 2523
973 2 2 6 1 2521 2523 811
974 2 2 6 1 778 2522 2398
975 2 2 6 1 2522 2524 2398
976 2 2 6 1 2522 811 2524
977 2 2 6 1 2398 2524 381
978 2 2 6 1 387 2525 2523
979 2 2 6 1 2525 2526 2523
980 2 2 6 1 2525 812 2526
981 2 2 6 1 2523 2526 811
982 2 2 6 1 812 2527 2526
983 2 2 6 1 2527 2528 2526
984 2 2 6 1 2527 813 2528
985 2 2 6 1 2526 2528 811
986 2 2 6 1 812 2529 2527
987 2 2 6 1 2529 2530 2527
988 2 2 6 1 2529 390 2530
989 2 2 6 1 2527 2530 813
990 2 2 6 1 811 2528 2524
991 2 2 6 1 2528 2531 2524
992 2 2 6 1 2528 813 2531
993 2 2 6 1 2524 2531 381
994 2 2 6 1 387 2488 2525
995 2 2 6 1 2488 2532 2525
996 2 2 6 1 2488 802 2532
997 2 2 6 1 2525 2532 812
998 2 2 6 1 802 2533 2532
999 2 2 6 1 2533 2534 2532
1000 2 2 6 1 2533 814 2534
1001 2 2 6 1 2532 2534 812
1002 2 2 6 1 802 2487 2533
1003 2 2 6 1 2487 2535 2533
1004 2 2 6 1 2487 287 2535
1005 2 2 6 1 2533 2535 814
1006 2 2 6 1 812 2534 2529
1007 2 2 6 1 2534 2536 2529
1008 2 2 6 1 2534 814 2536
1009 2 2 6 1 2529 2536 390
1010 2 2 6 1 381 2531 2408
1011 2 2 6 1 2531 2537 2408
1012 2 2 6 1 2531 813 2537
1013 2 2 6 1 2408 2537 782
1014 2 2 6 1 813 2538 2537
1015 2 2 6 1 2538 2539 2537
1016 2 2 6 1 2538 815 2539
1017 2 2 6 1 2537 2539 782
1018 2 2 6 1 813 2530 2538
1019 2 2 6 1 2530 2540 2538
1020 2 2 6 1 2530 390 2540
1021 2 2 6 1 2538 2540 815
1022 2 2 6 1 782 2539 2412
1023 2 2 6 1 2539 2541 2412
1024 2 2 6 1 2539 815 2541
1025 2 2 6 1 2412 2541 263
1026 2 2 6 1 52 2441 51
1027 2 2 6 1 2441 2542 51
1028 2 2 6 1 2441 789 2542
1029 2 2 6 1 51 2542 50
1030 2 2 6 1 789 2543 2542
1031 2 2 6 1 2543 2544 2542
1032 2 2 6 1 2543 816 2544
1033 2 2 6 1 2542 2544 50
1034 2 2 6 1 789 2440 2543
1035 2 2 6 1 2440 2545 2543
1036 2 2 6 1 2440 383 2545
1037 2 2 6 1 2543 2545 816
1038 2 2 6 1 50 2544 49
1039 2 2 6 1 2544 2546 49
1040 2 2 6 1 2544 816 2546
1041 2 2 6 1 49 2546 48
1042 2 2 6 1 383 2547 2545
1043 2 2 6 1 2547 2548 2545
1044 2 2 6 1 2547 817 2548
1045 2 2 6 1 2545 2548 816
1046 2 2 6 1 817 2549 2548
1047 2 2 6 1 2549 2550 2548
1048 2 2 6 1 2549 818 2550
1049 2 2 6 1 2548 2550 816
1050 2 2 6 1 817 2551 2549
1051 2 2 6 1 2551 2552 2549
1052 2 2 6 1 2551 391 2552
1053 2 2 6 1 2549 2552 818
1054 2 2 6 1 816 2550 2546
1055 2 2 6 1 2550 2553 2546
1056 2 2 6 1 2550 818 2553
1057 2 2 6 1 2546 2553 48
1058 2 2 6 1 383 2436 2547
1059 2 2 6 1 2436 2554 2547
1060 2 2 6 1 2436 788 2554
1061 2 2 6 1 2547 2554 817
1062 2 2 6 1 788 2555 2554
1063 2 2 6 1 2555 2556 2554
1064 2 2 6 1 2555 819 2556
1065 2 2 6 1 2554 2556 817
1066 2 2 6 1 788 2435 2555
1067 2 2 6 1 2435 2557 2555
1068 2 2 6 1 2435 285 2557
1069 2 2 6 1 2555 2557 819
1070 2 2 6 1 817 2556 2551
1071 2 2 6 1 2556 2558 2551
1072 2 2 6 1 2556 819 2558
1073 2 2 6 1 2551 2558 391
1074 2 2 6 1 48 2553 47
1075 2 2 6 1 2553 2559 47
1076 2 2 6 1 2553 818 2559
1077 2 2 6 1 47 2559 46
1078 2 2 6 1 818 2560 2559
1079 2 2 6 1 2560 2561 2559
1080 2 2 6 1 2560 820 2561
1081 2 2 6 1 2559 2561 46
1082 2 2 6 1 818 2552 2560
1083 2 2 6 1 2552 2562 2560
1084 2 2 6 1 2552 391 2562
1085 2 2 6 1 2560 2562 820
1086 2 2 6 1 46 2561 45
1087 2 2 6 1 2561 2563 45
1088 2 2 6 1 2561 820 2563
1089 2 2 6 1 45 2563 44
1090 2 2 6 1 285 2564 2557
1091 2 2 6 1 2564 2565 2557
1092 2 2 6 1 2564 821 2565
1093 2 2 6 1 2557 2565 819
1094 2 2 6 1 821 2566 2565
1095 2 2 6 1 2566 2567 2565
1096 2 2 6 1 2566 822 2567
1097 2 2 6 1 2565 2567 819
1098 2 2 6 1 821 2568 2566
1099 2 2 6 1 2568 2569 2566
1100 2 2 6 1 2568 392 2569
1101 2 2 6 1 2566 2569 822
1102 2 2 6 1 819 2567 2558
1103 2 2 6 1 2567 2570 2558
1104 2 2 6 1 2567 822 2570
1105 2 2 6 1 2558 2570 391
1106 2 2 6 1 392 2571 2569
1107 2 2 6 1 2571 2572 2569
1108 2 2 6 1 2571 823 2572
1109 2 2 6 1 2569 2572 822
1110 2 2 6 1 823 2573 2572
1111 2 2 6 1 2573 2574 2572
1112 2 2 6 1 2573 824 2574
1113 2 2 6 1 2572 2574 822
1114 2 2 6 1 823 2575 2573
1115 2 2 6 1 2575 2576 2573
1116 2 2 6 1 2575 393 2576
1117 2 2 6 1 2573 2576 824
1118 2 2 6 1 822 2574 2570
1119 2 2 6 1 2574 2577 2570
1120 2 2 6 1 2574 824 2577
1121 2 2 6 1 2570 2577 391
1122 2 2 6 1 392 2578 2571
1123 2 2 6 1 2578 2579 2571
1124 2 2 6 1 2578 825 2579
1125 2 2 6 1 2571 2579 823
1126 2 2 6 1 825 2580 2579
1127 2 2 6 1 2580 2581 2579
1128 2 2 6 1 2580 826 2581
1129 2 2 6 1 2579 2581 823
1130 2 2 6 1 825 2582 2580
1131 2 2 6 1 2582 2583 2580
1132 2 2 6 1 2582 288 2583
1133 2 2 6 1 2580 2583 826
1134 2 2 6 1 823 2581 2575
1135 2 2 6 1 2581 2584 2575
1136 2 2 6 1 2581 826 2584
1137 2 2 6 1 2575 2584 393
1138 2 2 6 1 391 2577 2562
1139 2 2 6 1 2577 2585 2562
1140 2 2 6 1 2577 824 2585
1141 2 2 6 1 2562 2585 820
1142 2 2 6 1 824 2586 2585
1143 2 2 6 1 2586 2587 2585
1144 2 2 6 1 2586 827 2587
1145 2 2 6 1 2585 2587 820
1146 2 2 6 1 824 2576 2586
1147 2 2 6 1 2576 2588 2586
1148 2 2 6 1 2576 393 2588
1149 2 2 6 1 2586 2588 827
1150 2 2 6 1 820 2587 2563
1151 2 2 6 1 2587 2589 2563
1152 2 2 6 1 2587 827 2589
1153 2 2 6 1 2563 2589 44
1154 2 2 6 1 285 2419 2564
1155 2 2 6 1 2419 2590 2564
1156 2 2 6 1 2419 784 2590
1157 2 2 6 1 2564 2590 821
1158 2 2 6 1 784 2591 2590
1159 2 2 6 1 2591 2592 2590
1160 2 2 6 1 2591 828 2592
1161 2 2 6 1 2590 2592 821
1162 2 2 6 1 784 2418 2591
1163 2 2 6 1 2418 2593 2591
1164 2 2 6 1 2418 382 2593
1165 2 2 6 1 2591 2593 828
1166 2 2 6 1 821 2592 2568
1167 2 2 6 1 2592 2594 2568
1168 2 2 6 1 2592 828 2594
1169 2 2 6 1 2568 2594 392
1170 2 2 6 1 382 2595 2593
1171 2 2 6 1 2595 2596 2593
1172 2 2 6 1 2595 829 2596
1173 2 2 6 1 2593 2596 828
1174 2 2 6 1 829 2597 2596
1175 2 2 6 1 2597 2598 2596
1176 2 2 6 1 2597 830 2598
1177 2 2 6 1 2596 2598 828
1178 2 2 6 1 829 2599 2597
1179 2 2 6 1 2599 2600 2597
1180 2 2 6 1 2599 394 2600
1181 2 2 6 1 2597 2600 830
1182 2 2 6 1 828 2598 2594
1183 2 2 6 1 2598 2601 2594
1184 2 2 6 1 2598 830 2601
1185 2 2 6 1 2594 2601 392
1186 2 2 6 1 382 2414 2595
1187 2 2 6 1 2414 2602 2595
1188 2 2 6 1 2414 783 2602
1189 2 2 6 1 2595 2602 829
1190 2 2 6 1 783 2603 2602
1191 2 2 6 1 2603 2604 2602
1192 2 2 6 1 2603 831 2604
1193 2 2 6 1 2602 2604 829
1194 2 2 6 1 783 2413 2603
1195 2 2 6 1 2413 2605 2603
1196 2 2 6 1 2413 263 2605
1197 2 2 6 1 2603 2605 831
1198 2 2 6 1 829 2604 2599
1199 2 2 6 1 2604 2606 2599
1200 2 2 6 1 2604 831 2606
1201 2 2 6 1 2599 2606 394
1202 2 2 6 1 392 2601 2578
1203 2 2 6 1 2601 2607 2578
1204 2 2 6 1 2601 830 2607
1205 2 2 6 1 2578 2607 825
1206 2 2 6 1 830 2608 2607
1207 2 2 6 1 2608 2609 2607
1208 2 2 6 1 2608 832 2609
1209 2 2 6 1 2607 2609 825
1210 2 2 6 1 830 2600 2608
1211 2 2 6 1 2600 2610 2608
1212 2 2 6 1 2600 394 2610
1213 2 2 6 1 2608 2610 832
1214 2 2 6 1 825 2609 2582
1215 2 2 6 1 2609 2611 2582
1216 2 2 6 1 2609 832 2611
1217 2 2 6 1 2582 2611 288
1218 2 2 6 1 44 2589 43
1219 2 2 6 1 2589 2612 43
1220 2 2 6 1 2589 827 2612
1221 2 2 6 1 43 2612 42
1222 2 2 6 1 827 2613 2612
1223 2 2 6 1 2613 2614 2612
1224 2 2 6 1 2613 833 2614
1225 2 2 6 1 2612 2614 42
1226 2 2 6 1 827 2588 2613
1227 2 2 6 1 2588 2615 2613
1228 2 2 6 1 2588 393 2615
1229 2 2 6 1 2613 2615 833
1230 2 2 6 1 42 2614 41
1231 2 2 6 1 2614 2616 41
1232 2 2 6 1 2614 833 2616
1233 2 2 6 1 41 2616 40
1234 2 2 6 1 393 2617 2615
1235 2 2 6 1 2617 2618 2615
1236 2 2 6 1 2617 834 2618
1237 2 2 6 1 2615 2618 833
1238 2 2 6 1 834 2619 2618
1239 2 2 6 1 2619 2620 2618
1240 2 2 6 1 2619 835 2620
1241 2 2 6 1 2618 2620 833
1242 2 2 6 1 834 2621 2619
1243 2 2 6 1 2621 2622 2619
1244 2 2 6 1 2621 395 2622
1245 2 2 6 1 2619 2622 835
1246 2 2 6 1 833 2620 2616
1247 2 2 6 1 2620 2623 2616
1248 2 2 6 1 2620 835 2623
1249 2 2 6 1 2616 2623 40
1250 2 2 6 1 393 2584 2617
1251 2 2 6 1 2584 2624 2617
1252 2 2 6 1 2584 826 2624
1253 2 2 6 1 2617 2624 834
1254 2 2 6 1 826 2625 2624
1255 2 2 6 1 2625 2626 2624
1256 2 2 6 1 2625 836 2626
1257 2 2 6 1 2624 2626 834
1258 2 2 6 1 826 2583 2625
1259 2 2 6 1 2583 2627 2625
1260 2 2 6 1 2583 288 2627
1261 2 2 6 1 2625 2627 836
1262 2 2 6 1 834 2626 2621
1263 2 2 6 1 2626 2628 2621
1264 2 2 6 1 2626 836 2628
1265 2 2 6 1 2621 2628 395
1266 2 2 6 1 40 2623 39
1267 2 2 6 1 2623 2629 39
1268 2 2 6 1 2623 835 2629
1269 2 2 6 1 39 2629 38
1270 2 2 6 1 835 2630 2629
1271 2 2 6 1 2630 2631 2629
1272 2 2 6 1 2630 837 2631
1273 2 2 6 1 2629 2631 38
1274 2 2 6 1 835 2622 2630
1275 2 2 6 1 2622 2632 2630
1276 2 2 6 1 2622 395 2632
1277 2 2 6 1 2630 2632 837
1278 2 2 6 1 38 2631 37
1279 2 2 6 1 2631 2633 37
1280 2 2 6 1 2631 837 2633
1281 2 2 6 1 37 2633 36
1282 2 2 6 1 258 2634 2513
1283 2 2 6 1 2634 2635 2513
1284 2 2 6 1 2634 838 2635
1285 2 2 6 1 2513 2635 809
1286 2 2 6 1 838 2636 2635
1287 2 2 6 1 2636 2637 2635
1288 2 2 6 1 2636 839 2637
1289 2 2 6 1 2635 2637 809
1290 2 2 6 1 838 2638 2636
1291 2 2 6 1 2638 2639 2636
1292 2 2 6 1 2638 396 2639
1293 2 2 6 1 2636 2639 839
1294 2 2 6 1 809 2637 2514
1295 2 2 6 1 2637 2640 2514
1296 2 2 6 1 2637 839 2640
1297 2 2 6 1 2514 2640 389
1298 2 2 6 1 396 2641 2639
1299 2 2 6 1 2641 2642 2639
1300 2 2 6 1 2641 840 2642
1301 2 2 6 1 2639 2642 839
1302 2 2 6 1 840 2643 2642
1303 2 2 6 1 2643 2644 2642
1304 2 2 6 1 2643 841 2644
1305 2 2 6 1 2642 2644 839
1306 2 2 6 1 840 2645 2643
1307 2 2 6 1 2645 2646 2643
1308 2 2 6 1 2645 397 2646
1309 2 2 6 1 2643 2646 841
1310 2 2 6 1 839 2644 2640
1311 2 2 6 1 2644 2647 2640
1312 2 2 6 1 2644 841 2647
1313 2 2 6 1 2640 2647 389
1314 2 2 6 1 396 2648 2641
1315 2 2 6 1 2648 2649 2641
1316 2 2 6 1 2648 842 2649
1317 2 2 6 1 2641 2649 840
1318 2 2 6 1 842 2650 2649
1319 2 2 6 1 2650 2651 2649
1320 2 2 6 1 2650 843 2651
1321 2 2 6 1 2649 2651 840
1322 2 2 6 1 842 2652 2650
1323 2 2 6 1 2652 2653 2650
1324 2 2 6 1 2652 289 2653
1325 2 2 6 1 2650 2653 843
1326 2 2 6 1 840 2651 2645
1327 2 2 6 1 2651 2654 2645
1328 2 2 6 1 2651 843 2654
1329 2 2 6 1 2645 2654 397
1330 2 2 6 1 389 2647 2518
1331 2 2 6 1 2647 2655 2518
1332 2 2 6 1 2647 841 2655
1333 2 2 6 1 2518 2655 810
1334 2 2 6 1 841 2656 2655
1335 2 2 6 1 2656 2657 2655
1336 2 2 6 1 2656 844 2657
1337 2 2 6 1 2655 2657 810
1338 2 2 6 1 841 2646 2656
1339 2 2 6 1 2646 2658 2656
1340 2 2 6 1 2646 397 2658
1341 2 2 6 1 2656 2658 844
1342 2 2 6 1 810 2657 2519
1343 2 2 6 1 2657 2659 2519
1344 2 2 6 1 2657 844 2659
1345 2 2 6 1 2519 2659 287
1346 2 2 6 1 289 2660 2653
1347 2 2 6 1 2660 2661 2653
1348 2 2 6 1 2660 845 2661
1349 2 2 6 1 2653 2661 843
1350 2 2 6 1 845 2662 2661
1351 2 2 6 1 2662 2663 2661
1352 2 2 6 1 2662 846 2663
1353 2 2 6 1 2661 2663 843
1354 2 2 6 1 845 2664 2662
1355 2 2 6 1 2664 2665 2662
1356 2 2 6 1 2664 398 2665
1357 2 2 6 1 2662 2665 846
1358 2 2 6 1 843 2663 2654
1359 2 2 6 1 2663 2666 2654
1360 2 2 6 1 2663 846 2666
1361 2 2 6 1 2654 2666 397
1362 2 2 6 1 398 2667 2665
1363 2 2 6 1 2667 2668 2665
1364 2 2 6 1 2667 847 2668
1365 2 2 6 1 2665 2668 846
1366 2 2 6 1 847 2669 2668
1367 2 2 6 1 2669 2670 2668
1368 2 2 6 1 2669 848 2670
1369 2 2 6 1 2668 2670 846
1370 2 2 6 1 847 2671 2669
1371 2 2 6 1 2671 2672 2669
1372 2 2 6 1 2671 399 2672
1373 2 2 6 1 2669 2672 848
1374 2 2 6 1 846 2670 2666
1375 2 2 6 1 2670 2673 2666
1376 2 2 6 1 2670 848 2673
1377 2 2 6 1 2666 2673 397
1378 2 2 6 1 398 2674 2667
1379 2 2 6 1 2674 2675 2667
1380 2 2 6 1 2674 849 2675
1381 2 2 6 1 2667 2675 847
1382 2 2 6 1 849 2676 2675
1383 2 2 6 1 2676 2677 2675
1384 2 2 6 1 2676 850 2677
1385 2 2 6 1 2675 2677 847
1386 2 2 6 1 849 2678 2676
1387 2 2 6 1 2678 2679 2676
1388 2 2 6 1 2678 290 2679
1389 2 2 6 1 2676 2679 850
1390 2 2 6 1 847 2677 2671
1391 2 2 6 1 2677 2680 2671
1392 2 2 6 1 2677 850 2680
1393 2 2 6 1 2671 2680 399
1394 2 2 6 1 397 2673 2658
1395 2 2 6 1 2673 2681 2658
1396 2 2 6 1 2673 848 2681
1397 2 2 6 1 2658 2681 844
1398 2 2 6 1 848 2682 2681
1399 2 2 6 1 2682 2683 2681
1400 2 2 6 1 2682 851 2683
1401 2 2 6 1 2681 2683 844
1402 2 2 6 1 848 2672 2682
1403 2 2 6 1 2672 2684 2682
1404 2 2 6 1 2672 399 2684
1405 2 2 6 1 2682 2684 851
1406 2 2 6 1 844 2683 2659
1407 2 2 6 1 2683 2685 2659
1408 2 2 6 1 2683 851 2685
1409 2 2 6 1 2659 2685 287
1410 2 2 6 1 289 2686 2660
1411 2 2 6 1 2686 2687 2660
1412 2 2 6 1 2686 852 2687
1413 2 2 6 1 2660 2687 845
1414 2 2 6 1 852 2688 2687
1415 2 2 6 1 2688 2689 2687
1416 2 2 6 1 2688 853 2689
1417 2 2 6 1 2687 2689 845
1418 2 2 6 1 852 2690 2688
1419 2 2 6 1 2690 2691 2688
1420 2 2 6 1 2690 400 2691
1421 2 2 6 1 2688 2691 853
1422 2 2 6 1 845 2689 2664
1423 2 2 6 1 2689 2692 2664
1424 2 2 6 1 2689 853 2692
1425 2 2 6 1 2664 2692 398
1426 2 2 6 1 400 2693 2691
1427 2 2 6 1 2693 2694 2691
1428 2 2 6 1 2693 854 2694
1429 2 2 6 1 2691 2694 853
1430 2 2 6 1 854 2695 2694
1431 2 2 6 1 2695 2696 2694
1432 2 2 6 1 2695 855 2696
1433 2 2 6 1 2694 2696 853
1434 2 2 6 1 854 2697 2695
1435 2 2 6 1 2697 2698 2695
1436 2 2 6 1 2697 401 2698
1437 2 2 6 1 2695 2698 855
1438 2 2 6 1 853 2696 2692
1439 2 2 6 1 2696 2699 2692
1440 2 2 6 1 2696 855 2699
1441 2 2 6 1 2692 2699 398
1442 2 2 6 1 400 2700 2693
1443 2 2 6 1 2700 2701 2693
1444 2 2 6 1 2700 856 2701
1445 2 2 6 1 2693 2701 854
1446 2 2 6 1 856 2702 2701
1447 2 2 6 1 2702 2703 2701
1448 2 2 6 1 2702 857 2703
1449 2 2 6 1 2701 2703 854
1450 2 2 6 1 856 2704 2702
1451 2 2 6 1 2704 2705 2702
1452 2 2 6 1 2704 264 2705
1453 2 2 6 1 2702 2705 857
1454 2 2 6 1 854 2703 2697
1455 2 2 6 1 2703 2706 2697
1456 2 2 6 1 2703 857 2706
1457 2 2 6 1 2697 2706 401
1458 2 2 6 1 398 2699 2674
1459 2 2 6 1 2699 2707 2674
1460 2 2 6 1 2699 855 2707
1461 2 2 6 1 2674 2707 849
1462 2 2 6 1 855 2708 2707
1463 2 2 6 1 2708 2709 2707
1464 2 2 6 1 2708 858 2709
1465 2 2 6 1 2707 2709 849
1466 2 2 6 1 855 2698 2708
1467 2 2 6 1 2698 2710 2708
1468 2 2 6 1 2698 401 2710
1469 2 2 6 1 2708 2710 858
1470 2 2 6 1 849 2709 2678
1471 2 2 6 1 2709 2711 2678
1472 2 2 6 1 2709 858 2711
1473 2 2 6 1 2678 2711 290
1474 2 2 6 1 287 2685 2535
1475 2 2 6 1 2685 2712 2535
1476 2 2 6 1 2685 851 2712
1477 2 2 6 1 2535 2712 814
1478 2 2 6 1 851 2713 2712
1479 2 2 6 1 2713 2714 2712
1480 2 2 6 1 2713 859 2714
1481 2 2 6 1 2712 2714 814
1482 2 2 6 1 851 2684 2713
1483 2 2 6 1 2684 2715 2713
1484 2 2 6 1 2684 399 2715
1485 2 2 6 1 2713 2715 859
1486 2 2 6 1 814 2714 2536
1487 2 2 6 1 2714 2716 2536
1488 2 2 6 1 2714 859 2716
1489 2 2 6 1 2536 2716 390
1490 2 2 6 1 399 2717 2715
1491 2 2 6 1 2717 2718 2715
1492 2 2 6 1 2717 860 2718
1493 2 2 6 1 2715 2718 859
1494 2 2 6 1 860 2719 2718
1495 2 2 6 1 2719 2720 2718
1496 2 2 6 1 2719 861 2720
1497 2 2 6 1 2718 2720 859
1498 2 2 6 1 860 2721 2719
1499 2 2 6 1 2721 2722 2719
1500 2 2 6 1 2721 402 2722
1501 2 2 6 1 2719 2722 861
1502 2 2 6 1 859 2720 2716
1503 2 2 6 1 2720 2723 2716
1504 2 2 6 1 2720 861 2723
1505 2 2 6 1 2716 2723 390
1506 2 2 6 1 399 2680 2717
1507 2 2 6 1 2680 2724 2717
1508 2 2 6 1 2680 850 2724
1509 2 2 6 1 2717 2724 860
1510 2 2 6 1 850 2725 2724
1511 2 2 6 1 2725 2726 2724
1512 2 2 6 1 2725 862 2726
1513 2 2 6 1 2724 2726 860
1514 2 2 6 1 850 2679 2725
1515 2 2 6 1 2679 2727 2725
1516 2 2 6 1 2679 290 2727
1517 2 2 6 1 2725 2727 862
1518 2 2 6 1 860 2726 2721
1519 2 2 6 1 2726 2728 2721
1520 2 2 6 1 2726 862 2728
1521 2 2 6 1 2721 2728 402
1522 2 2 6 1 390 2723 2540
1523 2 2 6 1 2723 2729 2540
1524 2 2 6 1 2723 861 2729
1525 2 2 6 1 2540 2729 815
1526 2 2 6 1 861 2730 2729
1527 2 2 6 1 2730 2731 2729
1528 2 2 6 1 2730 863 2731
1529 2 2 6 1 2729 2731 815
1530 2 2 6 1 861 2722 2730
1531 2 2 6 1 2722 2732 2730
1532 2 2 6 1 2722 402 2732
1533 2 2 6 1 2730 2732 863
1534 2 2 6 1 815 2731 2541
1535 2 2 6 1 2731 2733 2541
1536 2 2 6 1 2731 863 2733
1537 2 2 6 1 2541 2733 263
1538 2 2 6 1 264 2734 2705
1539 2 2 6 1 2734 2735 2705
1540 2 2 6 1 2734 864 2735
1541 2 2 6 1 2705 2735 857
1542 2 2 6 1 864 2736 2735
1543 2 2 6 1 2736 2737 2735
1544 2 2 6 1 2736 865 2737
1545 2 2 6 1 2735 2737 857
1546 2 2 6 1 864 2738 2736
1547 2 2 6 1 2738 2739 2736
1548 2 2 6 1 2738 403 2739
1549 2 2 6 1 2736 2739 865
1550 2 2 6 1 857 2737 2706
1551 2 2 6 1 2737 2740 2706
1552 2 2 6 1 2737 865 2740
1553 2 2 6 1 2706 2740 401
1554 2 2 6 1 403 2741 2739
1555 2 2 6 1 2741 2742 2739
1556 2 2 6 1 2741 866 2742
1557 2 2 6 1 2739 2742 865
1558 2 2 6 1 866 2743 2742
1559 2 2 6 1 2743 2744 2742
1560 2 2 6 1 2743 867 2744
1561 2 2 6 1 2742 2744 865
1562 2 2 6 1 866 2745 2743
1563 2 2 6 1 2745 2746 2743
1564 2 2 6 1 2745 404 2746
1565 2 2 6 1 2743 2746 867
1566 2 2 6 1 865 2744 2740
1567 2 2 6 1 2744 2747 2740
1568 2 2 6 1 2744 867 2747
1569 2 2 6 1 2740 2747 401
1570 2 2 6 1 403 2748 2741
1571 2 2 6 1 2748 2749 2741
1572 2 2 6 1 2748 868 2749
1573 2 2 6 1 2741 2749 866
1574 2 2 6 1 868 2750 2749
1575 2 2 6 1 2750 2751 2749
1576 2 2 6 1 2750 869 2751
1577 2 2 6 1 2749 2751 866
1578 2 2 6 1 868 2752 2750
1579 2 2 6 1 2752 2753 2750
1580 2 2 6 1 2752 291 2753
1581 2 2 6 1 2750 2753 869
1582 2 2 6 1 866 2751 2745
1583 2 2 6 1 2751 2754 2745
1584 2 2 6 1 2751 869 2754
1585 2 2 6 1 2745 2754 404
1586 2 2 6 1 401 2747 2710
1587 2 2 6 1 2747 2755 2710
1588 2 2 6 1 2747 867 2755
1589 2 2 6 1 2710 2755 858
1590 2 2 6 1 867 2756 2755
1591 2 2 6 1 2756 2757 2755
1592 2 2 6 1 2756 870 2757
1593 2 2 6 1 2755 2757 858
1594 2 2 6 1 867 2746 2756
1595 2 2 6 1 2746 2758 2756
1596 2 2 6 1 2746 404 2758
1597 2 2 6 1 2756 2758 870
1598 2 2 6 1 858 2757 2711
1599 2 2 6 1 2757 2759 2711
1600 2 2 6 1 2757 870 2759
1601 2 2 6 1 2711 2759 290
1602 2 2 6 1 291 2760 2753
1603 2 2 6 1 2760 2761 2753
1604 2 2 6 1 2760 871 2761
1605 2 2 6 1 2753 2761 869
1606 2 2 6 1 871 2762 2761
1607 2 2 6 1 2762 2763 2761
1608 2 2 6 1 2762 872 2763
1609 2 2 6 1 2761 2763 869
1610 2 2 6 1 871 2764 2762
1611 2 2 6 1 2764 2765 2762
1612 2 2 6 1 2764 405 2765
1613 2 2 6 1 2762 2765 872
1614 2 2 6 1 869 2763 2754
1615 2 2 6 1 2763 2766 2754
1616 2 2 6 1 2763 872 2766
1617 2 2 6 1 2754 2766 404
1618 2 2 6 1 405 2767 2765
1619 2 2 6 1 2767 2768 2765
1620 2 2 6 1 2767 873 2768
1621 2 2 6 1 2765 2768 872
1622 2 2 6 1 873 2769 2768
1623 2 2 6 1 2769 2770 2768
1624 2 2 6 1 2769 874 2770
1625 2 2 6 1 2768 2770 872
1626 2 2 6 1 873 2771 2769
1627 2 2 6 1 2771 2772 2769
1628 2 2 6 1 2771 406 2772
1629 2 2 6 1 2769 2772 874
1630 2 2 6 1 872 2770 2766
1631 2 2 6 1 2770 2773 2766
1632 2 2 6 1 2770 874 2773
1633 2 2 6 1 2766 2773 404
1634 2 2 6 1 405 2774 2767
1635 2 2 6 1 2774 2775 2767
1636 2 2 6 1 2774 875 2775
1637 2 2 6 1 2767 2775 873
1638 2 2 6 1 875 2776 2775
1639 2 2 6 1 2776 2777 2775
1640 2 2 6 1 2776 876 2777
1641 2 2 6 1 2775 2777 873
1642 2 2 6 1 875 2778 2776
1643 2 2 6 1 2778 2779 2776
1644 2 2 6 1 2778 292 2779
1645 2 2 6 1 2776 2779 876
1646 2 2 6 1 873 2777 2771
1647 2 2 6 1 2777 2780 2771
1648 2 2 6 1 2777 876 2780
1649 2 2 6 1 2771 2780 406
1650 2 2 6 1 404 2773 2758
1651 2 2 6 1 2773 2781 2758
1652 2 2 6 1 2773 874 2781
1653 2 2 6 1 2758 2781 870
1654 2 2 6 1 874 2782 2781
1655 2 2 6 1 2782 2783 2781
1656 2 2 6 1 2782 877 2783
1657 2 2 6 1 2781 2783 870
1658 2 2 6 1 874 2772 2782
1659 2 2 6 1 2772 2784 2782
1660 2 2 6 1 2772 406 2784
1661 2 2 6 1 2782 2784 877
1662 2 2 6 1 870 2783 2759
1663 2 2 6 1 2783 2785 2759
1664 2 2 6 1 2783 877 2785
1665 2 2 6 1 2759 2785 290
1666 2 2 6 1 291 2786 2760
1667 2 2 6 1 2786 2787 2760
1668 2 2 6 1 2786 878 2787
1669 2 2 6 1 2760 2787 871
1670 2 2 6 1 878 2788 2787
1671 2 2 6 1 2788 2789 2787
1672 2 2 6 1 2788 879 2789
1673 2 2 6 1 2787 2789 871
1674 2 2 6 1 878 2790 2788
1675 2 2 6 1 2790 2791 2788
1676 2 2 6 1 2790 407 2791
1677 2 2 6 1 2788 2791 879
1678 2 2 6 1 871 2789 2764
1679 2 2 6 1 2789 2792 2764
1680 2 2 6 1 2789 879 2792
1681 2 2 6 1 2764 2792 405
1682 2 2 6 1 407 2793 2791
1683 2 2 6 1 2793 2794 2791
1684 2 2 6 1 2793 880 2794
1685 2 2 6 1 2791 2794 879
1686 2 2 6 1 880 2795 2794
1687 2 2 6 1 2795 2796 2794
1688 2 2 6 1 2795 881 2796
1689 2 2 6 1 2794 2796 879
1690 2 2 6 1 880 2797 2795
1691 2 2 6 1 2797 2798 2795
1692 2 2 6 1 2797 408 2798
1693 2 2 6 1 2795 2798 881
1694 2 2 6 1 879 2796 2792
1695 2 2 6 1 2796 2799 2792
1696 2 2 6 1 2796 881 2799
1697 2 2 6 1 2792 2799 405
1698 2 2 6 1 407 2800 2793
1699 2 2 6 1 2800 2801 2793
1700 2 2 6 1 2800 882 2801
1701 2 2 6 1 2793 2801 880
1702 2 2 6 1 882 2802 2801
1703 2 2 6 1 2802 2803 2801
1704 2 2 6 1 2802 883 2803
1705 2 2 6 1 2801 2803 880
1706 2 2 6 1 882 2804 2802
1707 2 2 6 1 2804 2805 2802
1708 2 2 6 1 2804 265 2805
1709 2 2 6 1 2802 2805 883
1710 2 2 6 1 880 2803 2797
1711 2 2 6 1 2803 2806 2797
1712 2 2 6 1 2803 883 2806
1713 2 2 6 1 2797 2806 408
1714 2 2 6 1 405 2799 2774
1715 2 2 6 1 2799 2807 2774
1716 2 2 6 1 2799 881 2807
1717 2 2 6 1 2774 2807 875
1718 2 2 6 1 881 2808 2807
1719 2 2 6 1 2808 2809 2807
1720 2 2 6 1 2808 884 2809
1721 2 2 6 1 2807 2809 875
1722 2 2 6 1 881 2798 2808
1723 2 2 6 1 2798 2810 2808
1724 2 2 6 1 2798 408 2810
1725 2 2 6 1 2808 2810 884
1726 2 2 6 1 875 2809 2778
1727 2 2 6 1 2809 2811 2778
1728 2 2 6 1 2809 884 2811
1729 2 2 6 1 2778 2811 292
1730 2 2 6 1 290 2785 2727
1731 2 2 6 1 2785 2812 2727
1732 2 2 6 1 2785 877 2812
1733 2 2 6 1 2727 2812 862
1734 2 2 6 1 877 2813 2812
1735 2 2 6 1 2813 2814 2812
1736 2 2 6 1 2813 885 2814
1737 2 2 6 1 2812 2814 862
1738 2 2 6 1 877 2784 2813
1739 2 2 6 1 2784 2815 2813
1740 2 2 6 1 2784 406 2815
1741 2 2 6 1 2813 2815 885
1742 2 2 6 1 862 2814 2728
1743 2 2 6 1 2814 2816 2728
1744 2 2 6 1 2814 885 2816
1745 2 2 6 1 2728 2816 402
1746 2 2 6 1 406 2817 2815
1747 2 2 6 1 2817 2818 2815
1748 2 2 6 1 2817 886 2818
1749 2 2 6 1 2815 2818 885
1750 2 2 6 1 886 2819 2818
1751 2 2 6 1 2819 2820 2818
1752 2 2 6 1 2819 887 2820
1753 2 2 6 1 2818 2820 885
1754 2 2 6 1 886 2821 2819
1755 2 2 6 1 2821 2822 2819
1756 2 2 6 1 2821 409 2822
1757 2 2 6 1 2819 2822 887
1758 2 2 6 1 885 2820 2816
1759 2 2 6 1 2820 2823 2816
1760 2 2 6 1 2820 887 2823
1761 2 2 6 1 2816 2823 402
1762 2 2 6 1 406 2780 2817
1763 2 2 6 1 2780 2824 2817
1764 2 2 6 1 2780 876 2824
1765 2 2 6 1 2817 2824 886
1766 2 2 6 1 876 2825 2824
1767 2 2 6 1 2825 2826 2824
1768 2 2 6 1 2825 888 2826
1769 2 2 6 1 2824 2826 886
1770 2 2 6 1 876 2779 2825
1771 2 2 6 1 2779 2827 2825
1772 2 2 6 1 2779 292 2827
1773 2 2 6 1 2825 2827 888
1774 2 2 6 1 886 2826 2821
1775 2 2 6 1 2826 2828 2821
1776 2 2 6 1 2826 888 2828
1777 2 2 6 1 2821 2828 409
1778 2 2 6 1 402 2823 2732
1779 2 2 6 1 2823 2829 2732
1780 2 2 6 1 2823 887 2829
1781 2 2 6 1 2732 2829 863
1782 2 2 6 1 887 2830 2829
1783 2 2 6 1 2830 2831 2829
1784 2 2 6 1 2830 889 2831
1785 2 2 6 1 2829 2831 863
1786 2 2 6 1 887 2822 2830
1787 2 2 6 1 2822 2832 2830
1788 2 2 6 1 2822 409 2832
1789 2 2 6 1 2830 2832 889
1790 2 2 6 1 863 2831 2733
1791 2 2 6 1 2831 2833 2733
1792 2 2 6 1 2831 889 2833
1793 2 2 6 1 2733 2833 263
1794 2 2 6 1 264 2834 2734
1795 2 2 6 1 2834 2835 2734
1796 2 2 6 1 2834 890 2835
1797 2 2 6 1 2734 2835 864
1798 2 2 6 1 890 2836 2835
1799 2 2 6 1 2836 2837 2835
1800 2 2 6 1 2836 891 2837
1801 2 2 6 1 2835 2837 864
1802 2 2 6 1 890 2838 2836
1803 2 2 6 1 2838 2839 2836
1804 2 2 6 1 2838 410 2839
1805 2 2 6 1 2836 2839 891
1806 2 2 6 1 864 2837 2738
1807 2 2 6 1 2837 2840 2738
1808 2 2 6 1 2837 891 2840
1809 2 2 6 1 2738 2840 403
1810 2 2 6 1 410 2841 2839
1811 2 2 6 1 2841 2842 2839
1812 2 2 6 1 2841 892 2842
1813 2 2 6 1 2839 2842 891
1814 2 2 6 1 892 2843 2842
1815 2 2 6 1 2843 2844 2842
1816 2 2 6 1 2843 893 2844
1817 2 2 6 1 2842 2844 891
1818 2 2 6 1 892 2845 2843
1819 2 2 6 1 2845 2846 2843
1820 2 2 6 1 2845 411 2846
1821 2 2 6 1 2843 2846 893
1822 2 2 6 1 891 2844 2840
1823 2 2 6 1 2844 2847 2840
1824 2 2 6 1 2844 893 2847
1825 2 2 6 1 2840 2847 403
1826 2 2 6 1 410 2848 2841
1827 2 2 6 1 2848 2849 2841
1828 2 2 6 1 2848 894 2849
1829 2 2 6 1 2841 2849 892
1830 2 2 6 1 894 2850 2849
1831 2 2 6 1 2850 2851 2849
1832 2 2 6 1 2850 895 2851
1833 2 2 6 1 2849 2851 892
1834 2 2 6 1 894 2852 2850
1835 2 2 6 1 2852 2853 2850
1836 2 2 6 1 2852 293 2853
1837 2 2 6 1 2850 2853 895
1838 2 2 6 1 892 2851 2845
1839 2 2 6 1 2851 2854 2845
1840 2 2 6 1 2851 895 2854
1841 2 2 6 1 2845 2854 411
1842 2 2 6 1 403 2847 2748
1843 2 2 6 1 2847 2855 2748
1844 2 2 6 1 2847 893 2855
1845 2 2 6 1 2748 2855 868
1846 2 2 6 1 893 2856 2855
1847 2 2 6 1 2856 2857 2855
1848 2 2 6 1 2856 896 2857
1849 2 2 6 1 2855 2857 868
1850 2 2 6 1 893 2846 2856
1851 2 2 6 1 2846 2858 2856
1852 2 2 6 1 2846 411 2858
1853 2 2 6 1 2856 2858 896
1854 2 2 6 1 868 2857 2752
1855 2 2 6 1 2857 2859 2752
1856 2 2 6 1 2857 896 2859
1857 2 2 6 1 2752 2859 291
1858 2 2 6 1 293 2860 2853
1859 2 2 6 1 2860 2861 2853
1860 2 2 6 1 2860 897 2861
1861 2 2 6 1 2853 2861 895
1862 2 2 6 1 897 2862 2861
1863 2 2 6 1 2862 2863 2861
1864 2 2 6 1 2862 898 2863
1865 2 2 6 1 2861 2863 895
1866 2 2 6 1 897 2864 2862
1867 2 2 6 1 2864 2865 2862
1868 2 2 6 1 2864 412 2865
1869 2 2 6 1 2862 2865 898
1870 2 2 6 1 895 2863 2854
1871 2 2 6 1 2863 2866 2854
1872 2 2 6 1 2863 898 2866
1873 2 2 6 1 2854 2866 411
1874 2 2 6 1 412 2867 2865
1875 2 2 6 1 2867 2868 2865
1876 2 2 6 1 2867 899 2868
1877 2 2 6 1 2865 2868 898
1878 2 2 6 1 899 2869 2868
1879 2 2 6 1 2869 2870 2868
1880 2 2 6 1 2869 900 2870
1881 2 2 6 1 2868 2870 898
1882 2 2 6 1 899 2871 2869
1883 2 2 6 1 2871 2872 2869
1884 2 2 6 1 2871 413 2872
1885 2 2 6 1 2869 2872 900
1886 2 2 6 1 898 2870 2866
1887 2 2 6 1 2870 2873 2866
1888 2 2 6 1 2870 900 2873
1889 2 2 6 1 2866 2873 411
1890 2 2 6 1 412 2874 2867
1891 2 2 6 1 2874 2875 2867
1892 2 2 6 1 2874 901 2875
1893 2 2 6 1 2867 2875 899
1894 2 2 6 1 901 2876 2875
1895 2 2 6 1 2876 2877 2875
1896 2 2 6 1 2876 902 2877
1897 2 2 6 1 2875 2877 899
1898 2 2 6 1 901 2878 2876
1899 2 2 6 1 2878 2879 2876
1900 2 2 6 1 2878 294 2879
1901 2 2 6 1 2876 2879 902
1902 2 2 6 1 899 2877 2871
1903 2 2 6 1 2877 2880 2871
1904 2 2 6 1 2877 902 2880
1905 2 2 6 1 2871 2880 413
1906 2 2 6 1 411 2873 2858
1907 2 2 6 1 2873 2881 2858
1908 2 2 6 1 2873 900 2881
1909 2 2 6 1 2858 2881 896
1910 2 2 6 1 900 2882 2881
1911 2 2 6 1 2882 2883 2881
1912 2 2 6 1 2882 903 2883
1913 2 2 6 1 2881 2883 896
1914 2 2 6 1 900 2872 2882
1915 2 2 6 1 2872 2884 2882
1916 2 2 6 1 2872 413 2884
1917 2 2 6 1 2882 2884 903
1918 2 2 6 1 896 2883 2859
1919 2 2 6 1 2883 2885 2859
1920 2 2 6 1 2883 903 2885
1921 2 2 6 1 2859 2885 291
1922 2 2 6 1 293 2886 2860
1923 2 2 6 1 2886 2887 2860
1924 2 2 6 1 2886 904 2887
1925 2 2 6 1 2860 2887 897
1926 2 2 6 1 904 2888 2887
1927 2 2 6 1 2888 2889 2887
1928 2 2 6 1 2888 905 2889
1929 2 2 6 1 2887 2889 897
1930 2 2 6 1 904 2890 2888
1931 2 2 6 1 2890 2891 2888
1932 2 2 6 1 2890 414 2891
1933 2 2 6 1 2888 2891 905
1934 2 2 6 1 897 2889 2864
1935 2 2 6 1 2889 2892 2864
1936 2 2 6 1 2889 905 2892
1937 2 2 6 1 2864 2892 412
1938 2 2 6 1 414 2893 2891
1939 2 2 6 1 2893 2894 2891
1940 2 2 6 1 2893 906 2894
1941 2 2 6 1 2891 2894 905
1942 2 2 6 1 906 2895 2894
1943 2 2 6 1 2895 2896 2894
1944 2 2 6 1 2895 907 2896
1945 2 2 6 1 2894 2896 905
1946 2 2 6 1 906 2897 2895
1947 2 2 6 1 2897 2898 2895
1948 2 2 6 1 2897 415 2898
1949 2 2 6 1 2895 2898 907
1950 2 2 6 1 905 2896 2892
1951 2 2 6 1 2896 2899 2892
1952 2 2 6 1 2896 907 2899
1953 2 2 6 1 2892 2899 412
1954 2 2 6 1 414 2900 2893
1955 2 2 6 1 2900 2901 2893
1956 2 2 6 1 2900 908 2901
1957 2 2 6 1 2893 2901 906
1958 2 2 6 1 908 2902 2901
1959 2 2 6 1 2902 2903 2901
1960 2 2 6 1 2902 909 2903
1961 2 2 6 1 2901 2903 906
1962 2 2 6 1 908 2904 2902
1963 2 2 6 1 2904 2905 2902
1964 2 2 6 1 2904 259 2905
1965 2 2 6 1 2902 2905 909
1966 2 2 6 1 906 2903 2897
1967 2 2 6 1 2903 2906 2897
1968 2 2 6 1 2903 909 2906
1969 2 2 6 1 2897 2906 415
1970 2 2 6 1 412 2899 2874
1971 2 2 6 1 2899 2907 2874
1972 2 2 6 1 2899 907 2907
1973 2 2 6 1 2874 2907 901
1974 2 2 6 1 907 2908 2907
1975 2 2 6 1 2908 2909 2907
1976 2 2 6 1 2908 910 2909
1977 2 2 6 1 2907 2909 901
1978 2 2 6 1 907 2898 2908
1979 2 2 6 1 2898 2910 2908
1980 2 2 6 1 2898 415 2910
1981 2 2 6 1 2908 2910 910
1982 2 2 6 1 901 2909 2878
1983 2 2 6 1 2909 2911 2878
1984 2 2 6 1 2909 910 2911
1985 2 2 6 1 2878 2911 294
1986 2 2 6 1 291 2885 2786
1987 2 2 6 1 2885 2912 2786
1988 2 2 6 1 2885 903 2912
1989 2 2 6 1 2786 2912 878
1990 2 2 6 1 903 2913 2912
1991 2 2 6 1 2913 2914 2912
1992 2 2 6 1 2913 911 2914
1993 2 2 6 1 2912 2914 878
1994 2 2 6 1 903 2884 2913
1995 2 2 6 1 2884 2915 2913
1996 2 2 6 1 2884 413 2915
1997 2 2 6 1 2913 2915 911
1998 2 2 6 1 878 2914 2790
1999 2 2 6 1 2914 2916 2790
2000 2 2 6 1 2914 911 2916
2001 2 2 6 1 2790 2916 407
2002 2 2 6 1 413 2917 2915
2003 2 2 6 1 2917 2918 2915
2004 2 2 6 1 2917 912 2918
2005 2 2 6 1 2915 2918 911
2006 2 2 6 1 912 2919 2918
2007 2 2 6 1 2919 2920 2918
2008 2 2 6 1 2919 913 2920
2009 2 2 6 1 2918 2920 911
2010 2 2 6 1 912 2921 2919
2011 2 2 6 1 2921 2922 2919
2012 2 2 6 1 2921 416 2922
2013 2 2 6 1 2919 2922 913
2014 2 2 6 1 911 2920 2916
2015 2 2 6 1 2920 2923 2916
2016 2 2 6 1 2920 913 2923
2017 2 2 6 1 2916 2923 407
2018 2 2 6 1 413 2880 2917
2019 2 2 6 1 2880 2924 2917
2020 2 2 6 1 2880 902 2924
2021 2 2 6 1 2917 2924 912
2022 2 2 6 1 902 2925 2924
2023 2 2 6 1 2925 2926 2924
2024 2 2 6 1 2925 914 2926
2025 2 2 6 1 2924 2926 912
2026 2 2 6 1 902 2879 2925
2027 2 2 6 1 2879 2927 2925
2028 2 2 6 1 2879 294 2927
2029 2 2 6 1 2925 2927 914
2030 2 2 6 1 912 2926 2921
2031 2 2 6 1 2926 2928 2921
2032 2 2 6 1 2926 914 2928
2033 2 2 6 1 2921 2928 416
2034 2 2 6 1 407 2923 2800
2035 2 2 6 1 2923 2929 2800
2036 2 2 6 1 2923 913 2929
2037 2 2 6 1 2800 2929 882
2038 2 2 6 1 913 2930 2929
2039 2 2 6 1 2930 2931 2929
2040 2 2 6 1 2930 915 2931
2041 2 2 6 1 2929 2931 882
2042 2 2 6 1 913 2922 2930
2043 2 2 6 1 2922 2932 2930
2044 2 2 6 1 2922 416 2932
2045 2 2 6 1 2930 2932 915
2046 2 2 6 1 882 2931 2804
2047 2 2 6 1 2931 2933 2804
2048 2 2 6 1 2931 915 2933
2049 2 2 6 1 2804 2933 265
2050 2 2 6 1 263 2833 2605
2051 2 2 6 1 2833 2934 2605
2052 2 2 6 1 2833 889 2934
2053 2 2 6 1 2605 2934 831
2054 2 2 6 1 889 2935 2934
2055 2 2 6 1 2935 2936 2934
2056 2 2 6 1 2935 916 2936
2057 2 2 6 1 2934 2936 831
2058 2 2 6 1 889 2832 2935
2059 2 2 6 1 2832 2937 2935
2060 2 2 6 1 2832 409 2937
2061 2 2 6 1 2935 2937 916
2062 2 2 6 1 831 2936 2606
2063 2 2 6 1 2936 2938 2606
2064 2 2 6 1 2936 916 2938
2065 2 2 6 1 2606 2938 394
2066 2 2 6 1 409 2939 2937
2067 2 2 6 1 2939 2940 2937
2068 2 2 6 1 2939 917 2940
2069 2 2 6 1 2937 2940 916
2070 2 2 6 1 917 2941 2940
2071 2 2 6 1 2941 2942 2940
2072 2 2 6 1 2941 918 2942
2073 2 2 6 1 2940 2942 916
2074 2 2 6 1 917 2943 2941
2075 2 2 6 1 2943 2944 2941
2076 2 2 6 1 2943 417 2944
2077 2 2 6 1 2941 2944 918
2078 2 2 6 1 916 2942 2938
2079 2 2 6 1 2942 2945 2938
2080 2 2 6 1 2942 918 2945
2081 2 2 6 1 2938 2945 394
2082 2 2 6 1 409 2828 2939
2083 2 2 6 1 2828 2946 2939
2084 2 2 6 1 2828 888 2946
2085 2 2 6 1 2939 2946 917
2086 2 2 6 1 888 2947 2946
2087 2 2 6 1 2947 2948 2946
2088 2 2 6 1 2947 919 2948
2089 2 2 6 1 2946 2948 917
2090 2 2 6 1 888 2827 2947
2091 2 2 6 1 2827 2949 2947
2092 2 2 6 1 2827 292 2949
2093 2 2 6 1 2947 2949 919
2094 2 2 6 1 917 2948 2943
2095 2 2 6 1 2948 2950 2943
2096 2 2 6 1 2948 919 2950
2097 2 2 6 1 2943 2950 417
2098 2 2 6 1 394 2945 2610
2099 2 2 6 1 2945 2951 2610
2100 2 2 6 1 2945 918 2951
2101 2 2 6 1 2610 2951 832
2102 2 2 6 1 918 2952 2951
2103 2 2 6 1 2952 2953 2951
2104 2 2 6 1 2952 920 2953
2105 2 2 6 1 2951 2953 832
2106 2 2 6 1 918 2944 2952
2107 2 2 6 1 2944 2954 2952
2108 2 2 6 1 2944 417 2954
2109 2 2 6 1 2952 2954 920
2110 2 2 6 1 832 2953 2611
2111 2 2 6 1 2953 2955 2611
2112 2 2 6 1 2953 920 2955
2113 2 2 6 1 2611 2955 288
2114 2 2 6 1 292 2956 2949
2115 2 2 6 1 2956 2957 2949
2116 2 2 6 1 2956 921 2957
2117 2 2 6 1 2949 2957 919
2118 2 2 6 1 921 2958 2957
2119 2 2 6 1 2958 2959 2957
2120 2 2 6 1 2958 922 2959
2121 2 2 6 1 2957 2959 919
2122 2 2 6 1 921 2960 2958
2123 2 2 6 1 2960 2961 2958
2124 2 2 6 1 2960 418 2961
2125 2 2 6 1 2958 2961 922
2126 2 2 6 1 919 2959 2950
2127 2 2 6 1 2959 2962 2950
2128 2 2 6 1 2959 922 2962
2129 2 2 6 1 2950 2962 417
2130 2 2 6 1 418 2963 2961
2131 2 2 6 1 2963 2964 2961
2132 2 2 6 1 2963 923 2964
2133 2 2 6 1 2961 2964 922
2134 2 2 6 1 923 2965 2964
2135 2 2 6 1 2965 2966 2964
2136 2 2 6 1 2965 924 2966
2137 2 2 6 1 2964 2966 922
2138 2 2 6 1 923 2967 2965
2139 2 2 6 1 2967 2968 2965
2140 2 2 6 1 2967 419 2968
2141 2 2 6 1 2965 2968 924
2142 2 2 6 1 922 2966 2962
2143 2 2 6 1 2966 2969 2962
2144 2 2 6 1 2966 924 2969
2145 2 2 6 1 2962 2969 417
2146 2 2 6 1 418 2970 2963
2147 2 2 6 1 2970 2971 2963
2148 2 2 6 1 2970 925 2971
2149 2 2 6 1 2963 2971 923
2150 2 2 6 1 925 2972 2971
2151 2 2 6 1 2972 2973 2971
2152 2 2 6 1 2972 926 2973
2153 2 2 6 1 2971 2973 923
2154 2 2 6 1 925 2974 2972
2155 2 2 6 1 2974 2975 2972
2156 2 2 6 1 2974 295 2975
2157 2 2 6 1 2972 2975 926
2158 2 2 6 1 923 2973 2967
2159 2 2 6 1 2973 2976 2967
2160 2 2 6 1 2973 926 2976
2161 2 2 6 1 2967 2976 419
2162 2 2 6 1 417 2969 2954
2163 2 2 6 1 2969 2977 2954
2164 2 2 6 1 2969 924 2977
2165 2 2 6 1 2954 2977 920
2166 2 2 6 1 924 2978 2977
2167 2 2 6 1 2978 2979 2977
2168 2 2 6 1 2978 927 2979
2169 2 2 6 1 2977 2979 920
2170 2 2 6 1 924 2968 2978
2171 2 2 6 1 2968 2980 2978
2172 2 2 6 1 2968 419 2980
2173 2 2 6 1 2978 2980 927
2174 2 2 6 1 920 2979 2955
2175 2 2 6 1 2979 2981 2955
2176 2 2 6 1 2979 927 2981
2177 2 2 6 1 2955 2981 288
2178 2 2 6 1 292 2811 2956
2179 2 2 6 1 2811 2982 2956
2180 2 2 6 1 2811 884 2982
2181 2 2 6 1 2956 2982 921
2182 2 2 6 1 884 2983 2982
2183 2 2 6 1 2983 2984 2982
2184 2 2 6 1 2983 928 2984
2185 2 2 6 1 2982 2984 921
2186 2 2 6 1 884 2810 2983
2187 2 2 6 1 2810 2985 2983
2188 2 2 6 1 2810 408 2985
2189 2 2 6 1 2983 2985 928
2190 2 2 6 1 921 2984 2960
2191 2 2 6 1 2984 2986 2960
2192 2 2 6 1 2984 928 2986
2193 2 2 6 1 2960 2986 418
2194 2 2 6 1 408 2987 2985
2195 2 2 6 1 2987 2988 2985
2196 2 2 6 1 2987 929 2988
2197 2 2 6 1 2985 2988 928
2198 2 2 6 1 929 2989 2988
2199 2 2 6 1 2989 2990 2988
2200 2 2 6 1 2989 930 2990
2201 2 2 6 1 2988 2990 928
2202 2 2 6 1 929 2991 2989
2203 2 2 6 1 2991 2992 2989
2204 2 2 6 1 2991 420 2992
2205 2 2 6 1 2989 2992 930
2206 2 2 6 1 928 2990 2986
2207 2 2 6 1 2990 2993 2986
2208 2 2 6 1 2990 930 2993
2209 2 2 6 1 2986 2993 418
2210 2 2 6 1 408 2806 2987
2211 2 2 6 1 2806 2994 2987
2212 2 2 6 1 2806 883 2994
2213 2 2 6 1 2987 2994 929
2214 2 2 6 1 883 2995 2994
2215 2 2 6 1 2995 2996 2994
2216 2 2 6 1 2995 931 2996
2217 2 2 6 1 2994 2996 929
2218 2 2 6 1 883 2805 2995
2219 2 2 6 1 2805 2997 2995
2220 2 2 6 1 2805 265 2997
2221 2 2 6 1 2995 2997 931
2222 2 2 6 1 929 2996 2991
2223 2 2 6 1 2996 2998 2991
2224 2 2 6 1 2996 931 2998
2225 2 2 6 1 2991 2998 420
2226 2 2 6 1 418 2993 2970
2227 2 2 6 1 2993 2999 2970
2228 2 2 6 1 2993 930 2999
2229 2 2 6 1 2970 2999 925
2230 2 2 6 1 930 3000 2999
2231 2 2 6 1 3000 3001 2999
2232 2 2 6 1 3000 932 3001
2233 2 2 6 1 2999 3001 925
2234 2 2 6 1 930 2992 3000
2235 2 2 6 1 2992 3002 3000
2236 2 2 6 1 2992 420 3002
2237 2 2 6 1 3000 3002 932
2238 2 2 6 1 925 3001 2974
2239 2 2 6 1 3001 3003 2974
2240 2 2 6 1 3001 932 3003
2241 2 2 6 1 2974 3003 295
2242 2 2 6 1 288 2981 2627
2243 2 2 6 1 2981 3004 2627
2244 2 2 6 1 2981 927 3004
2245 2 2 6 1 2627 3004 836
2246 2 2 6 1 927 3005 3004
2247 2 2 6 1 3005 3006 3004
2248 2 2 6 1 3005 933 3006
2249 2 2 6 1 3004 3006 836
2250 2 2 6 1 927 2980 3005
2251 2 2 6 1 2980 3007 3005
2252 2 2 6 1 2980 419 3007
2253 2 2 6 1 3005 3007 933
2254 2 2 6 1 836 3006 2628
2255 2 2 6 1 3006 3008 2628
2256 2 2 6 1 3006 933 3008
2257 2 2 6 1 2628 3008 395
2258 2 2 6 1 419 3009 3007
2259 2 2 6 1 3009 3010 3007
2260 2 2 6 1 3009 934 3010
2261 2 2 6 1 3007 3010 933
2262 2 2 6 1 934 3011 3010
2263 2 2 6 1 3011 3012 3010
2264 2 2 6 1 3011 935 3012
2265 2 2 6 1 3010 3012 933
2266 2 2 6 1 934 3013 3011
2267 2 2 6 1 3013 3014 3011
2268 2 2 6 1 3013 421 3014
2269 2 2 6 1 3011 3014 935
2270 2 2 6 1 933 3012 3008
2271 2 2 6 1 3012 3015 3008
2272 2 2 6 1 3012 935 3015
2273 2 2 6 1 3008 3015 395
2274 2 2 6 1 419 2976 3009
2275 2 2 6 1 2976 3016 3009
2276 2 2 6 1 2976 926 3016
2277 2 2 6 1 3009 3016 934
2278 2 2 6 1 926 3017 3016
2279 2 2 6 1 3017 3018 3016
2280 2 2 6 1 3017 936 3018
2281 2 2 6 1 3016 3018 934
2282 2 2 6 1 926 2975 3017
2283 2 2 6 1 2975 3019 3017
2284 2 2 6 1 2975 295 3019
2285 2 2 6 1 3017 3019 936
2286 2 2 6 1 934 3018 3013
2287 2 2 6 1 3018 3020 3013
2288 2 2 6 1 3018 936 3020
2289 2 2 6 1 3013 3020 421
2290 2 2 6 1 395 3015 2632
2291 2 2 6 1 3015 3021 2632
2292 2 2 6 1 3015 935 3021
2293 2 2 6 1 2632 3021 837
2294 2 2 6 1 935 3022 3021
2295 2 2 6 1 3022 3023 3021
2296 2 2 6 1 3022 937 3023
2297 2 2 6 1 3021 3023 837
2298 2 2 6 1 935 3014 3022
2299 2 2 6 1 3014 3024 3022
2300 2 2 6 1 3014 421 3024
2301 2 2 6 1 3022 3024 937
2302 2 2 6 1 837 3023 2633
2303 2 2 6 1 3023 3025 2633
2304 2 2 6 1 3023 937 3025
2305 2 2 6 1 2633 3025 36
2306 2 2 6 1 258 3026 2634
2307 2 2 6 1 3026 3027 2634
2308 2 2 6 1 3026 938 3027
2309 2 2 6 1 2634 3027 838
2310 2 2 6 1 938 3028 3027
2311 2 2 6 1 3028 3029 3027
2312 2 2 6 1 3028 939 3029
2313 2 2 6 1 3027 3029 838
2314 2 2 6 1 938 3030 3028
2315 2 2 6 1 3030 3031 3028
2316 2 2 6 1 3030 422 3031
2317 2 2 6 1 3028 3031 939
2318 2 2 6 1 838 3029 2638
2319 2 2 6 1 3029 3032 2638
2320 2 2 6 1 3029 939 3032
2321 2 2 6 1 2638 3032 396
2322 2 2 6 1 422 3033 3031
2323 2 2 6 1 3033 3034 3031
2324 2 2 6 1 3033 940 3034
2325 2 2 6 1 3031 3034 939
2326 2 2 6 1 940 3035 3034
2327 2 2 6 1 3035 3036 3034
2328 2 2 6 1 3035 941 3036
2329 2 2 6 1 3034 3036 939
2330 2 2 6 1 940 3037 3035
2331 2 2 6 1 3037 3038 3035
2332 2 2 6 1 3037 423 3038
2333 2 2 6 1 3035 3038 941
2334 2 2 6 1 939 3036 3032
2335 2 2 6 1 3036 3039 3032
2336 2 2 6 1 3036 941 3039
2337 2 2 6 1 3032 3039 396
2338 2 2 6 1 422 3040 3033
2339 2 2 6 1 3040 3041 3033
2340 2 2 6 1 3040 942 3041
2341 2 2 6 1 3033 3041 940
2342 2 2 6 1 942 3042 3041
2343 2 2 6 1 3042 3043 3041
2344 2 2 6 1 3042 943 3043
2345 2 2 6 1 3041 3043 940
2346 2 2 6 1 942 3044 3042
2347 2 2 6 1 3044 3045 3042
2348 2 2 6 1 3044 296 3045
2349 2 2 6 1 3042 3045 943
2350 2 2 6 1 940 3043 3037
2351 2 2 6 1 3043 3046 3037
2352 2 2 6 1 3043 943 3046
2353 2 2 6 1 3037 3046 423
2354 2 2 6 1 396 3039 2648
2355 2 2 6 1 3039 3047 2648
2356 2 2 6 1 3039 941 3047
2357 2 2 6 1 2648 3047 842
2358 2 2 6 1 941 3048 3047
2359 2 2 6 1 3048 3049 3047
2360 2 2 6 1 3048 944 3049
2361 2 2 6 1 3047 3049 842
2362 2 2 6 1 941 3038 3048
2363 2 2 6 1 3038 3050 3048
2364 2 2 6 1 3038 423 3050
2365 2 2 6 1 3048 3050 944
2366 2 2 6 1 842 3049 2652
2367 2 2 6 1 3049 3051 2652
2368 2 2 6 1 3049 944 3051
2369 2 2 6 1 2652 3051 289
2370 2 2 6 1 296 3052 3045
2371 2 2 6 1 3052 3053 3045
2372 2 2 6 1 3052 945 3053
2373 2 2 6 1 3045 3053 943
2374 2 2 6 1 945 3054 3053
2375 2 2 6 1 3054 3055 3053
2376 2 2 6 1 3054 946 3055
2377 2 2 6 1 3053 3055 943
2378 2 2 6 1 945 3056 3054
2379 2 2 6 1 3056 3057 3054
2380 2 2 6 1 3056 424 3057
2381 2 2 6 1 3054 3057 946
2382 2 2 6 1 943 3055 3046
2383 2 2 6 1 3055 3058 3046
2384 2 2 6 1 3055 946 3058
2385 2 2 6 1 3046 3058 423
2386 2 2 6 1 424 3059 3057
2387 2 2 6 1 3059 3060 3057
2388 2 2 6 1 3059 947 3060
2389 2 2 6 1 3057 3060 946
2390 2 2 6 1 947 3061 3060
2391 2 2 6 1 3061 3062 3060
2392 2 2 6 1 3061 948 3062
2393 2 2 6 1 3060 3062 946
2394 2 2 6 1 947 3063 3061
2395 2 2 6 1 3063 3064 3061
2396 2 2 6 1 3063 425 3064
2397 2 2 6 1 3061 3064 948
2398 2 2 6 1 946 3062 3058
2399 2 2 6 1 3062 3065 3058
2400 2 2 6 1 3062 948 3065
2401 2 2 6 1 3058 3065 423
2402 2 2 6 1 424 3066 3059
2403 2 2 6 1 3066 3067 3059
2404 2 2 6 1 3066 949 3067
2405 2 2 6 1 3059 3067 947
2406 2 2 6 1 949 3068 3067
2407 2 2 6 1 3068 3069 3067
2408 2 2 6 1 3068 950 3069
2409 2 2 6 1 3067 3069 947
2410 2 2 6 1 949 3070 3068
2411 2 2 6 1 3070 3071 3068
2412 2 2 6 1 3070 297 3071
2413 2 2 6 1 3068 3071 950
2414 2 2 6 1 947 3069 3063
2415 2 2 6 1 3069 3072 3063
2416 2 2 6 1 3069 950 3072
2417 2 2 6 1 3063 3072 425
2418 2 2 6 1 423 3065 3050
2419 2 2 6 1 3065 3073 3050
2420 2 2 6 1 3065 948 3073
2421 2 2 6 1 3050 3073 944
2422 2 2 6 1 948 3074 3073
2423 2 2 6 1 3074 3075 3073
2424 2 2 6 1 3074 951 3075
2425 2 2 6 1 3073 3075 944
2426 2 2 6 1 948 3064 3074
2427 2 2 6 1 3064 3076 3074
2428 2 2 6 1 3064 425 3076
2429 2 2 6 1 3074 3076 951
2430 2 2 6 1 944 3075 3051
2431 2 2 6 1 3075 3077 3051
2432 2 2 6 1 3075 951 3077
2433 2 2 6 1 3051 3077 289
2434 2 2 6 1 296 3078 3052
2435 2 2 6 1 3078 3079 3052
2436 2 2 6 1 3078 952 3079
2437 2 2 6 1 3052 3079 945
2438 2 2 6 1 952 3080 3079
2439 2 2 6 1 3080 3081 3079
2440 2 2 6 1 3080 953 3081
2441 2 2 6 1 3079 3081 945
2442 2 2 6 1 952 3082 3080
2443 2 2 6 1 3082 3083 3080
2444 2 2 6 1 3082 426 3083
2445 2 2 6 1 3080 3083 953
2446 2 2 6 1 945 3081 3056
2447 2 2 6 1 3081 3084 3056
2448 2 2 6 1 3081 953 3084
2449 2 2 6 1 3056 3084 424
2450 2 2 6 1 426 3085 3083
2451 2 2 6 1 3085 3086 3083
2452 2 2 6 1 3085 954 3086
2453 2 2 6 1 3083 3086 953
2454 2 2 6 1 954 3087 3086
2455 2 2 6 1 3087 3088 3086
2456 2 2 6 1 3087 955 3088
2457 2 2 6 1 3086 3088 953
2458 2 2 6 1 954 3089 3087
2459 2 2 6 1 3089 3090 3087
2460 2 2 6 1 3089 427 3090
2461 2 2 6 1 3087 3090 955
2462 2 2 6 1 953 3088 3084
2463 2 2 6 1 3088 3091 3084
2464 2 2 6 1 3088 955 3091
2465 2 2 6 1 3084 3091 424
2466 2 2 6 1 426 3092 3085
2467 2 2 6 1 3092 3093 3085
2468 2 2 6 1 3092 956 3093
2469 2 2 6 1 3085 3093 954
2470 2 2 6 1 956 3094 3093
2471 2 2 6 1 3094 3095 3093
2472 2 2 6 1 3094 957 3095
2473 2 2 6 1 3093 3095 954
2474 2 2 6 1 956 3096 3094
2475 2 2 6 1 3096 3097 3094
2476 2 2 6 1 3096 266 3097
2477 2 2 6 1 3094 3097 957
2478 2 2 6 1 954 3095 3089
2479 2 2 6 1 3095 3098 3089
2480 2 2 6 1 3095 957 3098
2481 2 2 6 1 3089 3098 427
2482 2 2 6 1 424 3091 3066
2483 2 2 6 1 3091 3099 3066
2484 2 2 6 1 3091 955 3099
2485 2 2 6 1 3066 3099 949
2486 2 2 6 1 955 3100 3099
2487 2 2 6 1 3100 3101 3099
2488 2 2 6 1 3100 958 3101
2489 2 2 6 1 3099 3101 949
2490 2 2 6 1 955 3090 3100
2491 2 2 6 1 3090 3102 3100
2492 2 2 6 1 3090 427 3102
2493 2 2 6 1 3100 3102 958
2494 2 2 6 1 949 3101 3070
2495 2 2 6 1 3101 3103 3070
2496 2 2 6 1 3101 958 3103
2497 2 2 6 1 3070 3103 297
2498 2 2 6 1 289 3077 2686
2499 2 2 6 1 3077 3104 2686
2500 2 2 6 1 3077 951 3104
2501 2 2 6 1 2686 3104 852
2502 2 2 6 1 951 3105 3104
2503 2 2 6 1 3105 3106 3104
2504 2 2 6 1 3105 959 3106
2505 2 2 6 1 3104 3106 852
2506 2 2 6 1 951 3076 3105
2507 2 2 6 1 3076 3107 3105
2508 2 2 6 1 3076 425 3107
2509 2 2 6 1 3105 3107 959
2510 2 2 6 1 852 3106 2690
2511 2 2 6 1 3106 3108 2690
2512 2 2 6 1 3106 959 3108
2513 2 2 6 1 2690 3108 400
2514 2 2 6 1 425 3109 3107
2515 2 2 6 1 3109 3110 3107
2516 2 2 6 1 3109 960 3110
2517 2 2 6 1 3107 3110 959
2518 2 2 6 1 960 3111 3110
2519 2 2 6 1 3111 3112 3110
2520 2 2 6 1 3111 961 3112
2521 2 2 6 1 3110 3112 959
2522 2 2 6 1 960 3113 3111
2523 2 2 6 1 3113 3114 3111
2524 2 2 6 1 3113 428 3114
2525 2 2 6 1 3111 3114 961
2526 2 2 6 1 959 3112 3108
2527 2 2 6 1 3112 3115 3108
2528 2 2 6 1 3112 961 3115
2529 2 2 6 1 3108 3115 400
2530 2 2 6 1 425 3072 3109
2531 2 2 6 1 3072 3116 3109
2532 2 2 6 1 3072 950 3116
2533 2 2 6 1 3109 3116 960
2534 2 2 6 1 950 3117 3116
2535 2 2 6 1 3117 3118 3116
2536 2 2 6 1 3117 962 3118
2537 2 2 6 1 3116 3118 960
2538 2 2 6 1 950 3071 3117
2539 2 2 6 1 3071 3119 3117
2540 2 2 6 1 3071 297 3119
2541 2 2 6 1 3117 3119 962
2542 2 2 6 1 960 3118 3113
2543 2 2 6 1 3118 3120 3113
2544 2 2 6 1 3118 962 3120
2545 2 2 6 1 3113 3120 428
2546 2 2 6 1 400 3115 2700
2547 2 2 6 1 3115 3121 2700
2548 2 2 6 1 3115 961 3121
2549 2 2 6 1 2700 3121 856
2550 2 2 6 1 961 3122 3121
2551 2 2 6 1 3122 3123 3121
2552 2 2 6 1 3122 963 3123
2553 2 2 6 1 3121 3123 856
2554 2 2 6 1 961 3114 3122
2555 2 2 6 1 3114 3124 3122
2556 2 2 6 1 3114 428 3124
2557 2 2 6 1 3122 3124 963
2558 2 2 6 1 856 3123 2704
2559 2 2 6 1 3123 3125 2704
2560 2 2 6 1 3123 963 3125
2561 2 2 6 1 2704 3125 264
2562 2 2 6 1 266 3126 3097
2563 2 2 6 1 3126 3127 3097
2564 2 2 6 1 3126 964 3127
2565 2 2 6 1 3097 3127 957
2566 2 2 6 1 964 3128 3127
2567 2 2 6 1 3128 3129 3127
2568 2 2 6 1 3128 965 3129
2569 2 2 6 1 3127 3129 957
2570 2 2 6 1 964 3130 3128
2571 2 2 6 1 3130 3131 3128
2572 2 2 6 1 3130 429 3131
2573 2 2 6 1 3128 3131 965
2574 2 2 6 1 957 3129 3098
2575 2 2 6 1 3129 3132 3098
2576 2 2 6 1 3129 965 3132
2577 2 2 6 1 3098 3132 427
2578 2 2 6 1 429 3133 3131
2579 2 2 6 1 3133 3134 3131
2580 2 2 6 1 3133 966 3134
2581 2 2 6 1 3131 3134 965
2582 2 2 6 1 966 3135 3134
2583 2 2 6 1 3135 3136 3134
2584 2 2 6 1 3135 967 3136
2585 2 2 6 1 3134 3136 965
2586 2 2 6 1 966 3137 3135
2587 2 2 6 1 3137 3138 3135
2588 2 2 6 1 3137 430 3138
2589 2 2 6 1 3135 3138 967
2590 2 2 6 1 965 3136 3132
2591 2 2 6 1 3136 3139 3132
2592 2 2 6 1 3136 967 3139
2593 2 2 6 1 3132 3139 427
2594 2 2 6 1 429 3140 3133
2595 2 2 6 1 3140 3141 3133
2596 2 2 6 1 3140 968 3141
2597 2 2 6 1 3133 3141 966
2598 2 2 6 1 968 3142 3141
2599 2 2 6 1 3142 3143 3141
2600 2 2 6 1 3142 969 3143
2601 2 2 6 1 3141 3143 966
2602 2 2 6 1 968 3144 3142
2603 2 2 6 1 3144 3145 3142
2604 2 2 6 1 3144 298 3145
2605 2 2 6 1 3142 3145 969
2606 2 2 6 1 966 3143 3137
2607 2 2 6 1 3143 3146 3137
2608 2 2 6 1 3143 969 3146
2609 2 2 6 1 3137 3146 430
2610 2 2 6 1 427 3139 3102
2611 2 2 6 1 3139 3147 3102
2612 2 2 6 1 3139 967 3147
2613 2 2 6 1 3102 3147 958
2614 2 2 6 1 967 3148 3147
2615 2 2 6 1 3148 3149 3147
2616 2 2 6 1 3148 970 3149
2617 2 2 6 1 3147 3149 958
2618 2 2 6 1 967 3138 3148
2619 2 2 6 1 3138 3150 3148
2620 2 2 6 1 3138 430 3150
2621 2 2 6 1 3148 3150 970
2622 2 2 6 1 958 3149 3103
2623 2 2 6 1 3149 3151 3103
2624 2 2 6 1 3149 970 3151
2625 2 2 6 1 3103 3151 297
2626 2 2 6 1 298 3152 3145
2627 2 2 6 1 3152 3153 3145
2628 2 2 6 1 3152 971 3153
2629 2 2 6 1 3145 3153 969
2630 2 2 6 1 971 3154 3153
2631 2 2 6 1 3154 3155 3153
2632 2 2 6 1 3154 972 3155
2633 2 2 6 1 3153 3155 969
2634 2 2 6 1 971 3156 3154
2635 2 2 6 1 3156 3157 3154
2636 2 2 6 1 3156 431 3157
2637 2 2 6 1 3154 3157 972
2638 2 2 6 1 969 3155 3146
2639 2 2 6 1 3155 3158 3146
2640 2 2 6 1 3155 972 3158
2641 2 2 6 1 3146 3158 430
2642 2 2 6 1 431 3159 3157
2643 2 2 6 1 3159 3160 3157
2644 2 2 6 1 3159 973 3160
2645 2 2 6 1 3157 3160 972
2646 2 2 6 1 973 3161 3160
2647 2 2 6 1 3161 3162 3160
2648 2 2 6 1 3161 974 3162
2649 2 2 6 1 3160 3162 972
2650 2 2 6 1 973 3163 3161
2651 2 2 6 1 3163 3164 3161
2652 2 2 6 1 3163 432 3164
2653 2 2 6 1 3161 3164 974
2654 2 2 6 1 972 3162 3158
2655 2 2 6 1 3162 3165 3158
2656 2 2 6 1 3162 974 3165
2657 2 2 6 1 3158 3165 430
2658 2 2 6 1 431 3166 3159
2659 2 2 6 1 3166 3167 3159
2660 2 2 6 1 3166 975 3167
2661 2 2 6 1 3159 3167 973
2662 2 2 6 1 975 3168 3167
2663 2 2 6 1 3168 3169 3167
2664 2 2 6 1 3168 976 3169
2665 2 2 6 1 3167 3169 973
2666 2 2 6 1 975 3170 3168
2667 2 2 6 1 3170 3171 3168
2668 2 2 6 1 3170 299 3171
2669 2 2 6 1 3168 3171 976
2670 2 2 6 1 973 3169 3163
2671 2 2 6 1 3169 3172 3163
2672 2 2 6 1 3169 976 3172
2673 2 2 6 1 3163 3172 432
2674 2 2 6 1 430 3165 3150
2675 2 2 6 1 3165 3173 3150
2676 2 2 6 1 3165 974 3173
2677 2 2 6 1 3150 3173 970
2678 2 2 6 1 974 3174 3173
2679 2 2 6 1 3174 3175 3173
2680 2 2 6 1 3174 977 3175
2681 2 2 6 1 3173 3175 970
2682 2 2 6 1 974 3164 3174
2683 2 2 6 1 3164 3176 3174
2684 2 2 6 1 3164 432 3176
2685 2 2 6 1 3174 3176 977
2686 2 2 6 1 970 3175 3151
2687 2 2 6 1 3175 3177 3151
2688 2 2 6 1 3175 977 3177
2689 2 2 6 1 3151 3177 297
2690 2 2 6 1 298 3178 3152
2691 2 2 6 1 3178 3179 3152
2692 2 2 6 1 3178 978 3179
2693 2 2 6 1 3152 3179 971
2694 2 2 6 1 978 3180 3179
2695 2 2 6 1 3180 3181 3179
2696 2 2 6 1 3180 979 3181
2697 2 2 6 1 3179 3181 971
2698 2 2 6 1 978 3182 3180
2699 2 2 6 1 3182 3183 3180
2700 2 2 6 1 3182 433 3183
2701 2 2 6 1 3180 3183 979
2702 2 2 6 1 971 3181 3156
2703 2 2 6 1 3181 3184 3156
2704 2 2 6 1 3181 979 3184
2705 2 2 6 1 3156 3184 431
2706 2 2 6 1 433 3185 3183
2707 2 2 6 1 3185 3186 3183
2708 2 2 6 1 3185 980 3186
2709 2 2 6 1 3183 3186 979
2710 2 2 6 1 980 3187 3186
2711 2 2 6 1 3187 3188 3186
2712 2 2 6 1 3187 981 3188
2713 2 2 6 1 3186 3188 979
2714 2 2 6 1 980 3189 3187
2715 2 2 6 1 3189 3190 3187
2716 2 2 6 1 3189 434 3190
2717 2 2 6 1 3187 3190 981
2718 2 2 6 1 979 3188 3184
2719 2 2 6 1 3188 3191 3184
2720 2 2 6 1 3188 981 3191
2721 2 2 6 1 3184 3191 431
2722 2 2 6 1 433 3192 3185
2723 2 2 6 1 3192 3193 3185
2724 2 2 6 1 3192 982 3193
2725 2 2 6 1 3185 3193 980
2726 2 2 6 1 982 3194 3193
2727 2 2 6 1 3194 3195 3193
2728 2 2 6 1 3194 983 3195
2729 2 2 6 1 3193 3195 980
2730 2 2 6 1 982 3196 3194
2731 2 2 6 1 3196 3197 3194
2732 2 2 6 1 3196 267 3197
2733 2 2 6 1 3194 3197 983
2734 2 2 6 1 980 3195 3189
2735 2 2 6 1 3195 3198 3189
2736 2 2 6 1 3195 983 3198
2737 2 2 6 1 3189 3198 434
2738 2 2 6 1 431 3191 3166
2739 2 2 6 1 3191 3199 3166
2740 2 2 6 1 3191 981 3199
2741 2 2 6 1 3166 3199 975
2742 2 2 6 1 981 3200 3199
2743 2 2 6 1 3200 3201 3199
2744 2 2 6 1 3200 984 3201
2745 2 2 6 1 3199 3201 975
2746 2 2 6 1 981 3190 3200
2747 2 2 6 1 3190 3202 3200
2748 2 2 6 1 3190 434 3202
2749 2 2 6 1 3200 3202 984
2750 2 2 6 1 975 3201 3170
2751 2 2 6 1 3201 3203 3170
2752 2 2 6 1 3201 984 3203
2753 2 2 6 1 3170 3203 299
2754 2 2 6 1 297 3177 3119
2755 2 2 6 1 3177 3204 3119
2756 2 2 6 1 3177 977 3204
2757 2 2 6 1 3119 3204 962
2758 2 2 6 1 977 3205 3204
2759 2 2 6 1 3205 3206 3204
2760 2 2 6 1 3205 985 3206
2761 2 2 6 1 3204 3206 962
2762 2 2 6 1 977 3176 3205
2763 2 2 6 1 3176 3207 3205
2764 2 2 6 1 3176 432 3207
2765 2 2 6 1 3205 3207 985
2766 2 2 6 1 962 3206 3120
2767 2 2 6 1 3206 3208 3120
2768 2 2 6 1 3206 985 3208
2769 2 2 6 1 3120 3208 428
2770 2 2 6 1 432 3209 3207
2771 2 2 6 1 3209 3210 3207
2772 2 2 6 1 3209 986 3210
2773 2 2 6 1 3207 3210 985
2774 2 2 6 1 986 3211 3210
2775 2 2 6 1 3211 3212 3210
2776 2 2 6 1 3211 987 3212
2777 2 2 6 1 3210 3212 985
2778 2 2 6 1 986 3213 3211
2779 2 2 6 1 3213 3214 3211
2780 2 2 6 1 3213 435 3214
2781 2 2 6 1 3211 3214 987
2782 2 2 6 1 985 3212 3208
2783 2 2 6 1 3212 3215 3208
2784 2 2 6 1 3212 987 3215
2785 2 2 6 1 3208 3215 428
2786 2 2 6 1 432 3172 3209
2787 2 2 6 1 3172 3216 3209
2788 2 2 6 1 3172 976 3216
2789 2 2 6 1 3209 3216 986
2790 2 2 6 1 976 3217 3216
2791 2 2 6 1 3217 3218 3216
2792 2 2 6 1 3217 988 3218
2793 2 2 6 1 3216 3218 986
2794 2 2 6 1 976 3171 3217
2795 2 2 6 1 3171 3219 3217
2796 2 2 6 1 3171 299 3219
2797 2 2 6 1 3217 3219 988
2798 2 2 6 1 986 3218 3213
2799 2 2 6 1 3218 3220 3213
2800 2 2 6 1 3218 988 3220
2801 2 2 6 1 3213 3220 435
2802 2 2 6 1 428 3215 3124
2803 2 2 6 1 3215 3221 3124
2804 2 2 6 1 3215 987 3221
2805 2 2 6 1 3124 3221 963
2806 2 2 6 1 987 3222 3221
2807 2 2 6 1 3222 3223 3221
2808 2 2 6 1 3222 989 3223
2809 2 2 6 1 3221 3223 963
2810 2 2 6 1 987 3214 3222
2811 2 2 6 1 3214 3224 3222
2812 2 2 6 1 3214 435 3224
2813 2 2 6 1 3222 3224 989
2814 2 2 6 1 963 3223 3125
2815 2 2 6 1 3223 3225 3125
2816 2 2 6 1 3223 989 3225
2817 2 2 6 1 3125 3225 264
2818 2 2 6 1 266 3226 3126
2819 2 2 6 1 3226 3227 3126
2820 2 2 6 1 3226 990 3227
2821 2 2 6 1 3126 3227 964
2822 2 2 6 1 990 3228 3227
2823 2 2 6 1 3228 3229 3227
2824 2 2 6 1 3228 991 3229
2825 2 2 6 1 3227 3229 964
2826 2 2 6 1 990 3230 3228
2827 2 2 6 1 3230 3231 3228
2828 2 2 6 1 3230 436 3231
2829 2 2 6 1 3228 3231 991
2830 2 2 6 1 964 3229 3130
2831 2 2 6 1 3229 3232 3130
2832 2 2 6 1 3229 991 3232
2833 2 2 6 1 3130 3232 429
2834 2 2 6 1 436 3233 3231
2835 2 2 6 1 3233 3234 3231
2836 2 2 6 1 3233 992 3234
2837 2 2 6 1 3231 3234 991
2838 2 2 6 1 992 3235 3234
2839 2 2 6 1 3235 3236 3234
2840 2 2 6 1 3235 993 3236
2841 2 2 6 1 3234 3236 991
2842 2 2 6 1 992 3237 3235
2843 2 2 6 1 3237 3238 3235
2844 2 2 6 1 3237 437 3238
2845 2 2 6 1 3235 3238 993
2846 2 2 6 1 991 3236 3232
2847 2 2 6 1 3236 3239 3232
2848 2 2 6 1 3236 993 3239
2849 2 2 6 1 3232 3239 429
2850 2 2 6 1 436 3240 3233
2851 2 2 6 1 3240 3241 3233
2852 2 2 6 1 3240 994 3241
2853 2 2 6 1 3233 3241 992
2854 2 2 6 1 994 3242 3241
2855 2 2 6 1 3242 3243 3241
2856 2 2 6 1 3242 995 3243
2857 2 2 6 1 3241 3243 992
2858 2 2 6 1 994 3244 3242
2859 2 2 6 1 3244 3245 3242
2860 2 2 6 1 3244 300 3245
2861 2 2 6 1 3242 3245 995
2862 2 2 6 1 992 3243 3237
2863 2 2 6 1 3243 3246 3237
2864 2 2 6 1 3243 995 3246
2865 2 2 6 1 3237 3246 437
2866 2 2 6 1 429 3239 3140
2867 2 2 6 1 3239 3247 3140
2868 2 2 6 1 3239 993 3247
2869 2 2 6 1 3140 3247 968
2870 2 2 6 1 993 3248 3247
2871 2 2 6 1 3248 3249 3247
2872 2 2 6 1 3248 996 3249
2873 2 2 6 1 3247 3249 968
2874 2 2 6 1 993 3238 3248
2875 2 2 6 1 3238 3250 3248
2876 2 2 6 1 3238 437 3250
2877 2 2 6 1 3248 3250 996
2878 2 2 6 1 968 3249 3144
2879 2 2 6 1 3249 3251 3144
2880 2 2 6 1 3249 996 3251
2881 2 2 6 1 3144 3251 298
2882 2 2 6 1 300 3252 3245
2883 2 2 6 1 3252 3253 3245
2884 2 2 6 1 3252 997 3253
2885 2 2 6 1 3245 3253 995
2886 2 2 6 1 997 3254 3253
2887 2 2 6 1 3254 3255 3253
2888 2 2 6 1 3254 998 3255
2889 2 2 6 1 3253 3255 995
2890 2 2 6 1 997 3256 3254
2891 2 2 6 1 3256 3257 3254
2892 2 2 6 1 3256 438 3257
2893 2 2 6 1 3254 3257 998
2894 2 2 6 1 995 3255 3246
2895 2 2 6 1 3255 3258 3246
2896 2 2 6 1 3255 998 3258
2897 2 2 6 1 3246 3258 437
2898 2 2 6 1 438 3259 3257
2899 2 2 6 1 3259 3260 3257
2900 2 2 6 1 3259 999 3260
2901 2 2 6 1 3257 3260 998
2902 2 2 6 1 999 3261 3260
2903 2 2 6 1 3261 3262 3260
2904 2 2 6 1 3261 1000 3262
2905 2 2 6 1 3260 3262 998
2906 2 2 6 1 999 3263 3261
2907 2 2 6 1 3263 3264 3261
2908 2 2 6 1 3263 439 3264
2909 2 2 6 1 3261 3264 1000
2910 2 2 6 1 998 3262 3258
2911 2 2 6 1 3262 3265 3258
2912 2 2 6 1 3262 1000 3265
2913 2 2 6 1 3258 3265 437
2914 2 2 6 1 438 3266 3259
2915 2 2 6 1 3266 3267 3259
2916 2 2 6 1 3266 1001 3267
2917 2 2 6 1 3259 3267 999
2918 2 2 6 1 1001 3268 3267
2919 2 2 6 1 3268 3269 3267
2920 2 2 6 1 3268 1002 3269
2921 2 2 6 1 3267 3269 999
2922 2 2 6 1 1001 3270 3268
2923 2 2 6 1 3270 3271 3268
2924 2 2 6 1 3270 301 3271
2925 2 2 6 1 3268 3271 1002
2926 2 2 6 1 999 3269 3263
2927 2 2 6 1 3269 3272 3263
2928 2 2 6 1 3269 1002 3272
2929 2 2 6 1 3263 3272 439
2930 2 2 6 1 437 3265 3250
2931 2 2 6 1 3265 3273 3250
2932 2 2 6 1 3265 1000 3273
2933 2 2 6 1 3250 3273 996
2934 2 2 6 1 1000 3274 3273
2935 2 2 6 1 3274 3275 3273
2936 2 2 6 1 3274 1003 3275
2937 2 2 6 1 3273 3275 996
2938 2 2 6 1 1000 3264 3274
2939 2 2 6 1 3264 3276 3274
2940 2 2 6 1 3264 439 3276
2941 2 2 6 1 3274 3276 1003
2942 2 2 6 1 996 3275 3251
2943 2 2 6 1 3275 3277 3251
2944 2 2 6 1 3275 1003 3277
2945 2 2 6 1 3251 3277 298
2946 2 2 6 1 300 3278 3252
2947 2 2 6 1 3278 3279 3252
2948 2 2 6 1 3278 1004 3279
2949 2 2 6 1 3252 3279 997
2950 2 2 6 1 1004 3280 3279
2951 2 2 6 1 3280 3281 3279
2952 2 2 6 1 3280 1005 3281
2953 2 2 6 1 3279 3281 997
2954 2 2 6 1 1004 3282 3280
2955 2 2 6 1 3282 3283 3280
2956 2 2 6 1 3282 440 3283
2957 2 2 6 1 3280 3283 1005
2958 2 2 6 1 997 3281 3256
2959 2 2 6 1 3281 3284 3256
2960 2 2 6 1 3281 1005 3284
2961 2 2 6 1 3256 3284 438
2962 2 2 6 1 440 3285 3283
2963 2 2 6 1 3285 3286 3283
2964 2 2 6 1 3285 1006 3286
2965 2 2 6 1 3283 3286 1005
2966 2 2 6 1 1006 3287 3286
2967 2 2 6 1 3287 3288 3286
2968 2 2 6 1 3287 1007 3288
2969 2 2 6 1 3286 3288 1005
2970 2 2 6 1 1006 3289 3287
2971 2 2 6 1 3289 3290 3287
2972 2 2 6 1 3289 441 3290
2973 2 2 6 1 3287 3290 1007
2974 2 2 6 1 1005 3288 3284
2975 2 2 6 1 3288 3291 3284
2976 2 2 6 1 3288 1007 3291
2977 2 2 6 1 3284 3291 438
2978 2 2 6 1 440 3292 3285
2979 2 2 6 1 3292 3293 3285
2980 2 2 6 1 3292 1008 3293
2981 2 2 6 1 3285 3293 1006
2982 2 2 6 1 1008 3294 3293
2983 2 2 6 1 3294 3295 3293
2984 2 2 6 1 3294 1009 3295
2985 2 2 6 1 3293 3295 1006
2986 2 2 6 1 1008 3296 3294
2987 2 2 6 1 3296 3297 3294
2988 2 2 6 1 3296 257 3297
2989 2 2 6 1 3294 3297 1009
2990 2 2 6 1 1006 3295 3289
2991 2 2 6 1 3295 3298 3289
2992 2 2 6 1 3295 1009 3298
2993 2 2 6 1 3289 3298 441
2994 2 2 6 1 438 3291 3266
2995 2 2 6 1 3291 3299 3266
2996 2 2 6 1 3291 1007 3299
2997 2 2 6 1 3266 3299 1001
2998 2 2 6 1 1007 3300 3299
2999 2 2 6 1 3300 3301 3299
3000 2 2 6 1 3300 1010 3301
3001 2 2 6 1 3299 3301 1001
3002 2 2 6 1 1007 3290 3300
3003 2 2 6 1 3290 3302 3300
3004 2 2 6 1 3290 441 3302
3005 2 2 6 1 3300 3302 1010
3006 2 2 6 1 1001 3301 3270
3007 2 2 6 1 3301 3303 3270
3008 2 2 6 1 3301 1010 3303
3009 2 2 6 1 3270 3303 301
3010 2 2 6 1 298 3277 3178
3011 2 2 6 1 3277 3304 3178
3012 2 2 6 1 3277 1003 3304
3013 2 2 6 1 3178 3304 978
3014 2 2 6 1 1003 3305 3304
3015 2 2 6 1 3305 3306 3304
3016 2 2 6 1 3305 1011 3306
3017 2 2 6 1 3304 3306 978
3018 2 2 6 1 1003 3276 3305
3019 2 2 6 1 3276 3307 3305
3020 2 2 6 1 3276 439 3307
3021 2 2 6 1 3305 3307 1011
3022 2 2 6 1 978 3306 3182
3023 2 2 6 1 3306 3308 3182
3024 2 2 6 1 3306 1011 3308
3025 2 2 6 1 3182 3308 433
3026 2 2 6 1 439 3309 3307
3027 2 2 6 1 3309 3310 3307
3028 2 2 6 1 3309 1012 3310
3029 2 2 6 1 3307 3310 1011
3030 2 2 6 1 1012 3311 3310
3031 2 2 6 1 3311 3312 3310
3032 2 2 6 1 3311 1013 3312
3033 2 2 6 1 3310 3312 1011
3034 2 2 6 1 1012 3313 3311
3035 2 2 6 1 3313 3314 3311
3036 2 2 6 1 3313 442 3314
3037 2 2 6 1 3311 3314 1013
3038 2 2 6 1 1011 3312 3308
3039 2 2 6 1 3312 3315 3308
3040 2 2 6 1 3312 1013 3315
3041 2 2 6 1 3308 3315 433
3042 2 2 6 1 439 3272 3309
3043 2 2 6 1 3272 3316 3309
3044 2 2 6 1 3272 1002 3316
3045 2 2 6 1 3309 3316 1012
3046 2 2 6 1 1002 3317 3316
3047 2 2 6 1 3317 3318 3316
3048 2 2 6 1 3317 1014 3318
3049 2 2 6 1 3316 3318 1012
3050 2 2 6 1 1002 3271 3317
3051 2 2 6 1 3271 3319 3317
3052 2 2 6 1 3271 301 3319
3053 2 2 6 1 3317 3319 1014
3054 2 2 6 1 1012 3318 3313
3055 2 2 6 1 3318 3320 3313
3056 2 2 6 1 3318 1014 3320
3057 2 2 6 1 3313 3320 442
3058 2 2 6 1 433 3315 3192
3059 2 2 6 1 3315 3321 3192
3060 2 2 6 1 3315 1013 3321
3061 2 2 6 1 3192 3321 982
3062 2 2 6 1 1013 3322 3321
3063 2 2 6 1 3322 3323 3321
3064 2 2 6 1 3322 1015 3323
3065 2 2 6 1 3321 3323 982
3066 2 2 6 1 1013 3314 3322
3067 2 2 6 1 3314 3324 3322
3068 2 2 6 1 3314 442 3324
3069 2 2 6 1 3322 3324 1015
3070 2 2 6 1 982 3323 3196
3071 2 2 6 1 3323 3325 3196
3072 2 2 6 1 3323 1015 3325
3073 2 2 6 1 3196 3325 267
3074 2 2 6 1 264 3225 2834
3075 2 2 6 1 3225 3326 2834
3076 2 2 6 1 3225 989 3326
3077 2 2 6 1 2834 3326 890
3078 2 2 6 1 989 3327 3326
3079 2 2 6 1 3327 3328 3326
3080 2 2 6 1 3327 1016 3328
3081 2 2 6 1 3326 3328 890
3082 2 2 6 1 989 3224 3327
3083 2 2 6 1 3224 3329 3327
3084 2 2 6 1 3224 435 3329
3085 2 2 6 1 3327 3329 1016
3086 2 2 6 1 890 3328 2838
3087 2 2 6 1 3328 3330 2838
3088 2 2 6 1 3328 1016 3330
3089 2 2 6 1 2838 3330 410
3090 2 2 6 1 435 3331 3329
3091 2 2 6 1 3331 3332 3329
3092 2 2 6 1 3331 1017 3332
3093 2 2 6 1 3329 3332 1016
3094 2 2 6 1 1017 3333 3332
3095 2 2 6 1 3333 3334 3332
3096 2 2 6 1 3333 1018 3334
3097 2 2 6 1 3332 3334 1016
3098 2 2 6 1 1017 3335 3333
3099 2 2 6 1 3335 3336 3333
3100 2 2 6 1 3335 443 3336
3101 2 2 6 1 3333 3336 1018
3102 2 2 6 1 1016 3334 3330
3103 2 2 6 1 3334 3337 3330
3104 2 2 6 1 3334 1018 3337
3105 2 2 6 1 3330 3337 410
3106 2 2 6 1 435 3220 3331
3107 2 2 6 1 3220 3338 3331
3108 2 2 6 1 3220 988 3338
3109 2 2 6 1 3331 3338 1017
3110 2 2 6 1 988 3339 3338
3111 2 2 6 1 3339 3340 3338
3112 2 2 6 1 3339 1019 3340
3113 2 2 6 1 3338 3340 1017
3114 2 2 6 1 988 3219 3339
3115 2 2 6 1 3219 3341 3339
3116 2 2 6 1 3219 299 3341
3117 2 2 6 1 3339 3341 1019
3118 2 2 6 1 1017 3340 3335
3119 2 2 6 1 3340 3342 3335
3120 2 2 6 1 3340 1019 3342
3121 2 2 6 1 3335 3342 443
3122 2 2 6 1 410 3337 2848
3123 2 2 6 1 3337 3343 2848
3124 2 2 6 1 3337 1018 3343
3125 2 2 6 1 2848 3343 894
3126 2 2 6 1 1018 3344 3343
3127 2 2 6 1 3344 3345 3343
3128 2 2 6 1 3344 1020 3345
3129 2 2 6 1 3343 3345 894
3130 2 2 6 1 1018 3336 3344
3131 2 2 6 1 3336 3346 3344
3132 2 2 6 1 3336 443 3346
3133 2 2 6 1 3344 3346 1020
3134 2 2 6 1 894 3345 2852
3135 2 2 6 1 3345 3347 2852
3136 2 2 6 1 3345 1020 3347
3137 2 2 6 1 2852 3347 293
3138 2 2 6 1 299 3348 3341
3139 2 2 6 1 3348 3349 3341
3140 2 2 6 1 3348 1021 3349
3141 2 2 6 1 3341 3349 1019
3142 2 2 6 1 1021 3350 3349
3143 2 2 6 1 3350 3351 3349
3144 2 2 6 1 3350 1022 3351
3145 2 2 6 1 3349 3351 1019
3146 2 2 6 1 1021 3352 3350
3147 2 2 6 1 3352 3353 3350
3148 2 2 6 1 3352 444 3353
3149 2 2 6 1 3350 3353 1022
3150 2 2 6 1 1019 3351 3342
3151 2 2 6 1 3351 3354 3342
3152 2 2 6 1 3351 1022 3354
3153 2 2 6 1 3342 3354 443
3154 2 2 6 1 444 3355 3353
3155 2 2 6 1 3355 3356 3353
3156 2 2 6 1 3355 1023 3356
3157 2 2 6 1 3353 3356 1022
3158 2 2 6 1 1023 3357 3356
3159 2 2 6 1 3357 3358 3356
3160 2 2 6 1 3357 1024 3358
3161 2 2 6 1 3356 3358 1022
3162 2 2 6 1 1023 3359 3357
3163 2 2 6 1 3359 3360 3357
3164 2 2 6 1 3359 445 3360
3165 2 2 6 1 3357 3360 1024
3166 2 2 6 1 1022 3358 3354
3167 2 2 6 1 3358 3361 3354
3168 2 2 6 1 3358 1024 3361
3169 2 2 6 1 3354 3361 443
3170 2 2 6 1 444 3362 3355
3171 2 2 6 1 3362 3363 3355
3172 2 2 6 1 3362 1025 3363
3173 2 2 6 1 3355 3363 1023
3174 2 2 6 1 1025 3364 3363
3175 2 2 6 1 3364 3365 3363
3176 2 2 6 1 3364 1026 3365
3177 2 2 6 1 3363 3365 1023
3178 2 2 6 1 1025 3366 3364
3179 2 2 6 1 3366 3367 3364
3180 2 2 6 1 3366 302 3367
3181 2 2 6 1 3364 3367 1026
3182 2 2 6 1 1023 3365 3359
3183 2 2 6 1 3365 3368 3359
3184 2 2 6 1 3365 1026 3368
3185 2 2 6 1 3359 3368 445
3186 2 2 6 1 443 3361 3346
3187 2 2 6 1 3361 3369 3346
3188 2 2 6 1 3361 1024 3369
3189 2 2 6 1 3346 3369 1020
3190 2 2 6 1 1024 3370 3369
3191 2 2 6 1 3370 3371 3369
3192 2 2 6 1 3370 1027 3371
3193 2 2 6 1 3369 3371 1020
3194 2 2 6 1 1024 3360 3370
3195 2 2 6 1 3360 3372 3370
3196 2 2 6 1 3360 445 3372
3197 2 2 6 1 3370 3372 1027
3198 2 2 6 1 1020 3371 3347
3199 2 2 6 1 3371 3373 3347
3200 2 2 6 1 3371 1027 3373
3201 2 2 6 1 3347 3373 293
3202 2 2 6 1 299 3203 3348
3203 2 2 6 1 3203 3374 3348
3204 2 2 6 1 3203 984 3374
3205 2 2 6 1 3348 3374 1021
3206 2 2 6 1 984 3375 3374
3207 2 2 6 1 3375 3376 3374
3208 2 2 6 1 3375 1028 3376
3209 2 2 6 1 3374 3376 1021
3210 2 2 6 1 984 3202 3375
3211 2 2 6 1 3202 3377 3375
3212 2 2 6 1 3202 434 3377
3213 2 2 6 1 3375 3377 1028
3214 2 2 6 1 1021 3376 3352
3215 2 2 6 1 3376 3378 3352
3216 2 2 6 1 3376 1028 3378
3217 2 2 6 1 3352 3378 444
3218 2 2 6 1 434 3379 3377
3219 2 2 6 1 3379 3380 3377
3220 2 2 6 1 3379 1029 3380
3221 2 2 6 1 3377 3380 1028
3222 2 2 6 1 1029 3381 3380
3223 2 2 6 1 3381 3382 3380
3224 2 2 6 1 3381 1030 3382
3225 2 2 6 1 3380 3382 1028
3226 2 2 6 1 1029 3383 3381
3227 2 2 6 1 3383 3384 3381
3228 2 2 6 1 3383 446 3384
3229 2 2 6 1 3381 3384 1030
3230 2 2 6 1 1028 3382 3378
3231 2 2 6 1 3382 3385 3378
3232 2 2 6 1 3382 1030 3385
3233 2 2 6 1 3378 3385 444
3234 2 2 6 1 434 3198 3379
3235 2 2 6 1 3198 3386 3379
3236 2 2 6 1 3198 983 3386
3237 2 2 6 1 3379 3386 1029
3238 2 2 6 1 983 3387 3386
3239 2 2 6 1 3387 3388 3386
3240 2 2 6 1 3387 1031 3388
3241 2 2 6 1 3386 3388 1029
3242 2 2 6 1 983 3197 3387
3243 2 2 6 1 3197 3389 3387
3244 2 2 6 1 3197 267 3389
3245 2 2 6 1 3387 3389 1031
3246 2 2 6 1 1029 3388 3383
3247 2 2 6 1 3388 3390 3383
3248 2 2 6 1 3388 1031 3390
3249 2 2 6 1 3383 3390 446
3250 2 2 6 1 444 3385 3362
3251 2 2 6 1 3385 3391 3362
3252 2 2 6 1 3385 1030 3391
3253 2 2 6 1 3362 3391 1025
3254 2 2 6 1 1030 3392 3391
3255 2 2 6 1 3392 3393 3391
3256 2 2 6 1 3392 1032 3393
3257 2 2 6 1 3391 3393 1025
3258 2 2 6 1 1030 3384 3392
3259 2 2 6 1 3384 3394 3392
3260 2 2 6 1 3384 446 3394
3261 2 2 6 1 3392 3394 1032
3262 2 2 6 1 1025 3393 3366
3263 2 2 6 1 3393 3395 3366
3264 2 2 6 1 3393 1032 3395
3265 2 2 6 1 3366 3395 302
3266 2 2 6 1 293 3373 2886
3267 2 2 6 1 3373 3396 2886
3268 2 2 6 1 3373 1027 3396
3269 2 2 6 1 2886 3396 904
3270 2 2 6 1 1027 3397 3396
3271 2 2 6 1 3397 3398 3396
3272 2 2 6 1 3397 1033 3398
3273 2 2 6 1 3396 3398 904
3274 2 2 6 1 1027 3372 3397
3275 2 2 6 1 3372 3399 3397
3276 2 2 6 1 3372 445 3399
3277 2 2 6 1 3397 3399 1033
3278 2 2 6 1 904 3398 2890
3279 2 2 6 1 3398 3400 2890
3280 2 2 6 1 3398 1033 3400
3281 2 2 6 1 2890 3400 414
3282 2 2 6 1 445 3401 3399
3283 2 2 6 1 3401 3402 3399
3284 2 2 6 1 3401 1034 3402
3285 2 2 6 1 3399 3402 1033
3286 2 2 6 1 1034 3403 3402
3287 2 2 6 1 3403 3404 3402
3288 2 2 6 1 3403 1035 3404
3289 2 2 6 1 3402 3404 1033
3290 2 2 6 1 1034 3405 3403
3291 2 2 6 1 3405 3406 3403
3292 2 2 6 1 3405 447 3406
3293 2 2 6 1 3403 3406 1035
3294 2 2 6 1 1033 3404 3400
3295 2 2 6 1 3404 3407 3400
3296 2 2 6 1 3404 1035 3407
3297 2 2 6 1 3400 3407 414
3298 2 2 6 1 445 3368 3401
3299 2 2 6 1 3368 3408 3401
3300 2 2 6 1 3368 1026 3408
3301 2 2 6 1 3401 3408 1034
3302 2 2 6 1 1026 3409 3408
3303 2 2 6 1 3409 3410 3408
3304 2 2 6 1 3409 1036 3410
3305 2 2 6 1 3408 3410 1034
3306 2 2 6 1 1026 3367 3409
3307 2 2 6 1 3367 3411 3409
3308 2 2 6 1 3367 302 3411
3309 2 2 6 1 3409 3411 1036
3310 2 2 6 1 1034 3410 3405
3311 2 2 6 1 3410 3412 3405
3312 2 2 6 1 3410 1036 3412
3313 2 2 6 1 3405 3412 447
3314 2 2 6 1 414 3407 2900
3315 2 2 6 1 3407 3413 2900
3316 2 2 6 1 3407 1035 3413
3317 2 2 6 1 2900 3413 908
3318 2 2 6 1 1035 3414 3413
3319 2 2 6 1 3414 3415 3413
3320 2 2 6 1 3414 1037 3415
3321 2 2 6 1 3413 3415 908
3322 2 2 6 1 1035 3406 3414
3323 2 2 6 1 3406 3416 3414
3324 2 2 6 1 3406 447 3416
3325 2 2 6 1 3414 3416 1037
3326 2 2 6 1 908 3415 2904
3327 2 2 6 1 3415 3417 2904
3328 2 2 6 1 3415 1037 3417
3329 2 2 6 1 2904 3417 259
3330 2 2 6 1 36 3025 35
3331 2 2 6 1 3025 3418 35
3332 2 2 6 1 3025 937 3418
3333 2 2 6 1 35 3418 34
3334 2 2 6 1 937 3419 3418
3335 2 2 6 1 3419 3420 3418
3336 2 2 6 1 3419 1038 3420
3337 2 2 6 1 3418 3420 34
3338 2 2 6 1 937 3024 3419
3339 2 2 6 1 3024 3421 3419
3340 2 2 6 1 3024 421 3421
3341 2 2 6 1 3419 3421 1038
3342 2 2 6 1 34 3420 33
3343 2 2 6 1 3420 3422 33
3344 2 2 6 1 3420 1038 3422
3345 2 2 6 1 33 3422 32
3346 2 2 6 1 421 3423 3421
3347 2 2 6 1 3423 3424 3421
3348 2 2 6 1 3423 1039 3424
3349 2 2 6 1 3421 3424 1038
3350 2 2 6 1 1039 3425 3424
3351 2 2 6 1 3425 3426 3424
3352 2 2 6 1 3425 1040 3426
3353 2 2 6 1 3424 3426 1038
3354 2 2 6 1 1039 3427 3425
3355 2 2 6 1 3427 3428 3425
3356 2 2 6 1 3427 448 3428
3357 2 2 6 1 3425 3428 1040
3358 2 2 6 1 1038 3426 3422
3359 2 2 6 1 3426 3429 3422
3360 2 2 6 1 3426 1040 3429
3361 2 2 6 1 3422 3429 32
3362 2 2 6 1 421 3020 3423
3363 2 2 6 1 3020 3430 3423
3364 2 2 6 1 3020 936 3430
3365 2 2 6 1 3423 3430 1039
3366 2 2 6 1 936 3431 3430
3367 2 2 6 1 3431 3432 3430
3368 2 2 6 1 3431 1041 3432
3369 2 2 6 1 3430 3432 1039
3370 2 2 6 1 936 3019 3431
3371 2 2 6 1 3019 3433 3431
3372 2 2 6 1 3019 295 3433
3373 2 2 6 1 3431 3433 1041
3374 2 2 6 1 1039 3432 3427
3375 2 2 6 1 3432 3434 3427
3376 2 2 6 1 3432 1041 3434
3377 2 2 6 1 3427 3434 448
3378 2 2 6 1 32 3429 31
3379 2 2 6 1 3429 3435 31
3380 2 2 6 1 3429 1040 3435
3381 2 2 6 1 31 3435 30
3382 2 2 6 1 1040 3436 3435
3383 2 2 6 1 3436 3437 3435
3384 2 2 6 1 3436 1042 3437
3385 2 2 6 1 3435 3437 30
3386 2 2 6 1 1040 3428 3436
3387 2 2 6 1 3428 3438 3436
3388 2 2 6 1 3428 448 3438
3389 2 2 6 1 3436 3438 1042
3390 2 2 6 1 30 3437 29
3391 2 2 6 1 3437 3439 29
3392 2 2 6 1 3437 1042 3439
3393 2 2 6 1 29 3439 28
3394 2 2 6 1 295 3440 3433
3395 2 2 6 1 3440 3441 3433
3396 2 2 6 1 3440 1043 3441
3397 2 2 6 1 3433 3441 1041
3398 2 2 6 1 1043 3442 3441
3399 2 2 6 1 3442 3443 3441
3400 2 2 6 1 3442 1044 3443
3401 2 2 6 1 3441 3443 1041
3402 2 2 6 1 1043 3444 3442
3403 2 2 6 1 3444 3445 3442
3404 2 2 6 1 3444 449 3445
3405 2 2 6 1 3442 3445 1044
3406 2 2 6 1 1041 3443 3434
3407 2 2 6 1 3443 3446 3434
3408 2 2 6 1 3443 1044 3446
3409 2 2 6 1 3434 3446 448
3410 2 2 6 1 449 3447 3445
3411 2 2 6 1 3447 3448 3445
3412 2 2 6 1 3447 1045 3448
3413 2 2 6 1 3445 3448 1044
3414 2 2 6 1 1045 3449 3448
3415 2 2 6 1 3449 3450 3448
3416 2 2 6 1 3449 1046 3450
3417 2 2 6 1 3448 3450 1044
3418 2 2 6 1 1045 3451 3449
3419 2 2 6 1 3451 3452 3449
3420 2 2 6 1 3451 450 3452
3421 2 2 6 1 3449 3452 1046
3422 2 2 6 1 1044 3450 3446
3423 2 2 6 1 3450 3453 3446
3424 2 2 6 1 3450 1046 3453
3425 2 2 6 1 3446 3453 448
3426 2 2 6 1 449 3454 3447
3427 2 2 6 1 3454 3455 3447
3428 2 2 6 1 3454 1047 3455
3429 2 2 6 1 3447 3455 1045
3430 2 2 6 1 1047 3456 3455
3431 2 2 6 1 3456 3457 3455
3432 2 2 6 1 3456 1048 3457
3433 2 2 6 1 3455 3457 1045
3434 2 2 6 1 1047 3458 3456
3435 2 2 6 1 3458 3459 3456
3436 2 2 6 1 3458 303 3459
3437 2 2 6 1 3456 3459 1048
3438 2 2 6 1 1045 3457 3451
3439 2 2 6 1 3457 3460 3451
3440 2 2 6 1 3457 1048 3460
3441 2 2 6 1 3451 3460 450
3442 2 2 6 1 448 3453 3438
3443 2 2 6 1 3453 3461 3438
3444 2 2 6 1 3453 1046 3461
3445 2 2 6 1 3438 3461 1042
3446 2 2 6 1 1046 3462 3461
3447 2 2 6 1 3462 3463 3461
3448 2 2 6 1 3462 1049 3463
3449 2 2 6 1 3461 3463 1042
3450 2 2 6 1 1046 3452 3462
3451 2 2 6 1 3452 3464 3462
3452 2 2 6 1 3452 450 3464
3453 2 2 6 1 3462 3464 1049
3454 2 2 6 1 1042 3463 3439
3455 2 2 6 1 3463 3465 3439
3456 2 2 6 1 3463 1049 3465
3457 2 2 6 1 3439 3465 28
3458 2 2 6 1 295 3003 3440
3459 2 2 6 1 3003 3466 3440
3460 2 2 6 1 3003 932 3466
3461 2 2 6 1 3440 3466 1043
3462 2 2 6 1 932 3467 3466
3463 2 2 6 1 3467 3468 3466
3464 2 2 6 1 3467 1050 3468
3465 2 2 6 1 3466 3468 1043
3466 2 2 6 1 932 3002 3467
3467 2 2 6 1 3002 3469 3467
3468 2 2 6 1 3002 420 3469
3469 2 2 6 1 3467 3469 1050
3470 2 2 6 1 1043 3468 3444
3471 2 2 6 1 3468 3470 3444
3472 2 2 6 1 3468 1050 3470
3473 2 2 6 1 3444 3470 449
3474 2 2 6 1 420 3471 3469
3475 2 2 6 1 3471 3472 3469
3476 2 2 6 1 3471 1051 3472
3477 2 2 6 1 3469 3472 1050
3478 2 2 6 1 1051 3473 3472
3479 2 2 6 1 3473 3474 3472
3480 2 2 6 1 3473 1052 3474
3481 2 2 6 1 3472 3474 1050
3482 2 2 6 1 1051 3475 3473
3483 2 2 6 1 3475 3476 3473
3484 2 2 6 1 3475 451 3476
3485 2 2 6 1 3473 3476 1052
3486 2 2 6 1 1050 3474 3470
3487 2 2 6 1 3474 3477 3470
3488 2 2 6 1 3474 1052 3477
3489 2 2 6 1 3470 3477 449
3490 2 2 6 1 420 2998 3471
3491 2 2 6 1 2998 3478 3471
3492 2 2 6 1 2998 931 3478
3493 2 2 6 1 3471 3478 1051
3494 2 2 6 1 931 3479 3478
3495 2 2 6 1 3479 3480 3478
3496 2 2 6 1 3479 1053 3480
3497 2 2 6 1 3478 3480 1051
3498 2 2 6 1 931 2997 3479
3499 2 2 6 1 2997 3481 3479
3500 2 2 6 1 2997 265 3481
3501 2 2 6 1 3479 3481 1053
3502 2 2 6 1 1051 3480 3475
3503 2 2 6 1 3480 3482 3475
3504 2 2 6 1 3480 1053 3482
3505 2 2 6 1 3475 3482 451
3506 2 2 6 1 449 3477 3454
3507 2 2 6 1 3477 3483 3454
3508 2 2 6 1 3477 1052 3483
3509 2 2 6 1 3454 3483 1047
3510 2 2 6 1 1052 3484 3483
3511 2 2 6 1 3484 3485 3483
3512 2 2 6 1 3484 1054 3485
3513 2 2 6 1 3483 3485 1047
3514 2 2 6 1 1052 3476 3484
3515 2 2 6 1 3476 3486 3484
3516 2 2 6 1 3476 451 3486
3517 2 2 6 1 3484 3486 1054
3518 2 2 6 1 1047 3485 3458
3519 2 2 6 1 3485 3487 3458
3520 2 2 6 1 3485 1054 3487
3521 2 2 6 1 3458 3487 303
3522 2 2 6 1 28 3465 27
3523 2 2 6 1 3465 3488 27
3524 2 2 6 1 3465 1049 3488
3525 2 2 6 1 27 3488 26
3526 2 2 6 1 1049 3489 3488
3527 2 2 6 1 3489 3490 3488
3528 2 2 6 1 3489 1055 3490
3529 2 2 6 1 3488 3490 26
3530 2 2 6 1 1049 3464 3489
3531 2 2 6 1 3464 3491 3489
3532 2 2 6 1 3464 450 3491
3533 2 2 6 1 3489 3491 1055
3534 2 2 6 1 26 3490 25
3535 2 2 6 1 3490 3492 25
3536 2 2 6 1 3490 1055 3492
3537 2 2 6 1 25 3492 24
3538 2 2 6 1 450 3493 3491
3539 2 2 6 1 3493 3494 3491
3540 2 2 6 1 3493 1056 3494
3541 2 2 6 1 3491 3494 1055
3542 2 2 6 1 1056 3495 3494
3543 2 2 6 1 3495 3496 3494
3544 2 2 6 1 3495 1057 3496
3545 2 2 6 1 3494 3496 1055
3546 2 2 6 1 1056 3497 3495
3547 2 2 6 1 3497 3498 3495
3548 2 2 6 1 3497 452 3498
3549 2 2 6 1 3495 3498 1057
3550 2 2 6 1 1055 3496 3492
3551 2 2 6 1 3496 3499 3492
3552 2 2 6 1 3496 1057 3499
3553 2 2 6 1 3492 3499 24
3554 2 2 6 1 450 3460 3493
3555 2 2 6 1 3460 3500 3493
3556 2 2 6 1 3460 1048 3500
3557 2 2 6 1 3493 3500 1056
3558 2 2 6 1 1048 3501 3500
3559 2 2 6 1 3501 3502 3500
3560 2 2 6 1 3501 1058 3502
3561 2 2 6 1 3500 3502 1056
3562 2 2 6 1 1048 3459 3501
3563 2 2 6 1 3459 3503 3501
3564 2 2 6 1 3459 303 3503
3565 2 2 6 1 3501 3503 1058
3566 2 2 6 1 1056 3502 3497
3567 2 2 6 1 3502 3504 3497
3568 2 2 6 1 3502 1058 3504
3569 2 2 6 1 3497 3504 452
3570 2 2 6 1 24 3499 23
3571 2 2 6 1 3499 3505 23
3572 2 2 6 1 3499 1057 3505
3573 2 2 6 1 23 3505 22
3574 2 2 6 1 1057 3506 3505
3575 2 2 6 1 3506 3507 3505
3576 2 2 6 1 3506 1059 3507
3577 2 2 6 1 3505 3507 22
3578 2 2 6 1 1057 3498 3506
3579 2 2 6 1 3498 3508 3506
3580 2 2 6 1 3498 452 3508
3581 2 2 6 1 3506 3508 1059
3582 2 2 6 1 22 3507 21
3583 2 2 6 1 3507 3509 21
3584 2 2 6 1 3507 1059 3509
3585 2 2 6 1 21 3509 20
3586 2 2 6 1 265 3510 3481
3587 2 2 6 1 3510 3511 3481
3588 2 2 6 1 3510 1060 3511
3589 2 2 6 1 3481 3511 1053
3590 2 2 6 1 1060 3512 3511
3591 2 2 6 1 3512 3513 3511
3592 2 2 6 1 3512 1061 3513
3593 2 2 6 1 3511 3513 1053
3594 2 2 6 1 1060 3514 3512
3595 2 2 6 1 3514 3515 3512
3596 2 2 6 1 3514 453 3515
3597 2 2 6 1 3512 3515 1061
3598 2 2 6 1 1053 3513 3482
3599 2 2 6 1 3513 3516 3482
3600 2 2 6 1 3513 1061 3516
3601 2 2 6 1 3482 3516 451
3602 2 2 6 1 453 3517 3515
3603 2 2 6 1 3517 3518 3515
3604 2 2 6 1 3517 1062 3518
3605 2 2 6 1 3515 3518 1061
3606 2 2 6 1 1062 3519 3518
3607 2 2 6 1 3519 3520 3518
3608 2 2 6 1 3519 1063 3520
3609 2 2 6 1 3518 3520 1061
3610 2 2 6 1 1062 3521 3519
3611 2 2 6 1 3521 3522 3519
3612 2 2 6 1 3521 454 3522
3613 2 2 6 1 3519 3522 1063
3614 2 2 6 1 1061 3520 3516
3615 2 2 6 1 3520 3523 3516
3616 2 2 6 1 3520 1063 3523
3617 2 2 6 1 3516 3523 451
3618 2 2 6 1 453 3524 3517
3619 2 2 6 1 3524 3525 3517
3620 2 2 6 1 3524 1064 3525
3621 2 2 6 1 3517 3525 1062
3622 2 2 6 1 1064 3526 3525
3623 2 2 6 1 3526 3527 3525
3624 2 2 6 1 3526 1065 3527
3625 2 2 6 1 3525 3527 1062
3626 2 2 6 1 1064 3528 3526
3627 2 2 6 1 3528 3529 3526
3628 2 2 6 1 3528 304 3529
3629 2 2 6 1 3526 3529 1065
3630 2 2 6 1 1062 3527 3521
3631 2 2 6 1 3527 3530 3521
3632 2 2 6 1 3527 1065 3530
3633 2 2 6 1 3521 3530 454
3634 2 2 6 1 451 3523 3486
3635 2 2 6 1 3523 3531 3486
3636 2 2 6 1 3523 1063 3531
3637 2 2 6 1 3486 3531 1054
3638 2 2 6 1 1063 3532 3531
3639 2 2 6 1 3532 3533 3531
3640 2 2 6 1 3532 1066 3533
3641 2 2 6 1 3531 3533 1054
3642 2 2 6 1 1063 3522 3532
3643 2 2 6 1 3522 3534 3532
3644 2 2 6 1 3522 454 3534
3645 2 2 6 1 3532 3534 1066
3646 2 2 6 1 1054 3533 3487
3647 2 2 6 1 3533 3535 3487
3648 2 2 6 1 3533 1066 3535
3649 2 2 6 1 3487 3535 303
3650 2 2 6 1 304 3536 3529
3651 2 2 6 1 3536 3537 3529
3652 2 2 6 1 3536 1067 3537
3653 2 2 6 1 3529 3537 1065
3654 2 2 6 1 1067 3538 3537
3655 2 2 6 1 3538 3539 3537
3656 2 2 6 1 3538 1068 3539
3657 2 2 6 1 3537 3539 1065
3658 2 2 6 1 1067 3540 3538
3659 2 2 6 1 3540 3541 3538
3660 2 2 6 1 3540 455 3541
3661 2 2 6 1 3538 3541 1068
3662 2 2 6 1 1065 3539 3530
3663 2 2 6 1 3539 3542 3530
3664 2 2 6 1 3539 1068 3542
3665 2 2 6 1 3530 3542 454
3666 2 2 6 1 455 3543 3541
3667 2 2 6 1 3543 3544 3541
3668 2 2 6 1 3543 1069 3544
3669 2 2 6 1 3541 3544 1068
3670 2 2 6 1 1069 3545 3544
3671 2 2 6 1 3545 3546 3544
3672 2 2 6 1 3545 1070 3546
3673 2 2 6 1 3544 3546 1068
3674 2 2 6 1 1069 3547 3545
3675 2 2 6 1 3547 3548 3545
3676 2 2 6 1 3547 456 3548
3677 2 2 6 1 3545 3548 1070
3678 2 2 6 1 1068 3546 3542
3679 2 2 6 1 3546 3549 3542
3680 2 2 6 1 3546 1070 3549
3681 2 2 6 1 3542 3549 454
3682 2 2 6 1 455 3550 3543
3683 2 2 6 1 3550 3551 3543
3684 2 2 6 1 3550 1071 3551
3685 2 2 6 1 3543 3551 1069
3686 2 2 6 1 1071 3552 3551
3687 2 2 6 1 3552 3553 3551
3688 2 2 6 1 3552 1072 3553
3689 2 2 6 1 3551 3553 1069
3690 2 2 6 1 1071 3554 3552
3691 2 2 6 1 3554 3555 3552
3692 2 2 6 1 3554 305 3555
3693 2 2 6 1 3552 3555 1072
3694 2 2 6 1 1069 3553 3547
3695 2 2 6 1 3553 3556 3547
3696 2 2 6 1 3553 1072 3556
3697 2 2 6 1 3547 3556 456
3698 2 2 6 1 454 3549 3534
3699 2 2 6 1 3549 3557 3534
3700 2 2 6 1 3549 1070 3557
3701 2 2 6 1 3534 3557 1066
3702 2 2 6 1 1070 3558 3557
3703 2 2 6 1 3558 3559 3557
3704 2 2 6 1 3558 1073 3559
3705 2 2 6 1 3557 3559 1066
3706 2 2 6 1 1070 3548 3558
3707 2 2 6 1 3548 3560 3558
3708 2 2 6 1 3548 456 3560
3709 2 2 6 1 3558 3560 1073
3710 2 2 6 1 1066 3559 3535
3711 2 2 6 1 3559 3561 3535
3712 2 2 6 1 3559 1073 3561
3713 2 2 6 1 3535 3561 303
3714 2 2 6 1 304 3562 3536
3715 2 2 6 1 3562 3563 3536
3716 2 2 6 1 3562 1074 3563
3717 2 2 6 1 3536 3563 1067
3718 2 2 6 1 1074 3564 3563
3719 2 2 6 1 3564 3565 3563
3720 2 2 6 1 3564 1075 3565
3721 2 2 6 1 3563 3565 1067
3722 2 2 6 1 1074 3566 3564
3723 2 2 6 1 3566 3567 3564
3724 2 2 6 1 3566 457 3567
3725 2 2 6 1 3564 3567 1075
3726 2 2 6 1 1067 3565 3540
3727 2 2 6 1 3565 3568 3540
3728 2 2 6 1 3565 1075 3568
3729 2 2 6 1 3540 3568 455
3730 2 2 6 1 457 3569 3567
3731 2 2 6 1 3569 3570 3567
3732 2 2 6 1 3569 1076 3570
3733 2 2 6 1 3567 3570 1075
3734 2 2 6 1 1076 3571 3570
3735 2 2 6 1 3571 3572 3570
3736 2 2 6 1 3571 1077 3572
3737 2 2 6 1 3570 3572 1075
3738 2 2 6 1 1076 3573 3571
3739 2 2 6 1 3573 3574 3571
3740 2 2 6 1 3573 458 3574
3741 2 2 6 1 3571 3574 1077
3742 2 2 6 1 1075 3572 3568
3743 2 2 6 1 3572 3575 3568
3744 2 2 6 1 3572 1077 3575
3745 2 2 6 1 3568 3575 455
3746 2 2 6 1 457 3576 3569
3747 2 2 6 1 3576 3577 3569
3748 2 2 6 1 3576 1078 3577
3749 2 2 6 1 3569 3577 1076
3750 2 2 6 1 1078 3578 3577
3751 2 2 6 1 3578 3579 3577
3752 2 2 6 1 3578 1079 3579
3753 2 2 6 1 3577 3579 1076
3754 2 2 6 1 1078 3580 3578
3755 2 2 6 1 3580 3581 3578
3756 2 2 6 1 3580 268 3581
3757 2 2 6 1 3578 3581 1079
3758 2 2 6 1 1076 3579 3573
3759 2 2 6 1 3579 3582 3573
3760 2 2 6 1 3579 1079 3582
3761 2 2 6 1 3573 3582 458
3762 2 2 6 1 455 3575 3550
3763 2 2 6 1 3575 3583 3550
3764 2 2 6 1 3575 1077 3583
3765 2 2 6 1 3550 3583 1071
3766 2 2 6 1 1077 3584 3583
3767 2 2 6 1 3584 3585 3583
3768 2 2 6 1 3584 1080 3585
3769 2 2 6 1 3583 3585 1071
3770 2 2 6 1 1077 3574 3584
3771 2 2 6 1 3574 3586 3584
3772 2 2 6 1 3574 458 3586
3773 2 2 6 1 3584 3586 1080
3774 2 2 6 1 1071 3585 3554
3775 2 2 6 1 3585 3587 3554
3776 2 2 6 1 3585 1080 3587
3777 2 2 6 1 3554 3587 305
3778 2 2 6 1 303 3561 3503
3779 2 2 6 1 3561 3588 3503
3780 2 2 6 1 3561 1073 3588
3781 2 2 6 1 3503 3588 1058
3782 2 2 6 1 1073 3589 3588
3783 2 2 6 1 3589 3590 3588
3784 2 2 6 1 3589 1081 3590
3785 2 2 6 1 3588 3590 1058
3786 2 2 6 1 1073 3560 3589
3787 2 2 6 1 3560 3591 3589
3788 2 2 6 1 3560 456 3591
3789 2 2 6 1 3589 3591 1081
3790 2 2 6 1 1058 3590 3504
3791 2 2 6 1 3590 3592 3504
3792 2 2 6 1 3590 1081 3592
3793 2 2 6 1 3504 3592 452
3794 2 2 6 1 456 3593 3591
3795 2 2 6 1 3593 3594 3591
3796 2 2 6 1 3593 1082 3594
3797 2 2 6 1 3591 3594 1081
3798 2 2 6 1 1082 3595 3594
3799 2 2 6 1 3595 3596 3594
3800 2 2 6 1 3595 1083 3596
3801 2 2 6 1 3594 3596 1081
3802 2 2 6 1 1082 3597 3595
3803 2 2 6 1 3597 3598 3595
3804 2 2 6 1 3597 459 3598
3805 2 2 6 1 3595 3598 1083
3806 2 2 6 1 1081 3596 3592
3807 2 2 6 1 3596 3599 3592
3808 2 2 6 1 3596 1083 3599
3809 2 2 6 1 3592 3599 452
3810 2 2 6 1 456 3556 3593
3811 2 2 6 1 3556 3600 3593
3812 2 2 6 1 3556 1072 3600
3813 2 2 6 1 3593 3600 1082
3814 2 2 6 1 1072 3601 3600
3815 2 2 6 1 3601 3602 3600
3816 2 2 6 1 3601 1084 3602
3817 2 2 6 1 3600 3602 1082
3818 2 2 6 1 1072 3555 3601
3819 2 2 6 1 3555 3603 3601
3820 2 2 6 1 3555 305 3603
3821 2 2 6 1 3601 3603 1084
3822 2 2 6 1 1082 3602 3597
3823 2 2 6 1 3602 3604 3597
3824 2 2 6 1 3602 1084 3604
3825 2 2 6 1 3597 3604 459
3826 2 2 6 1 452 3599 3508
3827 2 2 6 1 3599 3605 3508
3828 2 2 6 1 3599 1083 3605
3829 2 2 6 1 3508 3605 1059
3830 2 2 6 1 1083 3606 3605
3831 2 2 6 1 3606 3607 3605
3832 2 2 6 1 3606 1085 3607
3833 2 2 6 1 3605 3607 1059
3834 2 2 6 1 1083 3598 3606
3835 2 2 6 1 3598 3608 3606
3836 2 2 6 1 3598 459 3608
3837 2 2 6 1 3606 3608 1085
3838 2 2 6 1 1059 3607 3509
3839 2 2 6 1 3607 3609 3509
3840 2 2 6 1 3607 1085 3609
3841 2 2 6 1 3509 3609 20
3842 2 2 6 1 265 2933 3510
3843 2 2 6 1 2933 3610 3510
3844 2 2 6 1 2933 915 3610
3845 2 2 6 1 3510 3610 1060
3846 2 2 6 1 915 3611 3610
3847 2 2 6 1 3611 3612 3610
3848 2 2 6 1 3611 1086 3612
3849 2 2 6 1 3610 3612 1060
3850 2 2 6 1 915 2932 3611
3851 2 2 6 1 2932 3613 3611
3852 2 2 6 1 2932 416 3613
3853 2 2 6 1 3611 3613 1086
3854 2 2 6 1 1060 3612 3514
3855 2 2 6 1 3612 3614 3514
3856 2 2 6 1 3612 1086 3614
3857 2 2 6 1 3514 3614 453
3858 2 2 6 1 416 3615 3613
3859 2 2 6 1 3615 3616 3613
3860 2 2 6 1 3615 1087 3616
3861 2 2 6 1 3613 3616 1086
3862 2 2 6 1 1087 3617 3616
3863 2 2 6 1 3617 3618 3616
3864 2 2 6 1 3617 1088 3618
3865 2 2 6 1 3616 3618 1086
3866 2 2 6 1 1087 3619 3617
3867 2 2 6 1 3619 3620 3617
3868 2 2 6 1 3619 460 3620
3869 2 2 6 1 3617 3620 1088
3870 2 2 6 1 1086 3618 3614
3871 2 2 6 1 3618 3621 3614
3872 2 2 6 1 3618 1088 3621
3873 2 2 6 1 3614 3621 453
3874 2 2 6 1 416 2928 3615
3875 2 2 6 1 2928 3622 3615
3876 2 2 6 1 2928 914 3622
3877 2 2 6 1 3615 3622 1087
3878 2 2 6 1 914 3623 3622
3879 2 2 6 1 3623 3624 3622
3880 2 2 6 1 3623 1089 3624
3881 2 2 6 1 3622 3624 1087
3882 2 2 6 1 914 2927 3623
3883 2 2 6 1 2927 3625 3623
3884 2 2 6 1 2927 294 3625
3885 2 2 6 1 3623 3625 1089
3886 2 2 6 1 1087 3624 3619
3887 2 2 6 1 3624 3626 3619
3888 2 2 6 1 3624 1089 3626
3889 2 2 6 1 3619 3626 460
3890 2 2 6 1 453 3621 3524
3891 2 2 6 1 3621 3627 3524
3892 2 2 6 1 3621 1088 3627
3893 2 2 6 1 3524 3627 1064
3894 2 2 6 1 1088 3628 3627
3895 2 2 6 1 3628 3629 3627
3896 2 2 6 1 3628 1090 3629
3897 2 2 6 1 3627 3629 1064
3898 2 2 6 1 1088 3620 3628
3899 2 2 6 1 3620 3630 3628
3900 2 2 6 1 3620 460 3630
3901 2 2 6 1 3628 3630 1090
3902 2 2 6 1 1064 3629 3528
3903 2 2 6 1 3629 3631 3528
3904 2 2 6 1 3629 1090 3631
3905 2 2 6 1 3528 3631 304
3906 2 2 6 1 294 3632 3625
3907 2 2 6 1 3632 3633 3625
3908 2 2 6 1 3632 1091 3633
3909 2 2 6 1 3625 3633 1089
3910 2 2 6 1 1091 3634 3633
3911 2 2 6 1 3634 3635 3633
3912 2 2 6 1 3634 1092 3635
3913 2 2 6 1 3633 3635 1089
3914 2 2 6 1 1091 3636 3634
3915 2 2 6 1 3636 3637 3634
3916 2 2 6 1 3636 461 3637
3917 2 2 6 1 3634 3637 1092
3918 2 2 6 1 1089 3635 3626
3919 2 2 6 1 3635 3638 3626
3920 2 2 6 1 3635 1092 3638
3921 2 2 6 1 3626 3638 460
3922 2 2 6 1 461 3639 3637
3923 2 2 6 1 3639 3640 3637
3924 2 2 6 1 3639 1093 3640
3925 2 2 6 1 3637 3640 1092
3926 2 2 6 1 1093 3641 3640
3927 2 2 6 1 3641 3642 3640
3928 2 2 6 1 3641 1094 3642
3929 2 2 6 1 3640 3642 1092
3930 2 2 6 1 1093 3643 3641
3931 2 2 6 1 3643 3644 3641
3932 2 2 6 1 3643 462 3644
3933 2 2 6 1 3641 3644 1094
3934 2 2 6 1 1092 3642 3638
3935 2 2 6 1 3642 3645 3638
3936 2 2 6 1 3642 1094 3645
3937 2 2 6 1 3638 3645 460
3938 2 2 6 1 461 3646 3639
3939 2 2 6 1 3646 3647 3639
3940 2 2 6 1 3646 1095 3647
3941 2 2 6 1 3639 3647 1093
3942 2 2 6 1 1095 3648 3647
3943 2 2 6 1 3648 3649 3647
3944 2 2 6 1 3648 1096 3649
3945 2 2 6 1 3647 3649 1093
3946 2 2 6 1 1095 3650 3648
3947 2 2 6 1 3650 3651 3648
3948 2 2 6 1 3650 306 3651
3949 2 2 6 1 3648 3651 1096
3950 2 2 6 1 1093 3649 3643
3951 2 2 6 1 3649 3652 3643
3952 2 2 6 1 3649 1096 3652
3953 2 2 6 1 3643 3652 462
3954 2 2 6 1 460 3645 3630
3955 2 2 6 1 3645 3653 3630
3956 2 2 6 1 3645 1094 3653
3957 2 2 6 1 3630 3653 1090
3958 2 2 6 1 1094 3654 3653
3959 2 2 6 1 3654 3655 3653
3960 2 2 6 1 3654 1097 3655
3961 2 2 6 1 3653 3655 1090
3962 2 2 6 1 1094 3644 3654
3963 2 2 6 1 3644 3656 3654
3964 2 2 6 1 3644 462 3656
3965 2 2 6 1 3654 3656 1097
3966 2 2 6 1 1090 3655 3631
3967 2 2 6 1 3655 3657 3631
3968 2 2 6 1 3655 1097 3657
3969 2 2 6 1 3631 3657 304
3970 2 2 6 1 294 2911 3632
3971 2 2 6 1 2911 3658 3632
3972 2 2 6 1 2911 910 3658
3973 2 2 6 1 3632 3658 1091
3974 2 2 6 1 910 3659 3658
3975 2 2 6 1 3659 3660 3658
3976 2 2 6 1 3659 1098 3660
3977 2 2 6 1 3658 3660 1091
3978 2 2 6 1 910 2910 3659
3979 2 2 6 1 2910 3661 3659
3980 2 2 6 1 2910 415 3661
3981 2 2 6 1 3659 3661 1098
3982 2 2 6 1 1091 3660 3636
3983 2 2 6 1 3660 3662 3636
3984 2 2 6 1 3660 1098 3662
3985 2 2 6 1 3636 3662 461
3986 2 2 6 1 415 3663 3661
3987 2 2 6 1 3663 3664 3661
3988 2 2 6 1 3663 1099 3664
3989 2 2 6 1 3661 3664 1098
3990 2 2 6 1 1099 3665 3664
3991 2 2 6 1 3665 3666 3664
3992 2 2 6 1 3665 1100 3666
3993 2 2 6 1 3664 3666 1098
3994 2 2 6 1 1099 3667 3665
3995 2 2 6 1 3667 3668 3665
3996 2 2 6 1 3667 463 3668
3997 2 2 6 1 3665 3668 1100
3998 2 2 6 1 1098 3666 3662
3999 2 2 6 1 3666 3669 3662
4000 2 2 6 1 3666 1100 3669
4001 2 2 6 1 3662 3669 461
4002 2 2 6 1 415 2906 3663
4003 2 2 6 1 2906 3670 3663
4004 2 2 6 1 2906 909 3670
4005 2 2 6 1 3663 3670 1099
4006 2 2 6 1 909 3671 3670
4007 2 2 6 1 3671 3672 3670
4008 2 2 6 1 3671 1101 3672
4009 2 2 6 1 3670 3672 1099
4010 2 2 6 1 909 2905 3671
4011 2 2 6 1 2905 3673 3671
4012 2 2 6 1 2905 259 3673
4013 2 2 6 1 3671 3673 1101
4014 2 2 6 1 1099 3672 3667
4015 2 2 6 1 3672 3674 3667
4016 2 2 6 1 3672 1101 3674
4017 2 2 6 1 3667 3674 463
4018 2 2 6 1 461 3669 3646
4019 2 2 6 1 3669 3675 3646
4020 2 2 6 1 3669 1100 3675
4021 2 2 6 1 3646 3675 1095
4022 2 2 6 1 1100 3676 3675
4023 2 2 6 1 3676 3677 3675
4024 2 2 6 1 3676 1102 3677
4025 2 2 6 1 3675 3677 1095
4026 2 2 6 1 1100 3668 3676
4027 2 2 6 1 3668 3678 3676
4028 2 2 6 1 3668 463 3678
4029 2 2 6 1 3676 3678 1102
4030 2 2 6 1 1095 3677 3650
4031 2 2 6 1 3677 3679 3650
4032 2 2 6 1 3677 1102 3679
4033 2 2 6 1 3650 3679 306
4034 2 2 6 1 304 3657 3562
4035 2 2 6 1 3657 3680 3562
4036 2 2 6 1 3657 1097 3680
4037 2 2 6 1 3562 3680 1074
4038 2 2 6 1 1097 3681 3680
4039 2 2 6 1 3681 3682 3680
4040 2 2 6 1 3681 1103 3682
4041 2 2 6 1 3680 3682 1074
4042 2 2 6 1 1097 3656 3681
4043 2 2 6 1 3656 3683 3681
4044 2 2 6 1 3656 462 3683
4045 2 2 6 1 3681 3683 1103
4046 2 2 6 1 1074 3682 3566
4047 2 2 6 1 3682 3684 3566
4048 2 2 6 1 3682 1103 3684
4049 2 2 6 1 3566 3684 457
4050 2 2 6 1 462 3685 3683
4051 2 2 6 1 3685 3686 3683
4052 2 2 6 1 3685 1104 3686
4053 2 2 6 1 3683 3686 1103
4054 2 2 6 1 1104 3687 3686
4055 2 2 6 1 3687 3688 3686
4056 2 2 6 1 3687 1105 3688
4057 2 2 6 1 3686 3688 1103
4058 2 2 6 1 1104 3689 3687
4059 2 2 6 1 3689 3690 3687
4060 2 2 6 1 3689 464 3690
4061 2 2 6 1 3687 3690 1105
4062 2 2 6 1 1103 3688 3684
4063 2 2 6 1 3688 3691 3684
4064 2 2 6 1 3688 1105 3691
4065 2 2 6 1 3684 3691 457
4066 2 2 6 1 462 3652 3685
4067 2 2 6 1 3652 3692 3685
4068 2 2 6 1 3652 1096 3692
4069 2 2 6 1 3685 3692 1104
4070 2 2 6 1 1096 3693 3692
4071 2 2 6 1 3693 3694 3692
4072 2 2 6 1 3693 1106 3694
4073 2 2 6 1 3692 3694 1104
4074 2 2 6 1 1096 3651 3693
4075 2 2 6 1 3651 3695 3693
4076 2 2 6 1 3651 306 3695
4077 2 2 6 1 3693 3695 1106
4078 2 2 6 1 1104 3694 3689
4079 2 2 6 1 3694 3696 3689
4080 2 2 6 1 3694 1106 3696
4081 2 2 6 1 3689 3696 464
4082 2 2 6 1 457 3691 3576
4083 2 2 6 1 3691 3697 3576
4084 2 2 6 1 3691 1105 3697
4085 2 2 6 1 3576 3697 1078
4086 2 2 6 1 1105 3698 3697
4087 2 2 6 1 3698 3699 3697
4088 2 2 6 1 3698 1107 3699
4089 2 2 6 1 3697 3699 1078
4090 2 2 6 1 1105 3690 3698
4091 2 2 6 1 3690 3700 3698
4092 2 2 6 1 3690 464 3700
4093 2 2 6 1 3698 3700 1107
4094 2 2 6 1 1078 3699 3580
4095 2 2 6 1 3699 3701 3580
4096 2 2 6 1 3699 1107 3701
4097 2 2 6 1 3580 3701 268
4098 2 2 6 1 20 3609 19
4099 2 2 6 1 3609 3702 19
4100 2 2 6 1 3609 1085 3702
4101 2 2 6 1 19 3702 18
4102 2 2 6 1 1085 3703 3702
4103 2 2 6 1 3703 3704 3702
4104 2 2 6 1 3703 1108 3704
4105 2 2 6 1 3702 3704 18
4106 2 2 6 1 1085 3608 3703
4107 2 2 6 1 3608 3705 3703
4108 2 2 6 1 3608 459 3705
4109 2 2 6 1 3703 3705 1108
4110 2 2 6 1 18 3704 17
4111 2 2 6 1 3704 3706 17
4112 2 2 6 1 3704 1108 3706
4113 2 2 6 1 17 3706 16
4114 2 2 6 1 459 3707 3705
4115 2 2 6 1 3707 3708 3705
4116 2 2 6 1 3707 1109 3708
4117 2 2 6 1 3705 3708 1108
4118 2 2 6 1 1109 3709 3708
4119 2 2 6 1 3709 3710 3708
4120 2 2 6 1 3709 1110 3710
4121 2 2 6 1 3708 3710 1108
4122 2 2 6 1 1109 3711 3709
4123 2 2 6 1 3711 3712 3709
4124 2 2 6 1 3711 465 3712
4125 2 2 6 1 3709 3712 1110
4126 2 2 6 1 1108 3710 3706
4127 2 2 6 1 3710 3713 3706
4128 2 2 6 1 3710 1110 3713
4129 2 2 6 1 3706 3713 16
4130 2 2 6 1 459 3604 3707
4131 2 2 6 1 3604 3714 3707
4132 2 2 6 1 3604 1084 3714
4133 2 2 6 1 3707 3714 1109
4134 2 2 6 1 1084 3715 3714
4135 2 2 6 1 3715 3716 3714
4136 2 2 6 1 3715 1111 3716
4137 2 2 6 1 3714 3716 1109
4138 2 2 6 1 1084 3603 3715
4139 2 2 6 1 3603 3717 3715
4140 2 2 6 1 3603 305 3717
4141 2 2 6 1 3715 3717 1111
4142 2 2 6 1 1109 3716 3711
4143 2 2 6 1 3716 3718 3711
4144 2 2 6 1 3716 1111 3718
4145 2 2 6 1 3711 3718 465
4146 2 2 6 1 16 3713 15
4147 2 2 6 1 3713 3719 15
4148 2 2 6 1 3713 1110 3719
4149 2 2 6 1 15 3719 14
4150 2 2 6 1 1110 3720 3719
4151 2 2 6 1 3720 3721 3719
4152 2 2 6 1 3720 1112 3721
4153 2 2 6 1 3719 3721 14
4154 2 2 6 1 1110 3712 3720
4155 2 2 6 1 3712 3722 3720
4156 2 2 6 1 3712 465 3722
4157 2 2 6 1 3720 3722 1112
4158 2 2 6 1 14 3721 13
4159 2 2 6 1 3721 3723 13
4160 2 2 6 1 3721 1112 3723
4161 2 2 6 1 13 3723 12
4162 2 2 6 1 305 3724 3717
4163 2 2 6 1 3724 3725 3717
4164 2 2 6 1 3724 1113 3725
4165 2 2 6 1 3717 3725 1111
4166 2 2 6 1 1113 3726 3725
4167 2 2 6 1 3726 3727 3725
4168 2 2 6 1 3726 1114 3727
4169 2 2 6 1 3725 3727 1111
4170 2 2 6 1 1113 3728 3726
4171 2 2 6 1 3728 3729 3726
4172 2 2 6 1 3728 466 3729
4173 2 2 6 1 3726 3729 1114
4174 2 2 6 1 1111 3727 3718
4175 2 2 6 1 3727 3730 3718
4176 2 2 6 1 3727 1114 3730
4177 2 2 6 1 3718 3730 465
4178 2 2 6 1 466 3731 3729
4179 2 2 6 1 3731 3732 3729
4180 2 2 6 1 3731 1115 3732
4181 2 2 6 1 3729 3732 1114
4182 2 2 6 1 1115 3733 3732
4183 2 2 6 1 3733 3734 3732
4184 2 2 6 1 3733 1116 3734
4185 2 2 6 1 3732 3734 1114
4186 2 2 6 1 1115 3735 3733
4187 2 2 6 1 3735 3736 3733
4188 2 2 6 1 3735 467 3736
4189 2 2 6 1 3733 3736 1116
4190 2 2 6 1 1114 3734 3730
4191 2 2 6 1 3734 3737 3730
4192 2 2 6 1 3734 1116 3737
4193 2 2 6 1 3730 3737 465
4194 2 2 6 1 466 3738 3731
4195 2 2 6 1 3738 3739 3731
4196 2 2 6 1 3738 1117 3739
4197 2 2 6 1 3731 3739 1115
4198 2 2 6 1 1117 3740 3739
4199 2 2 6 1 3740 3741 3739
4200 2 2 6 1 3740 1118 3741
4201 2 2 6 1 3739 3741 1115
4202 2 2 6 1 1117 3742 3740
4203 2 2 6 1 3742 3743 3740
4204 2 2 6 1 3742 307 3743
4205 2 2 6 1 3740 3743 1118
4206 2 2 6 1 1115 3741 3735
4207 2 2 6 1 3741 3744 3735
4208 2 2 6 1 3741 1118 3744
4209 2 2 6 1 3735 3744 467
4210 2 2 6 1 465 3737 3722
4211 2 2 6 1 3737 3745 3722
4212 2 2 6 1 3737 1116 3745
4213 2 2 6 1 3722 3745 1112
4214 2 2 6 1 1116 3746 3745
4215 2 2 6 1 3746 3747 3745
4216 2 2 6 1 3746 1119 3747
4217 2 2 6 1 3745 3747 1112
4218 2 2 6 1 1116 3736 3746
4219 2 2 6 1 3736 3748 3746
4220 2 2 6 1 3736 467 3748
4221 2 2 6 1 3746 3748 1119
4222 2 2 6 1 1112 3747 3723
4223 2 2 6 1 3747 3749 3723
4224 2 2 6 1 3747 1119 3749
4225 2 2 6 1 3723 3749 12
4226 2 2 6 1 305 3587 3724
4227 2 2 6 1 3587 3750 3724
4228 2 2 6 1 3587 1080 3750
4229 2 2 6 1 3724 3750 1113
4230 2 2 6 1 1080 3751 3750
4231 2 2 6 1 3751 3752 3750
4232 2 2 6 1 3751 1120 3752
4233 2 2 6 1 3750 3752 1113
4234 2 2 6 1 1080 3586 3751
4235 2 2 6 1 3586 3753 3751
4236 2 2 6 1 3586 458 3753
4237 2 2 6 1 3751 3753 1120
4238 2 2 6 1 1113 3752 3728
4239 2 2 6 1 3752 3754 3728
4240 2 2 6 1 3752 1120 3754
4241 2 2 6 1 3728 3754 466
4242 2 2 6 1 458 3755 3753
4243 2 2 6 1 3755 3756 3753
4244 2 2 6 1 3755 1121 3756
4245 2 2 6 1 3753 3756 1120
4246 2 2 6 1 1121 3757 3756
4247 2 2 6 1 3757 3758 3756
4248 2 2 6 1 3757 1122 3758
4249 2 2 6 1 3756 3758 1120
4250 2 2 6 1 1121 3759 3757
4251 2 2 6 1 3759 3760 3757
4252 2 2 6 1 3759 468 3760
4253 2 2 6 1 3757 3760 1122
4254 2 2 6 1 1120 3758 3754
4255 2 2 6 1 3758 3761 3754
4256 2 2 6 1 3758 1122 3761
4257 2 2 6 1 3754 3761 466
4258 2 2 6 1 458 3582 3755
4259 2 2 6 1 3582 3762 3755
4260 2 2 6 1 3582 1079 3762
4261 2 2 6 1 3755 3762 1121
4262 2 2 6 1 1079 3763 3762
4263 2 2 6 1 3763 3764 3762
4264 2 2 6 1 3763 1123 3764
4265 2 2 6 1 3762 3764 1121
4266 2 2 6 1 1079 3581 3763
4267 2 2 6 1 3581 3765 3763
4268 2 2 6 1 3581 268 3765
4269 2 2 6 1 3763 3765 1123
4270 2 2 6 1 1121 3764 3759
4271 2 2 6 1 3764 3766 3759
4272 2 2 6 1 3764 1123 3766
4273 2 2 6 1 3759 3766 468
4274 2 2 6 1 466 3761 3738
4275 2 2 6 1 3761 3767 3738
4276 2 2 6 1 3761 1122 3767
4277 2 2 6 1 3738 3767 1117
4278 2 2 6 1 1122 3768 3767
4279 2 2 6 1 3768 3769 3767
4280 2 2 6 1 3768 1124 3769
4281 2 2 6 1 3767 3769 1117
4282 2 2 6 1 1122 3760 3768
4283 2 2 6 1 3760 3770 3768
4284 2 2 6 1 3760 468 3770
4285 2 2 6 1 3768 3770 1124
4286 2 2 6 1 1117 3769 3742
4287 2 2 6 1 3769 3771 3742
4288 2 2 6 1 3769 1124 3771
4289 2 2 6 1 3742 3771 307
4290 2 2 6 1 12 3749 11
4291 2 2 6 1 3749 3772 11
4292 2 2 6 1 3749 1119 3772
4293 2 2 6 1 11 3772 10
4294 2 2 6 1 1119 3773 3772
4295 2 2 6 1 3773 3774 3772
4296 2 2 6 1 3773 1125 3774
4297 2 2 6 1 3772 3774 10
4298 2 2 6 1 1119 3748 3773
4299 2 2 6 1 3748 3775 3773
4300 2 2 6 1 3748 467 3775
4301 2 2 6 1 3773 3775 1125
4302 2 2 6 1 10 3774 9
4303 2 2 6 1 3774 3776 9
4304 2 2 6 1 3774 1125 3776
4305 2 2 6 1 9 3776 8
4306 2 2 6 1 467 3777 3775
4307 2 2 6 1 3777 3778 3775
4308 2 2 6 1 3777 1126 3778
4309 2 2 6 1 3775 3778 1125
4310 2 2 6 1 1126 3779 3778
4311 2 2 6 1 3779 3780 3778
4312 2 2 6 1 3779 1127 3780
4313 2 2 6 1 3778 3780 1125
4314 2 2 6 1 1126 3781 3779
4315 2 2 6 1 3781 3782 3779
4316 2 2 6 1 3781 469 3782
4317 2 2 6 1 3779 3782 1127
4318 2 2 6 1 1125 3780 3776
4319 2 2 6 1 3780 3783 3776
4320 2 2 6 1 3780 1127 3783
4321 2 2 6 1 3776 3783 8
4322 2 2 6 1 467 3744 3777
4323 2 2 6 1 3744 3784 3777
4324 2 2 6 1 3744 1118 3784
4325 2 2 6 1 3777 3784 1126
4326 2 2 6 1 1118 3785 3784
4327 2 2 6 1 3785 3786 3784
4328 2 2 6 1 3785 1128 3786
4329 2 2 6 1 3784 3786 1126
4330 2 2 6 1 1118 3743 3785
4331 2 2 6 1 3743 3787 3785
4332 2 2 6 1 3743 307 3787
4333 2 2 6 1 3785 3787 1128
4334 2 2 6 1 1126 3786 3781
4335 2 2 6 1 3786 3788 3781
4336 2 2 6 1 3786 1128 3788
4337 2 2 6 1 3781 3788 469
4338 2 2 6 1 8 3783 7
4339 2 2 6 1 3783 3789 7
4340 2 2 6 1 3783 1127 3789
4341 2 2 6 1 7 3789 6
4342 2 2 6 1 1127 3790 3789
4343 2 2 6 1 3790 3791 3789
4344 2 2 6 1 3790 1129 3791
4345 2 2 6 1 3789 3791 6
4346 2 2 6 1 1127 3782 3790
4347 2 2 6 1 3782 3792 3790
4348 2 2 6 1 3782 469 3792
4349 2 2 6 1 3790 3792 1129
4350 2 2 6 1 6 3791 5
4351 2 2 6 1 3791 3793 5
4352 2 2 6 1 3791 1129 3793
4353 2 2 6 1 5 3793 1
4354 2 2 6 1 1 3793 256
4355 2 2 6 1 3793 3794 256
4356 2 2 6 1 3793 1129 3794
4357 2 2 6 1 256 3794 255
4358 2 2 6 1 1129 3795 3794
4359 2 2 6 1 3795 3796 3794
4360 2 2 6 1 3795 1130 3796
4361 2 2 6 1 3794 3796 255
4362 2 2 6 1 1129 3792 3795
4363 2 2 6 1 3792 3797 3795
4364 2 2 6 1 3792 469 3797
4365 2 2 6 1 3795 3797 1130
4366 2 2 6 1 255 3796 254
4367 2 2 6 1 3796 3798 254
4368 2 2 6 1 3796 1130 3798
4369 2 2 6 1 254 3798 253
4370 2 2 6 1 469 3799 3797
4371 2 2 6 1 3799 3800 3797
4372 2 2 6 1 3799 1131 3800
4373 2 2 6 1 3797 3800 1130
4374 2 2 6 1 1131 3801 3800
4375 2 2 6 1 3801 3802 3800
4376 2 2 6 1 3801 1132 3802
4377 2 2 6 1 3800 3802 1130
4378 2 2 6 1 1131 3803 3801
4379 2 2 6 1 3803 3804 3801
4380 2 2 6 1 3803 470 3804
4381 2 2 6 1 3801 3804 1132
4382 2 2 6 1 1130 3802 3798
4383 2 2 6 1 3802 3805 3798
4384 2 2 6 1 3802 1132 3805
4385 2 2 6 1 3798 3805 253
4386 2 2 6 1 469 3788 3799
4387 2 2 6 1 3788 3806 3799
4388 2 2 6 1 3788 1128 3806
4389 2 2 6 1 3799 3806 1131
4390 2 2 6 1 1128 3807 3806
4391 2 2 6 1 3807 3808 3806
4392 2 2 6 1 3807 1133 3808
4393 2 2 6 1 3806 3808 1131
4394 2 2 6 1 1128 3787 3807
4395 2 2 6 1 3787 3809 3807
4396 2 2 6 1 3787 307 3809
4397 2 2 6 1 3807 3809 1133
4398 2 2 6 1 1131 3808 3803
4399 2 2 6 1 3808 3810 3803
4400 2 2 6 1 3808 1133 3810
4401 2 2 6 1 3803 3810 470
4402 2 2 6 1 253 3805 252
4403 2 2 6 1 3805 3811 252
4404 2 2 6 1 3805 1132 3811
4405 2 2 6 1 252 3811 251
4406 2 2 6 1 1132 3812 3811
4407 2 2 6 1 3812 3813 3811
4408 2 2 6 1 3812 1134 3813
4409 2 2 6 1 3811 3813 251
4410 2 2 6 1 1132 3804 3812
4411 2 2 6 1 3804 3814 3812
4412 2 2 6 1 3804 470 3814
4413 2 2 6 1 3812 3814 1134
4414 2 2 6 1 251 3813 250
4415 2 2 6 1 3813 3815 250
4416 2 2 6 1 3813 1134 3815
4417 2 2 6 1 250 3815 249
4418 2 2 6 1 307 3816 3809
4419 2 2 6 1 3816 3817 3809
4420 2 2 6 1 3816 1135 3817
4421 2 2 6 1 3809 3817 1133
4422 2 2 6 1 1135 3818 3817
4423 2 2 6 1 3818 3819 3817
4424 2 2 6 1 3818 1136 3819
4425 2 2 6 1 3817 3819 1133
4426 2 2 6 1 1135 3820 3818
4427 2 2 6 1 3820 3821 3818
4428 2 2 6 1 3820 471 3821
4429 2 2 6 1 3818 3821 1136
4430 2 2 6 1 1133 3819 3810
4431 2 2 6 1 3819 3822 3810
4432 2 2 6 1 3819 1136 3822
4433 2 2 6 1 3810 3822 470
4434 2 2 6 1 471 3823 3821
4435 2 2 6 1 3823 3824 3821
4436 2 2 6 1 3823 1137 3824
4437 2 2 6 1 3821 3824 1136
4438 2 2 6 1 1137 3825 3824
4439 2 2 6 1 3825 3826 3824
4440 2 2 6 1 3825 1138 3826
4441 2 2 6 1 3824 3826 1136
4442 2 2 6 1 1137 3827 3825
4443 2 2 6 1 3827 3828 3825
4444 2 2 6 1 3827 472 3828
4445 2 2 6 1 3825 3828 1138
4446 2 2 6 1 1136 3826 3822
4447 2 2 6 1 3826 3829 3822
4448 2 2 6 1 3826 1138 3829
4449 2 2 6 1 3822 3829 470
4450 2 2 6 1 471 3830 3823
4451 2 2 6 1 3830 3831 3823
4452 2 2 6 1 3830 1139 3831
4453 2 2 6 1 3823 3831 1137
4454 2 2 6 1 1139 3832 3831
4455 2 2 6 1 3832 3833 3831
4456 2 2 6 1 3832 1140 3833
4457 2 2 6 1 3831 3833 1137
4458 2 2 6 1 1139 3834 3832
4459 2 2 6 1 3834 3835 3832
4460 2 2 6 1 3834 308 3835
4461 2 2 6 1 3832 3835 1140
4462 2 2 6 1 1137 3833 3827
4463 2 2 6 1 3833 3836 3827
4464 2 2 6 1 3833 1140 3836
4465 2 2 6 1 3827 3836 472
4466 2 2 6 1 470 3829 3814
4467 2 2 6 1 3829 3837 3814
4468 2 2 6 1 3829 1138 3837
4469 2 2 6 1 3814 3837 1134
4470 2 2 6 1 1138 3838 3837
4471 2 2 6 1 3838 3839 3837
4472 2 2 6 1 3838 1141 3839
4473 2 2 6 1 3837 3839 1134
4474 2 2 6 1 1138 3828 3838
4475 2 2 6 1 3828 3840 3838
4476 2 2 6 1 3828 472 3840
4477 2 2 6 1 3838 3840 1141
4478 2 2 6 1 1134 3839 3815
4479 2 2 6 1 3839 3841 3815
4480 2 2 6 1 3839 1141 3841
4481 2 2 6 1 3815 3841 249
4482 2 2 6 1 307 3771 3816
4483 2 2 6 1 3771 3842 3816
4484 2 2 6 1 3771 1124 3842
4485 2 2 6 1 3816 3842 1135
4486 2 2 6 1 1124 3843 3842
4487 2 2 6 1 3843 3844 3842
4488 2 2 6 1 3843 1142 3844
4489 2 2 6 1 3842 3844 1135
4490 2 2 6 1 1124 3770 3843
4491 2 2 6 1 3770 3845 3843
4492 2 2 6 1 3770 468 3845
4493 2 2 6 1 3843 3845 1142
4494 2 2 6 1 1135 3844 3820
4495 2 2 6 1 3844 3846 3820
4496 2 2 6 1 3844 1142 3846
4497 2 2 6 1 3820 3846 471
4498 2 2 6 1 468 3847 3845
4499 2 2 6 1 3847 3848 3845
4500 2 2 6 1 3847 1143 3848
4501 2 2 6 1 3845 3848 1142
4502 2 2 6 1 1143 3849 3848
4503 2 2 6 1 3849 3850 3848
4504 2 2 6 1 3849 1144 3850
4505 2 2 6 1 3848 3850 1142
4506 2 2 6 1 1143 3851 3849
4507 2 2 6 1 3851 3852 3849
4508 2 2 6 1 3851 473 3852
4509 2 2 6 1 3849 3852 1144
4510 2 2 6 1 1142 3850 3846
4511 2 2 6 1 3850 3853 3846
4512 2 2 6 1 3850 1144 3853
4513 2 2 6 1 3846 3853 471
4514 2 2 6 1 468 3766 3847
4515 2 2 6 1 3766 3854 3847
4516 2 2 6 1 3766 1123 3854
4517 2 2 6 1 3847 3854 1143
4518 2 2 6 1 1123 3855 3854
4519 2 2 6 1 3855 3856 3854
4520 2 2 6 1 3855 1145 3856
4521 2 2 6 1 3854 3856 1143
4522 2 2 6 1 1123 3765 3855
4523 2 2 6 1 3765 3857 3855
4524 2 2 6 1 3765 268 3857
4525 2 2 6 1 3855 3857 1145
4526 2 2 6 1 1143 3856 3851
4527 2 2 6 1 3856 3858 3851
4528 2 2 6 1 3856 1145 3858
4529 2 2 6 1 3851 3858 473
4530 2 2 6 1 471 3853 3830
4531 2 2 6 1 3853 3859 3830
4532 2 2 6 1 3853 1144 3859
4533 2 2 6 1 3830 3859 1139
4534 2 2 6 1 1144 3860 3859
4535 2 2 6 1 3860 3861 3859
4536 2 2 6 1 3860 1146 3861
4537 2 2 6 1 3859 3861 1139
4538 2 2 6 1 1144 3852 3860
4539 2 2 6 1 3852 3862 3860
4540 2 2 6 1 3852 473 3862
4541 2 2 6 1 3860 3862 1146
4542 2 2 6 1 1139 3861 3834
4543 2 2 6 1 3861 3863 3834
4544 2 2 6 1 3861 1146 3863
4545 2 2 6 1 3834 3863 308
4546 2 2 6 1 249 3841 248
4547 2 2 6 1 3841 3864 248
4548 2 2 6 1 3841 1141 3864
4549 2 2 6 1 248 3864 247
4550 2 2 6 1 1141 3865 3864
4551 2 2 6 1 3865 3866 3864
4552 2 2 6 1 3865 1147 3866
4553 2 2 6 1 3864 3866 247
4554 2 2 6 1 1141 3840 3865
4555 2 2 6 1 3840 3867 3865
4556 2 2 6 1 3840 472 3867
4557 2 2 6 1 3865 3867 1147
4558 2 2 6 1 247 3866 246
4559 2 2 6 1 3866 3868 246
4560 2 2 6 1 3866 1147 3868
4561 2 2 6 1 246 3868 245
4562 2 2 6 1 472 3869 3867
4563 2 2 6 1 3869 3870 3867
4564 2 2 6 1 3869 1148 3870
4565 2 2 6 1 3867 3870 1147
4566 2 2 6 1 1148 3871 3870
4567 2 2 6 1 3871 3872 3870
4568 2 2 6 1 3871 1149 3872
4569 2 2 6 1 3870 3872 1147
4570 2 2 6 1 1148 3873 3871
4571 2 2 6 1 3873 3874 3871
4572 2 2 6 1 3873 474 3874
4573 2 2 6 1 3871 3874 1149
4574 2 2 6 1 1147 3872 3868
4575 2 2 6 1 3872 3875 3868
4576 2 2 6 1 3872 1149 3875
4577 2 2 6 1 3868 3875 245
4578 2 2 6 1 472 3836 3869
4579 2 2 6 1 3836 3876 3869
4580 2 2 6 1 3836 1140 3876
4581 2 2 6 1 3869 3876 1148
4582 2 2 6 1 1140 3877 3876
4583 2 2 6 1 3877 3878 3876
4584 2 2 6 1 3877 1150 3878
4585 2 2 6 1 3876 3878 1148
4586 2 2 6 1 1140 3835 3877
4587 2 2 6 1 3835 3879 3877
4588 2 2 6 1 3835 308 3879
4589 2 2 6 1 3877 3879 1150
4590 2 2 6 1 1148 3878 3873
4591 2 2 6 1 3878 3880 3873
4592 2 2 6 1 3878 1150 3880
4593 2 2 6 1 3873 3880 474
4594 2 2 6 1 245 3875 244
4595 2 2 6 1 3875 3881 244
4596 2 2 6 1 3875 1149 3881
4597 2 2 6 1 244 3881 243
4598 2 2 6 1 1149 3882 3881
4599 2 2 6 1 3882 3883 3881
4600 2 2 6 1 3882 1151 3883
4601 2 2 6 1 3881 3883 243
4602 2 2 6 1 1149 3874 3882
4603 2 2 6 1 3874 3884 3882
4604 2 2 6 1 3874 474 3884
4605 2 2 6 1 3882 3884 1151
4606 2 2 6 1 243 3883 242
4607 2 2 6 1 3883 3885 242
4608 2 2 6 1 3883 1151 3885
4609 2 2 6 1 242 3885 241
4610 2 2 6 1 268 3886 3857
4611 2 2 6 1 3886 3887 3857
4612 2 2 6 1 3886 1152 3887
4613 2 2 6 1 3857 3887 1145
4614 2 2 6 1 1152 3888 3887
4615 2 2 6 1 3888 3889 3887
4616 2 2 6 1 3888 1153 3889
4617 2 2 6 1 3887 3889 1145
4618 2 2 6 1 1152 3890 3888
4619 2 2 6 1 3890 3891 3888
4620 2 2 6 1 3890 475 3891
4621 2 2 6 1 3888 3891 1153
4622 2 2 6 1 1145 3889 3858
4623 2 2 6 1 3889 3892 3858
4624 2 2 6 1 3889 1153 3892
4625 2 2 6 1 3858 3892 473
4626 2 2 6 1 475 3893 3891
4627 2 2 6 1 3893 3894 3891
4628 2 2 6 1 3893 1154 3894
4629 2 2 6 1 3891 3894 1153
4630 2 2 6 1 1154 3895 3894
4631 2 2 6 1 3895 3896 3894
4632 2 2 6 1 3895 1155 3896
4633 2 2 6 1 3894 3896 1153
4634 2 2 6 1 1154 3897 3895
4635 2 2 6 1 3897 3898 3895
4636 2 2 6 1 3897 476 3898
4637 2 2 6 1 3895 3898 1155
4638 2 2 6 1 1153 3896 3892
4639 2 2 6 1 3896 3899 3892
4640 2 2 6 1 3896 1155 3899
4641 2 2 6 1 3892 3899 473
4642 2 2 6 1 475 3900 3893
4643 2 2 6 1 3900 3901 3893
4644 2 2 6 1 3900 1156 3901
4645 2 2 6 1 3893 3901 1154
4646 2 2 6 1 1156 3902 3901
4647 2 2 6 1 3902 3903 3901
4648 2 2 6 1 3902 1157 3903
4649 2 2 6 1 3901 3903 1154
4650 2 2 6 1 1156 3904 3902
4651 2 2 6 1 3904 3905 3902
4652 2 2 6 1 3904 309 3905
4653 2 2 6 1 3902 3905 1157
4654 2 2 6 1 1154 3903 3897
4655 2 2 6 1 3903 3906 3897
4656 2 2 6 1 3903 1157 3906
4657 2 2 6 1 3897 3906 476
4658 2 2 6 1 473 3899 3862
4659 2 2 6 1 3899 3907 3862
4660 2 2 6 1 3899 1155 3907
4661 2 2 6 1 3862 3907 1146
4662 2 2 6 1 1155 3908 3907
4663 2 2 6 1 3908 3909 3907
4664 2 2 6 1 3908 1158 3909
4665 2 2 6 1 3907 3909 1146
4666 2 2 6 1 1155 3898 3908
4667 2 2 6 1 3898 3910 3908
4668 2 2 6 1 3898 476 3910
4669 2 2 6 1 3908 3910 1158
4670 2 2 6 1 1146 3909 3863
4671 2 2 6 1 3909 3911 3863
4672 2 2 6 1 3909 1158 3911
4673 2 2 6 1 3863 3911 308
4674 2 2 6 1 309 3912 3905
4675 2 2 6 1 3912 3913 3905
4676 2 2 6 1 3912 1159 3913
4677 2 2 6 1 3905 3913 1157
4678 2 2 6 1 1159 3914 3913
4679 2 2 6 1 3914 3915 3913
4680 2 2 6 1 3914 1160 3915
4681 2 2 6 1 3913 3915 1157
4682 2 2 6 1 1159 3916 3914
4683 2 2 6 1 3916 3917 3914
4684 2 2 6 1 3916 477 3917
4685 2 2 6 1 3914 3917 1160
4686 2 2 6 1 1157 3915 3906
4687 2 2 6 1 3915 3918 3906
4688 2 2 6 1 3915 1160 3918
4689 2 2 6 1 3906 3918 476
4690 2 2 6 1 477 3919 3917
4691 2 2 6 1 3919 3920 3917
4692 2 2 6 1 3919 1161 3920
4693 2 2 6 1 3917 3920 1160
4694 2 2 6 1 1161 3921 3920
4695 2 2 6 1 3921 3922 3920
4696 2 2 6 1 3921 1162 3922
4697 2 2 6 1 3920 3922 1160
4698 2 2 6 1 1161 3923 3921
4699 2 2 6 1 3923 3924 3921
4700 2 2 6 1 3923 478 3924
4701 2 2 6 1 3921 3924 1162
4702 2 2 6 1 1160 3922 3918
4703 2 2 6 1 3922 3925 3918
4704 2 2 6 1 3922 1162 3925
4705 2 2 6 1 3918 3925 476
4706 2 2 6 1 477 3926 3919
4707 2 2 6 1 3926 3927 3919
4708 2 2 6 1 3926 1163 3927
4709 2 2 6 1 3919 3927 1161
4710 2 2 6 1 1163 3928 3927
4711 2 2 6 1 3928 3929 3927
4712 2 2 6 1 3928 1164 3929
4713 2 2 6 1 3927 3929 1161
4714 2 2 6 1 1163 3930 3928
4715 2 2 6 1 3930 3931 3928
4716 2 2 6 1 3930 310 3931
4717 2 2 6 1 3928 3931 1164
4718 2 2 6 1 1161 3929 3923
4719 2 2 6 1 3929 3932 3923
4720 2 2 6 1 3929 1164 3932
4721 2 2 6 1 3923 3932 478
4722 2 2 6 1 476 3925 3910
4723 2 2 6 1 3925 3933 3910
4724 2 2 6 1 3925 1162 3933
4725 2 2 6 1 3910 3933 1158
4726 2 2 6 1 1162 3934 3933
4727 2 2 6 1 3934 3935 3933
4728 2 2 6 1 3934 1165 3935
4729 2 2 6 1 3933 3935 1158
4730 2 2 6 1 1162 3924 3934
4731 2 2 6 1 3924 3936 3934
4732 2 2 6 1 3924 478 3936
4733 2 2 6 1 3934 3936 1165
4734 2 2 6 1 1158 3935 3911
4735 2 2 6 1 3935 3937 3911
4736 2 2 6 1 3935 1165 3937
4737 2 2 6 1 3911 3937 308
4738 2 2 6 1 309 3938 3912
4739 2 2 6 1 3938 3939 3912
4740 2 2 6 1 3938 1166 3939
4741 2 2 6 1 3912 3939 1159
4742 2 2 6 1 1166 3940 3939
4743 2 2 6 1 3940 3941 3939
4744 2 2 6 1 3940 1167 3941
4745 2 2 6 1 3939 3941 1159
4746 2 2 6 1 1166 3942 3940
4747 2 2 6 1 3942 3943 3940
4748 2 2 6 1 3942 479 3943
4749 2 2 6 1 3940 3943 1167
4750 2 2 6 1 1159 3941 3916
4751 2 2 6 1 3941 3944 3916
4752 2 2 6 1 3941 1167 3944
4753 2 2 6 1 3916 3944 477
4754 2 2 6 1 479 3945 3943
4755 2 2 6 1 3945 3946 3943
4756 2 2 6 1 3945 1168 3946
4757 2 2 6 1 3943 3946 1167
4758 2 2 6 1 1168 3947 3946
4759 2 2 6 1 3947 3948 3946
4760 2 2 6 1 3947 1169 3948
4761 2 2 6 1 3946 3948 1167
4762 2 2 6 1 1168 3949 3947
4763 2 2 6 1 3949 3950 3947
4764 2 2 6 1 3949 480 3950
4765 2 2 6 1 3947 3950 1169
4766 2 2 6 1 1167 3948 3944
4767 2 2 6 1 3948 3951 3944
4768 2 2 6 1 3948 1169 3951
4769 2 2 6 1 3944 3951 477
4770 2 2 6 1 479 3952 3945
4771 2 2 6 1 3952 3953 3945
4772 2 2 6 1 3952 1170 3953
4773 2 2 6 1 3945 3953 1168
4774 2 2 6 1 1170 3954 3953
4775 2 2 6 1 3954 3955 3953
4776 2 2 6 1 3954 1171 3955
4777 2 2 6 1 3953 3955 1168
4778 2 2 6 1 1170 3956 3954
4779 2 2 6 1 3956 3957 3954
4780 2 2 6 1 3956 269 3957
4781 2 2 6 1 3954 3957 1171
4782 2 2 6 1 1168 3955 3949
4783 2 2 6 1 3955 3958 3949
4784 2 2 6 1 3955 1171 3958
4785 2 2 6 1 3949 3958 480
4786 2 2 6 1 477 3951 3926
4787 2 2 6 1 3951 3959 3926
4788 2 2 6 1 3951 1169 3959
4789 2 2 6 1 3926 3959 1163
4790 2 2 6 1 1169 3960 3959
4791 2 2 6 1 3960 3961 3959
4792 2 2 6 1 3960 1172 3961
4793 2 2 6 1 3959 3961 1163
4794 2 2 6 1 1169 3950 3960
4795 2 2 6 1 3950 3962 3960
4796 2 2 6 1 3950 480 3962
4797 2 2 6 1 3960 3962 1172
4798 2 2 6 1 1163 3961 3930
4799 2 2 6 1 3961 3963 3930
4800 2 2 6 1 3961 1172 3963
4801 2 2 6 1 3930 3963 310
4802 2 2 6 1 308 3937 3879
4803 2 2 6 1 3937 3964 3879
4804 2 2 6 1 3937 1165 3964
4805 2 2 6 1 3879 3964 1150
4806 2 2 6 1 1165 3965 3964
4807 2 2 6 1 3965 3966 3964
4808 2 2 6 1 3965 1173 3966
4809 2 2 6 1 3964 3966 1150
4810 2 2 6 1 1165 3936 3965
4811 2 2 6 1 3936 3967 3965
4812 2 2 6 1 3936 478 3967
4813 2 2 6 1 3965 3967 1173
4814 2 2 6 1 1150 3966 3880
4815 2 2 6 1 3966 3968 3880
4816 2 2 6 1 3966 1173 3968
4817 2 2 6 1 3880 3968 474
4818 2 2 6 1 478 3969 3967
4819 2 2 6 1 3969 3970 3967
4820 2 2 6 1 3969 1174 3970
4821 2 2 6 1 3967 3970 1173
4822 2 2 6 1 1174 3971 3970
4823 2 2 6 1 3971 3972 3970
4824 2 2 6 1 3971 1175 3972
4825 2 2 6 1 3970 3972 1173
4826 2 2 6 1 1174 3973 3971
4827 2 2 6 1 3973 3974 3971
4828 2 2 6 1 3973 481 3974
4829 2 2 6 1 3971 3974 1175
4830 2 2 6 1 1173 3972 3968
4831 2 2 6 1 3972 3975 3968
4832 2 2 6 1 3972 1175 3975
4833 2 2 6 1 3968 3975 474
4834 2 2 6 1 478 3932 3969
4835 2 2 6 1 3932 3976 3969
4836 2 2 6 1 3932 1164 3976
4837 2 2 6 1 3969 3976 1174
4838 2 2 6 1 1164 3977 3976
4839 2 2 6 1 3977 3978 3976
4840 2 2 6 1 3977 1176 3978
4841 2 2 6 1 3976 3978 1174
4842 2 2 6 1 1164 3931 3977
4843 2 2 6 1 3931 3979 3977
4844 2 2 6 1 3931 310 3979
4845 2 2 6 1 3977 3979 1176
4846 2 2 6 1 1174 3978 3973
4847 2 2 6 1 3978 3980 3973
4848 2 2 6 1 3978 1176 3980
4849 2 2 6 1 3973 3980 481
4850 2 2 6 1 474 3975 3884
4851 2 2 6 1 3975 3981 3884
4852 2 2 6 1 3975 1175 3981
4853 2 2 6 1 3884 3981 1151
4854 2 2 6 1 1175 3982 3981
4855 2 2 6 1 3982 3983 3981
4856 2 2 6 1 3982 1177 3983
4857 2 2 6 1 3981 3983 1151
4858 2 2 6 1 1175 3974 3982
4859 2 2 6 1 3974 3984 3982
4860 2 2 6 1 3974 481 3984
4861 2 2 6 1 3982 3984 1177
4862 2 2 6 1 1151 3983 3885
4863 2 2 6 1 3983 3985 3885
4864 2 2 6 1 3983 1177 3985
4865 2 2 6 1 3885 3985 241
4866 2 2 6 1 268 3701 3886
4867 2 2 6 1 3701 3986 3886
4868 2 2 6 1 3701 1107 3986
4869 2 2 6 1 3886 3986 1152
4870 2 2 6 1 1107 3987 3986
4871 2 2 6 1 3987 3988 3986
4872 2 2 6 1 3987 1178 3988
4873 2 2 6 1 3986 3988 1152
4874 2 2 6 1 1107 3700 3987
4875 2 2 6 1 3700 3989 3987
4876 2 2 6 1 3700 464 3989
4877 2 2 6 1 3987 3989 1178
4878 2 2 6 1 1152 3988 3890
4879 2 2 6 1 3988 3990 3890
4880 2 2 6 1 3988 1178 3990
4881 2 2 6 1 3890 3990 475
4882 2 2 6 1 464 3991 3989
4883 2 2 6 1 3991 3992 3989
4884 2 2 6 1 3991 1179 3992
4885 2 2 6 1 3989 3992 1178
4886 2 2 6 1 1179 3993 3992
4887 2 2 6 1 3993 3994 3992
4888 2 2 6 1 3993 1180 3994
4889 2 2 6 1 3992 3994 1178
4890 2 2 6 1 1179 3995 3993
4891 2 2 6 1 3995 3996 3993
4892 2 2 6 1 3995 482 3996
4893 2 2 6 1 3993 3996 1180
4894 2 2 6 1 1178 3994 3990
4895 2 2 6 1 3994 3997 3990
4896 2 2 6 1 3994 1180 3997
4897 2 2 6 1 3990 3997 475
4898 2 2 6 1 464 3696 3991
4899 2 2 6 1 3696 3998 3991
4900 2 2 6 1 3696 1106 3998
4901 2 2 6 1 3991 3998 1179
4902 2 2 6 1 1106 3999 3998
4903 2 2 6 1 3999 4000 3998
4904 2 2 6 1 3999 1181 4000
4905 2 2 6 1 3998 4000 1179
4906 2 2 6 1 1106 3695 3999
4907 2 2 6 1 3695 4001 3999
4908 2 2 6 1 3695 306 4001
4909 2 2 6 1 3999 4001 1181
4910 2 2 6 1 1179 4000 3995
4911 2 2 6 1 4000 4002 3995
4912 2 2 6 1 4000 1181 4002
4913 2 2 6 1 3995 4002 482
4914 2 2 6 1 475 3997 3900
4915 2 2 6 1 3997 4003 3900
4916 2 2 6 1 3997 1180 4003
4917 2 2 6 1 3900 4003 1156
4918 2 2 6 1 1180 4004 4003
4919 2 2 6 1 4004 4005 4003
4920 2 2 6 1 4004 1182 4005
4921 2 2 6 1 4003 4005 1156
4922 2 2 6 1 1180 3996 4004
4923 2 2 6 1 3996 4006 4004
4924 2 2 6 1 3996 482 4006
4925 2 2 6 1 4004 4006 1182
4926 2 2 6 1 1156 4005 3904
4927 2 2 6 1 4005 4007 3904
4928 2 2 6 1 4005 1182 4007
4929 2 2 6 1 3904 4007 309
4930 2 2 6 1 306 4008 4001
4931 2 2 6 1 4008 4009 4001
4932 2 2 6 1 4008 1183 4009
4933 2 2 6 1 4001 4009 1181
4934 2 2 6 1 1183 4010 4009
4935 2 2 6 1 4010 4011 4009
4936 2 2 6 1 4010 1184 4011
4937 2 2 6 1 4009 4011 1181
4938 2 2 6 1 1183 4012 4010
4939 2 2 6 1 4012 4013 4010
4940 2 2 6 1 4012 483 4013
4941 2 2 6 1 4010 4013 1184
4942 2 2 6 1 1181 4011 4002
4943 2 2 6 1 4011 4014 4002
4944 2 2 6 1 4011 1184 4014
4945 2 2 6 1 4002 4014 482
4946 2 2 6 1 483 4015 4013
4947 2 2 6 1 4015 4016 4013
4948 2 2 6 1 4015 1185 4016
4949 2 2 6 1 4013 4016 1184
4950 2 2 6 1 1185 4017 4016
4951 2 2 6 1 4017 4018 4016
4952 2 2 6 1 4017 1186 4018
4953 2 2 6 1 4016 4018 1184
4954 2 2 6 1 1185 4019 4017
4955 2 2 6 1 4019 4020 4017
4956 2 2 6 1 4019 484 4020
4957 2 2 6 1 4017 4020 1186
4958 2 2 6 1 1184 4018 4014
4959 2 2 6 1 4018 4021 4014
4960 2 2 6 1 4018 1186 4021
4961 2 2 6 1 4014 4021 482
4962 2 2 6 1 483 4022 4015
4963 2 2 6 1 4022 4023 4015
4964 2 2 6 1 4022 1187 4023
4965 2 2 6 1 4015 4023 1185
4966 2 2 6 1 1187 4024 4023
4967 2 2 6 1 4024 4025 4023
4968 2 2 6 1 4024 1188 4025
4969 2 2 6 1 4023 4025 1185
4970 2 2 6 1 1187 4026 4024
4971 2 2 6 1 4026 4027 4024
4972 2 2 6 1 4026 311 4027
4973 2 2 6 1 4024 4027 1188
4974 2 2 6 1 1185 4025 4019
4975 2 2 6 1 4025 4028 4019
4976 2 2 6 1 4025 1188 4028
4977 2 2 6 1 4019 4028 484
4978 2 2 6 1 482 4021 4006
4979 2 2 6 1 4021 4029 4006
4980 2 2 6 1 4021 1186 4029
4981 2 2 6 1 4006 4029 1182
4982 2 2 6 1 1186 4030 4029
4983 2 2 6 1 4030 4031 4029
4984 2 2 6 1 4030 1189 4031
4985 2 2 6 1 4029 4031 1182
4986 2 2 6 1 1186 4020 4030
4987 2 2 6 1 4020 4032 4030
4988 2 2 6 1 4020 484 4032
4989 2 2 6 1 4030 4032 1189
4990 2 2 6 1 1182 4031 4007
4991 2 2 6 1 4031 4033 4007
4992 2 2 6 1 4031 1189 4033
4993 2 2 6 1 4007 4033 309
4994 2 2 6 1 306 3679 4008
4995 2 2 6 1 3679 4034 4008
4996 2 2 6 1 3679 1102 4034
4997 2 2 6 1 4008 4034 1183
4998 2 2 6 1 1102 4035 4034
4999 2 2 6 1 4035 4036 4034
5000 2 2 6 1 4035 1190 4036
5001 2 2 6 1 4034 4036 1183
5002 2 2 6 1 1102 3678 4035
5003 2 2 6 1 3678 4037 4035
5004 2 2 6 1 3678 463 4037
5005 2 2 6 1 4035 4037 1190
5006 2 2 6 1 1183 4036 4012
5007 2 2 6 1 4036 4038 4012
5008 2 2 6 1 4036 1190 4038
5009 2 2 6 1 4012 4038 483
5010 2 2 6 1 463 4039 4037
5011 2 2 6 1 4039 4040 4037
5012 2 2 6 1 4039 1191 4040
5013 2 2 6 1 4037 4040 1190
5014 2 2 6 1 1191 4041 4040
5015 2 2 6 1 4041 4042 4040
5016 2 2 6 1 4041 1192 4042
5017 2 2 6 1 4040 4042 1190
5018 2 2 6 1 1191 4043 4041
5019 2 2 6 1 4043 4044 4041
5020 2 2 6 1 4043 485 4044
5021 2 2 6 1 4041 4044 1192
5022 2 2 6 1 1190 4042 4038
5023 2 2 6 1 4042 4045 4038
5024 2 2 6 1 4042 1192 4045
5025 2 2 6 1 4038 4045 483
5026 2 2 6 1 463 3674 4039
5027 2 2 6 1 3674 4046 4039
5028 2 2 6 1 3674 1101 4046
5029 2 2 6 1 4039 4046 1191
5030 2 2 6 1 1101 4047 4046
5031 2 2 6 1 4047 4048 4046
5032 2 2 6 1 4047 1193 4048
5033 2 2 6 1 4046 4048 1191
5034 2 2 6 1 1101 3673 4047
5035 2 2 6 1 3673 4049 4047
5036 2 2 6 1 3673 259 4049
5037 2 2 6 1 4047 4049 1193
5038 2 2 6 1 1191 4048 4043
5039 2 2 6 1 4048 4050 4043
5040 2 2 6 1 4048 1193 4050
5041 2 2 6 1 4043 4050 485
5042 2 2 6 1 483 4045 4022
5043 2 2 6 1 4045 4051 4022
5044 2 2 6 1 4045 1192 4051
5045 2 2 6 1 4022 4051 1187
5046 2 2 6 1 1192 4052 4051
5047 2 2 6 1 4052 4053 4051
5048 2 2 6 1 4052 1194 4053
5049 2 2 6 1 4051 4053 1187
5050 2 2 6 1 1192 4044 4052
5051 2 2 6 1 4044 4054 4052
5052 2 2 6 1 4044 485 4054
5053 2 2 6 1 4052 4054 1194
5054 2 2 6 1 1187 4053 4026
5055 2 2 6 1 4053 4055 4026
5056 2 2 6 1 4053 1194 4055
5057 2 2 6 1 4026 4055 311
5058 2 2 6 1 309 4033 3938
5059 2 2 6 1 4033 4056 3938
5060 2 2 6 1 4033 1189 4056
5061 2 2 6 1 3938 4056 1166
5062 2 2 6 1 1189 4057 4056
5063 2 2 6 1 4057 4058 4056
5064 2 2 6 1 4057 1195 4058
5065 2 2 6 1 4056 4058 1166
5066 2 2 6 1 1189 4032 4057
5067 2 2 6 1 4032 4059 4057
5068 2 2 6 1 4032 484 4059
5069 2 2 6 1 4057 4059 1195
5070 2 2 6 1 1166 4058 3942
5071 2 2 6 1 4058 4060 3942
5072 2 2 6 1 4058 1195 4060
5073 2 2 6 1 3942 4060 479
5074 2 2 6 1 484 4061 4059
5075 2 2 6 1 4061 4062 4059
5076 2 2 6 1 4061 1196 4062
5077 2 2 6 1 4059 4062 1195
5078 2 2 6 1 1196 4063 4062
5079 2 2 6 1 4063 4064 4062
5080 2 2 6 1 4063 1197 4064
5081 2 2 6 1 4062 4064 1195
5082 2 2 6 1 1196 4065 4063
5083 2 2 6 1 4065 4066 4063
5084 2 2 6 1 4065 486 4066
5085 2 2 6 1 4063 4066 1197
5086 2 2 6 1 1195 4064 4060
5087 2 2 6 1 4064 4067 4060
5088 2 2 6 1 4064 1197 4067
5089 2 2 6 1 4060 4067 479
5090 2 2 6 1 484 4028 4061
5091 2 2 6 1 4028 4068 4061
5092 2 2 6 1 4028 1188 4068
5093 2 2 6 1 4061 4068 1196
5094 2 2 6 1 1188 4069 4068
5095 2 2 6 1 4069 4070 4068
5096 2 2 6 1 4069 1198 4070
5097 2 2 6 1 4068 4070 1196
5098 2 2 6 1 1188 4027 4069
5099 2 2 6 1 4027 4071 4069
5100 2 2 6 1 4027 311 4071
5101 2 2 6 1 4069 4071 1198
5102 2 2 6 1 1196 4070 4065
5103 2 2 6 1 4070 4072 4065
5104 2 2 6 1 4070 1198 4072
5105 2 2 6 1 4065 4072 486
5106 2 2 6 1 479 4067 3952
5107 2 2 6 1 4067 4073 3952
5108 2 2 6 1 4067 1197 4073
5109 2 2 6 1 3952 4073 1170
5110 2 2 6 1 1197 4074 4073
5111 2 2 6 1 4074 4075 4073
5112 2 2 6 1 4074 1199 4075
5113 2 2 6 1 4073 4075 1170
5114 2 2 6 1 1197 4066 4074
5115 2 2 6 1 4066 4076 4074
5116 2 2 6 1 4066 486 4076
5117 2 2 6 1 4074 4076 1199
5118 2 2 6 1 1170 4075 3956
5119 2 2 6 1 4075 4077 3956
5120 2 2 6 1 4075 1199 4077
5121 2 2 6 1 3956 4077 269
5122 2 2 6 1 241 3985 240
5123 2 2 6 1 3985 4078 240
5124 2 2 6 1 3985 1177 4078
5125 2 2 6 1 240 4078 239
5126 2 2 6 1 1177 4079 4078
5127 2 2 6 1 4079 4080 4078
5128 2 2 6 1 4079 1200 4080
5129 2 2 6 1 4078 4080 239
5130 2 2 6 1 1177 3984 4079
5131 2 2 6 1 3984 4081 4079
5132 2 2 6 1 3984 481 4081
5133 2 2 6 1 4079 4081 1200
5134 2 2 6 1 239 4080 238
5135 2 2 6 1 4080 4082 238
5136 2 2 6 1 4080 1200 4082
5137 2 2 6 1 238 4082 237
5138 2 2 6 1 481 4083 4081
5139 2 2 6 1 4083 4084 4081
5140 2 2 6 1 4083 1201 4084
5141 2 2 6 1 4081 4084 1200
5142 2 2 6 1 1201 4085 4084
5143 2 2 6 1 4085 4086 4084
5144 2 2 6 1 4085 1202 4086
5145 2 2 6 1 4084 4086 1200
5146 2 2 6 1 1201 4087 4085
5147 2 2 6 1 4087 4088 4085
5148 2 2 6 1 4087 487 4088
5149 2 2 6 1 4085 4088 1202
5150 2 2 6 1 1200 4086 4082
5151 2 2 6 1 4086 4089 4082
5152 2 2 6 1 4086 1202 4089
5153 2 2 6 1 4082 4089 237
5154 2 2 6 1 481 3980 4083
5155 2 2 6 1 3980 4090 4083
5156 2 2 6 1 3980 1176 4090
5157 2 2 6 1 4083 4090 1201
5158 2 2 6 1 1176 4091 4090
5159 2 2 6 1 4091 4092 4090
5160 2 2 6 1 4091 1203 4092
5161 2 2 6 1 4090 4092 1201
5162 2 2 6 1 1176 3979 4091
5163 2 2 6 1 3979 4093 4091
5164 2 2 6 1 3979 310 4093
5165 2 2 6 1 4091 4093 1203
5166 2 2 6 1 1201 4092 4087
5167 2 2 6 1 4092 4094 4087
5168 2 2 6 1 4092 1203 4094
5169 2 2 6 1 4087 4094 487
5170 2 2 6 1 237 4089 236
5171 2 2 6 1 4089 4095 236
5172 2 2 6 1 4089 1202 4095
5173 2 2 6 1 236 4095 235
5174 2 2 6 1 1202 4096 4095
5175 2 2 6 1 4096 4097 4095
5176 2 2 6 1 4096 1204 4097
5177 2 2 6 1 4095 4097 235
5178 2 2 6 1 1202 4088 4096
5179 2 2 6 1 4088 4098 4096
5180 2 2 6 1 4088 487 4098
5181 2 2 6 1 4096 4098 1204
5182 2 2 6 1 235 4097 234
5183 2 2 6 1 4097 4099 234
5184 2 2 6 1 4097 1204 4099
5185 2 2 6 1 234 4099 233
5186 2 2 6 1 310 4100 4093
5187 2 2 6 1 4100 4101 4093
5188 2 2 6 1 4100 1205 4101
5189 2 2 6 1 4093 4101 1203
5190 2 2 6 1 1205 4102 4101
5191 2 2 6 1 4102 4103 4101
5192 2 2 6 1 4102 1206 4103
5193 2 2 6 1 4101 4103 1203
5194 2 2 6 1 1205 4104 4102
5195 2 2 6 1 4104 4105 4102
5196 2 2 6 1 4104 488 4105
5197 2 2 6 1 4102 4105 1206
5198 2 2 6 1 1203 4103 4094
5199 2 2 6 1 4103 4106 4094
5200 2 2 6 1 4103 1206 4106
5201 2 2 6 1 4094 4106 487
5202 2 2 6 1 488 4107 4105
5203 2 2 6 1 4107 4108 4105
5204 2 2 6 1 4107 1207 4108
5205 2 2 6 1 4105 4108 1206
5206 2 2 6 1 1207 4109 4108
5207 2 2 6 1 4109 4110 4108
5208 2 2 6 1 4109 1208 4110
5209 2 2 6 1 4108 4110 1206
5210 2 2 6 1 1207 4111 4109
5211 2 2 6 1 4111 4112 4109
5212 2 2 6 1 4111 489 4112
5213 2 2 6 1 4109 4112 1208
5214 2 2 6 1 1206 4110 4106
5215 2 2 6 1 4110 4113 4106
5216 2 2 6 1 4110 1208 4113
5217 2 2 6 1 4106 4113 487
5218 2 2 6 1 488 4114 4107
5219 2 2 6 1 4114 4115 4107
5220 2 2 6 1 4114 1209 4115
5221 2 2 6 1 4107 4115 1207
5222 2 2 6 1 1209 4116 4115
5223 2 2 6 1 4116 4117 4115
5224 2 2 6 1 4116 1210 4117
5225 2 2 6 1 4115 4117 1207
5226 2 2 6 1 1209 4118 4116
5227 2 2 6 1 4118 4119 4116
5228 2 2 6 1 4118 312 4119
5229 2 2 6 1 4116 4119 1210
5230 2 2 6 1 1207 4117 4111
5231 2 2 6 1 4117 4120 4111
5232 2 2 6 1 4117 1210 4120
5233 2 2 6 1 4111 4120 489
5234 2 2 6 1 487 4113 4098
5235 2 2 6 1 4113 4121 4098
5236 2 2 6 1 4113 1208 4121
5237 2 2 6 1 4098 4121 1204
5238 2 2 6 1 1208 4122 4121
5239 2 2 6 1 4122 4123 4121
5240 2 2 6 1 4122 1211 4123
5241 2 2 6 1 4121 4123 1204
5242 2 2 6 1 1208 4112 4122
5243 2 2 6 1 4112 4124 4122
5244 2 2 6 1 4112 489 4124
5245 2 2 6 1 4122 4124 1211
5246 2 2 6 1 1204 4123 4099
5247 2 2 6 1 4123 4125 4099
5248 2 2 6 1 4123 1211 4125
5249 2 2 6 1 4099 4125 233
5250 2 2 6 1 310 3963 4100
5251 2 2 6 1 3963 4126 4100
5252 2 2 6 1 3963 1172 4126
5253 2 2 6 1 4100 4126 1205
5254 2 2 6 1 1172 4127 4126
5255 2 2 6 1 4127 4128 4126
5256 2 2 6 1 4127 1212 4128
5257 2 2 6 1 4126 4128 1205
5258 2 2 6 1 1172 3962 4127
5259 2 2 6 1 3962 4129 4127
5260 2 2 6 1 3962 480 4129
5261 2 2 6 1 4127 4129 1212
5262 2 2 6 1 1205 4128 4104
5263 2 2 6 1 4128 4130 4104
5264 2 2 6 1 4128 1212 4130
5265 2 2 6 1 4104 4130 488
5266 2 2 6 1 480 4131 4129
5267 2 2 6 1 4131 4132 4129
5268 2 2 6 1 4131 1213 4132
5269 2 2 6 1 4129 4132 1212
5270 2 2 6 1 1213 4133 4132
5271 2 2 6 1 4133 4134 4132
5272 2 2 6 1 4133 1214 4134
5273 2 2 6 1 4132 4134 1212
5274 2 2 6 1 1213 4135 4133
5275 2 2 6 1 4135 4136 4133
5276 2 2 6 1 4135 490 4136
5277 2 2 6 1 4133 4136 1214
5278 2 2 6 1 1212 4134 4130
5279 2 2 6 1 4134 4137 4130
5280 2 2 6 1 4134 1214 4137
5281 2 2 6 1 4130 4137 488
5282 2 2 6 1 480 3958 4131
5283 2 2 6 1 3958 4138 4131
5284 2 2 6 1 3958 1171 4138
5285 2 2 6 1 4131 4138 1213
5286 2 2 6 1 1171 4139 4138
5287 2 2 6 1 4139 4140 4138
5288 2 2 6 1 4139 1215 4140
5289 2 2 6 1 4138 4140 1213
5290 2 2 6 1 1171 3957 4139
5291 2 2 6 1 3957 4141 4139
5292 2 2 6 1 3957 269 4141
5293 2 2 6 1 4139 4141 1215
5294 2 2 6 1 1213 4140 4135
5295 2 2 6 1 4140 4142 4135
5296 2 2 6 1 4140 1215 4142
5297 2 2 6 1 4135 4142 490
5298 2 2 6 1 488 4137 4114
5299 2 2 6 1 4137 4143 4114
5300 2 2 6 1 4137 1214 4143
5301 2 2 6 1 4114 4143 1209
5302 2 2 6 1 1214 4144 4143
5303 2 2 6 1 4144 4145 4143
5304 2 2 6 1 4144 1216 4145
5305 2 2 6 1 4143 4145 1209
5306 2 2 6 1 1214 4136 4144
5307 2 2 6 1 4136 4146 4144
5308 2 2 6 1 4136 490 4146
5309 2 2 6 1 4144 4146 1216
5310 2 2 6 1 1209 4145 4118
5311 2 2 6 1 4145 4147 4118
5312 2 2 6 1 4145 1216 4147
5313 2 2 6 1 4118 4147 312
5314 2 2 6 1 233 4125 232
5315 2 2 6 1 4125 4148 232
5316 2 2 6 1 4125 1211 4148
5317 2 2 6 1 232 4148 231
5318 2 2 6 1 1211 4149 4148
5319 2 2 6 1 4149 4150 4148
5320 2 2 6 1 4149 1217 4150
5321 2 2 6 1 4148 4150 231
5322 2 2 6 1 1211 4124 4149
5323 2 2 6 1 4124 4151 4149
5324 2 2 6 1 4124 489 4151
5325 2 2 6 1 4149 4151 1217
5326 2 2 6 1 231 4150 230
5327 2 2 6 1 4150 4152 230
5328 2 2 6 1 4150 1217 4152
5329 2 2 6 1 230 4152 229
5330 2 2 6 1 489 4153 4151
5331 2 2 6 1 4153 4154 4151
5332 2 2 6 1 4153 1218 4154
5333 2 2 6 1 4151 4154 1217
5334 2 2 6 1 1218 4155 4154
5335 2 2 6 1 4155 4156 4154
5336 2 2 6 1 4155 1219 4156
5337 2 2 6 1 4154 4156 1217
5338 2 2 6 1 1218 4157 4155
5339 2 2 6 1 4157 4158 4155
5340 2 2 6 1 4157 491 4158
5341 2 2 6 1 4155 4158 1219
5342 2 2 6 1 1217 4156 4152
5343 2 2 6 1 4156 4159 4152
5344 2 2 6 1 4156 1219 4159
5345 2 2 6 1 4152 4159 229
5346 2 2 6 1 489 4120 4153
5347 2 2 6 1 4120 4160 4153
5348 2 2 6 1 4120 1210 4160
5349 2 2 6 1 4153 4160 1218
5350 2 2 6 1 1210 4161 4160
5351 2 2 6 1 4161 4162 4160
5352 2 2 6 1 4161 1220 4162
5353 2 2 6 1 4160 4162 1218
5354 2 2 6 1 1210 4119 4161
5355 2 2 6 1 4119 4163 4161
5356 2 2 6 1 4119 312 4163
5357 2 2 6 1 4161 4163 1220
5358 2 2 6 1 1218 4162 4157
5359 2 2 6 1 4162 4164 4157
5360 2 2 6 1 4162 1220 4164
5361 2 2 6 1 4157 4164 491
5362 2 2 6 1 229 4159 228
5363 2 2 6 1 4159 4165 228
5364 2 2 6 1 4159 1219 4165
5365 2 2 6 1 228 4165 227
5366 2 2 6 1 1219 4166 4165
5367 2 2 6 1 4166 4167 4165
5368 2 2 6 1 4166 1221 4167
5369 2 2 6 1 4165 4167 227
5370 2 2 6 1 1219 4158 4166
5371 2 2 6 1 4158 4168 4166
5372 2 2 6 1 4158 491 4168
5373 2 2 6 1 4166 4168 1221
5374 2 2 6 1 227 4167 226
5375 2 2 6 1 4167 4169 226
5376 2 2 6 1 4167 1221 4169
5377 2 2 6 1 226 4169 225
5378 2 2 6 1 259 4170 4049
5379 2 2 6 1 4170 4171 4049
5380 2 2 6 1 4170 1222 4171
5381 2 2 6 1 4049 4171 1193
5382 2 2 6 1 1222 4172 4171
5383 2 2 6 1 4172 4173 4171
5384 2 2 6 1 4172 1223 4173
5385 2 2 6 1 4171 4173 1193
5386 2 2 6 1 1222 4174 4172
5387 2 2 6 1 4174 4175 4172
5388 2 2 6 1 4174 492 4175
5389 2 2 6 1 4172 4175 1223
5390 2 2 6 1 1193 4173 4050
5391 2 2 6 1 4173 4176 4050
5392 2 2 6 1 4173 1223 4176
5393 2 2 6 1 4050 4176 485
5394 2 2 6 1 492 4177 4175
5395 2 2 6 1 4177 4178 4175
5396 2 2 6 1 4177 1224 4178
5397 2 2 6 1 4175 4178 1223
5398 2 2 6 1 1224 4179 4178
5399 2 2 6 1 4179 4180 4178
5400 2 2 6 1 4179 1225 4180
5401 2 2 6 1 4178 4180 1223
5402 2 2 6 1 1224 4181 4179
5403 2 2 6 1 4181 4182 4179
5404 2 2 6 1 4181 493 4182
5405 2 2 6 1 4179 4182 1225
5406 2 2 6 1 1223 4180 4176
5407 2 2 6 1 4180 4183 4176
5408 2 2 6 1 4180 1225 4183
5409 2 2 6 1 4176 4183 485
5410 2 2 6 1 492 4184 4177
5411 2 2 6 1 4184 4185 4177
5412 2 2 6 1 4184 1226 4185
5413 2 2 6 1 4177 4185 1224
5414 2 2 6 1 1226 4186 4185
5415 2 2 6 1 4186 4187 4185
5416 2 2 6 1 4186 1227 4187
5417 2 2 6 1 4185 4187 1224
5418 2 2 6 1 1226 4188 4186
5419 2 2 6 1 4188 4189 4186
5420 2 2 6 1 4188 313 4189
5421 2 2 6 1 4186 4189 1227
5422 2 2 6 1 1224 4187 4181
5423 2 2 6 1 4187 4190 4181
5424 2 2 6 1 4187 1227 4190
5425 2 2 6 1 4181 4190 493
5426 2 2 6 1 485 4183 4054
5427 2 2 6 1 4183 4191 4054
5428 2 2 6 1 4183 1225 4191
5429 2 2 6 1 4054 4191 1194
5430 2 2 6 1 1225 4192 4191
5431 2 2 6 1 4192 4193 4191
5432 2 2 6 1 4192 1228 4193
5433 2 2 6 1 4191 4193 1194
5434 2 2 6 1 1225 4182 4192
5435 2 2 6 1 4182 4194 4192
5436 2 2 6 1 4182 493 4194
5437 2 2 6 1 4192 4194 1228
5438 2 2 6 1 1194 4193 4055
5439 2 2 6 1 4193 4195 4055
5440 2 2 6 1 4193 1228 4195
5441 2 2 6 1 4055 4195 311
5442 2 2 6 1 313 4196 4189
5443 2 2 6 1 4196 4197 4189
5444 2 2 6 1 4196 1229 4197
5445 2 2 6 1 4189 4197 1227
5446 2 2 6 1 1229 4198 4197
5447 2 2 6 1 4198 4199 4197
5448 2 2 6 1 4198 1230 4199
5449 2 2 6 1 4197 4199 1227
5450 2 2 6 1 1229 4200 4198
5451 2 2 6 1 4200 4201 4198
5452 2 2 6 1 4200 494 4201
5453 2 2 6 1 4198 4201 1230
5454 2 2 6 1 1227 4199 4190
5455 2 2 6 1 4199 4202 4190
5456 2 2 6 1 4199 1230 4202
5457 2 2 6 1 4190 4202 493
5458 2 2 6 1 494 4203 4201
5459 2 2 6 1 4203 4204 4201
5460 2 2 6 1 4203 1231 4204
5461 2 2 6 1 4201 4204 1230
5462 2 2 6 1 1231 4205 4204
5463 2 2 6 1 4205 4206 4204
5464 2 2 6 1 4205 1232 4206
5465 2 2 6 1 4204 4206 1230
5466 2 2 6 1 1231 4207 4205
5467 2 2 6 1 4207 4208 4205
5468 2 2 6 1 4207 495 4208
5469 2 2 6 1 4205 4208 1232
5470 2 2 6 1 1230 4206 4202
5471 2 2 6 1 4206 4209 4202
5472 2 2 6 1 4206 1232 4209
5473 2 2 6 1 4202 4209 493
5474 2 2 6 1 494 4210 4203
5475 2 2 6 1 4210 4211 4203
5476 2 2 6 1 4210 1233 4211
5477 2 2 6 1 4203 4211 1231
5478 2 2 6 1 1233 4212 4211
5479 2 2 6 1 4212 4213 4211
5480 2 2 6 1 4212 1234 4213
5481 2 2 6 1 4211 4213 1231
5482 2 2 6 1 1233 4214 4212
5483 2 2 6 1 4214 4215 4212
5484 2 2 6 1 4214 314 4215
5485 2 2 6 1 4212 4215 1234
5486 2 2 6 1 1231 4213 4207
5487 2 2 6 1 4213 4216 4207
5488 2 2 6 1 4213 1234 4216
5489 2 2 6 1 4207 4216 495
5490 2 2 6 1 493 4209 4194
5491 2 2 6 1 4209 4217 4194
5492 2 2 6 1 4209 1232 4217
5493 2 2 6 1 4194 4217 1228
5494 2 2 6 1 1232 4218 4217
5495 2 2 6 1 4218 4219 4217
5496 2 2 6 1 4218 1235 4219
5497 2 2 6 1 4217 4219 1228
5498 2 2 6 1 1232 4208 4218
5499 2 2 6 1 4208 4220 4218
5500 2 2 6 1 4208 495 4220
5501 2 2 6 1 4218 4220 1235
5502 2 2 6 1 1228 4219 4195
5503 2 2 6 1 4219 4221 4195
5504 2 2 6 1 4219 1235 4221
5505 2 2 6 1 4195 4221 311
5506 2 2 6 1 313 4222 4196
5507 2 2 6 1 4222 4223 4196
5508 2 2 6 1 4222 1236 4223
5509 2 2 6 1 4196 4223 1229
5510 2 2 6 1 1236 4224 4223
5511 2 2 6 1 4224 4225 4223
5512 2 2 6 1 4224 1237 4225
5513 2 2 6 1 4223 4225 1229
5514 2 2 6 1 1236 4226 4224
5515 2 2 6 1 4226 4227 4224
5516 2 2 6 1 4226 496 4227
5517 2 2 6 1 4224 4227 1237
5518 2 2 6 1 1229 4225 4200
5519 2 2 6 1 4225 4228 4200
5520 2 2 6 1 4225 1237 4228
5521 2 2 6 1 4200 4228 494
5522 2 2 6 1 496 4229 4227
5523 2 2 6 1 4229 4230 4227
5524 2 2 6 1 4229 1238 4230
5525 2 2 6 1 4227 4230 1237
5526 2 2 6 1 1238 4231 4230
5527 2 2 6 1 4231 4232 4230
5528 2 2 6 1 4231 1239 4232
5529 2 2 6 1 4230 4232 1237
5530 2 2 6 1 1238 4233 4231
5531 2 2 6 1 4233 4234 4231
5532 2 2 6 1 4233 497 4234
5533 2 2 6 1 4231 4234 1239
5534 2 2 6 1 1237 4232 4228
5535 2 2 6 1 4232 4235 4228
5536 2 2 6 1 4232 1239 4235
5537 2 2 6 1 4228 4235 494
5538 2 2 6 1 496 4236 4229
5539 2 2 6 1 4236 4237 4229
5540 2 2 6 1 4236 1240 4237
5541 2 2 6 1 4229 4237 1238
5542 2 2 6 1 1240 4238 4237
5543 2 2 6 1 4238 4239 4237
5544 2 2 6 1 4238 1241 4239
5545 2 2 6 1 4237 4239 1238
5546 2 2 6 1 1240 4240 4238
5547 2 2 6 1 4240 4241 4238
5548 2 2 6 1 4240 270 4241
5549 2 2 6 1 4238 4241 1241
5550 2 2 6 1 1238 4239 4233
5551 2 2 6 1 4239 4242 4233
5552 2 2 6 1 4239 1241 4242
5553 2 2 6 1 4233 4242 497
5554 2 2 6 1 494 4235 4210
5555 2 2 6 1 4235 4243 4210
5556 2 2 6 1 4235 1239 4243
5557 2 2 6 1 4210 4243 1233
5558 2 2 6 1 1239 4244 4243
5559 2 2 6 1 4244 4245 4243
5560 2 2 6 1 4244 1242 4245
5561 2 2 6 1 4243 4245 1233
5562 2 2 6 1 1239 4234 4244
5563 2 2 6 1 4234 4246 4244
5564 2 2 6 1 4234 497 4246
5565 2 2 6 1 4244 4246 1242
5566 2 2 6 1 1233 4245 4214
5567 2 2 6 1 4245 4247 4214
5568 2 2 6 1 4245 1242 4247
5569 2 2 6 1 4214 4247 314
5570 2 2 6 1 311 4221 4071
5571 2 2 6 1 4221 4248 4071
5572 2 2 6 1 4221 1235 4248
5573 2 2 6 1 4071 4248 1198
5574 2 2 6 1 1235 4249 4248
5575 2 2 6 1 4249 4250 4248
5576 2 2 6 1 4249 1243 4250
5577 2 2 6 1 4248 4250 1198
5578 2 2 6 1 1235 4220 4249
5579 2 2 6 1 4220 4251 4249
5580 2 2 6 1 4220 495 4251
5581 2 2 6 1 4249 4251 1243
5582 2 2 6 1 1198 4250 4072
5583 2 2 6 1 4250 4252 4072
5584 2 2 6 1 4250 1243 4252
5585 2 2 6 1 4072 4252 486
5586 2 2 6 1 495 4253 4251
5587 2 2 6 1 4253 4254 4251
5588 2 2 6 1 4253 1244 4254
5589 2 2 6 1 4251 4254 1243
5590 2 2 6 1 1244 4255 4254
5591 2 2 6 1 4255 4256 4254
5592 2 2 6 1 4255 1245 4256
5593 2 2 6 1 4254 4256 1243
5594 2 2 6 1 1244 4257 4255
5595 2 2 6 1 4257 4258 4255
5596 2 2 6 1 4257 498 4258
5597 2 2 6 1 4255 4258 1245
5598 2 2 6 1 1243 4256 4252
5599 2 2 6 1 4256 4259 4252
5600 2 2 6 1 4256 1245 4259
5601 2 2 6 1 4252 4259 486
5602 2 2 6 1 495 4216 4253
5603 2 2 6 1 4216 4260 4253
5604 2 2 6 1 4216 1234 4260
5605 2 2 6 1 4253 4260 1244
5606 2 2 6 1 1234 4261 4260
5607 2 2 6 1 4261 4262 4260
5608 2 2 6 1 4261 1246 4262
5609 2 2 6 1 4260 4262 1244
5610 2 2 6 1 1234 4215 4261
5611 2 2 6 1 4215 4263 4261
5612 2 2 6 1 4215 314 4263
5613 2 2 6 1 4261 4263 1246
5614 2 2 6 1 1244 4262 4257
5615 2 2 6 1 4262 4264 4257
5616 2 2 6 1 4262 1246 4264
5617 2 2 6 1 4257 4264 498
5618 2 2 6 1 486 4259 4076
5619 2 2 6 1 4259 4265 4076
5620 2 2 6 1 4259 1245 4265
5621 2 2 6 1 4076 4265 1199
5622 2 2 6 1 1245 4266 4265
5623 2 2 6 1 4266 4267 4265
5624 2 2 6 1 4266 1247 4267
5625 2 2 6 1 4265 4267 1199
5626 2 2 6 1 1245 4258 4266
5627 2 2 6 1 4258 4268 4266
5628 2 2 6 1 4258 498 4268
5629 2 2 6 1 4266 4268 1247
5630 2 2 6 1 1199 4267 4077
5631 2 2 6 1 4267 4269 4077
5632 2 2 6 1 4267 1247 4269
5633 2 2 6 1 4077 4269 269
5634 2 2 6 1 270 4270 4241
5635 2 2 6 1 4270 4271 4241
5636 2 2 6 1 4270 1248 4271
5637 2 2 6 1 4241 4271 1241
5638 2 2 6 1 1248 4272 4271
5639 2 2 6 1 4272 4273 4271
5640 2 2 6 1 4272 1249 4273
5641 2 2 6 1 4271 4273 1241
5642 2 2 6 1 1248 4274 4272
5643 2 2 6 1 4274 4275 4272
5644 2 2 6 1 4274 499 4275
5645 2 2 6 1 4272 4275 1249
5646 2 2 6 1 1241 4273 4242
5647 2 2 6 1 4273 4276 4242
5648 2 2 6 1 4273 1249 4276
5649 2 2 6 1 4242 4276 497
5650 2 2 6 1 499 4277 4275
5651 2 2 6 1 4277 4278 4275
5652 2 2 6 1 4277 1250 4278
5653 2 2 6 1 4275 4278 1249
5654 2 2 6 1 1250 4279 4278
5655 2 2 6 1 4279 4280 4278
5656 2 2 6 1 4279 1251 4280
5657 2 2 6 1 4278 4280 1249
5658 2 2 6 1 1250 4281 4279
5659 2 2 6 1 4281 4282 4279
5660 2 2 6 1 4281 500 4282
5661 2 2 6 1 4279 4282 1251
5662 2 2 6 1 1249 4280 4276
5663 2 2 6 1 4280 4283 4276
5664 2 2 6 1 4280 1251 4283
5665 2 2 6 1 4276 4283 497
5666 2 2 6 1 499 4284 4277
5667 2 2 6 1 4284 4285 4277
5668 2 2 6 1 4284 1252 4285
5669 2 2 6 1 4277 4285 1250
5670 2 2 6 1 1252 4286 4285
5671 2 2 6 1 4286 4287 4285
5672 2 2 6 1 4286 1253 4287
5673 2 2 6 1 4285 4287 1250
5674 2 2 6 1 1252 4288 4286
5675 2 2 6 1 4288 4289 4286
5676 2 2 6 1 4288 315 4289
5677 2 2 6 1 4286 4289 1253
5678 2 2 6 1 1250 4287 4281
5679 2 2 6 1 4287 4290 4281
5680 2 2 6 1 4287 1253 4290
5681 2 2 6 1 4281 4290 500
5682 2 2 6 1 497 4283 4246
5683 2 2 6 1 4283 4291 4246
5684 2 2 6 1 4283 1251 4291
5685 2 2 6 1 4246 4291 1242
5686 2 2 6 1 1251 4292 4291
5687 2 2 6 1 4292 4293 4291
5688 2 2 6 1 4292 1254 4293
5689 2 2 6 1 4291 4293 1242
5690 2 2 6 1 1251 4282 4292
5691 2 2 6 1 4282 4294 4292
5692 2 2 6 1 4282 500 4294
5693 2 2 6 1 4292 4294 1254
5694 2 2 6 1 1242 4293 4247
5695 2 2 6 1 4293 4295 4247
5696 2 2 6 1 4293 1254 4295
5697 2 2 6 1 4247 4295 314
5698 2 2 6 1 315 4296 4289
5699 2 2 6 1 4296 4297 4289
5700 2 2 6 1 4296 1255 4297
5701 2 2 6 1 4289 4297 1253
5702 2 2 6 1 1255 4298 4297
5703 2 2 6 1 4298 4299 4297
5704 2 2 6 1 4298 1256 4299
5705 2 2 6 1 4297 4299 1253
5706 2 2 6 1 1255 4300 4298
5707 2 2 6 1 4300 4301 4298
5708 2 2 6 1 4300 501 4301
5709 2 2 6 1 4298 4301 1256
5710 2 2 6 1 1253 4299 4290
5711 2 2 6 1 4299 4302 4290
5712 2 2 6 1 4299 1256 4302
5713 2 2 6 1 4290 4302 500
5714 2 2 6 1 501 4303 4301
5715 2 2 6 1 4303 4304 4301
5716 2 2 6 1 4303 1257 4304
5717 2 2 6 1 4301 4304 1256
5718 2 2 6 1 1257 4305 4304
5719 2 2 6 1 4305 4306 4304
5720 2 2 6 1 4305 1258 4306
5721 2 2 6 1 4304 4306 1256
5722 2 2 6 1 1257 4307 4305
5723 2 2 6 1 4307 4308 4305
5724 2 2 6 1 4307 502 4308
5725 2 2 6 1 4305 4308 1258
5726 2 2 6 1 1256 4306 4302
5727 2 2 6 1 4306 4309 4302
5728 2 2 6 1 4306 1258 4309
5729 2 2 6 1 4302 4309 500
5730 2 2 6 1 501 4310 4303
5731 2 2 6 1 4310 4311 4303
5732 2 2 6 1 4310 1259 4311
5733 2 2 6 1 4303 4311 1257
5734 2 2 6 1 1259 4312 4311
5735 2 2 6 1 4312 4313 4311
5736 2 2 6 1 4312 1260 4313
5737 2 2 6 1 4311 4313 1257
5738 2 2 6 1 1259 4314 4312
5739 2 2 6 1 4314 4315 4312
5740 2 2 6 1 4314 316 4315
5741 2 2 6 1 4312 4315 1260
5742 2 2 6 1 1257 4313 4307
5743 2 2 6 1 4313 4316 4307
5744 2 2 6 1 4313 1260 4316
5745 2 2 6 1 4307 4316 502
5746 2 2 6 1 500 4309 4294
5747 2 2 6 1 4309 4317 4294
5748 2 2 6 1 4309 1258 4317
5749 2 2 6 1 4294 4317 1254
5750 2 2 6 1 1258 4318 4317
5751 2 2 6 1 4318 4319 4317
5752 2 2 6 1 4318 1261 4319
5753 2 2 6 1 4317 4319 1254
5754 2 2 6 1 1258 4308 4318
5755 2 2 6 1 4308 4320 4318
5756 2 2 6 1 4308 502 4320
5757 2 2 6 1 4318 4320 1261
5758 2 2 6 1 1254 4319 4295
5759 2 2 6 1 4319 4321 4295
5760 2 2 6 1 4319 1261 4321
5761 2 2 6 1 4295 4321 314
5762 2 2 6 1 315 4322 4296
5763 2 2 6 1 4322 4323 4296
5764 2 2 6 1 4322 1262 4323
5765 2 2 6 1 4296 4323 1255
5766 2 2 6 1 1262 4324 4323
5767 2 2 6 1 4324 4325 4323
5768 2 2 6 1 4324 1263 4325
5769 2 2 6 1 4323 4325 1255
5770 2 2 6 1 1262 4326 4324
5771 2 2 6 1 4326 4327 4324
5772 2 2 6 1 4326 503 4327
5773 2 2 6 1 4324 4327 1263
5774 2 2 6 1 1255 4325 4300
5775 2 2 6 1 4325 4328 4300
5776 2 2 6 1 4325 1263 4328
5777 2 2 6 1 4300 4328 501
5778 2 2 6 1 503 4329 4327
5779 2 2 6 1 4329 4330 4327
5780 2 2 6 1 4329 1264 4330
5781 2 2 6 1 4327 4330 1263
5782 2 2 6 1 1264 4331 4330
5783 2 2 6 1 4331 4332 4330
5784 2 2 6 1 4331 1265 4332
5785 2 2 6 1 4330 4332 1263
5786 2 2 6 1 1264 4333 4331
5787 2 2 6 1 4333 4334 4331
5788 2 2 6 1 4333 504 4334
5789 2 2 6 1 4331 4334 1265
5790 2 2 6 1 1263 4332 4328
5791 2 2 6 1 4332 4335 4328
5792 2 2 6 1 4332 1265 4335
5793 2 2 6 1 4328 4335 501
5794 2 2 6 1 503 4336 4329
5795 2 2 6 1 4336 4337 4329
5796 2 2 6 1 4336 1266 4337
5797 2 2 6 1 4329 4337 1264
5798 2 2 6 1 1266 4338 4337
5799 2 2 6 1 4338 4339 4337
5800 2 2 6 1 4338 1267 4339
5801 2 2 6 1 4337 4339 1264
5802 2 2 6 1 1266 4340 4338
5803 2 2 6 1 4340 4341 4338
5804 2 2 6 1 4340 271 4341
5805 2 2 6 1 4338 4341 1267
5806 2 2 6 1 1264 4339 4333
5807 2 2 6 1 4339 4342 4333
5808 2 2 6 1 4339 1267 4342
5809 2 2 6 1 4333 4342 504
5810 2 2 6 1 501 4335 4310
5811 2 2 6 1 4335 4343 4310
5812 2 2 6 1 4335 1265 4343
5813 2 2 6 1 4310 4343 1259
5814 2 2 6 1 1265 4344 4343
5815 2 2 6 1 4344 4345 4343
5816 2 2 6 1 4344 1268 4345
5817 2 2 6 1 4343 4345 1259
5818 2 2 6 1 1265 4334 4344
5819 2 2 6 1 4334 4346 4344
5820 2 2 6 1 4334 504 4346
5821 2 2 6 1 4344 4346 1268
5822 2 2 6 1 1259 4345 4314
5823 2 2 6 1 4345 4347 4314
5824 2 2 6 1 4345 1268 4347
5825 2 2 6 1 4314 4347 316
5826 2 2 6 1 314 4321 4263
5827 2 2 6 1 4321 4348 4263
5828 2 2 6 1 4321 1261 4348
5829 2 2 6 1 4263 4348 1246
5830 2 2 6 1 1261 4349 4348
5831 2 2 6 1 4349 4350 4348
5832 2 2 6 1 4349 1269 4350
5833 2 2 6 1 4348 4350 1246
5834 2 2 6 1 1261 4320 4349
5835 2 2 6 1 4320 4351 4349
5836 2 2 6 1 4320 502 4351
5837 2 2 6 1 4349 4351 1269
5838 2 2 6 1 1246 4350 4264
5839 2 2 6 1 4350 4352 4264
5840 2 2 6 1 4350 1269 4352
5841 2 2 6 1 4264 4352 498
5842 2 2 6 1 502 4353 4351
5843 2 2 6 1 4353 4354 4351
5844 2 2 6 1 4353 1270 4354
5845 2 2 6 1 4351 4354 1269
5846 2 2 6 1 1270 4355 4354
5847 2 2 6 1 4355 4356 4354
5848 2 2 6 1 4355 1271 4356
5849 2 2 6 1 4354 4356 1269
5850 2 2 6 1 1270 4357 4355
5851 2 2 6 1 4357 4358 4355
5852 2 2 6 1 4357 505 4358
5853 2 2 6 1 4355 4358 1271
5854 2 2 6 1 1269 4356 4352
5855 2 2 6 1 4356 4359 4352
5856 2 2 6 1 4356 1271 4359
5857 2 2 6 1 4352 4359 498
5858 2 2 6 1 502 4316 4353
5859 2 2 6 1 4316 4360 4353
5860 2 2 6 1 4316 1260 4360
5861 2 2 6 1 4353 4360 1270
5862 2 2 6 1 1260 4361 4360
5863 2 2 6 1 4361 4362 4360
5864 2 2 6 1 4361 1272 4362
5865 2 2 6 1 4360 4362 1270
5866 2 2 6 1 1260 4315 4361
5867 2 2 6 1 4315 4363 4361
5868 2 2 6 1 4315 316 4363
5869 2 2 6 1 4361 4363 1272
5870 2 2 6 1 1270 4362 4357
5871 2 2 6 1 4362 4364 4357
5872 2 2 6 1 4362 1272 4364
5873 2 2 6 1 4357 4364 505
5874 2 2 6 1 498 4359 4268
5875 2 2 6 1 4359 4365 4268
5876 2 2 6 1 4359 1271 4365
5877 2 2 6 1 4268 4365 1247
5878 2 2 6 1 1271 4366 4365
5879 2 2 6 1 4366 4367 4365
5880 2 2 6 1 4366 1273 4367
5881 2 2 6 1 4365 4367 1247
5882 2 2 6 1 1271 4358 4366
5883 2 2 6 1 4358 4368 4366
5884 2 2 6 1 4358 505 4368
5885 2 2 6 1 4366 4368 1273
5886 2 2 6 1 1247 4367 4269
5887 2 2 6 1 4367 4369 4269
5888 2 2 6 1 4367 1273 4369
5889 2 2 6 1 4269 4369 269
5890 2 2 6 1 270 4370 4270
5891 2 2 6 1 4370 4371 4270
5892 2 2 6 1 4370 1274 4371
5893 2 2 6 1 4270 4371 1248
5894 2 2 6 1 1274 4372 4371
5895 2 2 6 1 4372 4373 4371
5896 2 2 6 1 4372 1275 4373
5897 2 2 6 1 4371 4373 1248
5898 2 2 6 1 1274 4374 4372
5899 2 2 6 1 4374 4375 4372
5900 2 2 6 1 4374 506 4375
5901 2 2 6 1 4372 4375 1275
5902 2 2 6 1 1248 4373 4274
5903 2 2 6 1 4373 4376 4274
5904 2 2 6 1 4373 1275 4376
5905 2 2 6 1 4274 4376 499
5906 2 2 6 1 506 4377 4375
5907 2 2 6 1 4377 4378 4375
5908 2 2 6 1 4377 1276 4378
5909 2 2 6 1 4375 4378 1275
5910 2 2 6 1 1276 4379 4378
5911 2 2 6 1 4379 4380 4378
5912 2 2 6 1 4379 1277 4380
5913 2 2 6 1 4378 4380 1275
5914 2 2 6 1 1276 4381 4379
5915 2 2 6 1 4381 4382 4379
5916 2 2 6 1 4381 507 4382
5917 2 2 6 1 4379 4382 1277
5918 2 2 6 1 1275 4380 4376
5919 2 2 6 1 4380 4383 4376
5920 2 2 6 1 4380 1277 4383
5921 2 2 6 1 4376 4383 499
5922 2 2 6 1 506 4384 4377
5923 2 2 6 1 4384 4385 4377
5924 2 2 6 1 4384 1278 4385
5925 2 2 6 1 4377 4385 1276
5926 2 2 6 1 1278 4386 4385
5927 2 2 6 1 4386 4387 4385
5928 2 2 6 1 4386 1279 4387
5929 2 2 6 1 4385 4387 1276
5930 2 2 6 1 1278 4388 4386
5931 2 2 6 1 4388 4389 4386
5932 2 2 6 1 4388 317 4389
5933 2 2 6 1 4386 4389 1279
5934 2 2 6 1 1276 4387 4381
5935 2 2 6 1 4387 4390 4381
5936 2 2 6 1 4387 1279 4390
5937 2 2 6 1 4381 4390 507
5938 2 2 6 1 499 4383 4284
5939 2 2 6 1 4383 4391 4284
5940 2 2 6 1 4383 1277 4391
5941 2 2 6 1 4284 4391 1252
5942 2 2 6 1 1277 4392 4391
5943 2 2 6 1 4392 4393 4391
5944 2 2 6 1 4392 1280 4393
5945 2 2 6 1 4391 4393 1252
5946 2 2 6 1 1277 4382 4392
5947 2 2 6 1 4382 4394 4392
5948 2 2 6 1 4382 507 4394
5949 2 2 6 1 4392 4394 1280
5950 2 2 6 1 1252 4393 4288
5951 2 2 6 1 4393 4395 4288
5952 2 2 6 1 4393 1280 4395
5953 2 2 6 1 4288 4395 315
5954 2 2 6 1 317 4396 4389
5955 2 2 6 1 4396 4397 4389
5956 2 2 6 1 4396 1281 4397
5957 2 2 6 1 4389 4397 1279
5958 2 2 6 1 1281 4398 4397
5959 2 2 6 1 4398 4399 4397
5960 2 2 6 1 4398 1282 4399
5961 2 2 6 1 4397 4399 1279
5962 2 2 6 1 1281 4400 4398
5963 2 2 6 1 4400 4401 4398
5964 2 2 6 1 4400 508 4401
5965 2 2 6 1 4398 4401 1282
5966 2 2 6 1 1279 4399 4390
5967 2 2 6 1 4399 4402 4390
5968 2 2 6 1 4399 1282 4402
5969 2 2 6 1 4390 4402 507
5970 2 2 6 1 508 4403 4401
5971 2 2 6 1 4403 4404 4401
5972 2 2 6 1 4403 1283 4404
5973 2 2 6 1 4401 4404 1282
5974 2 2 6 1 1283 4405 4404
5975 2 2 6 1 4405 4406 4404
5976 2 2 6 1 4405 1284 4406
5977 2 2 6 1 4404 4406 1282
5978 2 2 6 1 1283 4407 4405
5979 2 2 6 1 4407 4408 4405
5980 2 2 6 1 4407 509 4408
5981 2 2 6 1 4405 4408 1284
5982 2 2 6 1 1282 4406 4402
5983 2 2 6 1 4406 4409 4402
5984 2 2 6 1 4406 1284 4409
5985 2 2 6 1 4402 4409 507
5986 2 2 6 1 508 4410 4403
5987 2 2 6 1 4410 4411 4403
5988 2 2 6 1 4410 1285 4411
5989 2 2 6 1 4403 4411 1283
5990 2 2 6 1 1285 4412 4411
5991 2 2 6 1 4412 4413 4411
5992 2 2 6 1 4412 1286 4413
5993 2 2 6 1 4411 4413 1283
5994 2 2 6 1 1285 4414 4412
5995 2 2 6 1 4414 4415 4412
5996 2 2 6 1 4414 318 4415
5997 2 2 6 1 4412 4415 1286
5998 2 2 6 1 1283 4413 4407
5999 2 2 6 1 4413 4416 4407
6000 2 2 6 1 4413 1286 4416
6001 2 2 6 1 4407 4416 509
6002 2 2 6 1 507 4409 4394
6003 2 2 6 1 4409 4417 4394
6004 2 2 6 1 4409 1284 4417
6005 2 2 6 1 4394 4417 1280
6006 2 2 6 1 1284 4418 4417
6007 2 2 6 1 4418 4419 4417
6008 2 2 6 1 4418 1287 4419
6009 2 2 6 1 4417 4419 1280
6010 2 2 6 1 1284 4408 4418
6011 2 2 6 1 4408 4420 4418
6012 2 2 6 1 4408 509 4420
6013 2 2 6 1 4418 4420 1287
6014 2 2 6 1 1280 4419 4395
6015 2 2 6 1 4419 4421 4395
6016 2 2 6 1 4419 1287 4421
6017 2 2 6 1 4395 4421 315
6018 2 2 6 1 317 4422 4396
6019 2 2 6 1 4422 4423 4396
6020 2 2 6 1 4422 1288 4423
6021 2 2 6 1 4396 4423 1281
6022 2 2 6 1 1288 4424 4423
6023 2 2 6 1 4424 4425 4423
6024 2 2 6 1 4424 1289 4425
6025 2 2 6 1 4423 4425 1281
6026 2 2 6 1 1288 4426 4424
6027 2 2 6 1 4426 4427 4424
6028 2 2 6 1 4426 510 4427
6029 2 2 6 1 4424 4427 1289
6030 2 2 6 1 1281 4425 4400
6031 2 2 6 1 4425 4428 4400
6032 2 2 6 1 4425 1289 4428
6033 2 2 6 1 4400 4428 508
6034 2 2 6 1 510 4429 4427
6035 2 2 6 1 4429 4430 4427
6036 2 2 6 1 4429 1290 4430
6037 2 2 6 1 4427 4430 1289
6038 2 2 6 1 1290 4431 4430
6039 2 2 6 1 4431 4432 4430
6040 2 2 6 1 4431 1291 4432
6041 2 2 6 1 4430 4432 1289
6042 2 2 6 1 1290 4433 4431
6043 2 2 6 1 4433 4434 4431
6044 2 2 6 1 4433 511 4434
6045 2 2 6 1 4431 4434 1291
6046 2 2 6 1 1289 4432 4428
6047 2 2 6 1 4432 4435 4428
6048 2 2 6 1 4432 1291 4435
6049 2 2 6 1 4428 4435 508
6050 2 2 6 1 510 4436 4429
6051 2 2 6 1 4436 4437 4429
6052 2 2 6 1 4436 1292 4437
6053 2 2 6 1 4429 4437 1290
6054 2 2 6 1 1292 4438 4437
6055 2 2 6 1 4438 4439 4437
6056 2 2 6 1 4438 1293 4439
6057 2 2 6 1 4437 4439 1290
6058 2 2 6 1 1292 4440 4438
6059 2 2 6 1 4440 4441 4438
6060 2 2 6 1 4440 260 4441
6061 2 2 6 1 4438 4441 1293
6062 2 2 6 1 1290 4439 4433
6063 2 2 6 1 4439 4442 4433
6064 2 2 6 1 4439 1293 4442
6065 2 2 6 1 4433 4442 511
6066 2 2 6 1 508 4435 4410
6067 2 2 6 1 4435 4443 4410
6068 2 2 6 1 4435 1291 4443
6069 2 2 6 1 4410 4443 1285
6070 2 2 6 1 1291 4444 4443
6071 2 2 6 1 4444 4445 4443
6072 2 2 6 1 4444 1294 4445
6073 2 2 6 1 4443 4445 1285
6074 2 2 6 1 1291 4434 4444
6075 2 2 6 1 4434 4446 4444
6076 2 2 6 1 4434 511 4446
6077 2 2 6 1 4444 4446 1294
6078 2 2 6 1 1285 4445 4414
6079 2 2 6 1 4445 4447 4414
6080 2 2 6 1 4445 1294 4447
6081 2 2 6 1 4414 4447 318
6082 2 2 6 1 315 4421 4322
6083 2 2 6 1 4421 4448 4322
6084 2 2 6 1 4421 1287 4448
6085 2 2 6 1 4322 4448 1262
6086 2 2 6 1 1287 4449 4448
6087 2 2 6 1 4449 4450 4448
6088 2 2 6 1 4449 1295 4450
6089 2 2 6 1 4448 4450 1262
6090 2 2 6 1 1287 4420 4449
6091 2 2 6 1 4420 4451 4449
6092 2 2 6 1 4420 509 4451
6093 2 2 6 1 4449 4451 1295
6094 2 2 6 1 1262 4450 4326
6095 2 2 6 1 4450 4452 4326
6096 2 2 6 1 4450 1295 4452
6097 2 2 6 1 4326 4452 503
6098 2 2 6 1 509 4453 4451
6099 2 2 6 1 4453 4454 4451
6100 2 2 6 1 4453 1296 4454
6101 2 2 6 1 4451 4454 1295
6102 2 2 6 1 1296 4455 4454
6103 2 2 6 1 4455 4456 4454
6104 2 2 6 1 4455 1297 4456
6105 2 2 6 1 4454 4456 1295
6106 2 2 6 1 1296 4457 4455
6107 2 2 6 1 4457 4458 4455
6108 2 2 6 1 4457 512 4458
6109 2 2 6 1 4455 4458 1297
6110 2 2 6 1 1295 4456 4452
6111 2 2 6 1 4456 4459 4452
6112 2 2 6 1 4456 1297 4459
6113 2 2 6 1 4452 4459 503
6114 2 2 6 1 509 4416 4453
6115 2 2 6 1 4416 4460 4453
6116 2 2 6 1 4416 1286 4460
6117 2 2 6 1 4453 4460 1296
6118 2 2 6 1 1286 4461 4460
6119 2 2 6 1 4461 4462 4460
6120 2 2 6 1 4461 1298 4462
6121 2 2 6 1 4460 4462 1296
6122 2 2 6 1 1286 4415 4461
6123 2 2 6 1 4415 4463 4461
6124 2 2 6 1 4415 318 4463
6125 2 2 6 1 4461 4463 1298
6126 2 2 6 1 1296 4462 4457
6127 2 2 6 1 4462 4464 4457
6128 2 2 6 1 4462 1298 4464
6129 2 2 6 1 4457 4464 512
6130 2 2 6 1 503 4459 4336
6131 2 2 6 1 4459 4465 4336
6132 2 2 6 1 4459 1297 4465
6133 2 2 6 1 4336 4465 1266
6134 2 2 6 1 1297 4466 4465
6135 2 2 6 1 4466 4467 4465
6136 2 2 6 1 4466 1299 4467
6137 2 2 6 1 4465 4467 1266
6138 2 2 6 1 1297 4458 4466
6139 2 2 6 1 4458 4468 4466
6140 2 2 6 1 4458 512 4468
6141 2 2 6 1 4466 4468 1299
6142 2 2 6 1 1266 4467 4340
6143 2 2 6 1 4467 4469 4340
6144 2 2 6 1 4467 1299 4469
6145 2 2 6 1 4340 4469 271
6146 2 2 6 1 269 4369 4141
6147 2 2 6 1 4369 4470 4141
6148 2 2 6 1 4369 1273 4470
6149 2 2 6 1 4141 4470 1215
6150 2 2 6 1 1273 4471 4470
6151 2 2 6 1 4471 4472 4470
6152 2 2 6 1 4471 1300 4472
6153 2 2 6 1 4470 4472 1215
6154 2 2 6 1 1273 4368 4471
6155 2 2 6 1 4368 4473 4471
6156 2 2 6 1 4368 505 4473
6157 2 2 6 1 4471 4473 1300
6158 2 2 6 1 1215 4472 4142
6159 2 2 6 1 4472 4474 4142
6160 2 2 6 1 4472 1300 4474
6161 2 2 6 1 4142 4474 490
6162 2 2 6 1 505 4475 4473
6163 2 2 6 1 4475 4476 4473
6164 2 2 6 1 4475 1301 4476
6165 2 2 6 1 4473 4476 1300
6166 2 2 6 1 1301 4477 4476
6167 2 2 6 1 4477 4478 4476
6168 2 2 6 1 4477 1302 4478
6169 2 2 6 1 4476 4478 1300
6170 2 2 6 1 1301 4479 4477
6171 2 2 6 1 4479 4480 4477
6172 2 2 6 1 4479 513 4480
6173 2 2 6 1 4477 4480 1302
6174 2 2 6 1 1300 4478 4474
6175 2 2 6 1 4478 4481 4474
6176 2 2 6 1 4478 1302 4481
6177 2 2 6 1 4474 4481 490
6178 2 2 6 1 505 4364 4475
6179 2 2 6 1 4364 4482 4475
6180 2 2 6 1 4364 1272 4482
6181 2 2 6 1 4475 4482 1301
6182 2 2 6 1 1272 4483 4482
6183 2 2 6 1 4483 4484 4482
6184 2 2 6 1 4483 1303 4484
6185 2 2 6 1 4482 4484 1301
6186 2 2 6 1 1272 4363 4483
6187 2 2 6 1 4363 4485 4483
6188 2 2 6 1 4363 316 4485
6189 2 2 6 1 4483 4485 1303
6190 2 2 6 1 1301 4484 4479
6191 2 2 6 1 4484 4486 4479
6192 2 2 6 1 4484 1303 4486
6193 2 2 6 1 4479 4486 513
6194 2 2 6 1 490 4481 4146
6195 2 2 6 1 4481 4487 4146
6196 2 2 6 1 4481 1302 4487
6197 2 2 6 1 4146 4487 1216
6198 2 2 6 1 1302 4488 4487
6199 2 2 6 1 4488 4489 4487
6200 2 2 6 1 4488 1304 4489
6201 2 2 6 1 4487 4489 1216
6202 2 2 6 1 1302 4480 4488
6203 2 2 6 1 4480 4490 4488
6204 2 2 6 1 4480 513 4490
6205 2 2 6 1 4488 4490 1304
6206 2 2 6 1 1216 4489 4147
6207 2 2 6 1 4489 4491 4147
6208 2 2 6 1 4489 1304 4491
6209 2 2 6 1 4147 4491 312
6210 2 2 6 1 316 4492 4485
6211 2 2 6 1 4492 4493 4485
6212 2 2 6 1 4492 1305 4493
6213 2 2 6 1 4485 4493 1303
6214 2 2 6 1 1305 4494 4493
6215 2 2 6 1 4494 4495 4493
6216 2 2 6 1 4494 1306 4495
6217 2 2 6 1 4493 4495 1303
6218 2 2 6 1 1305 4496 4494
6219 2 2 6 1 4496 4497 4494
6220 2 2 6 1 4496 514 4497
6221 2 2 6 1 4494 4497 1306
6222 2 2 6 1 1303 4495 4486
6223 2 2 6 1 4495 4498 4486
6224 2 2 6 1 4495 1306 4498
6225 2 2 6 1 4486 4498 513
6226 2 2 6 1 514 4499 4497
6227 2 2 6 1 4499 4500 4497
6228 2 2 6 1 4499 1307 4500
6229 2 2 6 1 4497 4500 1306
6230 2 2 6 1 1307 4501 4500
6231 2 2 6 1 4501 4502 4500
6232 2 2 6 1 4501 1308 4502
6233 2 2 6 1 4500 4502 1306
6234 2 2 6 1 1307 4503 4501
6235 2 2 6 1 4503 4504 4501
6236 2 2 6 1 4503 515 4504
6237 2 2 6 1 4501 4504 1308
6238 2 2 6 1 1306 4502 4498
6239 2 2 6 1 4502 4505 4498
6240 2 2 6 1 4502 1308 4505
6241 2 2 6 1 4498 4505 513
6242 2 2 6 1 514 4506 4499
6243 2 2 6 1 4506 4507 4499
6244 2 2 6 1 4506 1309 4507
6245 2 2 6 1 4499 4507 1307
6246 2 2 6 1 1309 4508 4507
6247 2 2 6 1 4508 4509 4507
6248 2 2 6 1 4508 1310 4509
6249 2 2 6 1 4507 4509 1307
6250 2 2 6 1 1309 4510 4508
6251 2 2 6 1 4510 4511 4508
6252 2 2 6 1 4510 319 4511
6253 2 2 6 1 4508 4511 1310
6254 2 2 6 1 1307 4509 4503
6255 2 2 6 1 4509 4512 4503
6256 2 2 6 1 4509 1310 4512
6257 2 2 6 1 4503 4512 515
6258 2 2 6 1 513 4505 4490
6259 2 2 6 1 4505 4513 4490
6260 2 2 6 1 4505 1308 4513
6261 2 2 6 1 4490 4513 1304
6262 2 2 6 1 1308 4514 4513
6263 2 2 6 1 4514 4515 4513
6264 2 2 6 1 4514 1311 4515
6265 2 2 6 1 4513 4515 1304
6266 2 2 6 1 1308 4504 4514
6267 2 2 6 1 4504 4516 4514
6268 2 2 6 1 4504 515 4516
6269 2 2 6 1 4514 4516 1311
6270 2 2 6 1 1304 4515 4491
6271 2 2 6 1 4515 4517 4491
6272 2 2 6 1 4515 1311 4517
6273 2 2 6 1 4491 4517 312
6274 2 2 6 1 316 4347 4492
6275 2 2 6 1 4347 4518 4492
6276 2 2 6 1 4347 1268 4518
6277 2 2 6 1 4492 4518 1305
6278 2 2 6 1 1268 4519 4518
6279 2 2 6 1 4519 4520 4518
6280 2 2 6 1 4519 1312 4520
6281 2 2 6 1 4518 4520 1305
6282 2 2 6 1 1268 4346 4519
6283 2 2 6 1 4346 4521 4519
6284 2 2 6 1 4346 504 4521
6285 2 2 6 1 4519 4521 1312
6286 2 2 6 1 1305 4520 4496
6287 2 2 6 1 4520 4522 4496
6288 2 2 6 1 4520 1312 4522
6289 2 2 6 1 4496 4522 514
6290 2 2 6 1 504 4523 4521
6291 2 2 6 1 4523 4524 4521
6292 2 2 6 1 4523 1313 4524
6293 2 2 6 1 4521 4524 1312
6294 2 2 6 1 1313 4525 4524
6295 2 2 6 1 4525 4526 4524
6296 2 2 6 1 4525 1314 4526
6297 2 2 6 1 4524 4526 1312
6298 2 2 6 1 1313 4527 4525
6299 2 2 6 1 4527 4528 4525
6300 2 2 6 1 4527 516 4528
6301 2 2 6 1 4525 4528 1314
6302 2 2 6 1 1312 4526 4522
6303 2 2 6 1 4526 4529 4522
6304 2 2 6 1 4526 1314 4529
6305 2 2 6 1 4522 4529 514
6306 2 2 6 1 504 4342 4523
6307 2 2 6 1 4342 4530 4523
6308 2 2 6 1 4342 1267 4530
6309 2 2 6 1 4523 4530 1313
6310 2 2 6 1 1267 4531 4530
6311 2 2 6 1 4531 4532 4530
6312 2 2 6 1 4531 1315 4532
6313 2 2 6 1 4530 4532 1313
6314 2 2 6 1 1267 4341 4531
6315 2 2 6 1 4341 4533 4531
6316 2 2 6 1 4341 271 4533
6317 2 2 6 1 4531 4533 1315
6318 2 2 6 1 1313 4532 4527
6319 2 2 6 1 4532 4534 4527
6320 2 2 6 1 4532 1315 4534
6321 2 2 6 1 4527 4534 516
6322 2 2 6 1 514 4529 4506
6323 2 2 6 1 4529 4535 4506
6324 2 2 6 1 4529 1314 4535
6325 2 2 6 1 4506 4535 1309
6326 2 2 6 1 1314 4536 4535
6327 2 2 6 1 4536 4537 4535
6328 2 2 6 1 4536 1316 4537
6329 2 2 6 1 4535 4537 1309
6330 2 2 6 1 1314 4528 4536
6331 2 2 6 1 4528 4538 4536
6332 2 2 6 1 4528 516 4538
6333 2 2 6 1 4536 4538 1316
6334 2 2 6 1 1309 4537 4510
6335 2 2 6 1 4537 4539 4510
6336 2 2 6 1 4537 1316 4539
6337 2 2 6 1 4510 4539 319
6338 2 2 6 1 312 4517 4163
6339 2 2 6 1 4517 4540 4163
6340 2 2 6 1 4517 1311 4540
6341 2 2 6 1 4163 4540 1220
6342 2 2 6 1 1311 4541 4540
6343 2 2 6 1 4541 4542 4540
6344 2 2 6 1 4541 1317 4542
6345 2 2 6 1 4540 4542 1220
6346 2 2 6 1 1311 4516 4541
6347 2 2 6 1 4516 4543 4541
6348 2 2 6 1 4516 515 4543
6349 2 2 6 1 4541 4543 1317
6350 2 2 6 1 1220 4542 4164
6351 2 2 6 1 4542 4544 4164
6352 2 2 6 1 4542 1317 4544
6353 2 2 6 1 4164 4544 491
6354 2 2 6 1 515 4545 4543
6355 2 2 6 1 4545 4546 4543
6356 2 2 6 1 4545 1318 4546
6357 2 2 6 1 4543 4546 1317
6358 2 2 6 1 1318 4547 4546
6359 2 2 6 1 4547 4548 4546
6360 2 2 6 1 4547 1319 4548
6361 2 2 6 1 4546 4548 1317
6362 2 2 6 1 1318 4549 4547
6363 2 2 6 1 4549 4550 4547
6364 2 2 6 1 4549 517 4550
6365 2 2 6 1 4547 4550 1319
6366 2 2 6 1 1317 4548 4544
6367 2 2 6 1 4548 4551 4544
6368 2 2 6 1 4548 1319 4551
6369 2 2 6 1 4544 4551 491
6370 2 2 6 1 515 4512 4545
6371 2 2 6 1 4512 4552 4545
6372 2 2 6 1 4512 1310 4552
6373 2 2 6 1 4545 4552 1318
6374 2 2 6 1 1310 4553 4552
6375 2 2 6 1 4553 4554 4552
6376 2 2 6 1 4553 1320 4554
6377 2 2 6 1 4552 4554 1318
6378 2 2 6 1 1310 4511 4553
6379 2 2 6 1 4511 4555 4553
6380 2 2 6 1 4511 319 4555
6381 2 2 6 1 4553 4555 1320
6382 2 2 6 1 1318 4554 4549
6383 2 2 6 1 4554 4556 4549
6384 2 2 6 1 4554 1320 4556
6385 2 2 6 1 4549 4556 517
6386 2 2 6 1 491 4551 4168
6387 2 2 6 1 4551 4557 4168
6388 2 2 6 1 4551 1319 4557
6389 2 2 6 1 4168 4557 1221
6390 2 2 6 1 1319 4558 4557
6391 2 2 6 1 4558 4559 4557
6392 2 2 6 1 4558 1321 4559
6393 2 2 6 1 4557 4559 1221
6394 2 2 6 1 1319 4550 4558
6395 2 2 6 1 4550 4560 4558
6396 2 2 6 1 4550 517 4560
6397 2 2 6 1 4558 4560 1321
6398 2 2 6 1 1221 4559 4169
6399 2 2 6 1 4559 4561 4169
6400 2 2 6 1 4559 1321 4561
6401 2 2 6 1 4169 4561 225
6402 2 2 6 1 259 3417 4170
6403 2 2 6 1 3417 4562 4170
6404 2 2 6 1 3417 1037 4562
6405 2 2 6 1 4170 4562 1222
6406 2 2 6 1 1037 4563 4562
6407 2 2 6 1 4563 4564 4562
6408 2 2 6 1 4563 1322 4564
6409 2 2 6 1 4562 4564 1222
6410 2 2 6 1 1037 3416 4563
6411 2 2 6 1 3416 4565 4563
6412 2 2 6 1 3416 447 4565
6413 2 2 6 1 4563 4565 1322
6414 2 2 6 1 1222 4564 4174
6415 2 2 6 1 4564 4566 4174
6416 2 2 6 1 4564 1322 4566
6417 2 2 6 1 4174 4566 492
6418 2 2 6 1 447 4567 4565
6419 2 2 6 1 4567 4568 4565
6420 2 2 6 1 4567 1323 4568
6421 2 2 6 1 4565 4568 1322
6422 2 2 6 1 1323 4569 4568
6423 2 2 6 1 4569 4570 4568
6424 2 2 6 1 4569 1324 4570
6425 2 2 6 1 4568 4570 1322
6426 2 2 6 1 1323 4571 4569
6427 2 2 6 1 4571 4572 4569
6428 2 2 6 1 4571 518 4572
6429 2 2 6 1 4569 4572 1324
6430 2 2 6 1 1322 4570 4566
6431 2 2 6 1 4570 4573 4566
6432 2 2 6 1 4570 1324 4573
6433 2 2 6 1 4566 4573 492
6434 2 2 6 1 447 3412 4567
6435 2 2 6 1 3412 4574 4567
6436 2 2 6 1 3412 1036 4574
6437 2 2 6 1 4567 4574 1323
6438 2 2 6 1 1036 4575 4574
6439 2 2 6 1 4575 4576 4574
6440 2 2 6 1 4575 1325 4576
6441 2 2 6 1 4574 4576 1323
6442 2 2 6 1 1036 3411 4575
6443 2 2 6 1 3411 4577 4575
6444 2 2 6 1 3411 302 4577
6445 2 2 6 1 4575 4577 1325
6446 2 2 6 1 1323 4576 4571
6447 2 2 6 1 4576 4578 4571
6448 2 2 6 1 4576 1325 4578
6449 2 2 6 1 4571 4578 518
6450 2 2 6 1 492 4573 4184
6451 2 2 6 1 4573 4579 4184
6452 2 2 6 1 4573 1324 4579
6453 2 2 6 1 4184 4579 1226
6454 2 2 6 1 1324 4580 4579
6455 2 2 6 1 4580 4581 4579
6456 2 2 6 1 4580 1326 4581
6457 2 2 6 1 4579 4581 1226
6458 2 2 6 1 1324 4572 4580
6459 2 2 6 1 4572 4582 4580
6460 2 2 6 1 4572 518 4582
6461 2 2 6 1 4580 4582 1326
6462 2 2 6 1 1226 4581 4188
6463 2 2 6 1 4581 4583 4188
6464 2 2 6 1 4581 1326 4583
6465 2 2 6 1 4188 4583 313
6466 2 2 6 1 302 4584 4577
6467 2 2 6 1 4584 4585 4577
6468 2 2 6 1 4584 1327 4585
6469 2 2 6 1 4577 4585 1325
6470 2 2 6 1 1327 4586 4585
6471 2 2 6 1 4586 4587 4585
6472 2 2 6 1 4586 1328 4587
6473 2 2 6 1 4585 4587 1325
6474 2 2 6 1 1327 4588 4586
6475 2 2 6 1 4588 4589 4586
6476 2 2 6 1 4588 519 4589
6477 2 2 6 1 4586 4589 1328
6478 2 2 6 1 1325 4587 4578
6479 2 2 6 1 4587 4590 4578
6480 2 2 6 1 4587 1328 4590
6481 2 2 6 1 4578 4590 518
6482 2 2 6 1 519 4591 4589
6483 2 2 6 1 4591 4592 4589
6484 2 2 6 1 4591 1329 4592
6485 2 2 6 1 4589 4592 1328
6486 2 2 6 1 1329 4593 4592
6487 2 2 6 1 4593 4594 4592
6488 2 2 6 1 4593 1330 4594
6489 2 2 6 1 4592 4594 1328
6490 2 2 6 1 1329 4595 4593
6491 2 2 6 1 4595 4596 4593
6492 2 2 6 1 4595 520 4596
6493 2 2 6 1 4593 4596 1330
6494 2 2 6 1 1328 4594 4590
6495 2 2 6 1 4594 4597 4590
6496 2 2 6 1 4594 1330 4597
6497 2 2 6 1 4590 4597 518
6498 2 2 6 1 519 4598 4591
6499 2 2 6 1 4598 4599 4591
6500 2 2 6 1 4598 1331 4599
6501 2 2 6 1 4591 4599 1329
6502 2 2 6 1 1331 4600 4599
6503 2 2 6 1 4600 4601 4599
6504 2 2 6 1 4600 1332 4601
6505 2 2 6 1 4599 4601 1329
6506 2 2 6 1 1331 4602 4600
6507 2 2 6 1 4602 4603 4600
6508 2 2 6 1 4602 320 4603
6509 2 2 6 1 4600 4603 1332
6510 2 2 6 1 1329 4601 4595
6511 2 2 6 1 4601 4604 4595
6512 2 2 6 1 4601 1332 4604
6513 2 2 6 1 4595 4604 520
6514 2 2 6 1 518 4597 4582
6515 2 2 6 1 4597 4605 4582
6516 2 2 6 1 4597 1330 4605
6517 2 2 6 1 4582 4605 1326
6518 2 2 6 1 1330 4606 4605
6519 2 2 6 1 4606 4607 4605
6520 2 2 6 1 4606 1333 4607
6521 2 2 6 1 4605 4607 1326
6522 2 2 6 1 1330 4596 4606
6523 2 2 6 1 4596 4608 4606
6524 2 2 6 1 4596 520 4608
6525 2 2 6 1 4606 4608 1333
6526 2 2 6 1 1326 4607 4583
6527 2 2 6 1 4607 4609 4583
6528 2 2 6 1 4607 1333 4609
6529 2 2 6 1 4583 4609 313
6530 2 2 6 1 302 3395 4584
6531 2 2 6 1 3395 4610 4584
6532 2 2 6 1 3395 1032 4610
6533 2 2 6 1 4584 4610 1327
6534 2 2 6 1 1032 4611 4610
6535 2 2 6 1 4611 4612 4610
6536 2 2 6 1 4611 1334 4612
6537 2 2 6 1 4610 4612 1327
6538 2 2 6 1 1032 3394 4611
6539 2 2 6 1 3394 4613 4611
6540 2 2 6 1 3394 446 4613
6541 2 2 6 1 4611 4613 1334
6542 2 2 6 1 1327 4612 4588
6543 2 2 6 1 4612 4614 4588
6544 2 2 6 1 4612 1334 4614
6545 2 2 6 1 4588 4614 519
6546 2 2 6 1 446 4615 4613
6547 2 2 6 1 4615 4616 4613
6548 2 2 6 1 4615 1335 4616
6549 2 2 6 1 4613 4616 1334
6550 2 2 6 1 1335 4617 4616
6551 2 2 6 1 4617 4618 4616
6552 2 2 6 1 4617 1336 4618
6553 2 2 6 1 4616 4618 1334
6554 2 2 6 1 1335 4619 4617
6555 2 2 6 1 4619 4620 4617
6556 2 2 6 1 4619 521 4620
6557 2 2 6 1 4617 4620 1336
6558 2 2 6 1 1334 4618 4614
6559 2 2 6 1 4618 4621 4614
6560 2 2 6 1 4618 1336 4621
6561 2 2 6 1 4614 4621 519
6562 2 2 6 1 446 3390 4615
6563 2 2 6 1 3390 4622 4615
6564 2 2 6 1 3390 1031 4622
6565 2 2 6 1 4615 4622 1335
6566 2 2 6 1 1031 4623 4622
6567 2 2 6 1 4623 4624 4622
6568 2 2 6 1 4623 1337 4624
6569 2 2 6 1 4622 4624 1335
6570 2 2 6 1 1031 3389 4623
6571 2 2 6 1 3389 4625 4623
6572 2 2 6 1 3389 267 4625
6573 2 2 6 1 4623 4625 1337
6574 2 2 6 1 1335 4624 4619
6575 2 2 6 1 4624 4626 4619
6576 2 2 6 1 4624 1337 4626
6577 2 2 6 1 4619 4626 521
6578 2 2 6 1 519 4621 4598
6579 2 2 6 1 4621 4627 4598
6580 2 2 6 1 4621 1336 4627
6581 2 2 6 1 4598 4627 1331
6582 2 2 6 1 1336 4628 4627
6583 2 2 6 1 4628 4629 4627
6584 2 2 6 1 4628 1338 4629
6585 2 2 6 1 4627 4629 1331
6586 2 2 6 1 1336 4620 4628
6587 2 2 6 1 4620 4630 4628
6588 2 2 6 1 4620 521 4630
6589 2 2 6 1 4628 4630 1338
6590 2 2 6 1 1331 4629 4602
6591 2 2 6 1 4629 4631 4602
6592 2 2 6 1 4629 1338 4631
6593 2 2 6 1 4602 4631 320
6594 2 2 6 1 313 4609 4222
6595 2 2 6 1 4609 4632 4222
6596 2 2 6 1 4609 1333 4632
6597 2 2 6 1 4222 4632 1236
6598 2 2 6 1 1333 4633 4632
6599 2 2 6 1 4633 4634 4632
6600 2 2 6 1 4633 1339 4634
6601 2 2 6 1 4632 4634 1236
6602 2 2 6 1 1333 4608 4633
6603 2 2 6 1 4608 4635 4633
6604 2 2 6 1 4608 520 4635
6605 2 2 6 1 4633 4635 1339
6606 2 2 6 1 1236 4634 4226
6607 2 2 6 1 4634 4636 4226
6608 2 2 6 1 4634 1339 4636
6609 2 2 6 1 4226 4636 496
6610 2 2 6 1 520 4637 4635
6611 2 2 6 1 4637 4638 4635
6612 2 2 6 1 4637 1340 4638
6613 2 2 6 1 4635 4638 1339
6614 2 2 6 1 1340 4639 4638
6615 2 2 6 1 4639 4640 4638
6616 2 2 6 1 4639 1341 4640
6617 2 2 6 1 4638 4640 1339
6618 2 2 6 1 1340 4641 4639
6619 2 2 6 1 4641 4642 4639
6620 2 2 6 1 4641 522 4642
6621 2 2 6 1 4639 4642 1341
6622 2 2 6 1 1339 4640 4636
6623 2 2 6 1 4640 4643 4636
6624 2 2 6 1 4640 1341 4643
6625 2 2 6 1 4636 4643 496
6626 2 2 6 1 520 4604 4637
6627 2 2 6 1 4604 4644 4637
6628 2 2 6 1 4604 1332 4644
6629 2 2 6 1 4637 4644 1340
6630 2 2 6 1 1332 4645 4644
6631 2 2 6 1 4645 4646 4644
6632 2 2 6 1 4645 1342 4646
6633 2 2 6 1 4644 4646 1340
6634 2 2 6 1 1332 4603 4645
6635 2 2 6 1 4603 4647 4645
6636 2 2 6 1 4603 320 4647
6637 2 2 6 1 4645 4647 1342
6638 2 2 6 1 1340 4646 4641
6639 2 2 6 1 4646 4648 4641
6640 2 2 6 1 4646 1342 4648
6641 2 2 6 1 4641 4648 522
6642 2 2 6 1 496 4643 4236
6643 2 2 6 1 4643 4649 4236
6644 2 2 6 1 4643 1341 4649
6645 2 2 6 1 4236 4649 1240
6646 2 2 6 1 1341 4650 4649
6647 2 2 6 1 4650 4651 4649
6648 2 2 6 1 4650 1343 4651
6649 2 2 6 1 4649 4651 1240
6650 2 2 6 1 1341 4642 4650
6651 2 2 6 1 4642 4652 4650
6652 2 2 6 1 4642 522 4652
6653 2 2 6 1 4650 4652 1343
6654 2 2 6 1 1240 4651 4240
6655 2 2 6 1 4651 4653 4240
6656 2 2 6 1 4651 1343 4653
6657 2 2 6 1 4240 4653 270
6658 2 2 6 1 267 4654 4625
6659 2 2 6 1 4654 4655 4625
6660 2 2 6 1 4654 1344 4655
6661 2 2 6 1 4625 4655 1337
6662 2 2 6 1 1344 4656 4655
6663 2 2 6 1 4656 4657 4655
6664 2 2 6 1 4656 1345 4657
6665 2 2 6 1 4655 4657 1337
6666 2 2 6 1 1344 4658 4656
6667 2 2 6 1 4658 4659 4656
6668 2 2 6 1 4658 523 4659
6669 2 2 6 1 4656 4659 1345
6670 2 2 6 1 1337 4657 4626
6671 2 2 6 1 4657 4660 4626
6672 2 2 6 1 4657 1345 4660
6673 2 2 6 1 4626 4660 521
6674 2 2 6 1 523 4661 4659
6675 2 2 6 1 4661 4662 4659
6676 2 2 6 1 4661 1346 4662
6677 2 2 6 1 4659 4662 1345
6678 2 2 6 1 1346 4663 4662
6679 2 2 6 1 4663 4664 4662
6680 2 2 6 1 4663 1347 4664
6681 2 2 6 1 4662 4664 1345
6682 2 2 6 1 1346 4665 4663
6683 2 2 6 1 4665 4666 4663
6684 2 2 6 1 4665 524 4666
6685 2 2 6 1 4663 4666 1347
6686 2 2 6 1 1345 4664 4660
6687 2 2 6 1 4664 4667 4660
6688 2 2 6 1 4664 1347 4667
6689 2 2 6 1 4660 4667 521
6690 2 2 6 1 523 4668 4661
6691 2 2 6 1 4668 4669 4661
6692 2 2 6 1 4668 1348 4669
6693 2 2 6 1 4661 4669 1346
6694 2 2 6 1 1348 4670 4669
6695 2 2 6 1 4670 4671 4669
6696 2 2 6 1 4670 1349 4671
6697 2 2 6 1 4669 4671 1346
6698 2 2 6 1 1348 4672 4670
6699 2 2 6 1 4672 4673 4670
6700 2 2 6 1 4672 321 4673
6701 2 2 6 1 4670 4673 1349
6702 2 2 6 1 1346 4671 4665
6703 2 2 6 1 4671 4674 4665
6704 2 2 6 1 4671 1349 4674
6705 2 2 6 1 4665 4674 524
6706 2 2 6 1 521 4667 4630
6707 2 2 6 1 4667 4675 4630
6708 2 2 6 1 4667 1347 4675
6709 2 2 6 1 4630 4675 1338
6710 2 2 6 1 1347 4676 4675
6711 2 2 6 1 4676 4677 4675
6712 2 2 6 1 4676 1350 4677
6713 2 2 6 1 4675 4677 1338
6714 2 2 6 1 1347 4666 4676
6715 2 2 6 1 4666 4678 4676
6716 2 2 6 1 4666 524 4678
6717 2 2 6 1 4676 4678 1350
6718 2 2 6 1 1338 4677 4631
6719 2 2 6 1 4677 4679 4631
6720 2 2 6 1 4677 1350 4679
6721 2 2 6 1 4631 4679 320
6722 2 2 6 1 321 4680 4673
6723 2 2 6 1 4680 4681 4673
6724 2 2 6 1 4680 1351 4681
6725 2 2 6 1 4673 4681 1349
6726 2 2 6 1 1351 4682 4681
6727 2 2 6 1 4682 4683 4681
6728 2 2 6 1 4682 1352 4683
6729 2 2 6 1 4681 4683 1349
6730 2 2 6 1 1351 4684 4682
6731 2 2 6 1 4684 4685 4682
6732 2 2 6 1 4684 525 4685
6733 2 2 6 1 4682 4685 1352
6734 2 2 6 1 1349 4683 4674
6735 2 2 6 1 4683 4686 4674
6736 2 2 6 1 4683 1352 4686
6737 2 2 6 1 4674 4686 524
6738 2 2 6 1 525 4687 4685
6739 2 2 6 1 4687 4688 4685
6740 2 2 6 1 4687 1353 4688
6741 2 2 6 1 4685 4688 1352
6742 2 2 6 1 1353 4689 4688
6743 2 2 6 1 4689 4690 4688
6744 2 2 6 1 4689 1354 4690
6745 2 2 6 1 4688 4690 1352
6746 2 2 6 1 1353 4691 4689
6747 2 2 6 1 4691 4692 4689
6748 2 2 6 1 4691 526 4692
6749 2 2 6 1 4689 4692 1354
6750 2 2 6 1 1352 4690 4686
6751 2 2 6 1 4690 4693 4686
6752 2 2 6 1 4690 1354 4693
6753 2 2 6 1 4686 4693 524
6754 2 2 6 1 525 4694 4687
6755 2 2 6 1 4694 4695 4687
6756 2 2 6 1 4694 1355 4695
6757 2 2 6 1 4687 4695 1353
6758 2 2 6 1 1355 4696 4695
6759 2 2 6 1 4696 4697 4695
6760 2 2 6 1 4696 1356 4697
6761 2 2 6 1 4695 4697 1353
6762 2 2 6 1 1355 4698 4696
6763 2 2 6 1 4698 4699 4696
6764 2 2 6 1 4698 322 4699
6765 2 2 6 1 4696 4699 1356
6766 2 2 6 1 1353 4697 4691
6767 2 2 6 1 4697 4700 4691
6768 2 2 6 1 4697 1356 4700
6769 2 2 6 1 4691 4700 526
6770 2 2 6 1 524 4693 4678
6771 2 2 6 1 4693 4701 4678
6772 2 2 6 1 4693 1354 4701
6773 2 2 6 1 4678 4701 1350
6774 2 2 6 1 1354 4702 4701
6775 2 2 6 1 4702 4703 4701
6776 2 2 6 1 4702 1357 4703
6777 2 2 6 1 4701 4703 1350
6778 2 2 6 1 1354 4692 4702
6779 2 2 6 1 4692 4704 4702
6780 2 2 6 1 4692 526 4704
6781 2 2 6 1 4702 4704 1357
6782 2 2 6 1 1350 4703 4679
6783 2 2 6 1 4703 4705 4679
6784 2 2 6 1 4703 1357 4705
6785 2 2 6 1 4679 4705 320
6786 2 2 6 1 321 4706 4680
6787 2 2 6 1 4706 4707 4680
6788 2 2 6 1 4706 1358 4707
6789 2 2 6 1 4680 4707 1351
6790 2 2 6 1 1358 4708 4707
6791 2 2 6 1 4708 4709 4707
6792 2 2 6 1 4708 1359 4709
6793 2 2 6 1 4707 4709 1351
6794 2 2 6 1 1358 4710 4708
6795 2 2 6 1 4710 4711 4708
6796 2 2 6 1 4710 527 4711
6797 2 2 6 1 4708 4711 1359
6798 2 2 6 1 1351 4709 4684
6799 2 2 6 1 4709 4712 4684
6800 2 2 6 1 4709 1359 4712
6801 2 2 6 1 4684 4712 525
6802 2 2 6 1 527 4713 4711
6803 2 2 6 1 4713 4714 4711
6804 2 2 6 1 4713 1360 4714
6805 2 2 6 1 4711 4714 1359
6806 2 2 6 1 1360 4715 4714
6807 2 2 6 1 4715 4716 4714
6808 2 2 6 1 4715 1361 4716
6809 2 2 6 1 4714 4716 1359
6810 2 2 6 1 1360 4717 4715
6811 2 2 6 1 4717 4718 4715
6812 2 2 6 1 4717 528 4718
6813 2 2 6 1 4715 4718 1361
6814 2 2 6 1 1359 4716 4712
6815 2 2 6 1 4716 4719 4712
6816 2 2 6 1 4716 1361 4719
6817 2 2 6 1 4712 4719 525
6818 2 2 6 1 527 4720 4713
6819 2 2 6 1 4720 4721 4713
6820 2 2 6 1 4720 1362 4721
6821 2 2 6 1 4713 4721 1360
6822 2 2 6 1 1362 4722 4721
6823 2 2 6 1 4722 4723 4721
6824 2 2 6 1 4722 1363 4723
6825 2 2 6 1 4721 4723 1360
6826 2 2 6 1 1362 4724 4722
6827 2 2 6 1 4724 4725 4722
6828 2 2 6 1 4724 272 4725
6829 2 2 6 1 4722 4725 1363
6830 2 2 6 1 1360 4723 4717
6831 2 2 6 1 4723 4726 4717
6832 2 2 6 1 4723 1363 4726
6833 2 2 6 1 4717 4726 528
6834 2 2 6 1 525 4719 4694
6835 2 2 6 1 4719 4727 4694
6836 2 2 6 1 4719 1361 4727
6837 2 2 6 1 4694 4727 1355
6838 2 2 6 1 1361 4728 4727
6839 2 2 6 1 4728 4729 4727
6840 2 2 6 1 4728 1364 4729
6841 2 2 6 1 4727 4729 1355
6842 2 2 6 1 1361 4718 4728
6843 2 2 6 1 4718 4730 4728
6844 2 2 6 1 4718 528 4730
6845 2 2 6 1 4728 4730 1364
6846 2 2 6 1 1355 4729 4698
6847 2 2 6 1 4729 4731 4698
6848 2 2 6 1 4729 1364 4731
6849 2 2 6 1 4698 4731 322
6850 2 2 6 1 320 4705 4647
6851 2 2 6 1 4705 4732 4647
6852 2 2 6 1 4705 1357 4732
6853 2 2 6 1 4647 4732 1342
6854 2 2 6 1 1357 4733 4732
6855 2 2 6 1 4733 4734 4732
6856 2 2 6 1 4733 1365 4734
6857 2 2 6 1 4732 4734 1342
6858 2 2 6 1 1357 4704 4733
6859 2 2 6 1 4704 4735 4733
6860 2 2 6 1 4704 526 4735
6861 2 2 6 1 4733 4735 1365
6862 2 2 6 1 1342 4734 4648
6863 2 2 6 1 4734 4736 4648
6864 2 2 6 1 4734 1365 4736
6865 2 2 6 1 4648 4736 522
6866 2 2 6 1 526 4737 4735
6867 2 2 6 1 4737 4738 4735
6868 2 2 6 1 4737 1366 4738
6869 2 2 6 1 4735 4738 1365
6870 2 2 6 1 1366 4739 4738
6871 2 2 6 1 4739 4740 4738
6872 2 2 6 1 4739 1367 4740
6873 2 2 6 1 4738 4740 1365
6874 2 2 6 1 1366 4741 4739
6875 2 2 6 1 4741 4742 4739
6876 2 2 6 1 4741 529 4742
6877 2 2 6 1 4739 4742 1367
6878 2 2 6 1 1365 4740 4736
6879 2 2 6 1 4740 4743 4736
6880 2 2 6 1 4740 1367 4743
6881 2 2 6 1 4736 4743 522
6882 2 2 6 1 526 4700 4737
6883 2 2 6 1 4700 4744 4737
6884 2 2 6 1 4700 1356 4744
6885 2 2 6 1 4737 4744 1366
6886 2 2 6 1 1356 4745 4744
6887 2 2 6 1 4745 4746 4744
6888 2 2 6 1 4745 1368 4746
6889 2 2 6 1 4744 4746 1366
6890 2 2 6 1 1356 4699 4745
6891 2 2 6 1 4699 4747 4745
6892 2 2 6 1 4699 322 4747
6893 2 2 6 1 4745 4747 1368
6894 2 2 6 1 1366 4746 4741
6895 2 2 6 1 4746 4748 4741
6896 2 2 6 1 4746 1368 4748
6897 2 2 6 1 4741 4748 529
6898 2 2 6 1 522 4743 4652
6899 2 2 6 1 4743 4749 4652
6900 2 2 6 1 4743 1367 4749
6901 2 2 6 1 4652 4749 1343
6902 2 2 6 1 1367 4750 4749
6903 2 2 6 1 4750 4751 4749
6904 2 2 6 1 4750 1369 4751
6905 2 2 6 1 4749 4751 1343
6906 2 2 6 1 1367 4742 4750
6907 2 2 6 1 4742 4752 4750
6908 2 2 6 1 4742 529 4752
6909 2 2 6 1 4750 4752 1369
6910 2 2 6 1 1343 4751 4653
6911 2 2 6 1 4751 4753 4653
6912 2 2 6 1 4751 1369 4753
6913 2 2 6 1 4653 4753 270
6914 2 2 6 1 267 3325 4654
6915 2 2 6 1 3325 4754 4654
6916 2 2 6 1 3325 1015 4754
6917 2 2 6 1 4654 4754 1344
6918 2 2 6 1 1015 4755 4754
6919 2 2 6 1 4755 4756 4754
6920 2 2 6 1 4755 1370 4756
6921 2 2 6 1 4754 4756 1344
6922 2 2 6 1 1015 3324 4755
6923 2 2 6 1 3324 4757 4755
6924 2 2 6 1 3324 442 4757
6925 2 2 6 1 4755 4757 1370
6926 2 2 6 1 1344 4756 4658
6927 2 2 6 1 4756 4758 4658
6928 2 2 6 1 4756 1370 4758
6929 2 2 6 1 4658 4758 523
6930 2 2 6 1 442 4759 4757
6931 2 2 6 1 4759 4760 4757
6932 2 2 6 1 4759 1371 4760
6933 2 2 6 1 4757 4760 1370
6934 2 2 6 1 1371 4761 4760
6935 2 2 6 1 4761 4762 4760
6936 2 2 6 1 4761 1372 4762
6937 2 2 6 1 4760 4762 1370
6938 2 2 6 1 1371 4763 4761
6939 2 2 6 1 4763 4764 4761
6940 2 2 6 1 4763 530 4764
6941 2 2 6 1 4761 4764 1372
6942 2 2 6 1 1370 4762 4758
6943 2 2 6 1 4762 4765 4758
6944 2 2 6 1 4762 1372 4765
6945 2 2 6 1 4758 4765 523
6946 2 2 6 1 442 3320 4759
6947 2 2 6 1 3320 4766 4759
6948 2 2 6 1 3320 1014 4766
6949 2 2 6 1 4759 4766 1371
6950 2 2 6 1 1014 4767 4766
6951 2 2 6 1 4767 4768 4766
6952 2 2 6 1 4767 1373 4768
6953 2 2 6 1 4766 4768 1371
6954 2 2 6 1 1014 3319 4767
6955 2 2 6 1 3319 4769 4767
6956 2 2 6 1 3319 301 4769
6957 2 2 6 1 4767 4769 1373
6958 2 2 6 1 1371 4768 4763
6959 2 2 6 1 4768 4770 4763
6960 2 2 6 1 4768 1373 4770
6961 2 2 6 1 4763 4770 530
6962 2 2 6 1 523 4765 4668
6963 2 2 6 1 4765 4771 4668
6964 2 2 6 1 4765 1372 4771
6965 2 2 6 1 4668 4771 1348
6966 2 2 6 1 1372 4772 4771
6967 2 2 6 1 4772 4773 4771
6968 2 2 6 1 4772 1374 4773
6969 2 2 6 1 4771 4773 1348
6970 2 2 6 1 1372 4764 4772
6971 2 2 6 1 4764 4774 4772
6972 2 2 6 1 4764 530 4774
6973 2 2 6 1 4772 4774 1374
6974 2 2 6 1 1348 4773 4672
6975 2 2 6 1 4773 4775 4672
6976 2 2 6 1 4773 1374 4775
6977 2 2 6 1 4672 4775 321
6978 2 2 6 1 301 4776 4769
6979 2 2 6 1 4776 4777 4769
6980 2 2 6 1 4776 1375 4777
6981 2 2 6 1 4769 4777 1373
6982 2 2 6 1 1375 4778 4777
6983 2 2 6 1 4778 4779 4777
6984 2 2 6 1 4778 1376 4779
6985 2 2 6 1 4777 4779 1373
6986 2 2 6 1 1375 4780 4778
6987 2 2 6 1 4780 4781 4778
6988 2 2 6 1 4780 531 4781
6989 2 2 6 1 4778 4781 1376
6990 2 2 6 1 1373 4779 4770
6991 2 2 6 1 4779 4782 4770
6992 2 2 6 1 4779 1376 4782
6993 2 2 6 1 4770 4782 530
6994 2 2 6 1 531 4783 4781
6995 2 2 6 1 4783 4784 4781
6996 2 2 6 1 4783 1377 4784
6997 2 2 6 1 4781 4784 1376
6998 2 2 6 1 1377 4785 4784
6999 2 2 6 1 4785 4786 4784
7000 2 2 6 1 4785 1378 4786
7001 2 2 6 1 4784 4786 1376
7002 2 2 6 1 1377 4787 4785
7003 2 2 6 1 4787 4788 4785
7004 2 2 6 1 4787 532 4788
7005 2 2 6 1 4785 4788 1378
7006 2 2 6 1 1376 4786 4782
7007 2 2 6 1 4786 4789 4782
7008 2 2 6 1 4786 1378 4789
7009 2 2 6 1 4782 4789 530
7010 2 2 6 1 531 4790 4783
7011 2 2 6 1 4790 4791 4783
7012 2 2 6 1 4790 1379 4791
7013 2 2 6 1 4783 4791 1377
7014 2 2 6 1 1379 4792 4791
7015 2 2 6 1 4792 4793 4791
7016 2 2 6 1 4792 1380 4793
7017 2 2 6 1 4791 4793 1377
7018 2 2 6 1 1379 4794 4792
7019 2 2 6 1 4794 4795 4792
7020 2 2 6 1 4794 323 4795
7021 2 2 6 1 4792 4795 1380
7022 2 2 6 1 1377 4793 4787
7023 2 2 6 1 4793 4796 4787
7024 2 2 6 1 4793 1380 4796
7025 2 2 6 1 4787 4796 532
7026 2 2 6 1 530 4789 4774
7027 2 2 6 1 4789 4797 4774
7028 2 2 6 1 4789 1378 4797
7029 2 2 6 1 4774 4797 1374
7030 2 2 6 1 1378 4798 4797
7031 2 2 6 1 4798 4799 4797
7032 2 2 6 1 4798 1381 4799
7033 2 2 6 1 4797 4799 1374
7034 2 2 6 1 1378 4788 4798
7035 2 2 6 1 4788 4800 4798
7036 2 2 6 1 4788 532 4800
7037 2 2 6 1 4798 4800 1381
7038 2 2 6 1 1374 4799 4775
7039 2 2 6 1 4799 4801 4775
7040 2 2 6 1 4799 1381 4801
7041 2 2 6 1 4775 4801 321
7042 2 2 6 1 301 3303 4776
7043 2 2 6 1 3303 4802 4776
7044 2 2 6 1 3303 1010 4802
7045 2 2 6 1 4776 4802 1375
7046 2 2 6 1 1010 4803 4802
7047 2 2 6 1 4803 4804 4802
7048 2 2 6 1 4803 1382 4804
7049 2 2 6 1 4802 4804 1375
7050 2 2 6 1 1010 3302 4803
7051 2 2 6 1 3302 4805 4803
7052 2 2 6 1 3302 441 4805
7053 2 2 6 1 4803 4805 1382
7054 2 2 6 1 1375 4804 4780
7055 2 2 6 1 4804 4806 4780
7056 2 2 6 1 4804 1382 4806
7057 2 2 6 1 4780 4806 531
7058 2 2 6 1 441 4807 4805
7059 2 2 6 1 4807 4808 4805
7060 2 2 6 1 4807 1383 4808
7061 2 2 6 1 4805 4808 1382
7062 2 2 6 1 1383 4809 4808
7063 2 2 6 1 4809 4810 4808
7064 2 2 6 1 4809 1384 4810
7065 2 2 6 1 4808 4810 1382
7066 2 2 6 1 1383 4811 4809
7067 2 2 6 1 4811 4812 4809
7068 2 2 6 1 4811 533 4812
7069 2 2 6 1 4809 4812 1384
7070 2 2 6 1 1382 4810 4806
7071 2 2 6 1 4810 4813 4806
7072 2 2 6 1 4810 1384 4813
7073 2 2 6 1 4806 4813 531
7074 2 2 6 1 441 3298 4807
7075 2 2 6 1 3298 4814 4807
7076 2 2 6 1 3298 1009 4814
7077 2 2 6 1 4807 4814 1383
7078 2 2 6 1 1009 4815 4814
7079 2 2 6 1 4815 4816 4814
7080 2 2 6 1 4815 1385 4816
7081 2 2 6 1 4814 4816 1383
7082 2 2 6 1 1009 3297 4815
7083 2 2 6 1 3297 4817 4815
7084 2 2 6 1 3297 257 4817
7085 2 2 6 1 4815 4817 1385
7086 2 2 6 1 1383 4816 4811
7087 2 2 6 1 4816 4818 4811
7088 2 2 6 1 4816 1385 4818
7089 2 2 6 1 4811 4818 533
7090 2 2 6 1 531 4813 4790
7091 2 2 6 1 4813 4819 4790
7092 2 2 6 1 4813 1384 4819
7093 2 2 6 1 4790 4819 1379
7094 2 2 6 1 1384 4820 4819
7095 2 2 6 1 4820 4821 4819
7096 2 2 6 1 4820 1386 4821
7097 2 2 6 1 4819 4821 1379
7098 2 2 6 1 1384 4812 4820
7099 2 2 6 1 4812 4822 4820
7100 2 2 6 1 4812 533 4822
7101 2 2 6 1 4820 4822 1386
7102 2 2 6 1 1379 4821 4794
7103 2 2 6 1 4821 4823 4794
7104 2 2 6 1 4821 1386 4823
7105 2 2 6 1 4794 4823 323
7106 2 2 6 1 321 4801 4706
7107 2 2 6 1 4801 4824 4706
7108 2 2 6 1 4801 1381 4824
7109 2 2 6 1 4706 4824 1358
7110 2 2 6 1 1381 4825 4824
7111 2 2 6 1 4825 4826 4824
7112 2 2 6 1 4825 1387 4826
7113 2 2 6 1 4824 4826 1358
7114 2 2 6 1 1381 4800 4825
7115 2 2 6 1 4800 4827 4825
7116 2 2 6 1 4800 532 4827
7117 2 2 6 1 4825 4827 1387
7118 2 2 6 1 1358 4826 4710
7119 2 2 6 1 4826 4828 4710
7120 2 2 6 1 4826 1387 4828
7121 2 2 6 1 4710 4828 527
7122 2 2 6 1 532 4829 4827
7123 2 2 6 1 4829 4830 4827
7124 2 2 6 1 4829 1388 4830
7125 2 2 6 1 4827 4830 1387
7126 2 2 6 1 1388 4831 4830
7127 2 2 6 1 4831 4832 4830
7128 2 2 6 1 4831 1389 4832
7129 2 2 6 1 4830 4832 1387
7130 2 2 6 1 1388 4833 4831
7131 2 2 6 1 4833 4834 4831
7132 2 2 6 1 4833 534 4834
7133 2 2 6 1 4831 4834 1389
7134 2 2 6 1 1387 4832 4828
7135 2 2 6 1 4832 4835 4828
7136 2 2 6 1 4832 1389 4835
7137 2 2 6 1 4828 4835 527
7138 2 2 6 1 532 4796 4829
7139 2 2 6 1 4796 4836 4829
7140 2 2 6 1 4796 1380 4836
7141 2 2 6 1 4829 4836 1388
7142 2 2 6 1 1380 4837 4836
7143 2 2 6 1 4837 4838 4836
7144 2 2 6 1 4837 1390 4838
7145 2 2 6 1 4836 4838 1388
7146 2 2 6 1 1380 4795 4837
7147 2 2 6 1 4795 4839 4837
7148 2 2 6 1 4795 323 4839
7149 2 2 6 1 4837 4839 1390
7150 2 2 6 1 1388 4838 4833
7151 2 2 6 1 4838 4840 4833
7152 2 2 6 1 4838 1390 4840
7153 2 2 6 1 4833 4840 534
7154 2 2 6 1 527 4835 4720
7155 2 2 6 1 4835 4841 4720
7156 2 2 6 1 4835 1389 4841
7157 2 2 6 1 4720 4841 1362
7158 2 2 6 1 1389 4842 4841
7159 2 2 6 1 4842 4843 4841
7160 2 2 6 1 4842 1391 4843
7161 2 2 6 1 4841 4843 1362
7162 2 2 6 1 1389 4834 4842
7163 2 2 6 1 4834 4844 4842
7164 2 2 6 1 4834 534 4844
7165 2 2 6 1 4842 4844 1391
7166 2 2 6 1 1362 4843 4724
7167 2 2 6 1 4843 4845 4724
7168 2 2 6 1 4843 1391 4845
7169 2 2 6 1 4724 4845 272
7170 2 2 6 1 270 4753 4370
7171 2 2 6 1 4753 4846 4370
7172 2 2 6 1 4753 1369 4846
7173 2 2 6 1 4370 4846 1274
7174 2 2 6 1 1369 4847 4846
7175 2 2 6 1 4847 4848 4846
7176 2 2 6 1 4847 1392 4848
7177 2 2 6 1 4846 4848 1274
7178 2 2 6 1 1369 4752 4847
7179 2 2 6 1 4752 4849 4847
7180 2 2 6 1 4752 529 4849
7181 2 2 6 1 4847 4849 1392
7182 2 2 6 1 1274 4848 4374
7183 2 2 6 1 4848 4850 4374
7184 2 2 6 1 4848 1392 4850
7185 2 2 6 1 4374 4850 506
7186 2 2 6 1 529 4851 4849
7187 2 2 6 1 4851 4852 4849
7188 2 2 6 1 4851 1393 4852
7189 2 2 6 1 4849 4852 1392
7190 2 2 6 1 1393 4853 4852
7191 2 2 6 1 4853 4854 4852
7192 2 2 6 1 4853 1394 4854
7193 2 2 6 1 4852 4854 1392
7194 2 2 6 1 1393 4855 4853
7195 2 2 6 1 4855 4856 4853
7196 2 2 6 1 4855 535 4856
7197 2 2 6 1 4853 4856 1394
7198 2 2 6 1 1392 4854 4850
7199 2 2 6 1 4854 4857 4850
7200 2 2 6 1 4854 1394 4857
7201 2 2 6 1 4850 4857 506
7202 2 2 6 1 529 4748 4851
7203 2 2 6 1 4748 4858 4851
7204 2 2 6 1 4748 1368 4858
7205 2 2 6 1 4851 4858 1393
7206 2 2 6 1 1368 4859 4858
7207 2 2 6 1 4859 4860 4858
7208 2 2 6 1 4859 1395 4860
7209 2 2 6 1 4858 4860 1393
7210 2 2 6 1 1368 4747 4859
7211 2 2 6 1 4747 4861 4859
7212 2 2 6 1 4747 322 4861
7213 2 2 6 1 4859 4861 1395
7214 2 2 6 1 1393 4860 4855
7215 2 2 6 1 4860 4862 4855
7216 2 2 6 1 4860 1395 4862
7217 2 2 6 1 4855 4862 535
7218 2 2 6 1 506 4857 4384
7219 2 2 6 1 4857 4863 4384
7220 2 2 6 1 4857 1394 4863
7221 2 2 6 1 4384 4863 1278
7222 2 2 6 1 1394 4864 4863
7223 2 2 6 1 4864 4865 4863
7224 2 2 6 1 4864 1396 4865
7225 2 2 6 1 4863 4865 1278
7226 2 2 6 1 1394 4856 4864
7227 2 2 6 1 4856 4866 4864
7228 2 2 6 1 4856 535 4866
7229 2 2 6 1 4864 4866 1396
7230 2 2 6 1 1278 4865 4388
7231 2 2 6 1 4865 4867 4388
7232 2 2 6 1 4865 1396 4867
7233 2 2 6 1 4388 4867 317
7234 2 2 6 1 322 4868 4861
7235 2 2 6 1 4868 4869 4861
7236 2 2 6 1 4868 1397 4869
7237 2 2 6 1 4861 4869 1395
7238 2 2 6 1 1397 4870 4869
7239 2 2 6 1 4870 4871 4869
7240 2 2 6 1 4870 1398 4871
7241 2 2 6 1 4869 4871 1395
7242 2 2 6 1 1397 4872 4870
7243 2 2 6 1 4872 4873 4870
7244 2 2 6 1 4872 536 4873
7245 2 2 6 1 4870 4873 1398
7246 2 2 6 1 1395 4871 4862
7247 2 2 6 1 4871 4874 4862
7248 2 2 6 1 4871 1398 4874
7249 2 2 6 1 4862 4874 535
7250 2 2 6 1 536 4875 4873
7251 2 2 6 1 4875 4876 4873
7252 2 2 6 1 4875 1399 4876
7253 2 2 6 1 4873 4876 1398
7254 2 2 6 1 1399 4877 4876
7255 2 2 6 1 4877 4878 4876
7256 2 2 6 1 4877 1400 4878
7257 2 2 6 1 4876 4878 1398
7258 2 2 6 1 1399 4879 4877
7259 2 2 6 1 4879 4880 4877
7260 2 2 6 1 4879 537 4880
7261 2 2 6 1 4877 4880 1400
7262 2 2 6 1 1398 4878 4874
7263 2 2 6 1 4878 4881 4874
7264 2 2 6 1 4878 1400 4881
7265 2 2 6 1 4874 4881 535
7266 2 2 6 1 536 4882 4875
7267 2 2 6 1 4882 4883 4875
7268 2 2 6 1 4882 1401 4883
7269 2 2 6 1 4875 4883 1399
7270 2 2 6 1 1401 4884 4883
7271 2 2 6 1 4884 4885 4883
7272 2 2 6 1 4884 1402 4885
7273 2 2 6 1 4883 4885 1399
7274 2 2 6 1 1401 4886 4884
7275 2 2 6 1 4886 4887 4884
7276 2 2 6 1 4886 324 4887
7277 2 2 6 1 4884 4887 1402
7278 2 2 6 1 1399 4885 4879
7279 2 2 6 1 4885 4888 4879
7280 2 2 6 1 4885 1402 4888
7281 2 2 6 1 4879 4888 537
7282 2 2 6 1 535 4881 4866
7283 2 2 6 1 4881 4889 4866
7284 2 2 6 1 4881 1400 4889
7285 2 2 6 1 4866 4889 1396
7286 2 2 6 1 1400 4890 4889
7287 2 2 6 1 4890 4891 4889
7288 2 2 6 1 4890 1403 4891
7289 2 2 6 1 4889 4891 1396
7290 2 2 6 1 1400 4880 4890
7291 2 2 6 1 4880 4892 4890
7292 2 2 6 1 4880 537 4892
7293 2 2 6 1 4890 4892 1403
7294 2 2 6 1 1396 4891 4867
7295 2 2 6 1 4891 4893 4867
7296 2 2 6 1 4891 1403 4893
7297 2 2 6 1 4867 4893 317
7298 2 2 6 1 322 4731 4868
7299 2 2 6 1 4731 4894 4868
7300 2 2 6 1 4731 1364 4894
7301 2 2 6 1 4868 4894 1397
7302 2 2 6 1 1364 4895 4894
7303 2 2 6 1 4895 4896 4894
7304 2 2 6 1 4895 1404 4896
7305 2 2 6 1 4894 4896 1397
7306 2 2 6 1 1364 4730 4895
7307 2 2 6 1 4730 4897 4895
7308 2 2 6 1 4730 528 4897
7309 2 2 6 1 4895 4897 1404
7310 2 2 6 1 1397 4896 4872
7311 2 2 6 1 4896 4898 4872
7312 2 2 6 1 4896 1404 4898
7313 2 2 6 1 4872 4898 536
7314 2 2 6 1 528 4899 4897
7315 2 2 6 1 4899 4900 4897
7316 2 2 6 1 4899 1405 4900
7317 2 2 6 1 4897 4900 1404
7318 2 2 6 1 1405 4901 4900
7319 2 2 6 1 4901 4902 4900
7320 2 2 6 1 4901 1406 4902
7321 2 2 6 1 4900 4902 1404
7322 2 2 6 1 1405 4903 4901
7323 2 2 6 1 4903 4904 4901
7324 2 2 6 1 4903 538 4904
7325 2 2 6 1 4901 4904 1406
7326 2 2 6 1 1404 4902 4898
7327 2 2 6 1 4902 4905 4898
7328 2 2 6 1 4902 1406 4905
7329 2 2 6 1 4898 4905 536
7330 2 2 6 1 528 4726 4899
7331 2 2 6 1 4726 4906 4899
7332 2 2 6 1 4726 1363 4906
7333 2 2 6 1 4899 4906 1405
7334 2 2 6 1 1363 4907 4906
7335 2 2 6 1 4907 4908 4906
7336 2 2 6 1 4907 1407 4908
7337 2 2 6 1 4906 4908 1405
7338 2 2 6 1 1363 4725 4907
7339 2 2 6 1 4725 4909 4907
7340 2 2 6 1 4725 272 4909
7341 2 2 6 1 4907 4909 1407
7342 2 2 6 1 1405 4908 4903
7343 2 2 6 1 4908 4910 4903
7344 2 2 6 1 4908 1407 4910
7345 2 2 6 1 4903 4910 538
7346 2 2 6 1 536 4905 4882
7347 2 2 6 1 4905 4911 4882
7348 2 2 6 1 4905 1406 4911
7349 2 2 6 1 4882 4911 1401
7350 2 2 6 1 1406 4912 4911
7351 2 2 6 1 4912 4913 4911
7352 2 2 6 1 4912 1408 4913
7353 2 2 6 1 4911 4913 1401
7354 2 2 6 1 1406 4904 4912
7355 2 2 6 1 4904 4914 4912
7356 2 2 6 1 4904 538 4914
7357 2 2 6 1 4912 4914 1408
7358 2 2 6 1 1401 4913 4886
7359 2 2 6 1 4913 4915 4886
7360 2 2 6 1 4913 1408 4915
7361 2 2 6 1 4886 4915 324
7362 2 2 6 1 317 4893 4422
7363 2 2 6 1 4893 4916 4422
7364 2 2 6 1 4893 1403 4916
7365 2 2 6 1 4422 4916 1288
7366 2 2 6 1 1403 4917 4916
7367 2 2 6 1 4917 4918 4916
7368 2 2 6 1 4917 1409 4918
7369 2 2 6 1 4916 4918 1288
7370 2 2 6 1 1403 4892 4917
7371 2 2 6 1 4892 4919 4917
7372 2 2 6 1 4892 537 4919
7373 2 2 6 1 4917 4919 1409
7374 2 2 6 1 1288 4918 4426
7375 2 2 6 1 4918 4920 4426
7376 2 2 6 1 4918 1409 4920
7377 2 2 6 1 4426 4920 510
7378 2 2 6 1 537 4921 4919
7379 2 2 6 1 4921 4922 4919
7380 2 2 6 1 4921 1410 4922
7381 2 2 6 1 4919 4922 1409
7382 2 2 6 1 1410 4923 4922
7383 2 2 6 1 4923 4924 4922
7384 2 2 6 1 4923 1411 4924
7385 2 2 6 1 4922 4924 1409
7386 2 2 6 1 1410 4925 4923
7387 2 2 6 1 4925 4926 4923
7388 2 2 6 1 4925 539 4926
7389 2 2 6 1 4923 4926 1411
7390 2 2 6 1 1409 4924 4920
7391 2 2 6 1 4924 4927 4920
7392 2 2 6 1 4924 1411 4927
7393 2 2 6 1 4920 4927 510
7394 2 2 6 1 537 4888 4921
7395 2 2 6 1 4888 4928 4921
7396 2 2 6 1 4888 1402 4928
7397 2 2 6 1 4921 4928 1410
7398 2 2 6 1 1402 4929 4928
7399 2 2 6 1 4929 4930 4928
7400 2 2 6 1 4929 1412 4930
7401 2 2 6 1 4928 4930 1410
7402 2 2 6 1 1402 4887 4929
7403 2 2 6 1 4887 4931 4929
7404 2 2 6 1 4887 324 4931
7405 2 2 6 1 4929 4931 1412
7406 2 2 6 1 1410 4930 4925
7407 2 2 6 1 4930 4932 4925
7408 2 2 6 1 4930 1412 4932
7409 2 2 6 1 4925 4932 539
7410 2 2 6 1 510 4927 4436
7411 2 2 6 1 4927 4933 4436
7412 2 2 6 1 4927 1411 4933
7413 2 2 6 1 4436 4933 1292
7414 2 2 6 1 1411 4934 4933
7415 2 2 6 1 4934 4935 4933
7416 2 2 6 1 4934 1413 4935
7417 2 2 6 1 4933 4935 1292
7418 2 2 6 1 1411 4926 4934
7419 2 2 6 1 4926 4936 4934
7420 2 2 6 1 4926 539 4936
7421 2 2 6 1 4934 4936 1413
7422 2 2 6 1 1292 4935 4440
7423 2 2 6 1 4935 4937 4440
7424 2 2 6 1 4935 1413 4937
7425 2 2 6 1 4440 4937 260
7426 2 2 6 1 225 4561 224
7427 2 2 6 1 4561 4938 224
7428 2 2 6 1 4561 1321 4938
7429 2 2 6 1 224 4938 223
7430 2 2 6 1 1321 4939 4938
7431 2 2 6 1 4939 4940 4938
7432 2 2 6 1 4939 1414 4940
7433 2 2 6 1 4938 4940 223
7434 2 2 6 1 1321 4560 4939
7435 2 2 6 1 4560 4941 4939
7436 2 2 6 1 4560 517 4941
7437 2 2 6 1 4939 4941 1414
7438 2 2 6 1 223 4940 222
7439 2 2 6 1 4940 4942 222
7440 2 2 6 1 4940 1414 4942
7441 2 2 6 1 222 4942 221
7442 2 2 6 1 517 4943 4941
7443 2 2 6 1 4943 4944 4941
7444 2 2 6 1 4943 1415 4944
7445 2 2 6 1 4941 4944 1414
7446 2 2 6 1 1415 4945 4944
7447 2 2 6 1 4945 4946 4944
7448 2 2 6 1 4945 1416 4946
7449 2 2 6 1 4944 4946 1414
7450 2 2 6 1 1415 4947 4945
7451 2 2 6 1 4947 4948 4945
7452 2 2 6 1 4947 540 4948
7453 2 2 6 1 4945 4948 1416
7454 2 2 6 1 1414 4946 4942
7455 2 2 6 1 4946 4949 4942
7456 2 2 6 1 4946 1416 4949
7457 2 2 6 1 4942 4949 221
7458 2 2 6 1 517 4556 4943
7459 2 2 6 1 4556 4950 4943
7460 2 2 6 1 4556 1320 4950
7461 2 2 6 1 4943 4950 1415
7462 2 2 6 1 1320 4951 4950
7463 2 2 6 1 4951 4952 4950
7464 2 2 6 1 4951 1417 4952
7465 2 2 6 1 4950 4952 1415
7466 2 2 6 1 1320 4555 4951
7467 2 2 6 1 4555 4953 4951
7468 2 2 6 1 4555 319 4953
7469 2 2 6 1 4951 4953 1417
7470 2 2 6 1 1415 4952 4947
7471 2 2 6 1 4952 4954 4947
7472 2 2 6 1 4952 1417 4954
7473 2 2 6 1 4947 4954 540
7474 2 2 6 1 221 4949 220
7475 2 2 6 1 4949 4955 220
7476 2 2 6 1 4949 1416 4955
7477 2 2 6 1 220 4955 219
7478 2 2 6 1 1416 4956 4955
7479 2 2 6 1 4956 4957 4955
7480 2 2 6 1 4956 1418 4957
7481 2 2 6 1 4955 4957 219
7482 2 2 6 1 1416 4948 4956
7483 2 2 6 1 4948 4958 4956
7484 2 2 6 1 4948 540 4958
7485 2 2 6 1 4956 4958 1418
7486 2 2 6 1 219 4957 218
7487 2 2 6 1 4957 4959 218
7488 2 2 6 1 4957 1418 4959
7489 2 2 6 1 218 4959 217
7490 2 2 6 1 319 4960 4953
7491 2 2 6 1 4960 4961 4953
7492 2 2 6 1 4960 1419 4961
7493 2 2 6 1 4953 4961 1417
7494 2 2 6 1 1419 4962 4961
7495 2 2 6 1 4962 4963 4961
7496 2 2 6 1 4962 1420 4963
7497 2 2 6 1 4961 4963 1417
7498 2 2 6 1 1419 4964 4962
7499 2 2 6 1 4964 4965 4962
7500 2 2 6 1 4964 541 4965
7501 2 2 6 1 4962 4965 1420
7502 2 2 6 1 1417 4963 4954
7503 2 2 6 1 4963 4966 4954
7504 2 2 6 1 4963 1420 4966
7505 2 2 6 1 4954 4966 540
7506 2 2 6 1 541 4967 4965
7507 2 2 6 1 4967 4968 4965
7508 2 2 6 1 4967 1421 4968
7509 2 2 6 1 4965 4968 1420
7510 2 2 6 1 1421 4969 4968
7511 2 2 6 1 4969 4970 4968
7512 2 2 6 1 4969 1422 4970
7513 2 2 6 1 4968 4970 1420
7514 2 2 6 1 1421 4971 4969
7515 2 2 6 1 4971 4972 4969
7516 2 2 6 1 4971 542 4972
7517 2 2 6 1 4969 4972 1422
7518 2 2 6 1 1420 4970 4966
7519 2 2 6 1 4970 4973 4966
7520 2 2 6 1 4970 1422 4973
7521 2 2 6 1 4966 4973 540
7522 2 2 6 1 541 4974 4967
7523 2 2 6 1 4974 4975 4967
7524 2 2 6 1 4974 1423 4975
7525 2 2 6 1 4967 4975 1421
7526 2 2 6 1 1423 4976 4975
7527 2 2 6 1 4976 4977 4975
7528 2 2 6 1 4976 1424 4977
7529 2 2 6 1 4975 4977 1421
7530 2 2 6 1 1423 4978 4976
7531 2 2 6 1 4978 4979 4976
7532 2 2 6 1 4978 325 4979
7533 2 2 6 1 4976 4979 1424
7534 2 2 6 1 1421 4977 4971
7535 2 2 6 1 4977 4980 4971
7536 2 2 6 1 4977 1424 4980
7537 2 2 6 1 4971 4980 542
7538 2 2 6 1 540 4973 4958
7539 2 2 6 1 4973 4981 4958
7540 2 2 6 1 4973 1422 4981
7541 2 2 6 1 4958 4981 1418
7542 2 2 6 1 1422 4982 4981
7543 2 2 6 1 4982 4983 4981
7544 2 2 6 1 4982 1425 4983
7545 2 2 6 1 4981 4983 1418
7546 2 2 6 1 1422 4972 4982
7547 2 2 6 1 4972 4984 4982
7548 2 2 6 1 4972 542 4984
7549 2 2 6 1 4982 4984 1425
7550 2 2 6 1 1418 4983 4959
7551 2 2 6 1 4983 4985 4959
7552 2 2 6 1 4983 1425 4985
7553 2 2 6 1 4959 4985 217
7554 2 2 6 1 319 4539 4960
7555 2 2 6 1 4539 4986 4960
7556 2 2 6 1 4539 1316 4986
7557 2 2 6 1 4960 4986 1419
7558 2 2 6 1 1316 4987 4986
7559 2 2 6 1 4987 4988 4986
7560 2 2 6 1 4987 1426 4988
7561 2 2 6 1 4986 4988 1419
7562 2 2 6 1 1316 4538 4987
7563 2 2 6 1 4538 4989 4987
7564 2 2 6 1 4538 516 4989
7565 2 2 6 1 4987 4989 1426
7566 2 2 6 1 1419 4988 4964
7567 2 2 6 1 4988 4990 4964
7568 2 2 6 1 4988 1426 4990
7569 2 2 6 1 4964 4990 541
7570 2 2 6 1 516 4991 4989
7571 2 2 6 1 4991 4992 4989
7572 2 2 6 1 4991 1427 4992
7573 2 2 6 1 4989 4992 1426
7574 2 2 6 1 1427 4993 4992
7575 2 2 6 1 4993 4994 4992
7576 2 2 6 1 4993 1428 4994
7577 2 2 6 1 4992 4994 1426
7578 2 2 6 1 1427 4995 4993
7579 2 2 6 1 4995 4996 4993
7580 2 2 6 1 4995 543 4996
7581 2 2 6 1 4993 4996 1428
7582 2 2 6 1 1426 4994 4990
7583 2 2 6 1 4994 4997 4990
7584 2 2 6 1 4994 1428 4997
7585 2 2 6 1 4990 4997 541
7586 2 2 6 1 516 4534 4991
7587 2 2 6 1 4534 4998 4991
7588 2 2 6 1 4534 1315 4998
7589 2 2 6 1 4991 4998 1427
7590 2 2 6 1 1315 4999 4998
7591 2 2 6 1 4999 5000 4998
7592 2 2 6 1 4999 1429 5000
7593 2 2 6 1 4998 5000 1427
7594 2 2 6 1 1315 4533 4999
7595 2 2 6 1 4533 5001 4999
7596 2 2 6 1 4533 271 5001
7597 2 2 6 1 4999 5001 1429
7598 2 2 6 1 1427 5000 4995
7599 2 2 6 1 5000 5002 4995
7600 2 2 6 1 5000 1429 5002
7601 2 2 6 1 4995 5002 543
7602 2 2 6 1 541 4997 4974
7603 2 2 6 1 4997 5003 4974
7604 2 2 6 1 4997 1428 5003
7605 2 2 6 1 4974 5003 1423
7606 2 2 6 1 1428 5004 5003
7607 2 2 6 1 5004 5005 5003
7608 2 2 6 1 5004 1430 5005
7609 2 2 6 1 5003 5005 1423
7610 2 2 6 1 1428 4996 5004
7611 2 2 6 1 4996 5006 5004
7612 2 2 6 1 4996 543 5006
7613 2 2 6 1 5004 5006 1430
7614 2 2 6 1 1423 5005 4978
7615 2 2 6 1 5005 5007 4978
7616 2 2 6 1 5005 1430 5007
7617 2 2 6 1 4978 5007 325
7618 2 2 6 1 217 4985 216
7619 2 2 6 1 4985 5008 216
7620 2 2 6 1 4985 1425 5008
7621 2 2 6 1 216 5008 215
7622 2 2 6 1 1425 5009 5008
7623 2 2 6 1 5009 5010 5008
7624 2 2 6 1 5009 1431 5010
7625 2 2 6 1 5008 5010 215
7626 2 2 6 1 1425 4984 5009
7627 2 2 6 1 4984 5011 5009
7628 2 2 6 1 4984 542 5011
7629 2 2 6 1 5009 5011 1431
7630 2 2 6 1 215 5010 214
7631 2 2 6 1 5010 5012 214
7632 2 2 6 1 5010 1431 5012
7633 2 2 6 1 214 5012 213
7634 2 2 6 1 542 5013 5011
7635 2 2 6 1 5013 5014 5011
7636 2 2 6 1 5013 1432 5014
7637 2 2 6 1 5011 5014 1431
7638 2 2 6 1 1432 5015 5014
7639 2 2 6 1 5015 5016 5014
7640 2 2 6 1 5015 1433 5016
7641 2 2 6 1 5014 5016 1431
7642 2 2 6 1 1432 5017 5015
7643 2 2 6 1 5017 5018 5015
7644 2 2 6 1 5017 544 5018
7645 2 2 6 1 5015 5018 1433
7646 2 2 6 1 1431 5016 5012
7647 2 2 6 1 5016 5019 5012
7648 2 2 6 1 5016 1433 5019
7649 2 2 6 1 5012 5019 213
7650 2 2 6 1 542 4980 5013
7651 2 2 6 1 4980 5020 5013
7652 2 2 6 1 4980 1424 5020
7653 2 2 6 1 5013 5020 1432
7654 2 2 6 1 1424 5021 5020
7655 2 2 6 1 5021 5022 5020
7656 2 2 6 1 5021 1434 5022
7657 2 2 6 1 5020 5022 1432
7658 2 2 6 1 1424 4979 5021
7659 2 2 6 1 4979 5023 5021
7660 2 2 6 1 4979 325 5023
7661 2 2 6 1 5021 5023 1434
7662 2 2 6 1 1432 5022 5017
7663 2 2 6 1 5022 5024 5017
7664 2 2 6 1 5022 1434 5024
7665 2 2 6 1 5017 5024 544
7666 2 2 6 1 213 5019 212
7667 2 2 6 1 5019 5025 212
7668 2 2 6 1 5019 1433 5025
7669 2 2 6 1 212 5025 211
7670 2 2 6 1 1433 5026 5025
7671 2 2 6 1 5026 5027 5025
7672 2 2 6 1 5026 1435 5027
7673 2 2 6 1 5025 5027 211
7674 2 2 6 1 1433 5018 5026
7675 2 2 6 1 5018 5028 5026
7676 2 2 6 1 5018 544 5028
7677 2 2 6 1 5026 5028 1435
7678 2 2 6 1 211 5027 210
7679 2 2 6 1 5027 5029 210
7680 2 2 6 1 5027 1435 5029
7681 2 2 6 1 210 5029 209
7682 2 2 6 1 271 5030 5001
7683 2 2 6 1 5030 5031 5001
7684 2 2 6 1 5030 1436 5031
7685 2 2 6 1 5001 5031 1429
7686 2 2 6 1 1436 5032 5031
7687 2 2 6 1 5032 5033 5031
7688 2 2 6 1 5032 1437 5033
7689 2 2 6 1 5031 5033 1429
7690 2 2 6 1 1436 5034 5032
7691 2 2 6 1 5034 5035 5032
7692 2 2 6 1 5034 545 5035
7693 2 2 6 1 5032 5035 1437
7694 2 2 6 1 1429 5033 5002
7695 2 2 6 1 5033 5036 5002
7696 2 2 6 1 5033 1437 5036
7697 2 2 6 1 5002 5036 543
7698 2 2 6 1 545 5037 5035
7699 2 2 6 1 5037 5038 5035
7700 2 2 6 1 5037 1438 5038
7701 2 2 6 1 5035 5038 1437
7702 2 2 6 1 1438 5039 5038
7703 2 2 6 1 5039 5040 5038
7704 2 2 6 1 5039 1439 5040
7705 2 2 6 1 5038 5040 1437
7706 2 2 6 1 1438 5041 5039
7707 2 2 6 1 5041 5042 5039
7708 2 2 6 1 5041 546 5042
7709 2 2 6 1 5039 5042 1439
7710 2 2 6 1 1437 5040 5036
7711 2 2 6 1 5040 5043 5036
7712 2 2 6 1 5040 1439 5043
7713 2 2 6 1 5036 5043 543
7714 2 2 6 1 545 5044 5037
7715 2 2 6 1 5044 5045 5037
7716 2 2 6 1 5044 1440 5045
7717 2 2 6 1 5037 5045 1438
7718 2 2 6 1 1440 5046 5045
7719 2 2 6 1 5046 5047 5045
7720 2 2 6 1 5046 1441 5047
7721 2 2 6 1 5045 5047 1438
7722 2 2 6 1 1440 5048 5046
7723 2 2 6 1 5048 5049 5046
7724 2 2 6 1 5048 326 5049
7725 2 2 6 1 5046 5049 1441
7726 2 2 6 1 1438 5047 5041
7727 2 2 6 1 5047 5050 5041
7728 2 2 6 1 5047 1441 5050
7729 2 2 6 1 5041 5050 546
7730 2 2 6 1 543 5043 5006
7731 2 2 6 1 5043 5051 5006
7732 2 2 6 1 5043 1439 5051
7733 2 2 6 1 5006 5051 1430
7734 2 2 6 1 1439 5052 5051
7735 2 2 6 1 5052 5053 5051
7736 2 2 6 1 5052 1442 5053
7737 2 2 6 1 5051 5053 1430
7738 2 2 6 1 1439 5042 5052
7739 2 2 6 1 5042 5054 5052
7740 2 2 6 1 5042 546 5054
7741 2 2 6 1 5052 5054 1442
7742 2 2 6 1 1430 5053 5007
7743 2 2 6 1 5053 5055 5007
7744 2 2 6 1 5053 1442 5055
7745 2 2 6 1 5007 5055 325
7746 2 2 6 1 326 5056 5049
7747 2 2 6 1 5056 5057 5049
7748 2 2 6 1 5056 1443 5057
7749 2 2 6 1 5049 5057 1441
7750 2 2 6 1 1443 5058 5057
7751 2 2 6 1 5058 5059 5057
7752 2 2 6 1 5058 1444 5059
7753 2 2 6 1 5057 5059 1441
7754 2 2 6 1 1443 5060 5058
7755 2 2 6 1 5060 5061 5058
7756 2 2 6 1 5060 547 5061
7757 2 2 6 1 5058 5061 1444
7758 2 2 6 1 1441 5059 5050
7759 2 2 6 1 5059 5062 5050
7760 2 2 6 1 5059 1444 5062
7761 2 2 6 1 5050 5062 546
7762 2 2 6 1 547 5063 5061
7763 2 2 6 1 5063 5064 5061
7764 2 2 6 1 5063 1445 5064
7765 2 2 6 1 5061 5064 1444
7766 2 2 6 1 1445 5065 5064
7767 2 2 6 1 5065 5066 5064
7768 2 2 6 1 5065 1446 5066
7769 2 2 6 1 5064 5066 1444
7770 2 2 6 1 1445 5067 5065
7771 2 2 6 1 5067 5068 5065
7772 2 2 6 1 5067 548 5068
7773 2 2 6 1 5065 5068 1446
7774 2 2 6 1 1444 5066 5062
7775 2 2 6 1 5066 5069 5062
7776 2 2 6 1 5066 1446 5069
7777 2 2 6 1 5062 5069 546
7778 2 2 6 1 547 5070 5063
7779 2 2 6 1 5070 5071 5063
7780 2 2 6 1 5070 1447 5071
7781 2 2 6 1 5063 5071 1445
7782 2 2 6 1 1447 5072 5071
7783 2 2 6 1 5072 5073 5071
7784 2 2 6 1 5072 1448 5073
7785 2 2 6 1 5071 5073 1445
7786 2 2 6 1 1447 5074 5072
7787 2 2 6 1 5074 5075 5072
7788 2 2 6 1 5074 327 5075
7789 2 2 6 1 5072 5075 1448
7790 2 2 6 1 1445 5073 5067
7791 2 2 6 1 5073 5076 5067
7792 2 2 6 1 5073 1448 5076
7793 2 2 6 1 5067 5076 548
7794 2 2 6 1 546 5069 5054
7795 2 2 6 1 5069 5077 5054
7796 2 2 6 1 5069 1446 5077
7797 2 2 6 1 5054 5077 1442
7798 2 2 6 1 1446 5078 5077
7799 2 2 6 1 5078 5079 5077
7800 2 2 6 1 5078 1449 5079
7801 2 2 6 1 5077 5079 1442
7802 2 2 6 1 1446 5068 5078
7803 2 2 6 1 5068 5080 5078
7804 2 2 6 1 5068 548 5080
7805 2 2 6 1 5078 5080 1449
7806 2 2 6 1 1442 5079 5055
7807 2 2 6 1 5079 5081 5055
7808 2 2 6 1 5079 1449 5081
7809 2 2 6 1 5055 5081 325
7810 2 2 6 1 326 5082 5056
7811 2 2 6 1 5082 5083 5056
7812 2 2 6 1 5082 1450 5083
7813 2 2 6 1 5056 5083 1443
7814 2 2 6 1 1450 5084 5083
7815 2 2 6 1 5084 5085 5083
7816 2 2 6 1 5084 1451 5085
7817 2 2 6 1 5083 5085 1443
7818 2 2 6 1 1450 5086 5084
7819 2 2 6 1 5086 5087 5084
7820 2 2 6 1 5086 549 5087
7821 2 2 6 1 5084 5087 1451
7822 2 2 6 1 1443 5085 5060
7823 2 2 6 1 5085 5088 5060
7824 2 2 6 1 5085 1451 5088
7825 2 2 6 1 5060 5088 547
7826 2 2 6 1 549 5089 5087
7827 2 2 6 1 5089 5090 5087
7828 2 2 6 1 5089 1452 5090
7829 2 2 6 1 5087 5090 1451
7830 2 2 6 1 1452 5091 5090
7831 2 2 6 1 5091 5092 5090
7832 2 2 6 1 5091 1453 5092
7833 2 2 6 1 5090 5092 1451
7834 2 2 6 1 1452 5093 5091
7835 2 2 6 1 5093 5094 5091
7836 2 2 6 1 5093 550 5094
7837 2 2 6 1 5091 5094 1453
7838 2 2 6 1 1451 5092 5088
7839 2 2 6 1 5092 5095 5088
7840 2 2 6 1 5092 1453 5095
7841 2 2 6 1 5088 5095 547
7842 2 2 6 1 549 5096 5089
7843 2 2 6 1 5096 5097 5089
7844 2 2 6 1 5096 1454 5097
7845 2 2 6 1 5089 5097 1452
7846 2 2 6 1 1454 5098 5097
7847 2 2 6 1 5098 5099 5097
7848 2 2 6 1 5098 1455 5099
7849 2 2 6 1 5097 5099 1452
7850 2 2 6 1 1454 5100 5098
7851 2 2 6 1 5100 5101 5098
7852 2 2 6 1 5100 273 5101
7853 2 2 6 1 5098 5101 1455
7854 2 2 6 1 1452 5099 5093
7855 2 2 6 1 5099 5102 5093
7856 2 2 6 1 5099 1455 5102
7857 2 2 6 1 5093 5102 550
7858 2 2 6 1 547 5095 5070
7859 2 2 6 1 5095 5103 5070
7860 2 2 6 1 5095 1453 5103
7861 2 2 6 1 5070 5103 1447
7862 2 2 6 1 1453 5104 5103
7863 2 2 6 1 5104 5105 5103
7864 2 2 6 1 5104 1456 5105
7865 2 2 6 1 5103 5105 1447
7866 2 2 6 1 1453 5094 5104
7867 2 2 6 1 5094 5106 5104
7868 2 2 6 1 5094 550 5106
7869 2 2 6 1 5104 5106 1456
7870 2 2 6 1 1447 5105 5074
7871 2 2 6 1 5105 5107 5074
7872 2 2 6 1 5105 1456 5107
7873 2 2 6 1 5074 5107 327
7874 2 2 6 1 325 5081 5023
7875 2 2 6 1 5081 5108 5023
7876 2 2 6 1 5081 1449 5108
7877 2 2 6 1 5023 5108 1434
7878 2 2 6 1 1449 5109 5108
7879 2 2 6 1 5109 5110 5108
7880 2 2 6 1 5109 1457 5110
7881 2 2 6 1 5108 5110 1434
7882 2 2 6 1 1449 5080 5109
7883 2 2 6 1 5080 5111 5109
7884 2 2 6 1 5080 548 5111
7885 2 2 6 1 5109 5111 1457
7886 2 2 6 1 1434 5110 5024
7887 2 2 6 1 5110 5112 5024
7888 2 2 6 1 5110 1457 5112
7889 2 2 6 1 5024 5112 544
7890 2 2 6 1 548 5113 5111
7891 2 2 6 1 5113 5114 5111
7892 2 2 6 1 5113 1458 5114
7893 2 2 6 1 5111 5114 1457
7894 2 2 6 1 1458 5115 5114
7895 2 2 6 1 5115 5116 5114
7896 2 2 6 1 5115 1459 5116
7897 2 2 6 1 5114 5116 1457
7898 2 2 6 1 1458 5117 5115
7899 2 2 6 1 5117 5118 5115
7900 2 2 6 1 5117 551 5118
7901 2 2 6 1 5115 5118 1459
7902 2 2 6 1 1457 5116 5112
7903 2 2 6 1 5116 5119 5112
7904 2 2 6 1 5116 1459 5119
7905 2 2 6 1 5112 5119 544
7906 2 2 6 1 548 5076 5113
7907 2 2 6 1 5076 5120 5113
7908 2 2 6 1 5076 1448 5120
7909 2 2 6 1 5113 5120 1458
7910 2 2 6 1 1448 5121 5120
7911 2 2 6 1 5121 5122 5120
7912 2 2 6 1 5121 1460 5122
7913 2 2 6 1 5120 5122 1458
7914 2 2 6 1 1448 5075 5121
7915 2 2 6 1 5075 5123 5121
7916 2 2 6 1 5075 327 5123
7917 2 2 6 1 5121 5123 1460
7918 2 2 6 1 1458 5122 5117
7919 2 2 6 1 5122 5124 5117
7920 2 2 6 1 5122 1460 5124
7921 2 2 6 1 5117 5124 551
7922 2 2 6 1 544 5119 5028
7923 2 2 6 1 5119 5125 5028
7924 2 2 6 1 5119 1459 5125
7925 2 2 6 1 5028 5125 1435
7926 2 2 6 1 1459 5126 5125
7927 2 2 6 1 5126 5127 5125
7928 2 2 6 1 5126 1461 5127
7929 2 2 6 1 5125 5127 1435
7930 2 2 6 1 1459 5118 5126
7931 2 2 6 1 5118 5128 5126
7932 2 2 6 1 5118 551 5128
7933 2 2 6 1 5126 5128 1461
7934 2 2 6 1 1435 5127 5029
7935 2 2 6 1 5127 5129 5029
7936 2 2 6 1 5127 1461 5129
7937 2 2 6 1 5029 5129 209
7938 2 2 6 1 271 4469 5030
7939 2 2 6 1 4469 5130 5030
7940 2 2 6 1 4469 1299 5130
7941 2 2 6 1 5030 5130 1436
7942 2 2 6 1 1299 5131 5130
7943 2 2 6 1 5131 5132 5130
7944 2 2 6 1 5131 1462 5132
7945 2 2 6 1 5130 5132 1436
7946 2 2 6 1 1299 4468 5131
7947 2 2 6 1 4468 5133 5131
7948 2 2 6 1 4468 512 5133
7949 2 2 6 1 5131 5133 1462
7950 2 2 6 1 1436 5132 5034
7951 2 2 6 1 5132 5134 5034
7952 2 2 6 1 5132 1462 5134
7953 2 2 6 1 5034 5134 545
7954 2 2 6 1 512 5135 5133
7955 2 2 6 1 5135 5136 5133
7956 2 2 6 1 5135 1463 5136
7957 2 2 6 1 5133 5136 1462
7958 2 2 6 1 1463 5137 5136
7959 2 2 6 1 5137 5138 5136
7960 2 2 6 1 5137 1464 5138
7961 2 2 6 1 5136 5138 1462
7962 2 2 6 1 1463 5139 5137
7963 2 2 6 1 5139 5140 5137
7964 2 2 6 1 5139 552 5140
7965 2 2 6 1 5137 5140 1464
7966 2 2 6 1 1462 5138 5134
7967 2 2 6 1 5138 5141 5134
7968 2 2 6 1 5138 1464 5141
7969 2 2 6 1 5134 5141 545
7970 2 2 6 1 512 4464 5135
7971 2 2 6 1 4464 5142 5135
7972 2 2 6 1 4464 1298 5142
7973 2 2 6 1 5135 5142 1463
7974 2 2 6 1 1298 5143 5142
7975 2 2 6 1 5143 5144 5142
7976 2 2 6 1 5143 1465 5144
7977 2 2 6 1 5142 5144 1463
7978 2 2 6 1 1298 4463 5143
7979 2 2 6 1 4463 5145 5143
7980 2 2 6 1 4463 318 5145
7981 2 2 6 1 5143 5145 1465
7982 2 2 6 1 1463 5144 5139
7983 2 2 6 1 5144 5146 5139
7984 2 2 6 1 5144 1465 5146
7985 2 2 6 1 5139 5146 552
7986 2 2 6 1 545 5141 5044
7987 2 2 6 1 5141 5147 5044
7988 2 2 6 1 5141 1464 5147
7989 2 2 6 1 5044 5147 1440
7990 2 2 6 1 1464 5148 5147
7991 2 2 6 1 5148 5149 5147
7992 2 2 6 1 5148 1466 5149
7993 2 2 6 1 5147 5149 1440
7994 2 2 6 1 1464 5140 5148
7995 2 2 6 1 5140 5150 5148
7996 2 2 6 1 5140 552 5150
7997 2 2 6 1 5148 5150 1466
7998 2 2 6 1 1440 5149 5048
7999 2 2 6 1 5149 5151 5048
8000 2 2 6 1 5149 1466 5151
8001 2 2 6 1 5048 5151 326
8002 2 2 6 1 318 5152 5145
8003 2 2 6 1 5152 5153 5145
8004 2 2 6 1 5152 1467 5153
8005 2 2 6 1 5145 5153 1465
8006 2 2 6 1 1467 5154 5153
8007 2 2 6 1 5154 5155 5153
8008 2 2 6 1 5154 1468 5155
8009 2 2 6 1 5153 5155 1465
8010 2 2 6 1 1467 5156 5154
8011 2 2 6 1 5156 5157 5154
8012 2 2 6 1 5156 553 5157
8013 2 2 6 1 5154 5157 1468
8014 2 2 6 1 1465 5155 5146
8015 2 2 6 1 5155 5158 5146
8016 2 2 6 1 5155 1468 5158
8017 2 2 6 1 5146 5158 552
8018 2 2 6 1 553 5159 5157
8019 2 2 6 1 5159 5160 5157
8020 2 2 6 1 5159 1469 5160
8021 2 2 6 1 5157 5160 1468
8022 2 2 6 1 1469 5161 5160
8023 2 2 6 1 5161 5162 5160
8024 2 2 6 1 5161 1470 5162
8025 2 2 6 1 5160 5162 1468
8026 2 2 6 1 1469 5163 5161
8027 2 2 6 1 5163 5164 5161
8028 2 2 6 1 5163 554 5164
8029 2 2 6 1 5161 5164 1470
8030 2 2 6 1 1468 5162 5158
8031 2 2 6 1 5162 5165 5158
8032 2 2 6 1 5162 1470 5165
8033 2 2 6 1 5158 5165 552
8034 2 2 6 1 553 5166 5159
8035 2 2 6 1 5166 5167 5159
8036 2 2 6 1 5166 1471 5167
8037 2 2 6 1 5159 5167 1469
8038 2 2 6 1 1471 5168 5167
8039 2 2 6 1 5168 5169 5167
8040 2 2 6 1 5168 1472 5169
8041 2 2 6 1 5167 5169 1469
8042 2 2 6 1 1471 5170 5168
8043 2 2 6 1 5170 5171 5168
8044 2 2 6 1 5170 328 5171
8045 2 2 6 1 5168 5171 1472
8046 2 2 6 1 1469 5169 5163
8047 2 2 6 1 5169 5172 5163
8048 2 2 6 1 5169 1472 5172
8049 2 2 6 1 5163 5172 554
8050 2 2 6 1 552 5165 5150
8051 2 2 6 1 5165 5173 5150
8052 2 2 6 1 5165 1470 5173
8053 2 2 6 1 5150 5173 1466
8054 2 2 6 1 1470 5174 5173
8055 2 2 6 1 5174 5175 5173
8056 2 2 6 1 5174 1473 5175
8057 2 2 6 1 5173 5175 1466
8058 2 2 6 1 1470 5164 5174
8059 2 2 6 1 5164 5176 5174
8060 2 2 6 1 5164 554 5176
8061 2 2 6 1 5174 5176 1473
8062 2 2 6 1 1466 5175 5151
8063 2 2 6 1 5175 5177 5151
8064 2 2 6 1 5175 1473 5177
8065 2 2 6 1 5151 5177 326
8066 2 2 6 1 318 4447 5152
8067 2 2 6 1 4447 5178 5152
8068 2 2 6 1 4447 1294 5178
8069 2 2 6 1 5152 5178 1467
8070 2 2 6 1 1294 5179 5178
8071 2 2 6 1 5179 5180 5178
8072 2 2 6 1 5179 1474 5180
8073 2 2 6 1 5178 5180 1467
8074 2 2 6 1 1294 4446 5179
8075 2 2 6 1 4446 5181 5179
8076 2 2 6 1 4446 511 5181
8077 2 2 6 1 5179 5181 1474
8078 2 2 6 1 1467 5180 5156
8079 2 2 6 1 5180 5182 5156
8080 2 2 6 1 5180 1474 5182
8081 2 2 6 1 5156 5182 553
8082 2 2 6 1 511 5183 5181
8083 2 2 6 1 5183 5184 5181
8084 2 2 6 1 5183 1475 5184
8085 2 2 6 1 5181 5184 1474
8086 2 2 6 1 1475 5185 5184
8087 2 2 6 1 5185 5186 5184
8088 2 2 6 1 5185 1476 5186
8089 2 2 6 1 5184 5186 1474
8090 2 2 6 1 1475 5187 5185
8091 2 2 6 1 5187 5188 5185
8092 2 2 6 1 5187 555 5188
8093 2 2 6 1 5185 5188 1476
8094 2 2 6 1 1474 5186 5182
8095 2 2 6 1 5186 5189 5182
8096 2 2 6 1 5186 1476 5189
8097 2 2 6 1 5182 5189 553
8098 2 2 6 1 511 4442 5183
8099 2 2 6 1 4442 5190 5183
8100 2 2 6 1 4442 1293 5190
8101 2 2 6 1 5183 5190 1475
8102 2 2 6 1 1293 5191 5190
8103 2 2 6 1 5191 5192 5190
8104 2 2 6 1 5191 1477 5192
8105 2 2 6 1 5190 5192 1475
8106 2 2 6 1 1293 4441 5191
8107 2 2 6 1 4441 5193 5191
8108 2 2 6 1 4441 260 5193
8109 2 2 6 1 5191 5193 1477
8110 2 2 6 1 1475 5192 5187
8111 2 2 6 1 5192 5194 5187
8112 2 2 6 1 5192 1477 5194
8113 2 2 6 1 5187 5194 555
8114 2 2 6 1 553 5189 5166
8115 2 2 6 1 5189 5195 5166
8116 2 2 6 1 5189 1476 5195
8117 2 2 6 1 5166 5195 1471
8118 2 2 6 1 1476 5196 5195
8119 2 2 6 1 5196 5197 5195
8120 2 2 6 1 5196 1478 5197
8121 2 2 6 1 5195 5197 1471
8122 2 2 6 1 1476 5188 5196
8123 2 2 6 1 5188 5198 5196
8124 2 2 6 1 5188 555 5198
8125 2 2 6 1 5196 5198 1478
8126 2 2 6 1 1471 5197 5170
8127 2 2 6 1 5197 5199 5170
8128 2 2 6 1 5197 1478 5199
8129 2 2 6 1 5170 5199 328
8130 2 2 6 1 326 5177 5082
8131 2 2 6 1 5177 5200 5082
8132 2 2 6 1 5177 1473 5200
8133 2 2 6 1 5082 5200 1450
8134 2 2 6 1 1473 5201 5200
8135 2 2 6 1 5201 5202 5200
8136 2 2 6 1 5201 1479 5202
8137 2 2 6 1 5200 5202 1450
8138 2 2 6 1 1473 5176 5201
8139 2 2 6 1 5176 5203 5201
8140 2 2 6 1 5176 554 5203
8141 2 2 6 1 5201 5203 1479
8142 2 2 6 1 1450 5202 5086
8143 2 2 6 1 5202 5204 5086
8144 2 2 6 1 5202 1479 5204
8145 2 2 6 1 5086 5204 549
8146 2 2 6 1 554 5205 5203
8147 2 2 6 1 5205 5206 5203
8148 2 2 6 1 5205 1480 5206
8149 2 2 6 1 5203 5206 1479
8150 2 2 6 1 1480 5207 5206
8151 2 2 6 1 5207 5208 5206
8152 2 2 6 1 5207 1481 5208
8153 2 2 6 1 5206 5208 1479
8154 2 2 6 1 1480 5209 5207
8155 2 2 6 1 5209 5210 5207
8156 2 2 6 1 5209 556 5210
8157 2 2 6 1 5207 5210 1481
8158 2 2 6 1 1479 5208 5204
8159 2 2 6 1 5208 5211 5204
8160 2 2 6 1 5208 1481 5211
8161 2 2 6 1 5204 5211 549
8162 2 2 6 1 554 5172 5205
8163 2 2 6 1 5172 5212 5205
8164 2 2 6 1 5172 1472 5212
8165 2 2 6 1 5205 5212 1480
8166 2 2 6 1 1472 5213 5212
8167 2 2 6 1 5213 5214 5212
8168 2 2 6 1 5213 1482 5214
8169 2 2 6 1 5212 5214 1480
8170 2 2 6 1 1472 5171 5213
8171 2 2 6 1 5171 5215 5213
8172 2 2 6 1 5171 328 5215
8173 2 2 6 1 5213 5215 1482
8174 2 2 6 1 1480 5214 5209
8175 2 2 6 1 5214 5216 5209
8176 2 2 6 1 5214 1482 5216
8177 2 2 6 1 5209 5216 556
8178 2 2 6 1 549 5211 5096
8179 2 2 6 1 5211 5217 5096
8180 2 2 6 1 5211 1481 5217
8181 2 2 6 1 5096 5217 1454
8182 2 2 6 1 1481 5218 5217
8183 2 2 6 1 5218 5219 5217
8184 2 2 6 1 5218 1483 5219
8185 2 2 6 1 5217 5219 1454
8186 2 2 6 1 1481 5210 5218
8187 2 2 6 1 5210 5220 5218
8188 2 2 6 1 5210 556 5220
8189 2 2 6 1 5218 5220 1483
8190 2 2 6 1 1454 5219 5100
8191 2 2 6 1 5219 5221 5100
8192 2 2 6 1 5219 1483 5221
8193 2 2 6 1 5100 5221 273
8194 2 2 6 1 209 5129 208
8195 2 2 6 1 5129 5222 208
8196 2 2 6 1 5129 1461 5222
8197 2 2 6 1 208 5222 207
8198 2 2 6 1 1461 5223 5222
8199 2 2 6 1 5223 5224 5222
8200 2 2 6 1 5223 1484 5224
8201 2 2 6 1 5222 5224 207
8202 2 2 6 1 1461 5128 5223
8203 2 2 6 1 5128 5225 5223
8204 2 2 6 1 5128 551 5225
8205 2 2 6 1 5223 5225 1484
8206 2 2 6 1 207 5224 206
8207 2 2 6 1 5224 5226 206
8208 2 2 6 1 5224 1484 5226
8209 2 2 6 1 206 5226 205
8210 2 2 6 1 551 5227 5225
8211 2 2 6 1 5227 5228 5225
8212 2 2 6 1 5227 1485 5228
8213 2 2 6 1 5225 5228 1484
8214 2 2 6 1 1485 5229 5228
8215 2 2 6 1 5229 5230 5228
8216 2 2 6 1 5229 1486 5230
8217 2 2 6 1 5228 5230 1484
8218 2 2 6 1 1485 5231 5229
8219 2 2 6 1 5231 5232 5229
8220 2 2 6 1 5231 557 5232
8221 2 2 6 1 5229 5232 1486
8222 2 2 6 1 1484 5230 5226
8223 2 2 6 1 5230 5233 5226
8224 2 2 6 1 5230 1486 5233
8225 2 2 6 1 5226 5233 205
8226 2 2 6 1 551 5124 5227
8227 2 2 6 1 5124 5234 5227
8228 2 2 6 1 5124 1460 5234
8229 2 2 6 1 5227 5234 1485
8230 2 2 6 1 1460 5235 5234
8231 2 2 6 1 5235 5236 5234
8232 2 2 6 1 5235 1487 5236
8233 2 2 6 1 5234 5236 1485
8234 2 2 6 1 1460 5123 5235
8235 2 2 6 1 5123 5237 5235
8236 2 2 6 1 5123 327 5237
8237 2 2 6 1 5235 5237 1487
8238 2 2 6 1 1485 5236 5231
8239 2 2 6 1 5236 5238 5231
8240 2 2 6 1 5236 1487 5238
8241 2 2 6 1 5231 5238 557
8242 2 2 6 1 205 5233 204
8243 2 2 6 1 5233 5239 204
8244 2 2 6 1 5233 1486 5239
8245 2 2 6 1 204 5239 203
8246 2 2 6 1 1486 5240 5239
8247 2 2 6 1 5240 5241 5239
8248 2 2 6 1 5240 1488 5241
8249 2 2 6 1 5239 5241 203
8250 2 2 6 1 1486 5232 5240
8251 2 2 6 1 5232 5242 5240
8252 2 2 6 1 5232 557 5242
8253 2 2 6 1 5240 5242 1488
8254 2 2 6 1 203 5241 202
8255 2 2 6 1 5241 5243 202
8256 2 2 6 1 5241 1488 5243
8257 2 2 6 1 202 5243 201
8258 2 2 6 1 327 5244 5237
8259 2 2 6 1 5244 5245 5237
8260 2 2 6 1 5244 1489 5245
8261 2 2 6 1 5237 5245 1487
8262 2 2 6 1 1489 5246 5245
8263 2 2 6 1 5246 5247 5245
8264 2 2 6 1 5246 1490 5247
8265 2 2 6 1 5245 5247 1487
8266 2 2 6 1 1489 5248 5246
8267 2 2 6 1 5248 5249 5246
8268 2 2 6 1 5248 558 5249
8269 2 2 6 1 5246 5249 1490
8270 2 2 6 1 1487 5247 5238
8271 2 2 6 1 5247 5250 5238
8272 2 2 6 1 5247 1490 5250
8273 2 2 6 1 5238 5250 557
8274 2 2 6 1 558 5251 5249
8275 2 2 6 1 5251 5252 5249
8276 2 2 6 1 5251 1491 5252
8277 2 2 6 1 5249 5252 1490
8278 2 2 6 1 1491 5253 5252
8279 2 2 6 1 5253 5254 5252
8280 2 2 6 1 5253 1492 5254
8281 2 2 6 1 5252 5254 1490
8282 2 2 6 1 1491 5255 5253
8283 2 2 6 1 5255 5256 5253
8284 2 2 6 1 5255 559 5256
8285 2 2 6 1 5253 5256 1492
8286 2 2 6 1 1490 5254 5250
8287 2 2 6 1 5254 5257 5250
8288 2 2 6 1 5254 1492 5257
8289 2 2 6 1 5250 5257 557
8290 2 2 6 1 558 5258 5251
8291 2 2 6 1 5258 5259 5251
8292 2 2 6 1 5258 1493 5259
8293 2 2 6 1 5251 5259 1491
8294 2 2 6 1 1493 5260 5259
8295 2 2 6 1 5260 5261 5259
8296 2 2 6 1 5260 1494 5261
8297 2 2 6 1 5259 5261 1491
8298 2 2 6 1 1493 5262 5260
8299 2 2 6 1 5262 5263 5260
8300 2 2 6 1 5262 329 5263
8301 2 2 6 1 5260 5263 1494
8302 2 2 6 1 1491 5261 5255
8303 2 2 6 1 5261 5264 5255
8304 2 2 6 1 5261 1494 5264
8305 2 2 6 1 5255 5264 559
8306 2 2 6 1 557 5257 5242
8307 2 2 6 1 5257 5265 5242
8308 2 2 6 1 5257 1492 5265
8309 2 2 6 1 5242 5265 1488
8310 2 2 6 1 1492 5266 5265
8311 2 2 6 1 5266 5267 5265
8312 2 2 6 1 5266 1495 5267
8313 2 2 6 1 5265 5267 1488
8314 2 2 6 1 1492 5256 5266
8315 2 2 6 1 5256 5268 5266
8316 2 2 6 1 5256 559 5268
8317 2 2 6 1 5266 5268 1495
8318 2 2 6 1 1488 5267 5243
8319 2 2 6 1 5267 5269 5243
8320 2 2 6 1 5267 1495 5269
8321 2 2 6 1 5243 5269 201
8322 2 2 6 1 327 5107 5244
8323 2 2 6 1 5107 5270 5244
8324 2 2 6 1 5107 1456 5270
8325 2 2 6 1 5244 5270 1489
8326 2 2 6 1 1456 5271 5270
8327 2 2 6 1 5271 5272 5270
8328 2 2 6 1 5271 1496 5272
8329 2 2 6 1 5270 5272 1489
8330 2 2 6 1 1456 5106 5271
8331 2 2 6 1 5106 5273 5271
8332 2 2 6 1 5106 550 5273
8333 2 2 6 1 5271 5273 1496
8334 2 2 6 1 1489 5272 5248
8335 2 2 6 1 5272 5274 5248
8336 2 2 6 1 5272 1496 5274
8337 2 2 6 1 5248 5274 558
8338 2 2 6 1 550 5275 5273
8339 2 2 6 1 5275 5276 5273
8340 2 2 6 1 5275 1497 5276
8341 2 2 6 1 5273 5276 1496
8342 2 2 6 1 1497 5277 5276
8343 2 2 6 1 5277 5278 5276
8344 2 2 6 1 5277 1498 5278
8345 2 2 6 1 5276 5278 1496
8346 2 2 6 1 1497 5279 5277
8347 2 2 6 1 5279 5280 5277
8348 2 2 6 1 5279 560 5280
8349 2 2 6 1 5277 5280 1498
8350 2 2 6 1 1496 5278 5274
8351 2 2 6 1 5278 5281 5274
8352 2 2 6 1 5278 1498 5281
8353 2 2 6 1 5274 5281 558
8354 2 2 6 1 550 5102 5275
8355 2 2 6 1 5102 5282 5275
8356 2 2 6 1 5102 1455 5282
8357 2 2 6 1 5275 5282 1497
8358 2 2 6 1 1455 5283 5282
8359 2 2 6 1 5283 5284 5282
8360 2 2 6 1 5283 1499 5284
8361 2 2 6 1 5282 5284 1497
8362 2 2 6 1 1455 5101 5283
8363 2 2 6 1 5101 5285 5283
8364 2 2 6 1 5101 273 5285
8365 2 2 6 1 5283 5285 1499
8366 2 2 6 1 1497 5284 5279
8367 2 2 6 1 5284 5286 5279
8368 2 2 6 1 5284 1499 5286
8369 2 2 6 1 5279 5286 560
8370 2 2 6 1 558 5281 5258
8371 2 2 6 1 5281 5287 5258
8372 2 2 6 1 5281 1498 5287
8373 2 2 6 1 5258 5287 1493
8374 2 2 6 1 1498 5288 5287
8375 2 2 6 1 5288 5289 5287
8376 2 2 6 1 5288 1500 5289
8377 2 2 6 1 5287 5289 1493
8378 2 2 6 1 1498 5280 5288
8379 2 2 6 1 5280 5290 5288
8380 2 2 6 1 5280 560 5290
8381 2 2 6 1 5288 5290 1500
8382 2 2 6 1 1493 5289 5262
8383 2 2 6 1 5289 5291 5262
8384 2 2 6 1 5289 1500 5291
8385 2 2 6 1 5262 5291 329
8386 2 2 6 1 201 5269 200
8387 2 2 6 1 5269 5292 200
8388 2 2 6 1 5269 1495 5292
8389 2 2 6 1 200 5292 199
8390 2 2 6 1 1495 5293 5292
8391 2 2 6 1 5293 5294 5292
8392 2 2 6 1 5293 1501 5294
8393 2 2 6 1 5292 5294 199
8394 2 2 6 1 1495 5268 5293
8395 2 2 6 1 5268 5295 5293
8396 2 2 6 1 5268 559 5295
8397 2 2 6 1 5293 5295 1501
8398 2 2 6 1 199 5294 198
8399 2 2 6 1 5294 5296 198
8400 2 2 6 1 5294 1501 5296
8401 2 2 6 1 198 5296 197
8402 2 2 6 1 559 5297 5295
8403 2 2 6 1 5297 5298 5295
8404 2 2 6 1 5297 1502 5298
8405 2 2 6 1 5295 5298 1501
8406 2 2 6 1 1502 5299 5298
8407 2 2 6 1 5299 5300 5298
8408 2 2 6 1 5299 1503 5300
8409 2 2 6 1 5298 5300 1501
8410 2 2 6 1 1502 5301 5299
8411 2 2 6 1 5301 5302 5299
8412 2 2 6 1 5301 561 5302
8413 2 2 6 1 5299 5302 1503
8414 2 2 6 1 1501 5300 5296
8415 2 2 6 1 5300 5303 5296
8416 2 2 6 1 5300 1503 5303
8417 2 2 6 1 5296 5303 197
8418 2 2 6 1 559 5264 5297
8419 2 2 6 1 5264 5304 5297
8420 2 2 6 1 5264 1494 5304
8421 2 2 6 1 5297 5304 1502
8422 2 2 6 1 1494 5305 5304
8423 2 2 6 1 5305 5306 5304
8424 2 2 6 1 5305 1504 5306
8425 2 2 6 1 5304 5306 1502
8426 2 2 6 1 1494 5263 5305
8427 2 2 6 1 5263 5307 5305
8428 2 2 6 1 5263 329 5307
8429 2 2 6 1 5305 5307 1504
8430 2 2 6 1 1502 5306 5301
8431 2 2 6 1 5306 5308 5301
8432 2 2 6 1 5306 1504 5308
8433 2 2 6 1 5301 5308 561
8434 2 2 6 1 197 5303 196
8435 2 2 6 1 5303 5309 196
8436 2 2 6 1 5303 1503 5309
8437 2 2 6 1 196 5309 195
8438 2 2 6 1 1503 5310 5309
8439 2 2 6 1 5310 5311 5309
8440 2 2 6 1 5310 1505 5311
8441 2 2 6 1 5309 5311 195
8442 2 2 6 1 1503 5302 5310
8443 2 2 6 1 5302 5312 5310
8444 2 2 6 1 5302 561 5312
8445 2 2 6 1 5310 5312 1505
8446 2 2 6 1 195 5311 194
8447 2 2 6 1 5311 5313 194
8448 2 2 6 1 5311 1505 5313
8449 2 2 6 1 194 5313 4
8450 2 2 6 1 3 5314 130
8451 2 2 6 1 5314 5315 130
8452 2 2 6 1 5314 1506 5315
8453 2 2 6 1 130 5315 129
8454 2 2 6 1 1506 5316 5315
8455 2 2 6 1 5316 5317 5315
8456 2 2 6 1 5316 1507 5317
8457 2 2 6 1 5315 5317 129
8458 2 2 6 1 1506 5318 5316
8459 2 2 6 1 5318 5319 5316
8460 2 2 6 1 5318 562 5319
8461 2 2 6 1 5316 5319 1507
8462 2 2 6 1 129 5317 128
8463 2 2 6 1 5317 5320 128
8464 2 2 6 1 5317 1507 5320
8465 2 2 6 1 128 5320 127
8466 2 2 6 1 562 5321 5319
8467 2 2 6 1 5321 5322 5319
8468 2 2 6 1 5321 1508 5322
8469 2 2 6 1 5319 5322 1507
8470 2 2 6 1 1508 5323 5322
8471 2 2 6 1 5323 5324 5322
8472 2 2 6 1 5323 1509 5324
8473 2 2 6 1 5322 5324 1507
8474 2 2 6 1 1508 5325 5323
8475 2 2 6 1 5325 5326 5323
8476 2 2 6 1 5325 563 5326
8477 2 2 6 1 5323 5326 1509
8478 2 2 6 1 1507 5324 5320
8479 2 2 6 1 5324 5327 5320
8480 2 2 6 1 5324 1509 5327
8481 2 2 6 1 5320 5327 127
8482 2 2 6 1 562 5328 5321
8483 2 2 6 1 5328 5329 5321
8484 2 2 6 1 5328 1510 5329
8485 2 2 6 1 5321 5329 1508
8486 2 2 6 1 1510 5330 5329
8487 2 2 6 1 5330 5331 5329
8488 2 2 6 1 5330 1511 5331
8489 2 2 6 1 5329 5331 1508
8490 2 2 6 1 1510 5332 5330
8491 2 2 6 1 5332 5333 5330
8492 2 2 6 1 5332 330 5333
8493 2 2 6 1 5330 5333 1511
8494 2 2 6 1 1508 5331 5325
8495 2 2 6 1 5331 5334 5325
8496 2 2 6 1 5331 1511 5334
8497 2 2 6 1 5325 5334 563
8498 2 2 6 1 127 5327 126
8499 2 2 6 1 5327 5335 126
8500 2 2 6 1 5327 1509 5335
8501 2 2 6 1 126 5335 125
8502 2 2 6 1 1509 5336 5335
8503 2 2 6 1 5336 5337 5335
8504 2 2 6 1 5336 1512 5337
8505 2 2 6 1 5335 5337 125
8506 2 2 6 1 1509 5326 5336
8507 2 2 6 1 5326 5338 5336
8508 2 2 6 1 5326 563 5338
8509 2 2 6 1 5336 5338 1512
8510 2 2 6 1 125 5337 124
8511 2 2 6 1 5337 5339 124
8512 2 2 6 1 5337 1512 5339
8513 2 2 6 1 124 5339 123
8514 2 2 6 1 330 5340 5333
8515 2 2 6 1 5340 5341 5333
8516 2 2 6 1 5340 1513 5341
8517 2 2 6 1 5333 5341 1511
8518 2 2 6 1 1513 5342 5341
8519 2 2 6 1 5342 5343 5341
8520 2 2 6 1 5342 1514 5343
8521 2 2 6 1 5341 5343 1511
8522 2 2 6 1 1513 5344 5342
8523 2 2 6 1 5344 5345 5342
8524 2 2 6 1 5344 564 5345
8525 2 2 6 1 5342 5345 1514
8526 2 2 6 1 1511 5343 5334
8527 2 2 6 1 5343 5346 5334
8528 2 2 6 1 5343 1514 5346
8529 2 2 6 1 5334 5346 563
8530 2 2 6 1 564 5347 5345
8531 2 2 6 1 5347 5348 5345
8532 2 2 6 1 5347 1515 5348
8533 2 2 6 1 5345 5348 1514
8534 2 2 6 1 1515 5349 5348
8535 2 2 6 1 5349 5350 5348
8536 2 2 6 1 5349 1516 5350
8537 2 2 6 1 5348 5350 1514
8538 2 2 6 1 1515 5351 5349
8539 2 2 6 1 5351 5352 5349
8540 2 2 6 1 5351 565 5352
8541 2 2 6 1 5349 5352 1516
8542 2 2 6 1 1514 5350 5346
8543 2 2 6 1 5350 5353 5346
8544 2 2 6 1 5350 1516 5353
8545 2 2 6 1 5346 5353 563
8546 2 2 6 1 564 5354 5347
8547 2 2 6 1 5354 5355 5347
8548 2 2 6 1 5354 1517 5355
8549 2 2 6 1 5347 5355 1515
8550 2 2 6 1 1517 5356 5355
8551 2 2 6 1 5356 5357 5355
8552 2 2 6 1 5356 1518 5357
8553 2 2 6 1 5355 5357 1515
8554 2 2 6 1 1517 5358 5356
8555 2 2 6 1 5358 5359 5356
8556 2 2 6 1 5358 331 5359
8557 2 2 6 1 5356 5359 1518
8558 2 2 6 1 1515 5357 5351
8559 2 2 6 1 5357 5360 5351
8560 2 2 6 1 5357 1518 5360
8561 2 2 6 1 5351 5360 565
8562 2 2 6 1 563 5353 5338
8563 2 2 6 1 5353 5361 5338
8564 2 2 6 1 5353 1516 5361
8565 2 2 6 1 5338 5361 1512
8566 2 2 6 1 1516 5362 5361
8567 2 2 6 1 5362 5363 5361
8568 2 2 6 1 5362 1519 5363
8569 2 2 6 1 5361 5363 1512
8570 2 2 6 1 1516 5352 5362
8571 2 2 6 1 5352 5364 5362
8572 2 2 6 1 5352 565 5364
8573 2 2 6 1 5362 5364 1519
8574 2 2 6 1 1512 5363 5339
8575 2 2 6 1 5363 5365 5339
8576 2 2 6 1 5363 1519 5365
8577 2 2 6 1 5339 5365 123
8578 2 2 6 1 330 5366 5340
8579 2 2 6 1 5366 5367 5340
8580 2 2 6 1 5366 1520 5367
8581 2 2 6 1 5340 5367 1513
8582 2 2 6 1 1520 5368 5367
8583 2 2 6 1 5368 5369 5367
8584 2 2 6 1 5368 1521 5369
8585 2 2 6 1 5367 5369 1513
8586 2 2 6 1 1520 5370 5368
8587 2 2 6 1 5370 5371 5368
8588 2 2 6 1 5370 566 5371
8589 2 2 6 1 5368 5371 1521
8590 2 2 6 1 1513 5369 5344
8591 2 2 6 1 5369 5372 5344
8592 2 2 6 1 5369 1521 5372
8593 2 2 6 1 5344 5372 564
8594 2 2 6 1 566 5373 5371
8595 2 2 6 1 5373 5374 5371
8596 2 2 6 1 5373 1522 5374
8597 2 2 6 1 5371 5374 1521
8598 2 2 6 1 1522 5375 5374
8599 2 2 6 1 5375 5376 5374
8600 2 2 6 1 5375 1523 5376
8601 2 2 6 1 5374 5376 1521
8602 2 2 6 1 1522 5377 5375
8603 2 2 6 1 5377 5378 5375
8604 2 2 6 1 5377 567 5378
8605 2 2 6 1 5375 5378 1523
8606 2 2 6 1 1521 5376 5372
8607 2 2 6 1 5376 5379 5372
8608 2 2 6 1 5376 1523 5379
8609 2 2 6 1 5372 5379 564
8610 2 2 6 1 566 5380 5373
8611 2 2 6 1 5380 5381 5373
8612 2 2 6 1 5380 1524 5381
8613 2 2 6 1 5373 5381 1522
8614 2 2 6 1 1524 5382 5381
8615 2 2 6 1 5382 5383 5381
8616 2 2 6 1 5382 1525 5383
8617 2 2 6 1 5381 5383 1522
8618 2 2 6 1 1524 5384 5382
8619 2 2 6 1 5384 5385 5382
8620 2 2 6 1 5384 274 5385
8621 2 2 6 1 5382 5385 1525
8622 2 2 6 1 1522 5383 5377
8623 2 2 6 1 5383 5386 5377
8624 2 2 6 1 5383 1525 5386
8625 2 2 6 1 5377 5386 567
8626 2 2 6 1 564 5379 5354
8627 2 2 6 1 5379 5387 5354
8628 2 2 6 1 5379 1523 5387
8629 2 2 6 1 5354 5387 1517
8630 2 2 6 1 1523 5388 5387
8631 2 2 6 1 5388 5389 5387
8632 2 2 6 1 5388 1526 5389
8633 2 2 6 1 5387 5389 1517
8634 2 2 6 1 1523 5378 5388
8635 2 2 6 1 5378 5390 5388
8636 2 2 6 1 5378 567 5390
8637 2 2 6 1 5388 5390 1526
8638 2 2 6 1 1517 5389 5358
8639 2 2 6 1 5389 5391 5358
8640 2 2 6 1 5389 1526 5391
8641 2 2 6 1 5358 5391 331
8642 2 2 6 1 123 5365 122
8643 2 2 6 1 5365 5392 122
8644 2 2 6 1 5365 1519 5392
8645 2 2 6 1 122 5392 121
8646 2 2 6 1 1519 5393 5392
8647 2 2 6 1 5393 5394 5392
8648 2 2 6 1 5393 1527 5394
8649 2 2 6 1 5392 5394 121
8650 2 2 6 1 1519 5364 5393
8651 2 2 6 1 5364 5395 5393
8652 2 2 6 1 5364 565 5395
8653 2 2 6 1 5393 5395 1527
8654 2 2 6 1 121 5394 120
8655 2 2 6 1 5394 5396 120
8656 2 2 6 1 5394 1527 5396
8657 2 2 6 1 120 5396 119
8658 2 2 6 1 565 5397 5395
8659 2 2 6 1 5397 5398 5395
8660 2 2 6 1 5397 1528 5398
8661 2 2 6 1 5395 5398 1527
8662 2 2 6 1 1528 5399 5398
8663 2 2 6 1 5399 5400 5398
8664 2 2 6 1 5399 1529 5400
8665 2 2 6 1 5398 5400 1527
8666 2 2 6 1 1528 5401 5399
8667 2 2 6 1 5401 5402 5399
8668 2 2 6 1 5401 568 5402
8669 2 2 6 1 5399 5402 1529
8670 2 2 6 1 1527 5400 5396
8671 2 2 6 1 5400 5403 5396
8672 2 2 6 1 5400 1529 5403
8673 2 2 6 1 5396 5403 119
8674 2 2 6 1 565 5360 5397
8675 2 2 6 1 5360 5404 5397
8676 2 2 6 1 5360 1518 5404
8677 2 2 6 1 5397 5404 1528
8678 2 2 6 1 1518 5405 5404
8679 2 2 6 1 5405 5406 5404
8680 2 2 6 1 5405 1530 5406
8681 2 2 6 1 5404 5406 1528
8682 2 2 6 1 1518 5359 5405
8683 2 2 6 1 5359 5407 5405
8684 2 2 6 1 5359 331 5407
8685 2 2 6 1 5405 5407 1530
8686 2 2 6 1 1528 5406 5401
8687 2 2 6 1 5406 5408 5401
8688 2 2 6 1 5406 1530 5408
8689 2 2 6 1 5401 5408 568
8690 2 2 6 1 119 5403 118
8691 2 2 6 1 5403 5409 118
8692 2 2 6 1 5403 1529 5409
8693 2 2 6 1 118 5409 117
8694 2 2 6 1 1529 5410 5409
8695 2 2 6 1 5410 5411 5409
8696 2 2 6 1 5410 1531 5411
8697 2 2 6 1 5409 5411 117
8698 2 2 6 1 1529 5402 5410
8699 2 2 6 1 5402 5412 5410
8700 2 2 6 1 5402 568 5412
8701 2 2 6 1 5410 5412 1531
8702 2 2 6 1 117 5411 116
8703 2 2 6 1 5411 5413 116
8704 2 2 6 1 5411 1531 5413
8705 2 2 6 1 116 5413 115
8706 2 2 6 1 274 5414 5385
8707 2 2 6 1 5414 5415 5385
8708 2 2 6 1 5414 1532 5415
8709 2 2 6 1 5385 5415 1525
8710 2 2 6 1 1532 5416 5415
8711 2 2 6 1 5416 5417 5415
8712 2 2 6 1 5416 1533 5417
8713 2 2 6 1 5415 5417 1525
8714 2 2 6 1 1532 5418 5416
8715 2 2 6 1 5418 5419 5416
8716 2 2 6 1 5418 569 5419
8717 2 2 6 1 5416 5419 1533
8718 2 2 6 1 1525 5417 5386
8719 2 2 6 1 5417 5420 5386
8720 2 2 6 1 5417 1533 5420
8721 2 2 6 1 5386 5420 567
8722 2 2 6 1 569 5421 5419
8723 2 2 6 1 5421 5422 5419
8724 2 2 6 1 5421 1534 5422
8725 2 2 6 1 5419 5422 1533
8726 2 2 6 1 1534 5423 5422
8727 2 2 6 1 5423 5424 5422
8728 2 2 6 1 5423 1535 5424
8729 2 2 6 1 5422 5424 1533
8730 2 2 6 1 1534 5425 5423
8731 2 2 6 1 5425 5426 5423
8732 2 2 6 1 5425 570 5426
8733 2 2 6 1 5423 5426 1535
8734 2 2 6 1 1533 5424 5420
8735 2 2 6 1 5424 5427 5420
8736 2 2 6 1 5424 1535 5427
8737 2 2 6 1 5420 5427 567
8738 2 2 6 1 569 5428 5421
8739 2 2 6 1 5428 5429 5421
8740 2 2 6 1 5428 1536 5429
8741 2 2 6 1 5421 5429 1534
8742 2 2 6 1 1536 5430 5429
8743 2 2 6 1 5430 5431 5429
8744 2 2 6 1 5430 1537 5431
8745 2 2 6 1 5429 5431 1534
8746 2 2 6 1 1536 5432 5430
8747 2 2 6 1 5432 5433 5430
8748 2 2 6 1 5432 332 5433
8749 2 2 6 1 5430 5433 1537
8750 2 2 6 1 1534 5431 5425
8751 2 2 6 1 5431 5434 5425
8752 2 2 6 1 5431 1537 5434
8753 2 2 6 1 5425 5434 570
8754 2 2 6 1 567 5427 5390
8755 2 2 6 1 5427 5435 5390
8756 2 2 6 1 5427 1535 5435
8757 2 2 6 1 5390 5435 1526
8758 2 2 6 1 1535 5436 5435
8759 2 2 6 1 5436 5437 5435
8760 2 2 6 1 5436 1538 5437
8761 2 2 6 1 5435 5437 1526
8762 2 2 6 1 1535 5426 5436
8763 2 2 6 1 5426 5438 5436
8764 2 2 6 1 5426 570 5438
8765 2 2 6 1 5436 5438 1538
8766 2 2 6 1 1526 5437 5391
8767 2 2 6 1 5437 5439 5391
8768 2 2 6 1 5437 1538 5439
8769 2 2 6 1 5391 5439 331
8770 2 2 6 1 332 5440 5433
8771 2 2 6 1 5440 5441 5433
8772 2 2 6 1 5440 1539 5441
8773 2 2 6 1 5433 5441 1537
8774 2 2 6 1 1539 5442 5441
8775 2 2 6 1 5442 5443 5441
8776 2 2 6 1 5442 1540 5443
8777 2 2 6 1 5441 5443 1537
8778 2 2 6 1 1539 5444 5442
8779 2 2 6 1 5444 5445 5442
8780 2 2 6 1 5444 571 5445
8781 2 2 6 1 5442 5445 1540
8782 2 2 6 1 1537 5443 5434
8783 2 2 6 1 5443 5446 5434
8784 2 2 6 1 5443 1540 5446
8785 2 2 6 1 5434 5446 570
8786 2 2 6 1 571 5447 5445
8787 2 2 6 1 5447 5448 5445
8788 2 2 6 1 5447 1541 5448
8789 2 2 6 1 5445 5448 1540
8790 2 2 6 1 1541 5449 5448
8791 2 2 6 1 5449 5450 5448
8792 2 2 6 1 5449 1542 5450
8793 2 2 6 1 5448 5450 1540
8794 2 2 6 1 1541 5451 5449
8795 2 2 6 1 5451 5452 5449
8796 2 2 6 1 5451 572 5452
8797 2 2 6 1 5449 5452 1542
8798 2 2 6 1 1540 5450 5446
8799 2 2 6 1 5450 5453 5446
8800 2 2 6 1 5450 1542 5453
8801 2 2 6 1 5446 5453 570
8802 2 2 6 1 571 5454 5447
8803 2 2 6 1 5454 5455 5447
8804 2 2 6 1 5454 1543 5455
8805 2 2 6 1 5447 5455 1541
8806 2 2 6 1 1543 5456 5455
8807 2 2 6 1 5456 5457 5455
8808 2 2 6 1 5456 1544 5457
8809 2 2 6 1 5455 5457 1541
8810 2 2 6 1 1543 5458 5456
8811 2 2 6 1 5458 5459 5456
8812 2 2 6 1 5458 333 5459
8813 2 2 6 1 5456 5459 1544
8814 2 2 6 1 1541 5457 5451
8815 2 2 6 1 5457 5460 5451
8816 2 2 6 1 5457 1544 5460
8817 2 2 6 1 5451 5460 572
8818 2 2 6 1 570 5453 5438
8819 2 2 6 1 5453 5461 5438
8820 2 2 6 1 5453 1542 5461
8821 2 2 6 1 5438 5461 1538
8822 2 2 6 1 1542 5462 5461
8823 2 2 6 1 5462 5463 5461
8824 2 2 6 1 5462 1545 5463
8825 2 2 6 1 5461 5463 1538
8826 2 2 6 1 1542 5452 5462
8827 2 2 6 1 5452 5464 5462
8828 2 2 6 1 5452 572 5464
8829 2 2 6 1 5462 5464 1545
8830 2 2 6 1 1538 5463 5439
8831 2 2 6 1 5463 5465 5439
8832 2 2 6 1 5463 1545 5465
8833 2 2 6 1 5439 5465 331
8834 2 2 6 1 332 5466 5440
8835 2 2 6 1 5466 5467 5440
8836 2 2 6 1 5466 1546 5467
8837 2 2 6 1 5440 5467 1539
8838 2 2 6 1 1546 5468 5467
8839 2 2 6 1 5468 5469 5467
8840 2 2 6 1 5468 1547 5469
8841 2 2 6 1 5467 5469 1539
8842 2 2 6 1 1546 5470 5468
8843 2 2 6 1 5470 5471 5468
8844 2 2 6 1 5470 573 5471
8845 2 2 6 1 5468 5471 1547
8846 2 2 6 1 1539 5469 5444
8847 2 2 6 1 5469 5472 5444
8848 2 2 6 1 5469 1547 5472
8849 2 2 6 1 5444 5472 571
8850 2 2 6 1 573 5473 5471
8851 2 2 6 1 5473 5474 5471
8852 2 2 6 1 5473 1548 5474
8853 2 2 6 1 5471 5474 1547
8854 2 2 6 1 1548 5475 5474
8855 2 2 6 1 5475 5476 5474
8856 2 2 6 1 5475 1549 5476
8857 2 2 6 1 5474 5476 1547
8858 2 2 6 1 1548 5477 5475
8859 2 2 6 1 5477 5478 5475
8860 2 2 6 1 5477 574 5478
8861 2 2 6 1 5475 5478 1549
8862 2 2 6 1 1547 5476 5472
8863 2 2 6 1 5476 5479 5472
8864 2 2 6 1 5476 1549 5479
8865 2 2 6 1 5472 5479 571
8866 2 2 6 1 573 5480 5473
8867 2 2 6 1 5480 5481 5473
8868 2 2 6 1 5480 1550 5481
8869 2 2 6 1 5473 5481 1548
8870 2 2 6 1 1550 5482 5481
8871 2 2 6 1 5482 5483 5481
8872 2 2 6 1 5482 1551 5483
8873 2 2 6 1 5481 5483 1548
8874 2 2 6 1 1550 5484 5482
8875 2 2 6 1 5484 5485 5482
8876 2 2 6 1 5484 275 5485
8877 2 2 6 1 5482 5485 1551
8878 2 2 6 1 1548 5483 5477
8879 2 2 6 1 5483 5486 5477
8880 2 2 6 1 5483 1551 5486
8881 2 2 6 1 5477 5486 574
8882 2 2 6 1 571 5479 5454
8883 2 2 6 1 5479 5487 5454
8884 2 2 6 1 5479 1549 5487
8885 2 2 6 1 5454 5487 1543
8886 2 2 6 1 1549 5488 5487
8887 2 2 6 1 5488 5489 5487
8888 2 2 6 1 5488 1552 5489
8889 2 2 6 1 5487 5489 1543
8890 2 2 6 1 1549 5478 5488
8891 2 2 6 1 5478 5490 5488
8892 2 2 6 1 5478 574 5490
8893 2 2 6 1 5488 5490 1552
8894 2 2 6 1 1543 5489 5458
8895 2 2 6 1 5489 5491 5458
8896 2 2 6 1 5489 1552 5491
8897 2 2 6 1 5458 5491 333
8898 2 2 6 1 331 5465 5407
8899 2 2 6 1 5465 5492 5407
8900 2 2 6 1 5465 1545 5492
8901 2 2 6 1 5407 5492 1530
8902 2 2 6 1 1545 5493 5492
8903 2 2 6 1 5493 5494 5492
8904 2 2 6 1 5493 1553 5494
8905 2 2 6 1 5492 5494 1530
8906 2 2 6 1 1545 5464 5493
8907 2 2 6 1 5464 5495 5493
8908 2 2 6 1 5464 572 5495
8909 2 2 6 1 5493 5495 1553
8910 2 2 6 1 1530 5494 5408
8911 2 2 6 1 5494 5496 5408
8912 2 2 6 1 5494 1553 5496
8913 2 2 6 1 5408 5496 568
8914 2 2 6 1 572 5497 5495
8915 2 2 6 1 5497 5498 5495
8916 2 2 6 1 5497 1554 5498
8917 2 2 6 1 5495 5498 1553
8918 2 2 6 1 1554 5499 5498
8919 2 2 6 1 5499 5500 5498
8920 2 2 6 1 5499 1555 5500
8921 2 2 6 1 5498 5500 1553
8922 2 2 6 1 1554 5501 5499
8923 2 2 6 1 5501 5502 5499
8924 2 2 6 1 5501 575 5502
8925 2 2 6 1 5499 5502 1555
8926 2 2 6 1 1553 5500 5496
8927 2 2 6 1 5500 5503 5496
8928 2 2 6 1 5500 1555 5503
8929 2 2 6 1 5496 5503 568
8930 2 2 6 1 572 5460 5497
8931 2 2 6 1 5460 5504 5497
8932 2 2 6 1 5460 1544 5504
8933 2 2 6 1 5497 5504 1554
8934 2 2 6 1 1544 5505 5504
8935 2 2 6 1 5505 5506 5504
8936 2 2 6 1 5505 1556 5506
8937 2 2 6 1 5504 5506 1554
8938 2 2 6 1 1544 5459 5505
8939 2 2 6 1 5459 5507 5505
8940 2 2 6 1 5459 333 5507
8941 2 2 6 1 5505 5507 1556
8942 2 2 6 1 1554 5506 5501
8943 2 2 6 1 5506 5508 5501
8944 2 2 6 1 5506 1556 5508
8945 2 2 6 1 5501 5508 575
8946 2 2 6 1 568 5503 5412
8947 2 2 6 1 5503 5509 5412
8948 2 2 6 1 5503 1555 5509
8949 2 2 6 1 5412 5509 1531
8950 2 2 6 1 1555 5510 5509
8951 2 2 6 1 5510 5511 5509
8952 2 2 6 1 5510 1557 5511
8953 2 2 6 1 5509 5511 1531
8954 2 2 6 1 1555 5502 5510
8955 2 2 6 1 5502 5512 5510
8956 2 2 6 1 5502 575 5512
8957 2 2 6 1 5510 5512 1557
8958 2 2 6 1 1531 5511 5413
8959 2 2 6 1 5511 5513 5413
8960 2 2 6 1 5511 1557 5513
8961 2 2 6 1 5413 5513 115
8962 2 2 6 1 274 5514 5414
8963 2 2 6 1 5514 5515 5414
8964 2 2 6 1 5514 1558 5515
8965 2 2 6 1 5414 5515 1532
8966 2 2 6 1 1558 5516 5515
8967 2 2 6 1 5516 5517 5515
8968 2 2 6 1 5516 1559 5517
8969 2 2 6 1 5515 5517 1532
8970 2 2 6 1 1558 5518 5516
8971 2 2 6 1 5518 5519 5516
8972 2 2 6 1 5518 576 5519
8973 2 2 6 1 5516 5519 1559
8974 2 2 6 1 1532 5517 5418
8975 2 2 6 1 5517 5520 5418
8976 2 2 6 1 5517 1559 5520
8977 2 2 6 1 5418 5520 569
8978 2 2 6 1 576 5521 5519
8979 2 2 6 1 5521 5522 5519
8980 2 2 6 1 5521 1560 5522
8981 2 2 6 1 5519 5522 1559
8982 2 2 6 1 1560 5523 5522
8983 2 2 6 1 5523 5524 5522
8984 2 2 6 1 5523 1561 5524
8985 2 2 6 1 5522 5524 1559
8986 2 2 6 1 1560 5525 5523
8987 2 2 6 1 5525 5526 5523
8988 2 2 6 1 5525 577 5526
8989 2 2 6 1 5523 5526 1561
8990 2 2 6 1 1559 5524 5520
8991 2 2 6 1 5524 5527 5520
8992 2 2 6 1 5524 1561 5527
8993 2 2 6 1 5520 5527 569
8994 2 2 6 1 576 5528 5521
8995 2 2 6 1 5528 5529 5521
8996 2 2 6 1 5528 1562 5529
8997 2 2 6 1 5521 5529 1560
8998 2 2 6 1 1562 5530 5529
8999 2 2 6 1 5530 5531 5529
9000 2 2 6 1 5530 1563 5531
9001 2 2 6 1 5529 5531 1560
9002 2 2 6 1 1562 5532 5530
9003 2 2 6 1 5532 5533 5530
9004 2 2 6 1 5532 334 5533
9005 2 2 6 1 5530 5533 1563
9006 2 2 6 1 1560 5531 5525
9007 2 2 6 1 5531 5534 5525
9008 2 2 6 1 5531 1563 5534
9009 2 2 6 1 5525 5534 577
9010 2 2 6 1 569 5527 5428
9011 2 2 6 1 5527 5535 5428
9012 2 2 6 1 5527 1561 5535
9013 2 2 6 1 5428 5535 1536
9014 2 2 6 1 1561 5536 5535
9015 2 2 6 1 5536 5537 5535
9016 2 2 6 1 5536 1564 5537
9017 2 2 6 1 5535 5537 1536
9018 2 2 6 1 1561 5526 5536
9019 2 2 6 1 5526 5538 5536
9020 2 2 6 1 5526 577 5538
9021 2 2 6 1 5536 5538 1564
9022 2 2 6 1 1536 5537 5432
9023 2 2 6 1 5537 5539 5432
9024 2 2 6 1 5537 1564 5539
9025 2 2 6 1 5432 5539 332
9026 2 2 6 1 334 5540 5533
9027 2 2 6 1 5540 5541 5533
9028 2 2 6 1 5540 1565 5541
9029 2 2 6 1 5533 5541 1563
9030 2 2 6 1 1565 5542 5541
9031 2 2 6 1 5542 5543 5541
9032 2 2 6 1 5542 1566 5543
9033 2 2 6 1 5541 5543 1563
9034 2 2 6 1 1565 5544 5542
9035 2 2 6 1 5544 5545 5542
9036 2 2 6 1 5544 578 5545
9037 2 2 6 1 5542 5545 1566
9038 2 2 6 1 1563 5543 5534
9039 2 2 6 1 5543 5546 5534
9040 2 2 6 1 5543 1566 5546
9041 2 2 6 1 5534 5546 577
9042 2 2 6 1 578 5547 5545
9043 2 2 6 1 5547 5548 5545
9044 2 2 6 1 5547 1567 5548
9045 2 2 6 1 5545 5548 1566
9046 2 2 6 1 1567 5549 5548
9047 2 2 6 1 5549 5550 5548
9048 2 2 6 1 5549 1568 5550
9049 2 2 6 1 5548 5550 1566
9050 2 2 6 1 1567 5551 5549
9051 2 2 6 1 5551 5552 5549
9052 2 2 6 1 5551 579 5552
9053 2 2 6 1 5549 5552 1568
9054 2 2 6 1 1566 5550 5546
9055 2 2 6 1 5550 5553 5546
9056 2 2 6 1 5550 1568 5553
9057 2 2 6 1 5546 5553 577
9058 2 2 6 1 578 5554 5547
9059 2 2 6 1 5554 5555 5547
9060 2 2 6 1 5554 1569 5555
9061 2 2 6 1 5547 5555 1567
9062 2 2 6 1 1569 5556 5555
9063 2 2 6 1 5556 5557 5555
9064 2 2 6 1 5556 1570 5557
9065 2 2 6 1 5555 5557 1567
9066 2 2 6 1 1569 5558 5556
9067 2 2 6 1 5558 5559 5556
9068 2 2 6 1 5558 335 5559
9069 2 2 6 1 5556 5559 1570
9070 2 2 6 1 1567 5557 5551
9071 2 2 6 1 5557 5560 5551
9072 2 2 6 1 5557 1570 5560
9073 2 2 6 1 5551 5560 579
9074 2 2 6 1 577 5553 5538
9075 2 2 6 1 5553 5561 5538
9076 2 2 6 1 5553 1568 5561
9077 2 2 6 1 5538 5561 1564
9078 2 2 6 1 1568 5562 5561
9079 2 2 6 1 5562 5563 5561
9080 2 2 6 1 5562 1571 5563
9081 2 2 6 1 5561 5563 1564
9082 2 2 6 1 1568 5552 5562
9083 2 2 6 1 5552 5564 5562
9084 2 2 6 1 5552 579 5564
9085 2 2 6 1 5562 5564 1571
9086 2 2 6 1 1564 5563 5539
9087 2 2 6 1 5563 5565 5539
9088 2 2 6 1 5563 1571 5565
9089 2 2 6 1 5539 5565 332
9090 2 2 6 1 334 5566 5540
9091 2 2 6 1 5566 5567 5540
9092 2 2 6 1 5566 1572 5567
9093 2 2 6 1 5540 5567 1565
9094 2 2 6 1 1572 5568 5567
9095 2 2 6 1 5568 5569 5567
9096 2 2 6 1 5568 1573 5569
9097 2 2 6 1 5567 5569 1565
9098 2 2 6 1 1572 5570 5568
9099 2 2 6 1 5570 5571 5568
9100 2 2 6 1 5570 580 5571
9101 2 2 6 1 5568 5571 1573
9102 2 2 6 1 1565 5569 5544
9103 2 2 6 1 5569 5572 5544
9104 2 2 6 1 5569 1573 5572
9105 2 2 6 1 5544 5572 578
9106 2 2 6 1 580 5573 5571
9107 2 2 6 1 5573 5574 5571
9108 2 2 6 1 5573 1574 5574
9109 2 2 6 1 5571 5574 1573
9110 2 2 6 1 1574 5575 5574
9111 2 2 6 1 5575 5576 5574
9112 2 2 6 1 5575 1575 5576
9113 2 2 6 1 5574 5576 1573
9114 2 2 6 1 1574 5577 5575
9115 2 2 6 1 5577 5578 5575
9116 2 2 6 1 5577 581 5578
9117 2 2 6 1 5575 5578 1575
9118 2 2 6 1 1573 5576 5572
9119 2 2 6 1 5576 5579 5572
9120 2 2 6 1 5576 1575 5579
9121 2 2 6 1 5572 5579 578
9122 2 2 6 1 580 5580 5573
9123 2 2 6 1 5580 5581 5573
9124 2 2 6 1 5580 1576 5581
9125 2 2 6 1 5573 5581 1574
9126 2 2 6 1 1576 5582 5581
9127 2 2 6 1 5582 5583 5581
9128 2 2 6 1 5582 1577 5583
9129 2 2 6 1 5581 5583 1574
9130 2 2 6 1 1576 5584 5582
9131 2 2 6 1 5584 5585 5582
9132 2 2 6 1 5584 261 5585
9133 2 2 6 1 5582 5585 1577
9134 2 2 6 1 1574 5583 5577
9135 2 2 6 1 5583 5586 5577
9136 2 2 6 1 5583 1577 5586
9137 2 2 6 1 5577 5586 581
9138 2 2 6 1 578 5579 5554
9139 2 2 6 1 5579 5587 5554
9140 2 2 6 1 5579 1575 5587
9141 2 2 6 1 5554 5587 1569
9142 2 2 6 1 1575 5588 5587
9143 2 2 6 1 5588 5589 5587
9144 2 2 6 1 5588 1578 5589
9145 2 2 6 1 5587 5589 1569
9146 2 2 6 1 1575 5578 5588
9147 2 2 6 1 5578 5590 5588
9148 2 2 6 1 5578 581 5590
9149 2 2 6 1 5588 5590 1578
9150 2 2 6 1 1569 5589 5558
9151 2 2 6 1 5589 5591 5558
9152 2 2 6 1 5589 1578 5591
9153 2 2 6 1 5558 5591 335
9154 2 2 6 1 332 5565 5466
9155 2 2 6 1 5565 5592 5466
9156 2 2 6 1 5565 1571 5592
9157 2 2 6 1 5466 5592 1546
9158 2 2 6 1 1571 5593 5592
9159 2 2 6 1 5593 5594 5592
9160 2 2 6 1 5593 1579 5594
9161 2 2 6 1 5592 5594 1546
9162 2 2 6 1 1571 5564 5593
9163 2 2 6 1 5564 5595 5593
9164 2 2 6 1 5564 579 5595
9165 2 2 6 1 5593 5595 1579
9166 2 2 6 1 1546 5594 5470
9167 2 2 6 1 5594 5596 5470
9168 2 2 6 1 5594 1579 5596
9169 2 2 6 1 5470 5596 573
9170 2 2 6 1 579 5597 5595
9171 2 2 6 1 5597 5598 5595
9172 2 2 6 1 5597 1580 5598
9173 2 2 6 1 5595 5598 1579
9174 2 2 6 1 1580 5599 5598
9175 2 2 6 1 5599 5600 5598
9176 2 2 6 1 5599 1581 5600
9177 2 2 6 1 5598 5600 1579
9178 2 2 6 1 1580 5601 5599
9179 2 2 6 1 5601 5602 5599
9180 2 2 6 1 5601 582 5602
9181 2 2 6 1 5599 5602 1581
9182 2 2 6 1 1579 5600 5596
9183 2 2 6 1 5600 5603 5596
9184 2 2 6 1 5600 1581 5603
9185 2 2 6 1 5596 5603 573
9186 2 2 6 1 579 5560 5597
9187 2 2 6 1 5560 5604 5597
9188 2 2 6 1 5560 1570 5604
9189 2 2 6 1 5597 5604 1580
9190 2 2 6 1 1570 5605 5604
9191 2 2 6 1 5605 5606 5604
9192 2 2 6 1 5605 1582 5606
9193 2 2 6 1 5604 5606 1580
9194 2 2 6 1 1570 5559 5605
9195 2 2 6 1 5559 5607 5605
9196 2 2 6 1 5559 335 5607
9197 2 2 6 1 5605 5607 1582
9198 2 2 6 1 1580 5606 5601
9199 2 2 6 1 5606 5608 5601
9200 2 2 6 1 5606 1582 5608
9201 2 2 6 1 5601 5608 582
9202 2 2 6 1 573 5603 5480
9203 2 2 6 1 5603 5609 5480
9204 2 2 6 1 5603 1581 5609
9205 2 2 6 1 5480 5609 1550
9206 2 2 6 1 1581 5610 5609
9207 2 2 6 1 5610 5611 5609
9208 2 2 6 1 5610 1583 5611
9209 2 2 6 1 5609 5611 1550
9210 2 2 6 1 1581 5602 5610
9211 2 2 6 1 5602 5612 5610
9212 2 2 6 1 5602 582 5612
9213 2 2 6 1 5610 5612 1583
9214 2 2 6 1 1550 5611 5484
9215 2 2 6 1 5611 5613 5484
9216 2 2 6 1 5611 1583 5613
9217 2 2 6 1 5484 5613 275
9218 2 2 6 1 115 5513 114
9219 2 2 6 1 5513 5614 114
9220 2 2 6 1 5513 1557 5614
9221 2 2 6 1 114 5614 113
9222 2 2 6 1 1557 5615 5614
9223 2 2 6 1 5615 5616 5614
9224 2 2 6 1 5615 1584 5616
9225 2 2 6 1 5614 5616 113
9226 2 2 6 1 1557 5512 5615
9227 2 2 6 1 5512 5617 5615
9228 2 2 6 1 5512 575 5617
9229 2 2 6 1 5615 5617 1584
9230 2 2 6 1 113 5616 112
9231 2 2 6 1 5616 5618 112
9232 2 2 6 1 5616 1584 5618
9233 2 2 6 1 112 5618 111
9234 2 2 6 1 575 5619 5617
9235 2 2 6 1 5619 5620 5617
9236 2 2 6 1 5619 1585 5620
9237 2 2 6 1 5617 5620 1584
9238 2 2 6 1 1585 5621 5620
9239 2 2 6 1 5621 5622 5620
9240 2 2 6 1 5621 1586 5622
9241 2 2 6 1 5620 5622 1584
9242 2 2 6 1 1585 5623 5621
9243 2 2 6 1 5623 5624 5621
9244 2 2 6 1 5623 583 5624
9245 2 2 6 1 5621 5624 1586
9246 2 2 6 1 1584 5622 5618
9247 2 2 6 1 5622 5625 5618
9248 2 2 6 1 5622 1586 5625
9249 2 2 6 1 5618 5625 111
9250 2 2 6 1 575 5508 5619
9251 2 2 6 1 5508 5626 5619
9252 2 2 6 1 5508 1556 5626
9253 2 2 6 1 5619 5626 1585
9254 2 2 6 1 1556 5627 5626
9255 2 2 6 1 5627 5628 5626
9256 2 2 6 1 5627 1587 5628
9257 2 2 6 1 5626 5628 1585
9258 2 2 6 1 1556 5507 5627
9259 2 2 6 1 5507 5629 5627
9260 2 2 6 1 5507 333 5629
9261 2 2 6 1 5627 5629 1587
9262 2 2 6 1 1585 5628 5623
9263 2 2 6 1 5628 5630 5623
9264 2 2 6 1 5628 1587 5630
9265 2 2 6 1 5623 5630 583
9266 2 2 6 1 111 5625 110
9267 2 2 6 1 5625 5631 110
9268 2 2 6 1 5625 1586 5631
9269 2 2 6 1 110 5631 109
9270 2 2 6 1 1586 5632 5631
9271 2 2 6 1 5632 5633 5631
9272 2 2 6 1 5632 1588 5633
9273 2 2 6 1 5631 5633 109
9274 2 2 6 1 1586 5624 5632
9275 2 2 6 1 5624 5634 5632
9276 2 2 6 1 5624 583 5634
9277 2 2 6 1 5632 5634 1588
9278 2 2 6 1 109 5633 108
9279 2 2 6 1 5633 5635 108
9280 2 2 6 1 5633 1588 5635
9281 2 2 6 1 108 5635 107
9282 2 2 6 1 333 5636 5629
9283 2 2 6 1 5636 5637 5629
9284 2 2 6 1 5636 1589 5637
9285 2 2 6 1 5629 5637 1587
9286 2 2 6 1 1589 5638 5637
9287 2 2 6 1 5638 5639 5637
9288 2 2 6 1 5638 1590 5639
9289 2 2 6 1 5637 5639 1587
9290 2 2 6 1 1589 5640 5638
9291 2 2 6 1 5640 5641 5638
9292 2 2 6 1 5640 584 5641
9293 2 2 6 1 5638 5641 1590
9294 2 2 6 1 1587 5639 5630
9295 2 2 6 1 5639 5642 5630
9296 2 2 6 1 5639 1590 5642
9297 2 2 6 1 5630 5642 583
9298 2 2 6 1 584 5643 5641
9299 2 2 6 1 5643 5644 5641
9300 2 2 6 1 5643 1591 5644
9301 2 2 6 1 5641 5644 1590
9302 2 2 6 1 1591 5645 5644
9303 2 2 6 1 5645 5646 5644
9304 2 2 6 1 5645 1592 5646
9305 2 2 6 1 5644 5646 1590
9306 2 2 6 1 1591 5647 5645
9307 2 2 6 1 5647 5648 5645
9308 2 2 6 1 5647 585 5648
9309 2 2 6 1 5645 5648 1592
9310 2 2 6 1 1590 5646 5642
9311 2 2 6 1 5646 5649 5642
9312 2 2 6 1 5646 1592 5649
9313 2 2 6 1 5642 5649 583
9314 2 2 6 1 584 5650 5643
9315 2 2 6 1 5650 5651 5643
9316 2 2 6 1 5650 1593 5651
9317 2 2 6 1 5643 5651 1591
9318 2 2 6 1 1593 5652 5651
9319 2 2 6 1 5652 5653 5651
9320 2 2 6 1 5652 1594 5653
9321 2 2 6 1 5651 5653 1591
9322 2 2 6 1 1593 5654 5652
9323 2 2 6 1 5654 5655 5652
9324 2 2 6 1 5654 336 5655
9325 2 2 6 1 5652 5655 1594
9326 2 2 6 1 1591 5653 5647
9327 2 2 6 1 5653 5656 5647
9328 2 2 6 1 5653 1594 5656
9329 2 2 6 1 5647 5656 585
9330 2 2 6 1 583 5649 5634
9331 2 2 6 1 5649 5657 5634
9332 2 2 6 1 5649 1592 5657
9333 2 2 6 1 5634 5657 1588
9334 2 2 6 1 1592 5658 5657
9335 2 2 6 1 5658 5659 5657
9336 2 2 6 1 5658 1595 5659
9337 2 2 6 1 5657 5659 1588
9338 2 2 6 1 1592 5648 5658
9339 2 2 6 1 5648 5660 5658
9340 2 2 6 1 5648 585 5660
9341 2 2 6 1 5658 5660 1595
9342 2 2 6 1 1588 5659 5635
9343 2 2 6 1 5659 5661 5635
9344 2 2 6 1 5659 1595 5661
9345 2 2 6 1 5635 5661 107
9346 2 2 6 1 333 5491 5636
9347 2 2 6 1 5491 5662 5636
9348 2 2 6 1 5491 1552 5662
9349 2 2 6 1 5636 5662 1589
9350 2 2 6 1 1552 5663 5662
9351 2 2 6 1 5663 5664 5662
9352 2 2 6 1 5663 1596 5664
9353 2 2 6 1 5662 5664 1589
9354 2 2 6 1 1552 5490 5663
9355 2 2 6 1 5490 5665 5663
9356 2 2 6 1 5490 574 5665
9357 2 2 6 1 5663 5665 1596
9358 2 2 6 1 1589 5664 5640
9359 2 2 6 1 5664 5666 5640
9360 2 2 6 1 5664 1596 5666
9361 2 2 6 1 5640 5666 584
9362 2 2 6 1 574 5667 5665
9363 2 2 6 1 5667 5668 5665
9364 2 2 6 1 5667 1597 5668
9365 2 2 6 1 5665 5668 1596
9366 2 2 6 1 1597 5669 5668
9367 2 2 6 1 5669 5670 5668
9368 2 2 6 1 5669 1598 5670
9369 2 2 6 1 5668 5670 1596
9370 2 2 6 1 1597 5671 5669
9371 2 2 6 1 5671 5672 5669
9372 2 2 6 1 5671 586 5672
9373 2 2 6 1 5669 5672 1598
9374 2 2 6 1 1596 5670 5666
9375 2 2 6 1 5670 5673 5666
9376 2 2 6 1 5670 1598 5673
9377 2 2 6 1 5666 5673 584
9378 2 2 6 1 574 5486 5667
9379 2 2 6 1 5486 5674 5667
9380 2 2 6 1 5486 1551 5674
9381 2 2 6 1 5667 5674 1597
9382 2 2 6 1 1551 5675 5674
9383 2 2 6 1 5675 5676 5674
9384 2 2 6 1 5675 1599 5676
9385 2 2 6 1 5674 5676 1597
9386 2 2 6 1 1551 5485 5675
9387 2 2 6 1 5485 5677 5675
9388 2 2 6 1 5485 275 5677
9389 2 2 6 1 5675 5677 1599
9390 2 2 6 1 1597 5676 5671
9391 2 2 6 1 5676 5678 5671
9392 2 2 6 1 5676 1599 5678
9393 2 2 6 1 5671 5678 586
9394 2 2 6 1 584 5673 5650
9395 2 2 6 1 5673 5679 5650
9396 2 2 6 1 5673 1598 5679
9397 2 2 6 1 5650 5679 1593
9398 2 2 6 1 1598 5680 5679
9399 2 2 6 1 5680 5681 5679
9400 2 2 6 1 5680 1600 5681
9401 2 2 6 1 5679 5681 1593
9402 2 2 6 1 1598 5672 5680
9403 2 2 6 1 5672 5682 5680
9404 2 2 6 1 5672 586 5682
9405 2 2 6 1 5680 5682 1600
9406 2 2 6 1 1593 5681 5654
9407 2 2 6 1 5681 5683 5654
9408 2 2 6 1 5681 1600 5683
9409 2 2 6 1 5654 5683 336
9410 2 2 6 1 107 5661 106
9411 2 2 6 1 5661 5684 106
9412 2 2 6 1 5661 1595 5684
9413 2 2 6 1 106 5684 105
9414 2 2 6 1 1595 5685 5684
9415 2 2 6 1 5685 5686 5684
9416 2 2 6 1 5685 1601 5686
9417 2 2 6 1 5684 5686 105
9418 2 2 6 1 1595 5660 5685
9419 2 2 6 1 5660 5687 5685
9420 2 2 6 1 5660 585 5687
9421 2 2 6 1 5685 5687 1601
9422 2 2 6 1 105 5686 104
9423 2 2 6 1 5686 5688 104
9424 2 2 6 1 5686 1601 5688
9425 2 2 6 1 104 5688 103
9426 2 2 6 1 585 5689 5687
9427 2 2 6 1 5689 5690 5687
9428 2 2 6 1 5689 1602 5690
9429 2 2 6 1 5687 5690 1601
9430 2 2 6 1 1602 5691 5690
9431 2 2 6 1 5691 5692 5690
9432 2 2 6 1 5691 1603 5692
9433 2 2 6 1 5690 5692 1601
9434 2 2 6 1 1602 5693 5691
9435 2 2 6 1 5693 5694 5691
9436 2 2 6 1 5693 587 5694
9437 2 2 6 1 5691 5694 1603
9438 2 2 6 1 1601 5692 5688
9439 2 2 6 1 5692 5695 5688
9440 2 2 6 1 5692 1603 5695
9441 2 2 6 1 5688 5695 103
9442 2 2 6 1 585 5656 5689
9443 2 2 6 1 5656 5696 5689
9444 2 2 6 1 5656 1594 5696
9445 2 2 6 1 5689 5696 1602
9446 2 2 6 1 1594 5697 5696
9447 2 2 6 1 5697 5698 5696
9448 2 2 6 1 5697 1604 5698
9449 2 2 6 1 5696 5698 1602
9450 2 2 6 1 1594 5655 5697
9451 2 2 6 1 5655 5699 5697
9452 2 2 6 1 5655 336 5699
9453 2 2 6 1 5697 5699 1604
9454 2 2 6 1 1602 5698 5693
9455 2 2 6 1 5698 5700 5693
9456 2 2 6 1 5698 1604 5700
9457 2 2 6 1 5693 5700 587
9458 2 2 6 1 103 5695 102
9459 2 2 6 1 5695 5701 102
9460 2 2 6 1 5695 1603 5701
9461 2 2 6 1 102 5701 101
9462 2 2 6 1 1603 5702 5701
9463 2 2 6 1 5702 5703 5701
9464 2 2 6 1 5702 1605 5703
9465 2 2 6 1 5701 5703 101
9466 2 2 6 1 1603 5694 5702
9467 2 2 6 1 5694 5704 5702
9468 2 2 6 1 5694 587 5704
9469 2 2 6 1 5702 5704 1605
9470 2 2 6 1 101 5703 100
9471 2 2 6 1 5703 5705 100
9472 2 2 6 1 5703 1605 5705
9473 2 2 6 1 100 5705 99
9474 2 2 6 1 261 5706 5585
9475 2 2 6 1 5706 5707 5585
9476 2 2 6 1 5706 1606 5707
9477 2 2 6 1 5585 5707 1577
9478 2 2 6 1 1606 5708 5707
9479 2 2 6 1 5708 5709 5707
9480 2 2 6 1 5708 1607 5709
9481 2 2 6 1 5707 5709 1577
9482 2 2 6 1 1606 5710 5708
9483 2 2 6 1 5710 5711 5708
9484 2 2 6 1 5710 588 5711
9485 2 2 6 1 5708 5711 1607
9486 2 2 6 1 1577 5709 5586
9487 2 2 6 1 5709 5712 5586
9488 2 2 6 1 5709 1607 5712
9489 2 2 6 1 5586 5712 581
9490 2 2 6 1 588 5713 5711
9491 2 2 6 1 5713 5714 5711
9492 2 2 6 1 5713 1608 5714
9493 2 2 6 1 5711 5714 1607
9494 2 2 6 1 1608 5715 5714
9495 2 2 6 1 5715 5716 5714
9496 2 2 6 1 5715 1609 5716
9497 2 2 6 1 5714 5716 1607
9498 2 2 6 1 1608 5717 5715
9499 2 2 6 1 5717 5718 5715
9500 2 2 6 1 5717 589 5718
9501 2 2 6 1 5715 5718 1609
9502 2 2 6 1 1607 5716 5712
9503 2 2 6 1 5716 5719 5712
9504 2 2 6 1 5716 1609 5719
9505 2 2 6 1 5712 5719 581
9506 2 2 6 1 588 5720 5713
9507 2 2 6 1 5720 5721 5713
9508 2 2 6 1 5720 1610 5721
9509 2 2 6 1 5713 5721 1608
9510 2 2 6 1 1610 5722 5721
9511 2 2 6 1 5722 5723 5721
9512 2 2 6 1 5722 1611 5723
9513 2 2 6 1 5721 5723 1608
9514 2 2 6 1 1610 5724 5722
9515 2 2 6 1 5724 5725 5722
9516 2 2 6 1 5724 337 5725
9517 2 2 6 1 5722 5725 1611
9518 2 2 6 1 1608 5723 5717
9519 2 2 6 1 5723 5726 5717
9520 2 2 6 1 5723 1611 5726
9521 2 2 6 1 5717 5726 589
9522 2 2 6 1 581 5719 5590
9523 2 2 6 1 5719 5727 5590
9524 2 2 6 1 5719 1609 5727
9525 2 2 6 1 5590 5727 1578
9526 2 2 6 1 1609 5728 5727
9527 2 2 6 1 5728 5729 5727
9528 2 2 6 1 5728 1612 5729
9529 2 2 6 1 5727 5729 1578
9530 2 2 6 1 1609 5718 5728
9531 2 2 6 1 5718 5730 5728
9532 2 2 6 1 5718 589 5730
9533 2 2 6 1 5728 5730 1612
9534 2 2 6 1 1578 5729 5591
9535 2 2 6 1 5729 5731 5591
9536 2 2 6 1 5729 1612 5731
9537 2 2 6 1 5591 5731 335
9538 2 2 6 1 337 5732 5725
9539 2 2 6 1 5732 5733 5725
9540 2 2 6 1 5732 1613 5733
9541 2 2 6 1 5725 5733 1611
9542 2 2 6 1 1613 5734 5733
9543 2 2 6 1 5734 5735 5733
9544 2 2 6 1 5734 1614 5735
9545 2 2 6 1 5733 5735 1611
9546 2 2 6 1 1613 5736 5734
9547 2 2 6 1 5736 5737 5734
9548 2 2 6 1 5736 590 5737
9549 2 2 6 1 5734 5737 1614
9550 2 2 6 1 1611 5735 5726
9551 2 2 6 1 5735 5738 5726
9552 2 2 6 1 5735 1614 5738
9553 2 2 6 1 5726 5738 589
9554 2 2 6 1 590 5739 5737
9555 2 2 6 1 5739 5740 5737
9556 2 2 6 1 5739 1615 5740
9557 2 2 6 1 5737 5740 1614
9558 2 2 6 1 1615 5741 5740
9559 2 2 6 1 5741 5742 5740
9560 2 2 6 1 5741 1616 5742
9561 2 2 6 1 5740 5742 1614
9562 2 2 6 1 1615 5743 5741
9563 2 2 6 1 5743 5744 5741
9564 2 2 6 1 5743 591 5744
9565 2 2 6 1 5741 5744 1616
9566 2 2 6 1 1614 5742 5738
9567 2 2 6 1 5742 5745 5738
9568 2 2 6 1 5742 1616 5745
9569 2 2 6 1 5738 5745 589
9570 2 2 6 1 590 5746 5739
9571 2 2 6 1 5746 5747 5739
9572 2 2 6 1 5746 1617 5747
9573 2 2 6 1 5739 5747 1615
9574 2 2 6 1 1617 5748 5747
9575 2 2 6 1 5748 5749 5747
9576 2 2 6 1 5748 1618 5749
9577 2 2 6 1 5747 5749 1615
9578 2 2 6 1 1617 5750 5748
9579 2 2 6 1 5750 5751 5748
9580 2 2 6 1 5750 338 5751
9581 2 2 6 1 5748 5751 1618
9582 2 2 6 1 1615 5749 5743
9583 2 2 6 1 5749 5752 5743
9584 2 2 6 1 5749 1618 5752
9585 2 2 6 1 5743 5752 591
9586 2 2 6 1 589 5745 5730
9587 2 2 6 1 5745 5753 5730
9588 2 2 6 1 5745 1616 5753
9589 2 2 6 1 5730 5753 1612
9590 2 2 6 1 1616 5754 5753
9591 2 2 6 1 5754 5755 5753
9592 2 2 6 1 5754 1619 5755
9593 2 2 6 1 5753 5755 1612
9594 2 2 6 1 1616 5744 5754
9595 2 2 6 1 5744 5756 5754
9596 2 2 6 1 5744 591 5756
9597 2 2 6 1 5754 5756 1619
9598 2 2 6 1 1612 5755 5731
9599 2 2 6 1 5755 5757 5731
9600 2 2 6 1 5755 1619 5757
9601 2 2 6 1 5731 5757 335
9602 2 2 6 1 337 5758 5732
9603 2 2 6 1 5758 5759 5732
9604 2 2 6 1 5758 1620 5759
9605 2 2 6 1 5732 5759 1613
9606 2 2 6 1 1620 5760 5759
9607 2 2 6 1 5760 5761 5759
9608 2 2 6 1 5760 1621 5761
9609 2 2 6 1 5759 5761 1613
9610 2 2 6 1 1620 5762 5760
9611 2 2 6 1 5762 5763 5760
9612 2 2 6 1 5762 592 5763
9613 2 2 6 1 5760 5763 1621
9614 2 2 6 1 1613 5761 5736
9615 2 2 6 1 5761 5764 5736
9616 2 2 6 1 5761 1621 5764
9617 2 2 6 1 5736 5764 590
9618 2 2 6 1 592 5765 5763
9619 2 2 6 1 5765 5766 5763
9620 2 2 6 1 5765 1622 5766
9621 2 2 6 1 5763 5766 1621
9622 2 2 6 1 1622 5767 5766
9623 2 2 6 1 5767 5768 5766
9624 2 2 6 1 5767 1623 5768
9625 2 2 6 1 5766 5768 1621
9626 2 2 6 1 1622 5769 5767
9627 2 2 6 1 5769 5770 5767
9628 2 2 6 1 5769 593 5770
9629 2 2 6 1 5767 5770 1623
9630 2 2 6 1 1621 5768 5764
9631 2 2 6 1 5768 5771 5764
9632 2 2 6 1 5768 1623 5771
9633 2 2 6 1 5764 5771 590
9634 2 2 6 1 592 5772 5765
9635 2 2 6 1 5772 5773 5765
9636 2 2 6 1 5772 1624 5773
9637 2 2 6 1 5765 5773 1622
9638 2 2 6 1 1624 5774 5773
9639 2 2 6 1 5774 5775 5773
9640 2 2 6 1 5774 1625 5775
9641 2 2 6 1 5773 5775 1622
9642 2 2 6 1 1624 5776 5774
9643 2 2 6 1 5776 5777 5774
9644 2 2 6 1 5776 276 5777
9645 2 2 6 1 5774 5777 1625
9646 2 2 6 1 1622 5775 5769
9647 2 2 6 1 5775 5778 5769
9648 2 2 6 1 5775 1625 5778
9649 2 2 6 1 5769 5778 593
9650 2 2 6 1 590 5771 5746
9651 2 2 6 1 5771 5779 5746
9652 2 2 6 1 5771 1623 5779
9653 2 2 6 1 5746 5779 1617
9654 2 2 6 1 1623 5780 5779
9655 2 2 6 1 5780 5781 5779
9656 2 2 6 1 5780 1626 5781
9657 2 2 6 1 5779 5781 1617
9658 2 2 6 1 1623 5770 5780
9659 2 2 6 1 5770 5782 5780
9660 2 2 6 1 5770 593 5782
9661 2 2 6 1 5780 5782 1626
9662 2 2 6 1 1617 5781 5750
9663 2 2 6 1 5781 5783 5750
9664 2 2 6 1 5781 1626 5783
9665 2 2 6 1 5750 5783 338
9666 2 2 6 1 335 5757 5607
9667 2 2 6 1 5757 5784 5607
9668 2 2 6 1 5757 1619 5784
9669 2 2 6 1 5607 5784 1582
9670 2 2 6 1 1619 5785 5784
9671 2 2 6 1 5785 5786 5784
9672 2 2 6 1 5785 1627 5786
9673 2 2 6 1 5784 5786 1582
9674 2 2 6 1 1619 5756 5785
9675 2 2 6 1 5756 5787 5785
9676 2 2 6 1 5756 591 5787
9677 2 2 6 1 5785 5787 1627
9678 2 2 6 1 1582 5786 5608
9679 2 2 6 1 5786 5788 5608
9680 2 2 6 1 5786 1627 5788
9681 2 2 6 1 5608 5788 582
9682 2 2 6 1 591 5789 5787
9683 2 2 6 1 5789 5790 5787
9684 2 2 6 1 5789 1628 5790
9685 2 2 6 1 5787 5790 1627
9686 2 2 6 1 1628 5791 5790
9687 2 2 6 1 5791 5792 5790
9688 2 2 6 1 5791 1629 5792
9689 2 2 6 1 5790 5792 1627
9690 2 2 6 1 1628 5793 5791
9691 2 2 6 1 5793 5794 5791
9692 2 2 6 1 5793 594 5794
9693 2 2 6 1 5791 5794 1629
9694 2 2 6 1 1627 5792 5788
9695 2 2 6 1 5792 5795 5788
9696 2 2 6 1 5792 1629 5795
9697 2 2 6 1 5788 5795 582
9698 2 2 6 1 591 5752 5789
9699 2 2 6 1 5752 5796 5789
9700 2 2 6 1 5752 1618 5796
9701 2 2 6 1 5789 5796 1628
9702 2 2 6 1 1618 5797 5796
9703 2 2 6 1 5797 5798 5796
9704 2 2 6 1 5797 1630 5798
9705 2 2 6 1 5796 5798 1628
9706 2 2 6 1 1618 5751 5797
9707 2 2 6 1 5751 5799 5797
9708 2 2 6 1 5751 338 5799
9709 2 2 6 1 5797 5799 1630
9710 2 2 6 1 1628 5798 5793
9711 2 2 6 1 5798 5800 5793
9712 2 2 6 1 5798 1630 5800
9713 2 2 6 1 5793 5800 594
9714 2 2 6 1 582 5795 5612
9715 2 2 6 1 5795 5801 5612
9716 2 2 6 1 5795 1629 5801
9717 2 2 6 1 5612 5801 1583
9718 2 2 6 1 1629 5802 5801
9719 2 2 6 1 5802 5803 5801
9720 2 2 6 1 5802 1631 5803
9721 2 2 6 1 5801 5803 1583
9722 2 2 6 1 1629 5794 5802
9723 2 2 6 1 5794 5804 5802
9724 2 2 6 1 5794 594 5804
9725 2 2 6 1 5802 5804 1631
9726 2 2 6 1 1583 5803 5613
9727 2 2 6 1 5803 5805 5613
9728 2 2 6 1 5803 1631 5805
9729 2 2 6 1 5613 5805 275
9730 2 2 6 1 276 5806 5777
9731 2 2 6 1 5806 5807 5777
9732 2 2 6 1 5806 1632 5807
9733 2 2 6 1 5777 5807 1625
9734 2 2 6 1 1632 5808 5807
9735 2 2 6 1 5808 5809 5807
9736 2 2 6 1 5808 1633 5809
9737 2 2 6 1 5807 5809 1625
9738 2 2 6 1 1632 5810 5808
9739 2 2 6 1 5810 5811 5808
9740 2 2 6 1 5810 595 5811
9741 2 2 6 1 5808 5811 1633
9742 2 2 6 1 1625 5809 5778
9743 2 2 6 1 5809 5812 5778
9744 2 2 6 1 5809 1633 5812
9745 2 2 6 1 5778 5812 593
9746 2 2 6 1 595 5813 5811
9747 2 2 6 1 5813 5814 5811
9748 2 2 6 1 5813 1634 5814
9749 2 2 6 1 5811 5814 1633
9750 2 2 6 1 1634 5815 5814
9751 2 2 6 1 5815 5816 5814
9752 2 2 6 1 5815 1635 5816
9753 2 2 6 1 5814 5816 1633
9754 2 2 6 1 1634 5817 5815
9755 2 2 6 1 5817 5818 5815
9756 2 2 6 1 5817 596 5818
9757 2 2 6 1 5815 5818 1635
9758 2 2 6 1 1633 5816 5812
9759 2 2 6 1 5816 5819 5812
9760 2 2 6 1 5816 1635 5819
9761 2 2 6 1 5812 5819 593
9762 2 2 6 1 595 5820 5813
9763 2 2 6 1 5820 5821 5813
9764 2 2 6 1 5820 1636 5821
9765 2 2 6 1 5813 5821 1634
9766 2 2 6 1 1636 5822 5821
9767 2 2 6 1 5822 5823 5821
9768 2 2 6 1 5822 1637 5823
9769 2 2 6 1 5821 5823 1634
9770 2 2 6 1 1636 5824 5822
9771 2 2 6 1 5824 5825 5822
9772 2 2 6 1 5824 339 5825
9773 2 2 6 1 5822 5825 1637
9774 2 2 6 1 1634 5823 5817
9775 2 2 6 1 5823 5826 5817
9776 2 2 6 1 5823 1637 5826
9777 2 2 6 1 5817 5826 596
9778 2 2 6 1 593 5819 5782
9779 2 2 6 1 5819 5827 5782
9780 2 2 6 1 5819 1635 5827
9781 2 2 6 1 5782 5827 1626
9782 2 2 6 1 1635 5828 5827
9783 2 2 6 1 5828 5829 5827
9784 2 2 6 1 5828 1638 5829
9785 2 2 6 1 5827 5829 1626
9786 2 2 6 1 1635 5818 5828
9787 2 2 6 1 5818 5830 5828
9788 2 2 6 1 5818 596 5830
9789 2 2 6 1 5828 5830 1638
9790 2 2 6 1 1626 5829 5783
9791 2 2 6 1 5829 5831 5783
9792 2 2 6 1 5829 1638 5831
9793 2 2 6 1 5783 5831 338
9794 2 2 6 1 339 5832 5825
9795 2 2 6 1 5832 5833 5825
9796 2 2 6 1 5832 1639 5833
9797 2 2 6 1 5825 5833 1637
9798 2 2 6 1 1639 5834 5833
9799 2 2 6 1 5834 5835 5833
9800 2 2 6 1 5834 1640 5835
9801 2 2 6 1 5833 5835 1637
9802 2 2 6 1 1639 5836 5834
9803 2 2 6 1 5836 5837 5834
9804 2 2 6 1 5836 597 5837
9805 2 2 6 1 5834 5837 1640
9806 2 2 6 1 1637 5835 5826
9807 2 2 6 1 5835 5838 5826
9808 2 2 6 1 5835 1640 5838
9809 2 2 6 1 5826 5838 596
9810 2 2 6 1 597 5839 5837
9811 2 2 6 1 5839 5840 5837
9812 2 2 6 1 5839 1641 5840
9813 2 2 6 1 5837 5840 1640
9814 2 2 6 1 1641 5841 5840
9815 2 2 6 1 5841 5842 5840
9816 2 2 6 1 5841 1642 5842
9817 2 2 6 1 5840 5842 1640
9818 2 2 6 1 1641 5843 5841
9819 2 2 6 1 5843 5844 5841
9820 2 2 6 1 5843 598 5844
9821 2 2 6 1 5841 5844 1642
9822 2 2 6 1 1640 5842 5838
9823 2 2 6 1 5842 5845 5838
9824 2 2 6 1 5842 1642 5845
9825 2 2 6 1 5838 5845 596
9826 2 2 6 1 597 5846 5839
9827 2 2 6 1 5846 5847 5839
9828 2 2 6 1 5846 1643 5847
9829 2 2 6 1 5839 5847 1641
9830 2 2 6 1 1643 5848 5847
9831 2 2 6 1 5848 5849 5847
9832 2 2 6 1 5848 1644 5849
9833 2 2 6 1 5847 5849 1641
9834 2 2 6 1 1643 5850 5848
9835 2 2 6 1 5850 5851 5848
9836 2 2 6 1 5850 340 5851
9837 2 2 6 1 5848 5851 1644
9838 2 2 6 1 1641 5849 5843
9839 2 2 6 1 5849 5852 5843
9840 2 2 6 1 5849 1644 5852
9841 2 2 6 1 5843 5852 598
9842 2 2 6 1 596 5845 5830
9843 2 2 6 1 5845 5853 5830
9844 2 2 6 1 5845 1642 5853
9845 2 2 6 1 5830 5853 1638
9846 2 2 6 1 1642 5854 5853
9847 2 2 6 1 5854 5855 5853
9848 2 2 6 1 5854 1645 5855
9849 2 2 6 1 5853 5855 1638
9850 2 2 6 1 1642 5844 5854
9851 2 2 6 1 5844 5856 5854
9852 2 2 6 1 5844 598 5856
9853 2 2 6 1 5854 5856 1645
9854 2 2 6 1 1638 5855 5831
9855 2 2 6 1 5855 5857 5831
9856 2 2 6 1 5855 1645 5857
9857 2 2 6 1 5831 5857 338
9858 2 2 6 1 339 5858 5832
9859 2 2 6 1 5858 5859 5832
9860 2 2 6 1 5858 1646 5859
9861 2 2 6 1 5832 5859 1639
9862 2 2 6 1 1646 5860 5859
9863 2 2 6 1 5860 5861 5859
9864 2 2 6 1 5860 1647 5861
9865 2 2 6 1 5859 5861 1639
9866 2 2 6 1 1646 5862 5860
9867 2 2 6 1 5862 5863 5860
9868 2 2 6 1 5862 599 5863
9869 2 2 6 1 5860 5863 1647
9870 2 2 6 1 1639 5861 5836
9871 2 2 6 1 5861 5864 5836
9872 2 2 6 1 5861 1647 5864
9873 2 2 6 1 5836 5864 597
9874 2 2 6 1 599 5865 5863
9875 2 2 6 1 5865 5866 5863
9876 2 2 6 1 5865 1648 5866
9877 2 2 6 1 5863 5866 1647
9878 2 2 6 1 1648 5867 5866
9879 2 2 6 1 5867 5868 5866
9880 2 2 6 1 5867 1649 5868
9881 2 2 6 1 5866 5868 1647
9882 2 2 6 1 1648 5869 5867
9883 2 2 6 1 5869 5870 5867
9884 2 2 6 1 5869 600 5870
9885 2 2 6 1 5867 5870 1649
9886 2 2 6 1 1647 5868 5864
9887 2 2 6 1 5868 5871 5864
9888 2 2 6 1 5868 1649 5871
9889 2 2 6 1 5864 5871 597
9890 2 2 6 1 599 5872 5865
9891 2 2 6 1 5872 5873 5865
9892 2 2 6 1 5872 1650 5873
9893 2 2 6 1 5865 5873 1648
9894 2 2 6 1 1650 5874 5873
9895 2 2 6 1 5874 5875 5873
9896 2 2 6 1 5874 1651 5875
9897 2 2 6 1 5873 5875 1648
9898 2 2 6 1 1650 5876 5874
9899 2 2 6 1 5876 5877 5874
9900 2 2 6 1 5876 277 5877
9901 2 2 6 1 5874 5877 1651
9902 2 2 6 1 1648 5875 5869
9903 2 2 6 1 5875 5878 5869
9904 2 2 6 1 5875 1651 5878
9905 2 2 6 1 5869 5878 600
9906 2 2 6 1 597 5871 5846
9907 2 2 6 1 5871 5879 5846
9908 2 2 6 1 5871 1649 5879
9909 2 2 6 1 5846 5879 1643
9910 2 2 6 1 1649 5880 5879
9911 2 2 6 1 5880 5881 5879
9912 2 2 6 1 5880 1652 5881
9913 2 2 6 1 5879 5881 1643
9914 2 2 6 1 1649 5870 5880
9915 2 2 6 1 5870 5882 5880
9916 2 2 6 1 5870 600 5882
9917 2 2 6 1 5880 5882 1652
9918 2 2 6 1 1643 5881 5850
9919 2 2 6 1 5881 5883 5850
9920 2 2 6 1 5881 1652 5883
9921 2 2 6 1 5850 5883 340
9922 2 2 6 1 338 5857 5799
9923 2 2 6 1 5857 5884 5799
9924 2 2 6 1 5857 1645 5884
9925 2 2 6 1 5799 5884 1630
9926 2 2 6 1 1645 5885 5884
9927 2 2 6 1 5885 5886 5884
9928 2 2 6 1 5885 1653 5886
9929 2 2 6 1 5884 5886 1630
9930 2 2 6 1 1645 5856 5885
9931 2 2 6 1 5856 5887 5885
9932 2 2 6 1 5856 598 5887
9933 2 2 6 1 5885 5887 1653
9934 2 2 6 1 1630 5886 5800
9935 2 2 6 1 5886 5888 5800
9936 2 2 6 1 5886 1653 5888
9937 2 2 6 1 5800 5888 594
9938 2 2 6 1 598 5889 5887
9939 2 2 6 1 5889 5890 5887
9940 2 2 6 1 5889 1654 5890
9941 2 2 6 1 5887 5890 1653
9942 2 2 6 1 1654 5891 5890
9943 2 2 6 1 5891 5892 5890
9944 2 2 6 1 5891 1655 5892
9945 2 2 6 1 5890 5892 1653
9946 2 2 6 1 1654 5893 5891
9947 2 2 6 1 5893 5894 5891
9948 2 2 6 1 5893 601 5894
9949 2 2 6 1 5891 5894 1655
9950 2 2 6 1 1653 5892 5888
9951 2 2 6 1 5892 5895 5888
9952 2 2 6 1 5892 1655 5895
9953 2 2 6 1 5888 5895 594
9954 2 2 6 1 598 5852 5889
9955 2 2 6 1 5852 5896 5889
9956 2 2 6 1 5852 1644 5896
9957 2 2 6 1 5889 5896 1654
9958 2 2 6 1 1644 5897 5896
9959 2 2 6 1 5897 5898 5896
9960 2 2 6 1 5897 1656 5898
9961 2 2 6 1 5896 5898 1654
9962 2 2 6 1 1644 5851 5897
9963 2 2 6 1 5851 5899 5897
9964 2 2 6 1 5851 340 5899
9965 2 2 6 1 5897 5899 1656
9966 2 2 6 1 1654 5898 5893
9967 2 2 6 1 5898 5900 5893
9968 2 2 6 1 5898 1656 5900
9969 2 2 6 1 5893 5900 601
9970 2 2 6 1 594 5895 5804
9971 2 2 6 1 5895 5901 5804
9972 2 2 6 1 5895 1655 5901
9973 2 2 6 1 5804 5901 1631
9974 2 2 6 1 1655 5902 5901
9975 2 2 6 1 5902 5903 5901
9976 2 2 6 1 5902 1657 5903
9977 2 2 6 1 5901 5903 1631
9978 2 2 6 1 1655 5894 5902
9979 2 2 6 1 5894 5904 5902
9980 2 2 6 1 5894 601 5904
9981 2 2 6 1 5902 5904 1657
9982 2 2 6 1 1631 5903 5805
9983 2 2 6 1 5903 5905 5805
9984 2 2 6 1 5903 1657 5905
9985 2 2 6 1 5805 5905 275
9986 2 2 6 1 276 5906 5806
9987 2 2 6 1 5906 5907 5806
9988 2 2 6 1 5906 1658 5907
9989 2 2 6 1 5806 5907 1632
9990 2 2 6 1 1658 5908 5907
9991 2 2 6 1 5908 5909 5907
9992 2 2 6 1 5908 1659 5909
9993 2 2 6 1 5907 5909 1632
9994 2 2 6 1 1658 5910 5908
9995 2 2 6 1 5910 5911 5908
9996 2 2 6 1 5910 602 5911
9997 2 2 6 1 5908 5911 1659
9998 2 2 6 1 1632 5909 5810
9999 2 2 6 1 5909 5912 5810
10000 2 2 6 1 5909 1659 5912
10001 2 2 6 1 5810 5912 595
10002 2 2 6 1 602 5913 5911
10003 2 2 6 1 5913 5914 5911
10004 2 2 6 1 5913 1660 5914
10005 2 2 6 1 5911 5914 1659
10006 2 2 6 1 1660 5915 5914
10007 2 2 6 1 5915 5916 5914
10008 2 2 6 1 5915 1661 5916
10009 2 2 6 1 5914 5916 1659
10010 2 2 6 1 1660 5917 5915
10011 2 2 6 1 5917 5918 5915
10012 2 2 6 1 5917 603 5918
10013 2 2 6 1 5915 5918 1661
10014 2 2 6 1 1659 5916 5912
10015 2 2 6 1 5916 5919 5912
10016 2 2 6 1 5916 1661 5919
10017 2 2 6 1 5912 5919 595
10018 2 2 6 1 602 5920 5913
10019 2 2 6 1 5920 5921 5913
10020 2 2 6 1 5920 1662 5921
10021 2 2 6 1 5913 5921 1660
10022 2 2 6 1 1662 5922 5921
10023 2 2 6 1 5922 5923 5921
10024 2 2 6 1 5922 1663 5923
10025 2 2 6 1 5921 5923 1660
10026 2 2 6 1 1662 5924 5922
10027 2 2 6 1 5924 5925 5922
10028 2 2 6 1 5924 341 5925
10029 2 2 6 1 5922 5925 1663
10030 2 2 6 1 1660 5923 5917
10031 2 2 6 1 5923 5926 5917
10032 2 2 6 1 5923 1663 5926
10033 2 2 6 1 5917 5926 603
10034 2 2 6 1 595 5919 5820
10035 2 2 6 1 5919 5927 5820
10036 2 2 6 1 5919 1661 5927
10037 2 2 6 1 5820 5927 1636
10038 2 2 6 1 1661 5928 5927
10039 2 2 6 1 5928 5929 5927
10040 2 2 6 1 5928 1664 5929
10041 2 2 6 1 5927 5929 1636
10042 2 2 6 1 1661 5918 5928
10043 2 2 6 1 5918 5930 5928
10044 2 2 6 1 5918 603 5930
10045 2 2 6 1 5928 5930 1664
10046 2 2 6 1 1636 5929 5824
10047 2 2 6 1 5929 5931 5824
10048 2 2 6 1 5929 1664 5931
10049 2 2 6 1 5824 5931 339
10050 2 2 6 1 341 5932 5925
10051 2 2 6 1 5932 5933 5925
10052 2 2 6 1 5932 1665 5933
10053 2 2 6 1 5925 5933 1663
10054 2 2 6 1 1665 5934 5933
10055 2 2 6 1 5934 5935 5933
10056 2 2 6 1 5934 1666 5935
10057 2 2 6 1 5933 5935 1663
10058 2 2 6 1 1665 5936 5934
10059 2 2 6 1 5936 5937 5934
10060 2 2 6 1 5936 604 5937
10061 2 2 6 1 5934 5937 1666
10062 2 2 6 1 1663 5935 5926
10063 2 2 6 1 5935 5938 5926
10064 2 2 6 1 5935 1666 5938
10065 2 2 6 1 5926 5938 603
10066 2 2 6 1 604 5939 5937
10067 2 2 6 1 5939 5940 5937
10068 2 2 6 1 5939 1667 5940
10069 2 2 6 1 5937 5940 1666
10070 2 2 6 1 1667 5941 5940
10071 2 2 6 1 5941 5942 5940
10072 2 2 6 1 5941 1668 5942
10073 2 2 6 1 5940 5942 1666
10074 2 2 6 1 1667 5943 5941
10075 2 2 6 1 5943 5944 5941
10076 2 2 6 1 5943 605 5944
10077 2 2 6 1 5941 5944 1668
10078 2 2 6 1 1666 5942 5938
10079 2 2 6 1 5942 5945 5938
10080 2 2 6 1 5942 1668 5945
10081 2 2 6 1 5938 5945 603
10082 2 2 6 1 604 5946 5939
10083 2 2 6 1 5946 5947 5939
10084 2 2 6 1 5946 1669 5947
10085 2 2 6 1 5939 5947 1667
10086 2 2 6 1 1669 5948 5947
10087 2 2 6 1 5948 5949 5947
10088 2 2 6 1 5948 1670 5949
10089 2 2 6 1 5947 5949 1667
10090 2 2 6 1 1669 5950 5948
10091 2 2 6 1 5950 5951 5948
10092 2 2 6 1 5950 342 5951
10093 2 2 6 1 5948 5951 1670
10094 2 2 6 1 1667 5949 5943
10095 2 2 6 1 5949 5952 5943
10096 2 2 6 1 5949 1670 5952
10097 2 2 6 1 5943 5952 605
10098 2 2 6 1 603 5945 5930
10099 2 2 6 1 5945 5953 5930
10100 2 2 6 1 5945 1668 5953
10101 2 2 6 1 5930 5953 1664
10102 2 2 6 1 1668 5954 5953
10103 2 2 6 1 5954 5955 5953
10104 2 2 6 1 5954 1671 5955
10105 2 2 6 1 5953 5955 1664
10106 2 2 6 1 1668 5944 5954
10107 2 2 6 1 5944 5956 5954
10108 2 2 6 1 5944 605 5956
10109 2 2 6 1 5954 5956 1671
10110 2 2 6 1 1664 5955 5931
10111 2 2 6 1 5955 5957 5931
10112 2 2 6 1 5955 1671 5957
10113 2 2 6 1 5931 5957 339
10114 2 2 6 1 341 5958 5932
10115 2 2 6 1 5958 5959 5932
10116 2 2 6 1 5958 1672 5959
10117 2 2 6 1 5932 5959 1665
10118 2 2 6 1 1672 5960 5959
10119 2 2 6 1 5960 5961 5959
10120 2 2 6 1 5960 1673 5961
10121 2 2 6 1 5959 5961 1665
10122 2 2 6 1 1672 5962 5960
10123 2 2 6 1 5962 5963 5960
10124 2 2 6 1 5962 606 5963
10125 2 2 6 1 5960 5963 1673
10126 2 2 6 1 1665 5961 5936
10127 2 2 6 1 5961 5964 5936
10128 2 2 6 1 5961 1673 5964
10129 2 2 6 1 5936 5964 604
10130 2 2 6 1 606 5965 5963
10131 2 2 6 1 5965 5966 5963
10132 2 2 6 1 5965 1674 5966
10133 2 2 6 1 5963 5966 1673
10134 2 2 6 1 1674 5967 5966
10135 2 2 6 1 5967 5968 5966
10136 2 2 6 1 5967 1675 5968
10137 2 2 6 1 5966 5968 1673
10138 2 2 6 1 1674 5969 5967
10139 2 2 6 1 5969 5970 5967
10140 2 2 6 1 5969 607 5970
10141 2 2 6 1 5967 5970 1675
10142 2 2 6 1 1673 5968 5964
10143 2 2 6 1 5968 5971 5964
10144 2 2 6 1 5968 1675 5971
10145 2 2 6 1 5964 5971 604
10146 2 2 6 1 606 5972 5965
10147 2 2 6 1 5972 5973 5965
10148 2 2 6 1 5972 1676 5973
10149 2 2 6 1 5965 5973 1674
10150 2 2 6 1 1676 5974 5973
10151 2 2 6 1 5974 5975 5973
10152 2 2 6 1 5974 1677 5975
10153 2 2 6 1 5973 5975 1674
10154 2 2 6 1 1676 5976 5974
10155 2 2 6 1 5976 5977 5974
10156 2 2 6 1 5976 258 5977
10157 2 2 6 1 5974 5977 1677
10158 2 2 6 1 1674 5975 5969
10159 2 2 6 1 5975 5978 5969
10160 2 2 6 1 5975 1677 5978
10161 2 2 6 1 5969 5978 607
10162 2 2 6 1 604 5971 5946
10163 2 2 6 1 5971 5979 5946
10164 2 2 6 1 5971 1675 5979
10165 2 2 6 1 5946 5979 1669
10166 2 2 6 1 1675 5980 5979
10167 2 2 6 1 5980 5981 5979
10168 2 2 6 1 5980 1678 5981
10169 2 2 6 1 5979 5981 1669
10170 2 2 6 1 1675 5970 5980
10171 2 2 6 1 5970 5982 5980
10172 2 2 6 1 5970 607 5982
10173 2 2 6 1 5980 5982 1678
10174 2 2 6 1 1669 5981 5950
10175 2 2 6 1 5981 5983 5950
10176 2 2 6 1 5981 1678 5983
10177 2 2 6 1 5950 5983 342
10178 2 2 6 1 339 5957 5858
10179 2 2 6 1 5957 5984 5858
10180 2 2 6 1 5957 1671 5984
10181 2 2 6 1 5858 5984 1646
10182 2 2 6 1 1671 5985 5984
10183 2 2 6 1 5985 5986 5984
10184 2 2 6 1 5985 1679 5986
10185 2 2 6 1 5984 5986 1646
10186 2 2 6 1 1671 5956 5985
10187 2 2 6 1 5956 5987 5985
10188 2 2 6 1 5956 605 5987
10189 2 2 6 1 5985 5987 1679
10190 2 2 6 1 1646 5986 5862
10191 2 2 6 1 5986 5988 5862
10192 2 2 6 1 5986 1679 5988
10193 2 2 6 1 5862 5988 599
10194 2 2 6 1 605 5989 5987
10195 2 2 6 1 5989 5990 5987
10196 2 2 6 1 5989 1680 5990
10197 2 2 6 1 5987 5990 1679
10198 2 2 6 1 1680 5991 5990
10199 2 2 6 1 5991 5992 5990
10200 2 2 6 1 5991 1681 5992
10201 2 2 6 1 5990 5992 1679
10202 2 2 6 1 1680 5993 5991
10203 2 2 6 1 5993 5994 5991
10204 2 2 6 1 5993 608 5994
10205 2 2 6 1 5991 5994 1681
10206 2 2 6 1 1679 5992 5988
10207 2 2 6 1 5992 5995 5988
10208 2 2 6 1 5992 1681 5995
10209 2 2 6 1 5988 5995 599
10210 2 2 6 1 605 5952 5989
10211 2 2 6 1 5952 5996 5989
10212 2 2 6 1 5952 1670 5996
10213 2 2 6 1 5989 5996 1680
10214 2 2 6 1 1670 5997 5996
10215 2 2 6 1 5997 5998 5996
10216 2 2 6 1 5997 1682 5998
10217 2 2 6 1 5996 5998 1680
10218 2 2 6 1 1670 5951 5997
10219 2 2 6 1 5951 5999 5997
10220 2 2 6 1 5951 342 5999
10221 2 2 6 1 5997 5999 1682
10222 2 2 6 1 1680 5998 5993
10223 2 2 6 1 5998 6000 5993
10224 2 2 6 1 5998 1682 6000
10225 2 2 6 1 5993 6000 608
10226 2 2 6 1 599 5995 5872
10227 2 2 6 1 5995 6001 5872
10228 2 2 6 1 5995 1681 6001
10229 2 2 6 1 5872 6001 1650
10230 2 2 6 1 1681 6002 6001
10231 2 2 6 1 6002 6003 6001
10232 2 2 6 1 6002 1683 6003
10233 2 2 6 1 6001 6003 1650
10234 2 2 6 1 1681 5994 6002
10235 2 2 6 1 5994 6004 6002
10236 2 2 6 1 5994 608 6004
10237 2 2 6 1 6002 6004 1683
10238 2 2 6 1 1650 6003 5876
10239 2 2 6 1 6003 6005 5876
10240 2 2 6 1 6003 1683 6005
10241 2 2 6 1 5876 6005 277
10242 2 2 6 1 275 5905 5677
10243 2 2 6 1 5905 6006 5677
10244 2 2 6 1 5905 1657 6006
10245 2 2 6 1 5677 6006 1599
10246 2 2 6 1 1657 6007 6006
10247 2 2 6 1 6007 6008 6006
10248 2 2 6 1 6007 1684 6008
10249 2 2 6 1 6006 6008 1599
10250 2 2 6 1 1657 5904 6007
10251 2 2 6 1 5904 6009 6007
10252 2 2 6 1 5904 601 6009
10253 2 2 6 1 6007 6009 1684
10254 2 2 6 1 1599 6008 5678
10255 2 2 6 1 6008 6010 5678
10256 2 2 6 1 6008 1684 6010
10257 2 2 6 1 5678 6010 586
10258 2 2 6 1 601 6011 6009
10259 2 2 6 1 6011 6012 6009
10260 2 2 6 1 6011 1685 6012
10261 2 2 6 1 6009 6012 1684
10262 2 2 6 1 1685 6013 6012
10263 2 2 6 1 6013 6014 6012
10264 2 2 6 1 6013 1686 6014
10265 2 2 6 1 6012 6014 1684
10266 2 2 6 1 1685 6015 6013
10267 2 2 6 1 6015 6016 6013
10268 2 2 6 1 6015 609 6016
10269 2 2 6 1 6013 6016 1686
10270 2 2 6 1 1684 6014 6010
10271 2 2 6 1 6014 6017 6010
10272 2 2 6 1 6014 1686 6017
10273 2 2 6 1 6010 6017 586
10274 2 2 6 1 601 5900 6011
10275 2 2 6 1 5900 6018 6011
10276 2 2 6 1 5900 1656 6018
10277 2 2 6 1 6011 6018 1685
10278 2 2 6 1 1656 6019 6018
10279 2 2 6 1 6019 6020 6018
10280 2 2 6 1 6019 1687 6020
10281 2 2 6 1 6018 6020 1685
10282 2 2 6 1 1656 5899 6019
10283 2 2 6 1 5899 6021 6019
10284 2 2 6 1 5899 340 6021
10285 2 2 6 1 6019 6021 1687
10286 2 2 6 1 1685 6020 6015
10287 2 2 6 1 6020 6022 6015
10288 2 2 6 1 6020 1687 6022
10289 2 2 6 1 6015 6022 609
10290 2 2 6 1 586 6017 5682
10291 2 2 6 1 6017 6023 5682
10292 2 2 6 1 6017 1686 6023
10293 2 2 6 1 5682 6023 1600
10294 2 2 6 1 1686 6024 6023
10295 2 2 6 1 6024 6025 6023
10296 2 2 6 1 6024 1688 6025
10297 2 2 6 1 6023 6025 1600
10298 2 2 6 1 1686 6016 6024
10299 2 2 6 1 6016 6026 6024
10300 2 2 6 1 6016 609 6026
10301 2 2 6 1 6024 6026 1688
10302 2 2 6 1 1600 6025 5683
10303 2 2 6 1 6025 6027 5683
10304 2 2 6 1 6025 1688 6027
10305 2 2 6 1 5683 6027 336
10306 2 2 6 1 340 6028 6021
10307 2 2 6 1 6028 6029 6021
10308 2 2 6 1 6028 1689 6029
10309 2 2 6 1 6021 6029 1687
10310 2 2 6 1 1689 6030 6029
10311 2 2 6 1 6030 6031 6029
10312 2 2 6 1 6030 1690 6031
10313 2 2 6 1 6029 6031 1687
10314 2 2 6 1 1689 6032 6030
10315 2 2 6 1 6032 6033 6030
10316 2 2 6 1 6032 610 6033
10317 2 2 6 1 6030 6033 1690
10318 2 2 6 1 1687 6031 6022
10319 2 2 6 1 6031 6034 6022
10320 2 2 6 1 6031 1690 6034
10321 2 2 6 1 6022 6034 609
10322 2 2 6 1 610 6035 6033
10323 2 2 6 1 6035 6036 6033
10324 2 2 6 1 6035 1691 6036
10325 2 2 6 1 6033 6036 1690
10326 2 2 6 1 1691 6037 6036
10327 2 2 6 1 6037 6038 6036
10328 2 2 6 1 6037 1692 6038
10329 2 2 6 1 6036 6038 1690
10330 2 2 6 1 1691 6039 6037
10331 2 2 6 1 6039 6040 6037
10332 2 2 6 1 6039 611 6040
10333 2 2 6 1 6037 6040 1692
10334 2 2 6 1 1690 6038 6034
10335 2 2 6 1 6038 6041 6034
10336 2 2 6 1 6038 1692 6041
10337 2 2 6 1 6034 6041 609
10338 2 2 6 1 610 6042 6035
10339 2 2 6 1 6042 6043 6035
10340 2 2 6 1 6042 1693 6043
10341 2 2 6 1 6035 6043 1691
10342 2 2 6 1 1693 6044 6043
10343 2 2 6 1 6044 6045 6043
10344 2 2 6 1 6044 1694 6045
10345 2 2 6 1 6043 6045 1691
10346 2 2 6 1 1693 6046 6044
10347 2 2 6 1 6046 6047 6044
10348 2 2 6 1 6046 343 6047
10349 2 2 6 1 6044 6047 1694
10350 2 2 6 1 1691 6045 6039
10351 2 2 6 1 6045 6048 6039
10352 2 2 6 1 6045 1694 6048
10353 2 2 6 1 6039 6048 611
10354 2 2 6 1 609 6041 6026
10355 2 2 6 1 6041 6049 6026
10356 2 2 6 1 6041 1692 6049
10357 2 2 6 1 6026 6049 1688
10358 2 2 6 1 1692 6050 6049
10359 2 2 6 1 6050 6051 6049
10360 2 2 6 1 6050 1695 6051
10361 2 2 6 1 6049 6051 1688
10362 2 2 6 1 1692 6040 6050
10363 2 2 6 1 6040 6052 6050
10364 2 2 6 1 6040 611 6052
10365 2 2 6 1 6050 6052 1695
10366 2 2 6 1 1688 6051 6027
10367 2 2 6 1 6051 6053 6027
10368 2 2 6 1 6051 1695 6053
10369 2 2 6 1 6027 6053 336
10370 2 2 6 1 340 5883 6028
10371 2 2 6 1 5883 6054 6028
10372 2 2 6 1 5883 1652 6054
10373 2 2 6 1 6028 6054 1689
10374 2 2 6 1 1652 6055 6054
10375 2 2 6 1 6055 6056 6054
10376 2 2 6 1 6055 1696 6056
10377 2 2 6 1 6054 6056 1689
10378 2 2 6 1 1652 5882 6055
10379 2 2 6 1 5882 6057 6055
10380 2 2 6 1 5882 600 6057
10381 2 2 6 1 6055 6057 1696
10382 2 2 6 1 1689 6056 6032
10383 2 2 6 1 6056 6058 6032
10384 2 2 6 1 6056 1696 6058
10385 2 2 6 1 6032 6058 610
10386 2 2 6 1 600 6059 6057
10387 2 2 6 1 6059 6060 6057
10388 2 2 6 1 6059 1697 6060
10389 2 2 6 1 6057 6060 1696
10390 2 2 6 1 1697 6061 6060
10391 2 2 6 1 6061 6062 6060
10392 2 2 6 1 6061 1698 6062
10393 2 2 6 1 6060 6062 1696
10394 2 2 6 1 1697 6063 6061
10395 2 2 6 1 6063 6064 6061
10396 2 2 6 1 6063 612 6064
10397 2 2 6 1 6061 6064 1698
10398 2 2 6 1 1696 6062 6058
10399 2 2 6 1 6062 6065 6058
10400 2 2 6 1 6062 1698 6065
10401 2 2 6 1 6058 6065 610
10402 2 2 6 1 600 5878 6059
10403 2 2 6 1 5878 6066 6059
10404 2 2 6 1 5878 1651 6066
10405 2 2 6 1 6059 6066 1697
10406 2 2 6 1 1651 6067 6066
10407 2 2 6 1 6067 6068 6066
10408 2 2 6 1 6067 1699 6068
10409 2 2 6 1 6066 6068 1697
10410 2 2 6 1 1651 5877 6067
10411 2 2 6 1 5877 6069 6067
10412 2 2 6 1 5877 277 6069
10413 2 2 6 1 6067 6069 1699
10414 2 2 6 1 1697 6068 6063
10415 2 2 6 1 6068 6070 6063
10416 2 2 6 1 6068 1699 6070
10417 2 2 6 1 6063 6070 612
10418 2 2 6 1 610 6065 6042
10419 2 2 6 1 6065 6071 6042
10420 2 2 6 1 6065 1698 6071
10421 2 2 6 1 6042 6071 1693
10422 2 2 6 1 1698 6072 6071
10423 2 2 6 1 6072 6073 6071
10424 2 2 6 1 6072 1700 6073
10425 2 2 6 1 6071 6073 1693
10426 2 2 6 1 1698 6064 6072
10427 2 2 6 1 6064 6074 6072
10428 2 2 6 1 6064 612 6074
10429 2 2 6 1 6072 6074 1700
10430 2 2 6 1 1693 6073 6046
10431 2 2 6 1 6073 6075 6046
10432 2 2 6 1 6073 1700 6075
10433 2 2 6 1 6046 6075 343
10434 2 2 6 1 336 6053 5699
10435 2 2 6 1 6053 6076 5699
10436 2 2 6 1 6053 1695 6076
10437 2 2 6 1 5699 6076 1604
10438 2 2 6 1 1695 6077 6076
10439 2 2 6 1 6077 6078 6076
10440 2 2 6 1 6077 1701 6078
10441 2 2 6 1 6076 6078 1604
10442 2 2 6 1 1695 6052 6077
10443 2 2 6 1 6052 6079 6077
10444 2 2 6 1 6052 611 6079
10445 2 2 6 1 6077 6079 1701
10446 2 2 6 1 1604 6078 5700
10447 2 2 6 1 6078 6080 5700
10448 2 2 6 1 6078 1701 6080
10449 2 2 6 1 5700 6080 587
10450 2 2 6 1 611 6081 6079
10451 2 2 6 1 6081 6082 6079
10452 2 2 6 1 6081 1702 6082
10453 2 2 6 1 6079 6082 1701
10454 2 2 6 1 1702 6083 6082
10455 2 2 6 1 6083 6084 6082
10456 2 2 6 1 6083 1703 6084
10457 2 2 6 1 6082 6084 1701
10458 2 2 6 1 1702 6085 6083
10459 2 2 6 1 6085 6086 6083
10460 2 2 6 1 6085 613 6086
10461 2 2 6 1 6083 6086 1703
10462 2 2 6 1 1701 6084 6080
10463 2 2 6 1 6084 6087 6080
10464 2 2 6 1 6084 1703 6087
10465 2 2 6 1 6080 6087 587
10466 2 2 6 1 611 6048 6081
10467 2 2 6 1 6048 6088 6081
10468 2 2 6 1 6048 1694 6088
10469 2 2 6 1 6081 6088 1702
10470 2 2 6 1 1694 6089 6088
10471 2 2 6 1 6089 6090 6088
10472 2 2 6 1 6089 1704 6090
10473 2 2 6 1 6088 6090 1702
10474 2 2 6 1 1694 6047 6089
10475 2 2 6 1 6047 6091 6089
10476 2 2 6 1 6047 343 6091
10477 2 2 6 1 6089 6091 1704
10478 2 2 6 1 1702 6090 6085
10479 2 2 6 1 6090 6092 6085
10480 2 2 6 1 6090 1704 6092
10481 2 2 6 1 6085 6092 613
10482 2 2 6 1 587 6087 5704
10483 2 2 6 1 6087 6093 5704
10484 2 2 6 1 6087 1703 6093
10485 2 2 6 1 5704 6093 1605
10486 2 2 6 1 1703 6094 6093
10487 2 2 6 1 6094 6095 6093
10488 2 2 6 1 6094 1705 6095
10489 2 2 6 1 6093 6095 1605
10490 2 2 6 1 1703 6086 6094
10491 2 2 6 1 6086 6096 6094
10492 2 2 6 1 6086 613 6096
10493 2 2 6 1 6094 6096 1705
10494 2 2 6 1 1605 6095 5705
10495 2 2 6 1 6095 6097 5705
10496 2 2 6 1 6095 1705 6097
10497 2 2 6 1 5705 6097 99
10498 2 2 6 1 261 6098 5706
10499 2 2 6 1 6098 6099 5706
10500 2 2 6 1 6098 1706 6099
10501 2 2 6 1 5706 6099 1606
10502 2 2 6 1 1706 6100 6099
10503 2 2 6 1 6100 6101 6099
10504 2 2 6 1 6100 1707 6101
10505 2 2 6 1 6099 6101 1606
10506 2 2 6 1 1706 6102 6100
10507 2 2 6 1 6102 6103 6100
10508 2 2 6 1 6102 614 6103
10509 2 2 6 1 6100 6103 1707
10510 2 2 6 1 1606 6101 5710
10511 2 2 6 1 6101 6104 5710
10512 2 2 6 1 6101 1707 6104
10513 2 2 6 1 5710 6104 588
10514 2 2 6 1 614 6105 6103
10515 2 2 6 1 6105 6106 6103
10516 2 2 6 1 6105 1708 6106
10517 2 2 6 1 6103 6106 1707
10518 2 2 6 1 1708 6107 6106
10519 2 2 6 1 6107 6108 6106
10520 2 2 6 1 6107 1709 6108
10521 2 2 6 1 6106 6108 1707
10522 2 2 6 1 1708 6109 6107
10523 2 2 6 1 6109 6110 6107
10524 2 2 6 1 6109 615 6110
10525 2 2 6 1 6107 6110 1709
10526 2 2 6 1 1707 6108 6104
10527 2 2 6 1 6108 6111 6104
10528 2 2 6 1 6108 1709 6111
10529 2 2 6 1 6104 6111 588
10530 2 2 6 1 614 6112 6105
10531 2 2 6 1 6112 6113 6105
10532 2 2 6 1 6112 1710 6113
10533 2 2 6 1 6105 6113 1708
10534 2 2 6 1 1710 6114 6113
10535 2 2 6 1 6114 6115 6113
10536 2 2 6 1 6114 1711 6115
10537 2 2 6 1 6113 6115 1708
10538 2 2 6 1 1710 6116 6114
10539 2 2 6 1 6116 6117 6114
10540 2 2 6 1 6116 344 6117
10541 2 2 6 1 6114 6117 1711
10542 2 2 6 1 1708 6115 6109
10543 2 2 6 1 6115 6118 6109
10544 2 2 6 1 6115 1711 6118
10545 2 2 6 1 6109 6118 615
10546 2 2 6 1 588 6111 5720
10547 2 2 6 1 6111 6119 5720
10548 2 2 6 1 6111 1709 6119
10549 2 2 6 1 5720 6119 1610
10550 2 2 6 1 1709 6120 6119
10551 2 2 6 1 6120 6121 6119
10552 2 2 6 1 6120 1712 6121
10553 2 2 6 1 6119 6121 1610
10554 2 2 6 1 1709 6110 6120
10555 2 2 6 1 6110 6122 6120
10556 2 2 6 1 6110 615 6122
10557 2 2 6 1 6120 6122 1712
10558 2 2 6 1 1610 6121 5724
10559 2 2 6 1 6121 6123 5724
10560 2 2 6 1 6121 1712 6123
10561 2 2 6 1 5724 6123 337
10562 2 2 6 1 344 6124 6117
10563 2 2 6 1 6124 6125 6117
10564 2 2 6 1 6124 1713 6125
10565 2 2 6 1 6117 6125 1711
10566 2 2 6 1 1713 6126 6125
10567 2 2 6 1 6126 6127 6125
10568 2 2 6 1 6126 1714 6127
10569 2 2 6 1 6125 6127 1711
10570 2 2 6 1 1713 6128 6126
10571 2 2 6 1 6128 6129 6126
10572 2 2 6 1 6128 616 6129
10573 2 2 6 1 6126 6129 1714
10574 2 2 6 1 1711 6127 6118
10575 2 2 6 1 6127 6130 6118
10576 2 2 6 1 6127 1714 6130
10577 2 2 6 1 6118 6130 615
10578 2 2 6 1 616 6131 6129
10579 2 2 6 1 6131 6132 6129
10580 2 2 6 1 6131 1715 6132
10581 2 2 6 1 6129 6132 1714
10582 2 2 6 1 1715 6133 6132
10583 2 2 6 1 6133 6134 6132
10584 2 2 6 1 6133 1716 6134
10585 2 2 6 1 6132 6134 1714
10586 2 2 6 1 1715 6135 6133
10587 2 2 6 1 6135 6136 6133
10588 2 2 6 1 6135 617 6136
10589 2 2 6 1 6133 6136 1716
10590 2 2 6 1 1714 6134 6130
10591 2 2 6 1 6134 6137 6130
10592 2 2 6 1 6134 1716 6137
10593 2 2 6 1 6130 6137 615
10594 2 2 6 1 616 6138 6131
10595 2 2 6 1 6138 6139 6131
10596 2 2 6 1 6138 1717 6139
10597 2 2 6 1 6131 6139 1715
10598 2 2 6 1 1717 6140 6139
10599 2 2 6 1 6140 6141 6139
10600 2 2 6 1 6140 1718 6141
10601 2 2 6 1 6139 6141 1715
10602 2 2 6 1 1717 6142 6140
10603 2 2 6 1 6142 6143 6140
10604 2 2 6 1 6142 345 6143
10605 2 2 6 1 6140 6143 1718
10606 2 2 6 1 1715 6141 6135
10607 2 2 6 1 6141 6144 6135
10608 2 2 6 1 6141 1718 6144
10609 2 2 6 1 6135 6144 617
10610 2 2 6 1 615 6137 6122
10611 2 2 6 1 6137 6145 6122
10612 2 2 6 1 6137 1716 6145
10613 2 2 6 1 6122 6145 1712
10614 2 2 6 1 1716 6146 6145
10615 2 2 6 1 6146 6147 6145
10616 2 2 6 1 6146 1719 6147
10617 2 2 6 1 6145 6147 1712
10618 2 2 6 1 1716 6136 6146
10619 2 2 6 1 6136 6148 6146
10620 2 2 6 1 6136 617 6148
10621 2 2 6 1 6146 6148 1719
10622 2 2 6 1 1712 6147 6123
10623 2 2 6 1 6147 6149 6123
10624 2 2 6 1 6147 1719 6149
10625 2 2 6 1 6123 6149 337
10626 2 2 6 1 344 6150 6124
10627 2 2 6 1 6150 6151 6124
10628 2 2 6 1 6150 1720 6151
10629 2 2 6 1 6124 6151 1713
10630 2 2 6 1 1720 6152 6151
10631 2 2 6 1 6152 6153 6151
10632 2 2 6 1 6152 1721 6153
10633 2 2 6 1 6151 6153 1713
10634 2 2 6 1 1720 6154 6152
10635 2 2 6 1 6154 6155 6152
10636 2 2 6 1 6154 618 6155
10637 2 2 6 1 6152 6155 1721
10638 2 2 6 1 1713 6153 6128
10639 2 2 6 1 6153 6156 6128
10640 2 2 6 1 6153 1721 6156
10641 2 2 6 1 6128 6156 616
10642 2 2 6 1 618 6157 6155
10643 2 2 6 1 6157 6158 6155
10644 2 2 6 1 6157 1722 6158
10645 2 2 6 1 6155 6158 1721
10646 2 2 6 1 1722 6159 6158
10647 2 2 6 1 6159 6160 6158
10648 2 2 6 1 6159 1723 6160
10649 2 2 6 1 6158 6160 1721
10650 2 2 6 1 1722 6161 6159
10651 2 2 6 1 6161 6162 6159
10652 2 2 6 1 6161 619 6162
10653 2 2 6 1 6159 6162 1723
10654 2 2 6 1 1721 6160 6156
10655 2 2 6 1 6160 6163 6156
10656 2 2 6 1 6160 1723 6163
10657 2 2 6 1 6156 6163 616
10658 2 2 6 1 618 6164 6157
10659 2 2 6 1 6164 6165 6157
10660 2 2 6 1 6164 1724 6165
10661 2 2 6 1 6157 6165 1722
10662 2 2 6 1 1724 6166 6165
10663 2 2 6 1 6166 6167 6165
10664 2 2 6 1 6166 1725 6167
10665 2 2 6 1 6165 6167 1722
10666 2 2 6 1 1724 6168 6166
10667 2 2 6 1 6168 6169 6166
10668 2 2 6 1 6168 278 6169
10669 2 2 6 1 6166 6169 1725
10670 2 2 6 1 1722 6167 6161
10671 2 2 6 1 6167 6170 6161
10672 2 2 6 1 6167 1725 6170
10673 2 2 6 1 6161 6170 619
10674 2 2 6 1 616 6163 6138
10675 2 2 6 1 6163 6171 6138
10676 2 2 6 1 6163 1723 6171
10677 2 2 6 1 6138 6171 1717
10678 2 2 6 1 1723 6172 6171
10679 2 2 6 1 6172 6173 6171
10680 2 2 6 1 6172 1726 6173
10681 2 2 6 1 6171 6173 1717
10682 2 2 6 1 1723 6162 6172
10683 2 2 6 1 6162 6174 6172
10684 2 2 6 1 6162 619 6174
10685 2 2 6 1 6172 6174 1726
10686 2 2 6 1 1717 6173 6142
10687 2 2 6 1 6173 6175 6142
10688 2 2 6 1 6173 1726 6175
10689 2 2 6 1 6142 6175 345
10690 2 2 6 1 337 6149 5758
10691 2 2 6 1 6149 6176 5758
10692 2 2 6 1 6149 1719 6176
10693 2 2 6 1 5758 6176 1620
10694 2 2 6 1 1719 6177 6176
10695 2 2 6 1 6177 6178 6176
10696 2 2 6 1 6177 1727 6178
10697 2 2 6 1 6176 6178 1620
10698 2 2 6 1 1719 6148 6177
10699 2 2 6 1 6148 6179 6177
10700 2 2 6 1 6148 617 6179
10701 2 2 6 1 6177 6179 1727
10702 2 2 6 1 1620 6178 5762
10703 2 2 6 1 6178 6180 5762
10704 2 2 6 1 6178 1727 6180
10705 2 2 6 1 5762 6180 592
10706 2 2 6 1 617 6181 6179
10707 2 2 6 1 6181 6182 6179
10708 2 2 6 1 6181 1728 6182
10709 2 2 6 1 6179 6182 1727
10710 2 2 6 1 1728 6183 6182
10711 2 2 6 1 6183 6184 6182
10712 2 2 6 1 6183 1729 6184
10713 2 2 6 1 6182 6184 1727
10714 2 2 6 1 1728 6185 6183
10715 2 2 6 1 6185 6186 6183
10716 2 2 6 1 6185 620 6186
10717 2 2 6 1 6183 6186 1729
10718 2 2 6 1 1727 6184 6180
10719 2 2 6 1 6184 6187 6180
10720 2 2 6 1 6184 1729 6187
10721 2 2 6 1 6180 6187 592
10722 2 2 6 1 617 6144 6181
10723 2 2 6 1 6144 6188 6181
10724 2 2 6 1 6144 1718 6188
10725 2 2 6 1 6181 6188 1728
10726 2 2 6 1 1718 6189 6188
10727 2 2 6 1 6189 6190 6188
10728 2 2 6 1 6189 1730 6190
10729 2 2 6 1 6188 6190 1728
10730 2 2 6 1 1718 6143 6189
10731 2 2 6 1 6143 6191 6189
10732 2 2 6 1 6143 345 6191
10733 2 2 6 1 6189 6191 1730
10734 2 2 6 1 1728 6190 6185
10735 2 2 6 1 6190 6192 6185
10736 2 2 6 1 6190 1730 6192
10737 2 2 6 1 6185 6192 620
10738 2 2 6 1 592 6187 5772
10739 2 2 6 1 6187 6193 5772
10740 2 2 6 1 6187 1729 6193
10741 2 2 6 1 5772 6193 1624
10742 2 2 6 1 1729 6194 6193
10743 2 2 6 1 6194 6195 6193
10744 2 2 6 1 6194 1731 6195
10745 2 2 6 1 6193 6195 1624
10746 2 2 6 1 1729 6186 6194
10747 2 2 6 1 6186 6196 6194
10748 2 2 6 1 6186 620 6196
10749 2 2 6 1 6194 6196 1731
10750 2 2 6 1 1624 6195 5776
10751 2 2 6 1 6195 6197 5776
10752 2 2 6 1 6195 1731 6197
10753 2 2 6 1 5776 6197 276
10754 2 2 6 1 278 6198 6169
10755 2 2 6 1 6198 6199 6169
10756 2 2 6 1 6198 1732 6199
10757 2 2 6 1 6169 6199 1725
10758 2 2 6 1 1732 6200 6199
10759 2 2 6 1 6200 6201 6199
10760 2 2 6 1 6200 1733 6201
10761 2 2 6 1 6199 6201 1725
10762 2 2 6 1 1732 6202 6200
10763 2 2 6 1 6202 6203 6200
10764 2 2 6 1 6202 621 6203
10765 2 2 6 1 6200 6203 1733
10766 2 2 6 1 1725 6201 6170
10767 2 2 6 1 6201 6204 6170
10768 2 2 6 1 6201 1733 6204
10769 2 2 6 1 6170 6204 619
10770 2 2 6 1 621 6205 6203
10771 2 2 6 1 6205 6206 6203
10772 2 2 6 1 6205 1734 6206
10773 2 2 6 1 6203 6206 1733
10774 2 2 6 1 1734 6207 6206
10775 2 2 6 1 6207 6208 6206
10776 2 2 6 1 6207 1735 6208
10777 2 2 6 1 6206 6208 1733
10778 2 2 6 1 1734 6209 6207
10779 2 2 6 1 6209 6210 6207
10780 2 2 6 1 6209 622 6210
10781 2 2 6 1 6207 6210 1735
10782 2 2 6 1 1733 6208 6204
10783 2 2 6 1 6208 6211 6204
10784 2 2 6 1 6208 1735 6211
10785 2 2 6 1 6204 6211 619
10786 2 2 6 1 621 6212 6205
10787 2 2 6 1 6212 6213 6205
10788 2 2 6 1 6212 1736 6213
10789 2 2 6 1 6205 6213 1734
10790 2 2 6 1 1736 6214 6213
10791 2 2 6 1 6214 6215 6213
10792 2 2 6 1 6214 1737 6215
10793 2 2 6 1 6213 6215 1734
10794 2 2 6 1 1736 6216 6214
10795 2 2 6 1 6216 6217 6214
10796 2 2 6 1 6216 346 6217
10797 2 2 6 1 6214 6217 1737
10798 2 2 6 1 1734 6215 6209
10799 2 2 6 1 6215 6218 6209
10800 2 2 6 1 6215 1737 6218
10801 2 2 6 1 6209 6218 622
10802 2 2 6 1 619 6211 6174
10803 2 2 6 1 6211 6219 6174
10804 2 2 6 1 6211 1735 6219
10805 2 2 6 1 6174 6219 1726
10806 2 2 6 1 1735 6220 6219
10807 2 2 6 1 6220 6221 6219
10808 2 2 6 1 6220 1738 6221
10809 2 2 6 1 6219 6221 1726
10810 2 2 6 1 1735 6210 6220
10811 2 2 6 1 6210 6222 6220
10812 2 2 6 1 6210 622 6222
10813 2 2 6 1 6220 6222 1738
10814 2 2 6 1 1726 6221 6175
10815 2 2 6 1 6221 6223 6175
10816 2 2 6 1 6221 1738 6223
10817 2 2 6 1 6175 6223 345
10818 2 2 6 1 346 6224 6217
10819 2 2 6 1 6224 6225 6217
10820 2 2 6 1 6224 1739 6225
10821 2 2 6 1 6217 6225 1737
10822 2 2 6 1 1739 6226 6225
10823 2 2 6 1 6226 6227 6225
10824 2 2 6 1 6226 1740 6227
10825 2 2 6 1 6225 6227 1737
10826 2 2 6 1 1739 6228 6226
10827 2 2 6 1 6228 6229 6226
10828 2 2 6 1 6228 623 6229
10829 2 2 6 1 6226 6229 1740
10830 2 2 6 1 1737 6227 6218
10831 2 2 6 1 6227 6230 6218
10832 2 2 6 1 6227 1740 6230
10833 2 2 6 1 6218 6230 622
10834 2 2 6 1 623 6231 6229
10835 2 2 6 1 6231 6232 6229
10836 2 2 6 1 6231 1741 6232
10837 2 2 6 1 6229 6232 1740
10838 2 2 6 1 1741 6233 6232
10839 2 2 6 1 6233 6234 6232
10840 2 2 6 1 6233 1742 6234
10841 2 2 6 1 6232 6234 1740
10842 2 2 6 1 1741 6235 6233
10843 2 2 6 1 6235 6236 6233
10844 2 2 6 1 6235 624 6236
10845 2 2 6 1 6233 6236 1742
10846 2 2 6 1 1740 6234 6230
10847 2 2 6 1 6234 6237 6230
10848 2 2 6 1 6234 1742 6237
10849 2 2 6 1 6230 6237 622
10850 2 2 6 1 623 6238 6231
10851 2 2 6 1 6238 6239 6231
10852 2 2 6 1 6238 1743 6239
10853 2 2 6 1 6231 6239 1741
10854 2 2 6 1 1743 6240 6239
10855 2 2 6 1 6240 6241 6239
10856 2 2 6 1 6240 1744 6241
10857 2 2 6 1 6239 6241 1741
10858 2 2 6 1 1743 6242 6240
10859 2 2 6 1 6242 6243 6240
10860 2 2 6 1 6242 347 6243
10861 2 2 6 1 6240 6243 1744
10862 2 2 6 1 1741 6241 6235
10863 2 2 6 1 6241 6244 6235
10864 2 2 6 1 6241 1744 6244
10865 2 2 6 1 6235 6244 624
10866 2 2 6 1 622 6237 6222
10867 2 2 6 1 6237 6245 6222
10868 2 2 6 1 6237 1742 6245
10869 2 2 6 1 6222 6245 1738
10870 2 2 6 1 1742 6246 6245
10871 2 2 6 1 6246 6247 6245
10872 2 2 6 1 6246 1745 6247
10873 2 2 6 1 6245 6247 1738
10874 2 2 6 1 1742 6236 6246
10875 2 2 6 1 6236 6248 6246
10876 2 2 6 1 6236 624 6248
10877 2 2 6 1 6246 6248 1745
10878 2 2 6 1 1738 6247 6223
10879 2 2 6 1 6247 6249 6223
10880 2 2 6 1 6247 1745 6249
10881 2 2 6 1 6223 6249 345
10882 2 2 6 1 346 6250 6224
10883 2 2 6 1 6250 6251 6224
10884 2 2 6 1 6250 1746 6251
10885 2 2 6 1 6224 6251 1739
10886 2 2 6 1 1746 6252 6251
10887 2 2 6 1 6252 6253 6251
10888 2 2 6 1 6252 1747 6253
10889 2 2 6 1 6251 6253 1739
10890 2 2 6 1 1746 6254 6252
10891 2 2 6 1 6254 6255 6252
10892 2 2 6 1 6254 625 6255
10893 2 2 6 1 6252 6255 1747
10894 2 2 6 1 1739 6253 6228
10895 2 2 6 1 6253 6256 6228
10896 2 2 6 1 6253 1747 6256
10897 2 2 6 1 6228 6256 623
10898 2 2 6 1 625 6257 6255
10899 2 2 6 1 6257 6258 6255
10900 2 2 6 1 6257 1748 6258
10901 2 2 6 1 6255 6258 1747
10902 2 2 6 1 1748 6259 6258
10903 2 2 6 1 6259 6260 6258
10904 2 2 6 1 6259 1749 6260
10905 2 2 6 1 6258 6260 1747
10906 2 2 6 1 1748 6261 6259
10907 2 2 6 1 6261 6262 6259
10908 2 2 6 1 6261 626 6262
10909 2 2 6 1 6259 6262 1749
10910 2 2 6 1 1747 6260 6256
10911 2 2 6 1 6260 6263 6256
10912 2 2 6 1 6260 1749 6263
10913 2 2 6 1 6256 6263 623
10914 2 2 6 1 625 6264 6257
10915 2 2 6 1 6264 6265 6257
10916 2 2 6 1 6264 1750 6265
10917 2 2 6 1 6257 6265 1748
10918 2 2 6 1 1750 6266 6265
10919 2 2 6 1 6266 6267 6265
10920 2 2 6 1 6266 1751 6267
10921 2 2 6 1 6265 6267 1748
10922 2 2 6 1 1750 6268 6266
10923 2 2 6 1 6268 6269 6266
10924 2 2 6 1 6268 266 6269
10925 2 2 6 1 6266 6269 1751
10926 2 2 6 1 1748 6267 6261
10927 2 2 6 1 6267 6270 6261
10928 2 2 6 1 6267 1751 6270
10929 2 2 6 1 6261 6270 626
10930 2 2 6 1 623 6263 6238
10931 2 2 6 1 6263 6271 6238
10932 2 2 6 1 6263 1749 6271
10933 2 2 6 1 6238 6271 1743
10934 2 2 6 1 1749 6272 6271
10935 2 2 6 1 6272 6273 6271
10936 2 2 6 1 6272 1752 6273
10937 2 2 6 1 6271 6273 1743
10938 2 2 6 1 1749 6262 6272
10939 2 2 6 1 6262 6274 6272
10940 2 2 6 1 6262 626 6274
10941 2 2 6 1 6272 6274 1752
10942 2 2 6 1 1743 6273 6242
10943 2 2 6 1 6273 6275 6242
10944 2 2 6 1 6273 1752 6275
10945 2 2 6 1 6242 6275 347
10946 2 2 6 1 345 6249 6191
10947 2 2 6 1 6249 6276 6191
10948 2 2 6 1 6249 1745 6276
10949 2 2 6 1 6191 6276 1730
10950 2 2 6 1 1745 6277 6276
10951 2 2 6 1 6277 6278 6276
10952 2 2 6 1 6277 1753 6278
10953 2 2 6 1 6276 6278 1730
10954 2 2 6 1 1745 6248 6277
10955 2 2 6 1 6248 6279 6277
10956 2 2 6 1 6248 624 6279
10957 2 2 6 1 6277 6279 1753
10958 2 2 6 1 1730 6278 6192
10959 2 2 6 1 6278 6280 6192
10960 2 2 6 1 6278 1753 6280
10961 2 2 6 1 6192 6280 620
10962 2 2 6 1 624 6281 6279
10963 2 2 6 1 6281 6282 6279
10964 2 2 6 1 6281 1754 6282
10965 2 2 6 1 6279 6282 1753
10966 2 2 6 1 1754 6283 6282
10967 2 2 6 1 6283 6284 6282
10968 2 2 6 1 6283 1755 6284
10969 2 2 6 1 6282 6284 1753
10970 2 2 6 1 1754 6285 6283
10971 2 2 6 1 6285 6286 6283
10972 2 2 6 1 6285 627 6286
10973 2 2 6 1 6283 6286 1755
10974 2 2 6 1 1753 6284 6280
10975 2 2 6 1 6284 6287 6280
10976 2 2 6 1 6284 1755 6287
10977 2 2 6 1 6280 6287 620
10978 2 2 6 1 624 6244 6281
10979 2 2 6 1 6244 6288 6281
10980 2 2 6 1 6244 1744 6288
10981 2 2 6 1 6281 6288 1754
10982 2 2 6 1 1744 6289 6288
10983 2 2 6 1 6289 6290 6288
10984 2 2 6 1 6289 1756 6290
10985 2 2 6 1 6288 6290 1754
10986 2 2 6 1 1744 6243 6289
10987 2 2 6 1 6243 6291 6289
10988 2 2 6 1 6243 347 6291
10989 2 2 6 1 6289 6291 1756
10990 2 2 6 1 1754 6290 6285
10991 2 2 6 1 6290 6292 6285
10992 2 2 6 1 6290 1756 6292
10993 2 2 6 1 6285 6292 627
10994 2 2 6 1 620 6287 6196
10995 2 2 6 1 6287 6293 6196
10996 2 2 6 1 6287 1755 6293
10997 2 2 6 1 6196 6293 1731
10998 2 2 6 1 1755 6294 6293
10999 2 2 6 1 6294 6295 6293
11000 2 2 6 1 6294 1757 6295
11001 2 2 6 1 6293 6295 1731
11002 2 2 6 1 1755 6286 6294
11003 2 2 6 1 6286 6296 6294
11004 2 2 6 1 6286 627 6296
11005 2 2 6 1 6294 6296 1757
11006 2 2 6 1 1731 6295 6197
11007 2 2 6 1 6295 6297 6197
11008 2 2 6 1 6295 1757 6297
11009 2 2 6 1 6197 6297 276
11010 2 2 6 1 278 6298 6198
11011 2 2 6 1 6298 6299 6198
11012 2 2 6 1 6298 1758 6299
11013 2 2 6 1 6198 6299 1732
11014 2 2 6 1 1758 6300 6299
11015 2 2 6 1 6300 6301 6299
11016 2 2 6 1 6300 1759 6301
11017 2 2 6 1 6299 6301 1732
11018 2 2 6 1 1758 6302 6300
11019 2 2 6 1 6302 6303 6300
11020 2 2 6 1 6302 628 6303
11021 2 2 6 1 6300 6303 1759
11022 2 2 6 1 1732 6301 6202
11023 2 2 6 1 6301 6304 6202
11024 2 2 6 1 6301 1759 6304
11025 2 2 6 1 6202 6304 621
11026 2 2 6 1 628 6305 6303
11027 2 2 6 1 6305 6306 6303
11028 2 2 6 1 6305 1760 6306
11029 2 2 6 1 6303 6306 1759
11030 2 2 6 1 1760 6307 6306
11031 2 2 6 1 6307 6308 6306
11032 2 2 6 1 6307 1761 6308
11033 2 2 6 1 6306 6308 1759
11034 2 2 6 1 1760 6309 6307
11035 2 2 6 1 6309 6310 6307
11036 2 2 6 1 6309 629 6310
11037 2 2 6 1 6307 6310 1761
11038 2 2 6 1 1759 6308 6304
11039 2 2 6 1 6308 6311 6304
11040 2 2 6 1 6308 1761 6311
11041 2 2 6 1 6304 6311 621
11042 2 2 6 1 628 6312 6305
11043 2 2 6 1 6312 6313 6305
11044 2 2 6 1 6312 1762 6313
11045 2 2 6 1 6305 6313 1760
11046 2 2 6 1 1762 6314 6313
11047 2 2 6 1 6314 6315 6313
11048 2 2 6 1 6314 1763 6315
11049 2 2 6 1 6313 6315 1760
11050 2 2 6 1 1762 6316 6314
11051 2 2 6 1 6316 6317 6314
11052 2 2 6 1 6316 348 6317
11053 2 2 6 1 6314 6317 1763
11054 2 2 6 1 1760 6315 6309
11055 2 2 6 1 6315 6318 6309
11056 2 2 6 1 6315 1763 6318
11057 2 2 6 1 6309 6318 629
11058 2 2 6 1 621 6311 6212
11059 2 2 6 1 6311 6319 6212
11060 2 2 6 1 6311 1761 6319
11061 2 2 6 1 6212 6319 1736
11062 2 2 6 1 1761 6320 6319
11063 2 2 6 1 6320 6321 6319
11064 2 2 6 1 6320 1764 6321
11065 2 2 6 1 6319 6321 1736
11066 2 2 6 1 1761 6310 6320
11067 2 2 6 1 6310 6322 6320
11068 2 2 6 1 6310 629 6322
11069 2 2 6 1 6320 6322 1764
11070 2 2 6 1 1736 6321 6216
11071 2 2 6 1 6321 6323 6216
11072 2 2 6 1 6321 1764 6323
11073 2 2 6 1 6216 6323 346
11074 2 2 6 1 348 6324 6317
11075 2 2 6 1 6324 6325 6317
11076 2 2 6 1 6324 1765 6325
11077 2 2 6 1 6317 6325 1763
11078 2 2 6 1 1765 6326 6325
11079 2 2 6 1 6326 6327 6325
11080 2 2 6 1 6326 1766 6327
11081 2 2 6 1 6325 6327 1763
11082 2 2 6 1 1765 6328 6326
11083 2 2 6 1 6328 6329 6326
11084 2 2 6 1 6328 630 6329
11085 2 2 6 1 6326 6329 1766
11086 2 2 6 1 1763 6327 6318
11087 2 2 6 1 6327 6330 6318
11088 2 2 6 1 6327 1766 6330
11089 2 2 6 1 6318 6330 629
11090 2 2 6 1 630 6331 6329
11091 2 2 6 1 6331 6332 6329
11092 2 2 6 1 6331 1767 6332
11093 2 2 6 1 6329 6332 1766
11094 2 2 6 1 1767 6333 6332
11095 2 2 6 1 6333 6334 6332
11096 2 2 6 1 6333 1768 6334
11097 2 2 6 1 6332 6334 1766
11098 2 2 6 1 1767 6335 6333
11099 2 2 6 1 6335 6336 6333
11100 2 2 6 1 6335 631 6336
11101 2 2 6 1 6333 6336 1768
11102 2 2 6 1 1766 6334 6330
11103 2 2 6 1 6334 6337 6330
11104 2 2 6 1 6334 1768 6337
11105 2 2 6 1 6330 6337 629
11106 2 2 6 1 630 6338 6331
11107 2 2 6 1 6338 6339 6331
11108 2 2 6 1 6338 1769 6339
11109 2 2 6 1 6331 6339 1767
11110 2 2 6 1 1769 6340 6339
11111 2 2 6 1 6340 6341 6339
11112 2 2 6 1 6340 1770 6341
11113 2 2 6 1 6339 6341 1767
11114 2 2 6 1 1769 6342 6340
11115 2 2 6 1 6342 6343 6340
11116 2 2 6 1 6342 300 6343
11117 2 2 6 1 6340 6343 1770
11118 2 2 6 1 1767 6341 6335
11119 2 2 6 1 6341 6344 6335
11120 2 2 6 1 6341 1770 6344
11121 2 2 6 1 6335 6344 631
11122 2 2 6 1 629 6337 6322
11123 2 2 6 1 6337 6345 6322
11124 2 2 6 1 6337 1768 6345
11125 2 2 6 1 6322 6345 1764
11126 2 2 6 1 1768 6346 6345
11127 2 2 6 1 6346 6347 6345
11128 2 2 6 1 6346 1771 6347
11129 2 2 6 1 6345 6347 1764
11130 2 2 6 1 1768 6336 6346
11131 2 2 6 1 6336 6348 6346
11132 2 2 6 1 6336 631 6348
11133 2 2 6 1 6346 6348 1771
11134 2 2 6 1 1764 6347 6323
11135 2 2 6 1 6347 6349 6323
11136 2 2 6 1 6347 1771 6349
11137 2 2 6 1 6323 6349 346
11138 2 2 6 1 348 6350 6324
11139 2 2 6 1 6350 6351 6324
11140 2 2 6 1 6350 1772 6351
11141 2 2 6 1 6324 6351 1765
11142 2 2 6 1 1772 6352 6351
11143 2 2 6 1 6352 6353 6351
11144 2 2 6 1 6352 1773 6353
11145 2 2 6 1 6351 6353 1765
11146 2 2 6 1 1772 6354 6352
11147 2 2 6 1 6354 6355 6352
11148 2 2 6 1 6354 632 6355
11149 2 2 6 1 6352 6355 1773
11150 2 2 6 1 1765 6353 6328
11151 2 2 6 1 6353 6356 6328
11152 2 2 6 1 6353 1773 6356
11153 2 2 6 1 6328 6356 630
11154 2 2 6 1 632 6357 6355
11155 2 2 6 1 6357 6358 6355
11156 2 2 6 1 6357 1774 6358
11157 2 2 6 1 6355 6358 1773
11158 2 2 6 1 1774 6359 6358
11159 2 2 6 1 6359 6360 6358
11160 2 2 6 1 6359 1775 6360
11161 2 2 6 1 6358 6360 1773
11162 2 2 6 1 1774 6361 6359
11163 2 2 6 1 6361 6362 6359
11164 2 2 6 1 6361 440 6362
11165 2 2 6 1 6359 6362 1775
11166 2 2 6 1 1773 6360 6356
11167 2 2 6 1 6360 6363 6356
11168 2 2 6 1 6360 1775 6363
11169 2 2 6 1 6356 6363 630
11170 2 2 6 1 632 6364 6357
11171 2 2 6 1 6364 6365 6357
11172 2 2 6 1 6364 1776 6365
11173 2 2 6 1 6357 6365 1774
11174 2 2 6 1 1776 6366 6365
11175 2 2 6 1 6366 6367 6365
11176 2 2 6 1 6366 1008 6367
11177 2 2 6 1 6365 6367 1774
11178 2 2 6 1 1776 6368 6366
11179 2 2 6 1 6368 3296 6366
11180 2 2 6 1 6368 257 3296
11181 2 2 6 1 6366 3296 1008
11182 2 2 6 1 1774 6367 6361
11183 2 2 6 1 6367 3292 6361
11184 2 2 6 1 6367 1008 3292
11185 2 2 6 1 6361 3292 440
11186 2 2 6 1 630 6363 6338
11187 2 2 6 1 6363 6369 6338
11188 2 2 6 1 6363 1775 6369
11189 2 2 6 1 6338 6369 1769
11190 2 2 6 1 1775 6370 6369
11191 2 2 6 1 6370 6371 6369
11192 2 2 6 1 6370 1004 6371
11193 2 2 6 1 6369 6371 1769
11194 2 2 6 1 1775 6362 6370
11195 2 2 6 1 6362 3282 6370
11196 2 2 6 1 6362 440 3282
11197 2 2 6 1 6370 3282 1004
11198 2 2 6 1 1769 6371 6342
11199 2 2 6 1 6371 3278 6342
11200 2 2 6 1 6371 1004 3278
11201 2 2 6 1 6342 3278 300
11202 2 2 6 1 346 6349 6250
11203 2 2 6 1 6349 6372 6250
11204 2 2 6 1 6349 1771 6372
11205 2 2 6 1 6250 6372 1746
11206 2 2 6 1 1771 6373 6372
11207 2 2 6 1 6373 6374 6372
11208 2 2 6 1 6373 1777 6374
11209 2 2 6 1 6372 6374 1746
11210 2 2 6 1 1771 6348 6373
11211 2 2 6 1 6348 6375 6373
11212 2 2 6 1 6348 631 6375
11213 2 2 6 1 6373 6375 1777
11214 2 2 6 1 1746 6374 6254
11215 2 2 6 1 6374 6376 6254
11216 2 2 6 1 6374 1777 6376
11217 2 2 6 1 6254 6376 625
11218 2 2 6 1 631 6377 6375
11219 2 2 6 1 6377 6378 6375
11220 2 2 6 1 6377 1778 6378
11221 2 2 6 1 6375 6378 1777
11222 2 2 6 1 1778 6379 6378
11223 2 2 6 1 6379 6380 6378
11224 2 2 6 1 6379 1779 6380
11225 2 2 6 1 6378 6380 1777
11226 2 2 6 1 1778 6381 6379
11227 2 2 6 1 6381 6382 6379
11228 2 2 6 1 6381 436 6382
11229 2 2 6 1 6379 6382 1779
11230 2 2 6 1 1777 6380 6376
11231 2 2 6 1 6380 6383 6376
11232 2 2 6 1 6380 1779 6383
11233 2 2 6 1 6376 6383 625
11234 2 2 6 1 631 6344 6377
11235 2 2 6 1 6344 6384 6377
11236 2 2 6 1 6344 1770 6384
11237 2 2 6 1 6377 6384 1778
11238 2 2 6 1 1770 6385 6384
11239 2 2 6 1 6385 6386 6384
11240 2 2 6 1 6385 994 6386
11241 2 2 6 1 6384 6386 1778
11242 2 2 6 1 1770 6343 6385
11243 2 2 6 1 6343 3244 6385
11244 2 2 6 1 6343 300 3244
11245 2 2 6 1 6385 3244 994
11246 2 2 6 1 1778 6386 6381
11247 2 2 6 1 6386 3240 6381
11248 2 2 6 1 6386 994 3240
11249 2 2 6 1 6381 3240 436
11250 2 2 6 1 625 6383 6264
11251 2 2 6 1 6383 6387 6264
11252 2 2 6 1 6383 1779 6387
11253 2 2 6 1 6264 6387 1750
11254 2 2 6 1 1779 6388 6387
11255 2 2 6 1 6388 6389 6387
11256 2 2 6 1 6388 990 6389
11257 2 2 6 1 6387 6389 1750
11258 2 2 6 1 1779 6382 6388
11259 2 2 6 1 6382 3230 6388
11260 2 2 6 1 6382 436 3230
11261 2 2 6 1 6388 3230 990
11262 2 2 6 1 1750 6389 6268
11263 2 2 6 1 6389 3226 6268
11264 2 2 6 1 6389 990 3226
11265 2 2 6 1 6268 3226 266
11266 2 2 6 1 276 6297 5906
11267 2 2 6 1 6297 6390 5906
11268 2 2 6 1 6297 1757 6390
11269 2 2 6 1 5906 6390 1658
11270 2 2 6 1 1757 6391 6390
11271 2 2 6 1 6391 6392 6390
11272 2 2 6 1 6391 1780 6392
11273 2 2 6 1 6390 6392 1658
11274 2 2 6 1 1757 6296 6391
11275 2 2 6 1 6296 6393 6391
11276 2 2 6 1 6296 627 6393
11277 2 2 6 1 6391 6393 1780
11278 2 2 6 1 1658 6392 5910
11279 2 2 6 1 6392 6394 5910
11280 2 2 6 1 6392 1780 6394
11281 2 2 6 1 5910 6394 602
11282 2 2 6 1 627 6395 6393
11283 2 2 6 1 6395 6396 6393
11284 2 2 6 1 6395 1781 6396
11285 2 2 6 1 6393 6396 1780
11286 2 2 6 1 1781 6397 6396
11287 2 2 6 1 6397 6398 6396
11288 2 2 6 1 6397 1782 6398
11289 2 2 6 1 6396 6398 1780
11290 2 2 6 1 1781 6399 6397
11291 2 2 6 1 6399 6400 6397
11292 2 2 6 1 6399 633 6400
11293 2 2 6 1 6397 6400 1782
11294 2 2 6 1 1780 6398 6394
11295 2 2 6 1 6398 6401 6394
11296 2 2 6 1 6398 1782 6401
11297 2 2 6 1 6394 6401 602
11298 2 2 6 1 627 6292 6395
11299 2 2 6 1 6292 6402 6395
11300 2 2 6 1 6292 1756 6402
11301 2 2 6 1 6395 6402 1781
11302 2 2 6 1 1756 6403 6402
11303 2 2 6 1 6403 6404 6402
11304 2 2 6 1 6403 1783 6404
11305 2 2 6 1 6402 6404 1781
11306 2 2 6 1 1756 6291 6403
11307 2 2 6 1 6291 6405 6403
11308 2 2 6 1 6291 347 6405
11309 2 2 6 1 6403 6405 1783
11310 2 2 6 1 1781 6404 6399
11311 2 2 6 1 6404 6406 6399
11312 2 2 6 1 6404 1783 6406
11313 2 2 6 1 6399 6406 633
11314 2 2 6 1 602 6401 5920
11315 2 2 6 1 6401 6407 5920
11316 2 2 6 1 6401 1782 6407
11317 2 2 6 1 5920 6407 1662
11318 2 2 6 1 1782 6408 6407
11319 2 2 6 1 6408 6409 6407
11320 2 2 6 1 6408 1784 6409
11321 2 2 6 1 6407 6409 1662
11322 2 2 6 1 1782 6400 6408
11323 2 2 6 1 6400 6410 6408
11324 2 2 6 1 6400 633 6410
11325 2 2 6 1 6408 6410 1784
11326 2 2 6 1 1662 6409 5924
11327 2 2 6 1 6409 6411 5924
11328 2 2 6 1 6409 1784 6411
11329 2 2 6 1 5924 6411 341
11330 2 2 6 1 347 6412 6405
11331 2 2 6 1 6412 6413 6405
11332 2 2 6 1 6412 1785 6413
11333 2 2 6 1 6405 6413 1783
11334 2 2 6 1 1785 6414 6413
11335 2 2 6 1 6414 6415 6413
11336 2 2 6 1 6414 1786 6415
11337 2 2 6 1 6413 6415 1783
11338 2 2 6 1 1785 6416 6414
11339 2 2 6 1 6416 6417 6414
11340 2 2 6 1 6416 634 6417
11341 2 2 6 1 6414 6417 1786
11342 2 2 6 1 1783 6415 6406
11343 2 2 6 1 6415 6418 6406
11344 2 2 6 1 6415 1786 6418
11345 2 2 6 1 6406 6418 633
11346 2 2 6 1 634 6419 6417
11347 2 2 6 1 6419 6420 6417
11348 2 2 6 1 6419 1787 6420
11349 2 2 6 1 6417 6420 1786
11350 2 2 6 1 1787 6421 6420
11351 2 2 6 1 6421 6422 6420
11352 2 2 6 1 6421 1788 6422
11353 2 2 6 1 6420 6422 1786
11354 2 2 6 1 1787 6423 6421
11355 2 2 6 1 6423 6424 6421
11356 2 2 6 1 6423 635 6424
11357 2 2 6 1 6421 6424 1788
11358 2 2 6 1 1786 6422 6418
11359 2 2 6 1 6422 6425 6418
11360 2 2 6 1 6422 1788 6425
11361 2 2 6 1 6418 6425 633
11362 2 2 6 1 634 6426 6419
11363 2 2 6 1 6426 6427 6419
11364 2 2 6 1 6426 1789 6427
11365 2 2 6 1 6419 6427 1787
11366 2 2 6 1 1789 6428 6427
11367 2 2 6 1 6428 6429 6427
11368 2 2 6 1 6428 1790 6429
11369 2 2 6 1 6427 6429 1787
11370 2 2 6 1 1789 6430 6428
11371 2 2 6 1 6430 6431 6428
11372 2 2 6 1 6430 296 6431
11373 2 2 6 1 6428 6431 1790
11374 2 2 6 1 1787 6429 6423
11375 2 2 6 1 6429 6432 6423
11376 2 2 6 1 6429 1790 6432
11377 2 2 6 1 6423 6432 635
11378 2 2 6 1 633 6425 6410
11379 2 2 6 1 6425 6433 6410
11380 2 2 6 1 6425 1788 6433
11381 2 2 6 1 6410 6433 1784
11382 2 2 6 1 1788 6434 6433
11383 2 2 6 1 6434 6435 6433
11384 2 2 6 1 6434 1791 6435
11385 2 2 6 1 6433 6435 1784
11386 2 2 6 1 1788 6424 6434
11387 2 2 6 1 6424 6436 6434
11388 2 2 6 1 6424 635 6436
11389 2 2 6 1 6434 6436 1791
11390 2 2 6 1 1784 6435 6411
11391 2 2 6 1 6435 6437 6411
11392 2 2 6 1 6435 1791 6437
11393 2 2 6 1 6411 6437 341
11394 2 2 6 1 347 6275 6412
11395 2 2 6 1 6275 6438 6412
11396 2 2 6 1 6275 1752 6438
11397 2 2 6 1 6412 6438 1785
11398 2 2 6 1 1752 6439 6438
11399 2 2 6 1 6439 6440 6438
11400 2 2 6 1 6439 1792 6440
11401 2 2 6 1 6438 6440 1785
11402 2 2 6 1 1752 6274 6439
11403 2 2 6 1 6274 6441 6439
11404 2 2 6 1 6274 626 6441
11405 2 2 6 1 6439 6441 1792
11406 2 2 6 1 1785 6440 6416
11407 2 2 6 1 6440 6442 6416
11408 2 2 6 1 6440 1792 6442
11409 2 2 6 1 6416 6442 634
11410 2 2 6 1 626 6443 6441
11411 2 2 6 1 6443 6444 6441
11412 2 2 6 1 6443 1793 6444
11413 2 2 6 1 6441 6444 1792
11414 2 2 6 1 1793 6445 6444
11415 2 2 6 1 6445 6446 6444
11416 2 2 6 1 6445 1794 6446
11417 2 2 6 1 6444 6446 1792
11418 2 2 6 1 1793 6447 6445
11419 2 2 6 1 6447 6448 6445
11420 2 2 6 1 6447 426 6448
11421 2 2 6 1 6445 6448 1794
11422 2 2 6 1 1792 6446 6442
11423 2 2 6 1 6446 6449 6442
11424 2 2 6 1 6446 1794 6449
11425 2 2 6 1 6442 6449 634
11426 2 2 6 1 626 6270 6443
11427 2 2 6 1 6270 6450 6443
11428 2 2 6 1 6270 1751 6450
11429 2 2 6 1 6443 6450 1793
11430 2 2 6 1 1751 6451 6450
11431 2 2 6 1 6451 6452 6450
11432 2 2 6 1 6451 956 6452
11433 2 2 6 1 6450 6452 1793
11434 2 2 6 1 1751 6269 6451
11435 2 2 6 1 6269 3096 6451
11436 2 2 6 1 6269 266 3096
11437 2 2 6 1 6451 3096 956
11438 2 2 6 1 1793 6452 6447
11439 2 2 6 1 6452 3092 6447
11440 2 2 6 1 6452 956 3092
11441 2 2 6 1 6447 3092 426
11442 2 2 6 1 634 6449 6426
11443 2 2 6 1 6449 6453 6426
11444 2 2 6 1 6449 1794 6453
11445 2 2 6 1 6426 6453 1789
11446 2 2 6 1 1794 6454 6453
11447 2 2 6 1 6454 6455 6453
11448 2 2 6 1 6454 952 6455
11449 2 2 6 1 6453 6455 1789
11450 2 2 6 1 1794 6448 6454
11451 2 2 6 1 6448 3082 6454
11452 2 2 6 1 6448 426 3082
11453 2 2 6 1 6454 3082 952
11454 2 2 6 1 1789 6455 6430
11455 2 2 6 1 6455 3078 6430
11456 2 2 6 1 6455 952 3078
11457 2 2 6 1 6430 3078 296
11458 2 2 6 1 341 6437 5958
11459 2 2 6 1 6437 6456 5958
11460 2 2 6 1 6437 1791 6456
11461 2 2 6 1 5958 6456 1672
11462 2 2 6 1 1791 6457 6456
11463 2 2 6 1 6457 6458 6456
11464 2 2 6 1 6457 1795 6458
11465 2 2 6 1 6456 6458 1672
11466 2 2 6 1 1791 6436 6457
11467 2 2 6 1 6436 6459 6457
11468 2 2 6 1 6436 635 6459
11469 2 2 6 1 6457 6459 1795
11470 2 2 6 1 1672 6458 5962
11471 2 2 6 1 6458 6460 5962
11472 2 2 6 1 6458 1795 6460
11473 2 2 6 1 5962 6460 606
11474 2 2 6 1 635 6461 6459
11475 2 2 6 1 6461 6462 6459
11476 2 2 6 1 6461 1796 6462
11477 2 2 6 1 6459 6462 1795
11478 2 2 6 1 1796 6463 6462
11479 2 2 6 1 6463 6464 6462
11480 2 2 6 1 6463 1797 6464
11481 2 2 6 1 6462 6464 1795
11482 2 2 6 1 1796 6465 6463
11483 2 2 6 1 6465 6466 6463
11484 2 2 6 1 6465 422 6466
11485 2 2 6 1 6463 6466 1797
11486 2 2 6 1 1795 6464 6460
11487 2 2 6 1 6464 6467 6460
11488 2 2 6 1 6464 1797 6467
11489 2 2 6 1 6460 6467 606
11490 2 2 6 1 635 6432 6461
11491 2 2 6 1 6432 6468 6461
11492 2 2 6 1 6432 1790 6468
11493 2 2 6 1 6461 6468 1796
11494 2 2 6 1 1790 6469 6468
11495 2 2 6 1 6469 6470 6468
11496 2 2 6 1 6469 942 6470
11497 2 2 6 1 6468 6470 1796
11498 2 2 6 1 1790 6431 6469
11499 2 2 6 1 6431 3044 6469
11500 2 2 6 1 6431 296 3044
11501 2 2 6 1 6469 3044 942
11502 2 2 6 1 1796 6470 6465
11503 2 2 6 1 6470 3040 6465
11504 2 2 6 1 6470 942 3040
11505 2 2 6 1 6465 3040 422
11506 2 2 6 1 606 6467 5972
11507 2 2 6 1 6467 6471 5972
11508 2 2 6 1 6467 1797 6471
11509 2 2 6 1 5972 6471 1676
11510 2 2 6 1 1797 6472 6471
11511 2 2 6 1 6472 6473 6471
11512 2 2 6 1 6472 938 6473
11513 2 2 6 1 6471 6473 1676
11514 2 2 6 1 1797 6466 6472
11515 2 2 6 1 6466 3030 6472
11516 2 2 6 1 6466 422 3030
11517 2 2 6 1 6472 3030 938
11518 2 2 6 1 1676 6473 5976
11519 2 2 6 1 6473 3026 5976
11520 2 2 6 1 6473 938 3026
11521 2 2 6 1 5976 3026 258
11522 2 2 6 1 99 6097 98
11523 2 2 6 1 6097 6474 98
11524 2 2 6 1 6097 1705 6474
11525 2 2 6 1 98 6474 97
11526 2 2 6 1 1705 6475 6474
11527 2 2 6 1 6475 6476 6474
11528 2 2 6 1 6475 1798 6476
11529 2 2 6 1 6474 6476 97
11530 2 2 6 1 1705 6096 6475
11531 2 2 6 1 6096 6477 6475
11532 2 2 6 1 6096 613 6477
11533 2 2 6 1 6475 6477 1798
11534 2 2 6 1 97 6476 96
11535 2 2 6 1 6476 6478 96
11536 2 2 6 1 6476 1798 6478
11537 2 2 6 1 96 6478 95
11538 2 2 6 1 613 6479 6477
11539 2 2 6 1 6479 6480 6477
11540 2 2 6 1 6479 1799 6480
11541 2 2 6 1 6477 6480 1798
11542 2 2 6 1 1799 6481 6480
11543 2 2 6 1 6481 6482 6480
11544 2 2 6 1 6481 1800 6482
11545 2 2 6 1 6480 6482 1798
11546 2 2 6 1 1799 6483 6481
11547 2 2 6 1 6483 6484 6481
11548 2 2 6 1 6483 636 6484
11549 2 2 6 1 6481 6484 1800
11550 2 2 6 1 1798 6482 6478
11551 2 2 6 1 6482 6485 6478
11552 2 2 6 1 6482 1800 6485
11553 2 2 6 1 6478 6485 95
11554 2 2 6 1 613 6092 6479
11555 2 2 6 1 6092 6486 6479
11556 2 2 6 1 6092 1704 6486
11557 2 2 6 1 6479 6486 1799
11558 2 2 6 1 1704 6487 6486
11559 2 2 6 1 6487 6488 6486
11560 2 2 6 1 6487 1801 6488
11561 2 2 6 1 6486 6488 1799
11562 2 2 6 1 1704 6091 6487
11563 2 2 6 1 6091 6489 6487
11564 2 2 6 1 6091 343 6489
11565 2 2 6 1 6487 6489 1801
11566 2 2 6 1 1799 6488 6483
11567 2 2 6 1 6488 6490 6483
11568 2 2 6 1 6488 1801 6490
11569 2 2 6 1 6483 6490 636
11570 2 2 6 1 95 6485 94
11571 2 2 6 1 6485 6491 94
11572 2 2 6 1 6485 1800 6491
11573 2 2 6 1 94 6491 93
11574 2 2 6 1 1800 6492 6491
11575 2 2 6 1 6492 6493 6491
11576 2 2 6 1 6492 1802 6493
11577 2 2 6 1 6491 6493 93
11578 2 2 6 1 1800 6484 6492
11579 2 2 6 1 6484 6494 6492
11580 2 2 6 1 6484 636 6494
11581 2 2 6 1 6492 6494 1802
11582 2 2 6 1 93 6493 92
11583 2 2 6 1 6493 6495 92
11584 2 2 6 1 6493 1802 6495
11585 2 2 6 1 92 6495 91
11586 2 2 6 1 343 6496 6489
11587 2 2 6 1 6496 6497 6489
11588 2 2 6 1 6496 1803 6497
11589 2 2 6 1 6489 6497 1801
11590 2 2 6 1 1803 6498 6497
11591 2 2 6 1 6498 6499 6497
11592 2 2 6 1 6498 1804 6499
11593 2 2 6 1 6497 6499 1801
11594 2 2 6 1 1803 6500 6498
11595 2 2 6 1 6500 6501 6498
11596 2 2 6 1 6500 637 6501
11597 2 2 6 1 6498 6501 1804
11598 2 2 6 1 1801 6499 6490
11599 2 2 6 1 6499 6502 6490
11600 2 2 6 1 6499 1804 6502
11601 2 2 6 1 6490 6502 636
11602 2 2 6 1 637 6503 6501
11603 2 2 6 1 6503 6504 6501
11604 2 2 6 1 6503 1805 6504
11605 2 2 6 1 6501 6504 1804
11606 2 2 6 1 1805 6505 6504
11607 2 2 6 1 6505 6506 6504
11608 2 2 6 1 6505 1806 6506
11609 2 2 6 1 6504 6506 1804
11610 2 2 6 1 1805 6507 6505
11611 2 2 6 1 6507 6508 6505
11612 2 2 6 1 6507 638 6508
11613 2 2 6 1 6505 6508 1806
11614 2 2 6 1 1804 6506 6502
11615 2 2 6 1 6506 6509 6502
11616 2 2 6 1 6506 1806 6509
11617 2 2 6 1 6502 6509 636
11618 2 2 6 1 637 6510 6503
11619 2 2 6 1 6510 6511 6503
11620 2 2 6 1 6510 1807 6511
11621 2 2 6 1 6503 6511 1805
11622 2 2 6 1 1807 6512 6511
11623 2 2 6 1 6512 6513 6511
11624 2 2 6 1 6512 1808 6513
11625 2 2 6 1 6511 6513 1805
11626 2 2 6 1 1807 6514 6512
11627 2 2 6 1 6514 6515 6512
11628 2 2 6 1 6514 349 6515
11629 2 2 6 1 6512 6515 1808
11630 2 2 6 1 1805 6513 6507
11631 2 2 6 1 6513 6516 6507
11632 2 2 6 1 6513 1808 6516
11633 2 2 6 1 6507 6516 638
11634 2 2 6 1 636 6509 6494
11635 2 2 6 1 6509 6517 6494
11636 2 2 6 1 6509 1806 6517
11637 2 2 6 1 6494 6517 1802
11638 2 2 6 1 1806 6518 6517
11639 2 2 6 1 6518 6519 6517
11640 2 2 6 1 6518 1809 6519
11641 2 2 6 1 6517 6519 1802
11642 2 2 6 1 1806 6508 6518
11643 2 2 6 1 6508 6520 6518
11644 2 2 6 1 6508 638 6520
11645 2 2 6 1 6518 6520 1809
11646 2 2 6 1 1802 6519 6495
11647 2 2 6 1 6519 6521 6495
11648 2 2 6 1 6519 1809 6521
11649 2 2 6 1 6495 6521 91
11650 2 2 6 1 343 6075 6496
11651 2 2 6 1 6075 6522 6496
11652 2 2 6 1 6075 1700 6522
11653 2 2 6 1 6496 6522 1803
11654 2 2 6 1 1700 6523 6522
11655 2 2 6 1 6523 6524 6522
11656 2 2 6 1 6523 1810 6524
11657 2 2 6 1 6522 6524 1803
11658 2 2 6 1 1700 6074 6523
11659 2 2 6 1 6074 6525 6523
11660 2 2 6 1 6074 612 6525
11661 2 2 6 1 6523 6525 1810
11662 2 2 6 1 1803 6524 6500
11663 2 2 6 1 6524 6526 6500
11664 2 2 6 1 6524 1810 6526
11665 2 2 6 1 6500 6526 637
11666 2 2 6 1 612 6527 6525
11667 2 2 6 1 6527 6528 6525
11668 2 2 6 1 6527 1811 6528
11669 2 2 6 1 6525 6528 1810
11670 2 2 6 1 1811 6529 6528
11671 2 2 6 1 6529 6530 6528
11672 2 2 6 1 6529 1812 6530
11673 2 2 6 1 6528 6530 1810
11674 2 2 6 1 1811 6531 6529
11675 2 2 6 1 6531 6532 6529
11676 2 2 6 1 6531 639 6532
11677 2 2 6 1 6529 6532 1812
11678 2 2 6 1 1810 6530 6526
11679 2 2 6 1 6530 6533 6526
11680 2 2 6 1 6530 1812 6533
11681 2 2 6 1 6526 6533 637
11682 2 2 6 1 612 6070 6527
11683 2 2 6 1 6070 6534 6527
11684 2 2 6 1 6070 1699 6534
11685 2 2 6 1 6527 6534 1811
11686 2 2 6 1 1699 6535 6534
11687 2 2 6 1 6535 6536 6534
11688 2 2 6 1 6535 1813 6536
11689 2 2 6 1 6534 6536 1811
11690 2 2 6 1 1699 6069 6535
11691 2 2 6 1 6069 6537 6535
11692 2 2 6 1 6069 277 6537
11693 2 2 6 1 6535 6537 1813
11694 2 2 6 1 1811 6536 6531
11695 2 2 6 1 6536 6538 6531
11696 2 2 6 1 6536 1813 6538
11697 2 2 6 1 6531 6538 639
11698 2 2 6 1 637 6533 6510
11699 2 2 6 1 6533 6539 6510
11700 2 2 6 1 6533 1812 6539
11701 2 2 6 1 6510 6539 1807
11702 2 2 6 1 1812 6540 6539
11703 2 2 6 1 6540 6541 6539
11704 2 2 6 1 6540 1814 6541
11705 2 2 6 1 6539 6541 1807
11706 2 2 6 1 1812 6532 6540
11707 2 2 6 1 6532 6542 6540
11708 2 2 6 1 6532 639 6542
11709 2 2 6 1 6540 6542 1814
11710 2 2 6 1 1807 6541 6514
11711 2 2 6 1 6541 6543 6514
11712 2 2 6 1 6541 1814 6543
11713 2 2 6 1 6514 6543 349
11714 2 2 6 1 91 6521 90
11715 2 2 6 1 6521 6544 90
11716 2 2 6 1 6521 1809 6544
11717 2 2 6 1 90 6544 89
11718 2 2 6 1 1809 6545 6544
11719 2 2 6 1 6545 6546 6544
11720 2 2 6 1 6545 1815 6546
11721 2 2 6 1 6544 6546 89
11722 2 2 6 1 1809 6520 6545
11723 2 2 6 1 6520 6547 6545
11724 2 2 6 1 6520 638 6547
11725 2 2 6 1 6545 6547 1815
11726 2 2 6 1 89 6546 88
11727 2 2 6 1 6546 6548 88
11728 2 2 6 1 6546 1815 6548
11729 2 2 6 1 88 6548 87
11730 2 2 6 1 638 6549 6547
11731 2 2 6 1 6549 6550 6547
11732 2 2 6 1 6549 1816 6550
11733 2 2 6 1 6547 6550 1815
11734 2 2 6 1 1816 6551 6550
11735 2 2 6 1 6551 6552 6550
11736 2 2 6 1 6551 1817 6552
11737 2 2 6 1 6550 6552 1815
11738 2 2 6 1 1816 6553 6551
11739 2 2 6 1 6553 6554 6551
11740 2 2 6 1 6553 640 6554
11741 2 2 6 1 6551 6554 1817
11742 2 2 6 1 1815 6552 6548
11743 2 2 6 1 6552 6555 6548
11744 2 2 6 1 6552 1817 6555
11745 2 2 6 1 6548 6555 87
11746 2 2 6 1 638 6516 6549
11747 2 2 6 1 6516 6556 6549
11748 2 2 6 1 6516 1808 6556
11749 2 2 6 1 6549 6556 1816
11750 2 2 6 1 1808 6557 6556
11751 2 2 6 1 6557 6558 6556
11752 2 2 6 1 6557 1818 6558
11753 2 2 6 1 6556 6558 1816
11754 2 2 6 1 1808 6515 6557
11755 2 2 6 1 6515 6559 6557
11756 2 2 6 1 6515 349 6559
11757 2 2 6 1 6557 6559 1818
11758 2 2 6 1 1816 6558 6553
11759 2 2 6 1 6558 6560 6553
11760 2 2 6 1 6558 1818 6560
11761 2 2 6 1 6553 6560 640
11762 2 2 6 1 87 6555 86
11763 2 2 6 1 6555 6561 86
11764 2 2 6 1 6555 1817 6561
11765 2 2 6 1 86 6561 85
11766 2 2 6 1 1817 6562 6561
11767 2 2 6 1 6562 6563 6561
11768 2 2 6 1 6562 1819 6563
11769 2 2 6 1 6561 6563 85
11770 2 2 6 1 1817 6554 6562
11771 2 2 6 1 6554 6564 6562
11772 2 2 6 1 6554 640 6564
11773 2 2 6 1 6562 6564 1819
11774 2 2 6 1 85 6563 84
11775 2 2 6 1 6563 6565 84
11776 2 2 6 1 6563 1819 6565
11777 2 2 6 1 84 6565 83
11778 2 2 6 1 277 6566 6537
11779 2 2 6 1 6566 6567 6537
11780 2 2 6 1 6566 1820 6567
11781 2 2 6 1 6537 6567 1813
11782 2 2 6 1 1820 6568 6567
11783 2 2 6 1 6568 6569 6567
11784 2 2 6 1 6568 1821 6569
11785 2 2 6 1 6567 6569 1813
11786 2 2 6 1 1820 6570 6568
11787 2 2 6 1 6570 6571 6568
11788 2 2 6 1 6570 641 6571
11789 2 2 6 1 6568 6571 1821
11790 2 2 6 1 1813 6569 6538
11791 2 2 6 1 6569 6572 6538
11792 2 2 6 1 6569 1821 6572
11793 2 2 6 1 6538 6572 639
11794 2 2 6 1 641 6573 6571
11795 2 2 6 1 6573 6574 6571
11796 2 2 6 1 6573 1822 6574
11797 2 2 6 1 6571 6574 1821
11798 2 2 6 1 1822 6575 6574
11799 2 2 6 1 6575 6576 6574
11800 2 2 6 1 6575 1823 6576
11801 2 2 6 1 6574 6576 1821
11802 2 2 6 1 1822 6577 6575
11803 2 2 6 1 6577 6578 6575
11804 2 2 6 1 6577 642 6578
11805 2 2 6 1 6575 6578 1823
11806 2 2 6 1 1821 6576 6572
11807 2 2 6 1 6576 6579 6572
11808 2 2 6 1 6576 1823 6579
11809 2 2 6 1 6572 6579 639
11810 2 2 6 1 641 6580 6573
11811 2 2 6 1 6580 6581 6573
11812 2 2 6 1 6580 1824 6581
11813 2 2 6 1 6573 6581 1822
11814 2 2 6 1 1824 6582 6581
11815 2 2 6 1 6582 6583 6581
11816 2 2 6 1 6582 1825 6583
11817 2 2 6 1 6581 6583 1822
11818 2 2 6 1 1824 6584 6582
11819 2 2 6 1 6584 6585 6582
11820 2 2 6 1 6584 350 6585
11821 2 2 6 1 6582 6585 1825
11822 2 2 6 1 1822 6583 6577
11823 2 2 6 1 6583 6586 6577
11824 2 2 6 1 6583 1825 6586
11825 2 2 6 1 6577 6586 642
11826 2 2 6 1 639 6579 6542
11827 2 2 6 1 6579 6587 6542
11828 2 2 6 1 6579 1823 6587
11829 2 2 6 1 6542 6587 1814
11830 2 2 6 1 1823 6588 6587
11831 2 2 6 1 6588 6589 6587
11832 2 2 6 1 6588 1826 6589
11833 2 2 6 1 6587 6589 1814
11834 2 2 6 1 1823 6578 6588
11835 2 2 6 1 6578 6590 6588
11836 2 2 6 1 6578 642 6590
11837 2 2 6 1 6588 6590 1826
11838 2 2 6 1 1814 6589 6543
11839 2 2 6 1 6589 6591 6543
11840 2 2 6 1 6589 1826 6591
11841 2 2 6 1 6543 6591 349
11842 2 2 6 1 350 6592 6585
11843 2 2 6 1 6592 6593 6585
11844 2 2 6 1 6592 1827 6593
11845 2 2 6 1 6585 6593 1825
11846 2 2 6 1 1827 6594 6593
11847 2 2 6 1 6594 6595 6593
11848 2 2 6 1 6594 1828 6595
11849 2 2 6 1 6593 6595 1825
11850 2 2 6 1 1827 6596 6594
11851 2 2 6 1 6596 6597 6594
11852 2 2 6 1 6596 643 6597
11853 2 2 6 1 6594 6597 1828
11854 2 2 6 1 1825 6595 6586
11855 2 2 6 1 6595 6598 6586
11856 2 2 6 1 6595 1828 6598
11857 2 2 6 1 6586 6598 642
11858 2 2 6 1 643 6599 6597
11859 2 2 6 1 6599 6600 6597
11860 2 2 6 1 6599 1829 6600
11861 2 2 6 1 6597 6600 1828
11862 2 2 6 1 1829 6601 6600
11863 2 2 6 1 6601 6602 6600
11864 2 2 6 1 6601 1830 6602
11865 2 2 6 1 6600 6602 1828
11866 2 2 6 1 1829 6603 6601
11867 2 2 6 1 6603 6604 6601
11868 2 2 6 1 6603 644 6604
11869 2 2 6 1 6601 6604 1830
11870 2 2 6 1 1828 6602 6598
11871 2 2 6 1 6602 6605 6598
11872 2 2 6 1 6602 1830 6605
11873 2 2 6 1 6598 6605 642
11874 2 2 6 1 643 6606 6599
11875 2 2 6 1 6606 6607 6599
11876 2 2 6 1 6606 1831 6607
11877 2 2 6 1 6599 6607 1829
11878 2 2 6 1 1831 6608 6607
11879 2 2 6 1 6608 6609 6607
11880 2 2 6 1 6608 1832 6609
11881 2 2 6 1 6607 6609 1829
11882 2 2 6 1 1831 6610 6608
11883 2 2 6 1 6610 6611 6608
11884 2 2 6 1 6610 351 6611
11885 2 2 6 1 6608 6611 1832
11886 2 2 6 1 1829 6609 6603
11887 2 2 6 1 6609 6612 6603
11888 2 2 6 1 6609 1832 6612
11889 2 2 6 1 6603 6612 644
11890 2 2 6 1 642 6605 6590
11891 2 2 6 1 6605 6613 6590
11892 2 2 6 1 6605 1830 6613
11893 2 2 6 1 6590 6613 1826
11894 2 2 6 1 1830 6614 6613
11895 2 2 6 1 6614 6615 6613
11896 2 2 6 1 6614 1833 6615
11897 2 2 6 1 6613 6615 1826
11898 2 2 6 1 1830 6604 6614
11899 2 2 6 1 6604 6616 6614
11900 2 2 6 1 6604 644 6616
11901 2 2 6 1 6614 6616 1833
11902 2 2 6 1 1826 6615 6591
11903 2 2 6 1 6615 6617 6591
11904 2 2 6 1 6615 1833 6617
11905 2 2 6 1 6591 6617 349
11906 2 2 6 1 350 6618 6592
11907 2 2 6 1 6618 6619 6592
11908 2 2 6 1 6618 1834 6619
11909 2 2 6 1 6592 6619 1827
11910 2 2 6 1 1834 6620 6619
11911 2 2 6 1 6620 6621 6619
11912 2 2 6 1 6620 1835 6621
11913 2 2 6 1 6619 6621 1827
11914 2 2 6 1 1834 6622 6620
11915 2 2 6 1 6622 6623 6620
11916 2 2 6 1 6622 645 6623
11917 2 2 6 1 6620 6623 1835
11918 2 2 6 1 1827 6621 6596
11919 2 2 6 1 6621 6624 6596
11920 2 2 6 1 6621 1835 6624
11921 2 2 6 1 6596 6624 643
11922 2 2 6 1 645 6625 6623
11923 2 2 6 1 6625 6626 6623
11924 2 2 6 1 6625 1836 6626
11925 2 2 6 1 6623 6626 1835
11926 2 2 6 1 1836 6627 6626
11927 2 2 6 1 6627 6628 6626
11928 2 2 6 1 6627 1837 6628
11929 2 2 6 1 6626 6628 1835
11930 2 2 6 1 1836 6629 6627
11931 2 2 6 1 6629 6630 6627
11932 2 2 6 1 6629 646 6630
11933 2 2 6 1 6627 6630 1837
11934 2 2 6 1 1835 6628 6624
11935 2 2 6 1 6628 6631 6624
11936 2 2 6 1 6628 1837 6631
11937 2 2 6 1 6624 6631 643
11938 2 2 6 1 645 6632 6625
11939 2 2 6 1 6632 6633 6625
11940 2 2 6 1 6632 1838 6633
11941 2 2 6 1 6625 6633 1836
11942 2 2 6 1 1838 6634 6633
11943 2 2 6 1 6634 6635 6633
11944 2 2 6 1 6634 1839 6635
11945 2 2 6 1 6633 6635 1836
11946 2 2 6 1 1838 6636 6634
11947 2 2 6 1 6636 6637 6634
11948 2 2 6 1 6636 262 6637
11949 2 2 6 1 6634 6637 1839
11950 2 2 6 1 1836 6635 6629
11951 2 2 6 1 6635 6638 6629
11952 2 2 6 1 6635 1839 6638
11953 2 2 6 1 6629 6638 646
11954 2 2 6 1 643 6631 6606
11955 2 2 6 1 6631 6639 6606
11956 2 2 6 1 6631 1837 6639
11957 2 2 6 1 6606 6639 1831
11958 2 2 6 1 1837 6640 6639
11959 2 2 6 1 6640 6641 6639
11960 2 2 6 1 6640 1840 6641
11961 2 2 6 1 6639 6641 1831
11962 2 2 6 1 1837 6630 6640
11963 2 2 6 1 6630 6642 6640
11964 2 2 6 1 6630 646 6642
11965 2 2 6 1 6640 6642 1840
11966 2 2 6 1 1831 6641 6610
11967 2 2 6 1 6641 6643 6610
11968 2 2 6 1 6641 1840 6643
11969 2 2 6 1 6610 6643 351
11970 2 2 6 1 349 6617 6559
11971 2 2 6 1 6617 6644 6559
11972 2 2 6 1 6617 1833 6644
11973 2 2 6 1 6559 6644 1818
11974 2 2 6 1 1833 6645 6644
11975 2 2 6 1 6645 6646 6644
11976 2 2 6 1 6645 1841 6646
11977 2 2 6 1 6644 6646 1818
11978 2 2 6 1 1833 6616 6645
11979 2 2 6 1 6616 6647 6645
11980 2 2 6 1 6616 644 6647
11981 2 2 6 1 6645 6647 1841
11982 2 2 6 1 1818 6646 6560
11983 2 2 6 1 6646 6648 6560
11984 2 2 6 1 6646 1841 6648
11985 2 2 6 1 6560 6648 640
11986 2 2 6 1 644 6649 6647
11987 2 2 6 1 6649 6650 6647
11988 2 2 6 1 6649 1842 6650
11989 2 2 6 1 6647 6650 1841
11990 2 2 6 1 1842 6651 6650
11991 2 2 6 1 6651 6652 6650
11992 2 2 6 1 6651 1843 6652
11993 2 2 6 1 6650 6652 1841
11994 2 2 6 1 1842 6653 6651
11995 2 2 6 1 6653 6654 6651
11996 2 2 6 1 6653 647 6654
11997 2 2 6 1 6651 6654 1843
11998 2 2 6 1 1841 6652 6648
11999 2 2 6 1 6652 6655 6648
12000 2 2 6 1 6652 1843 6655
12001 2 2 6 1 6648 6655 640
12002 2 2 6 1 644 6612 6649
12003 2 2 6 1 6612 6656 6649
12004 2 2 6 1 6612 1832 6656
12005 2 2 6 1 6649 6656 1842
12006 2 2 6 1 1832 6657 6656
12007 2 2 6 1 6657 6658 6656
12008 2 2 6 1 6657 1844 6658
12009 2 2 6 1 6656 6658 1842
12010 2 2 6 1 1832 6611 6657
12011 2 2 6 1 6611 6659 6657
12012 2 2 6 1 6611 351 6659
12013 2 2 6 1 6657 6659 1844
12014 2 2 6 1 1842 6658 6653
12015 2 2 6 1 6658 6660 6653
12016 2 2 6 1 6658 1844 6660
12017 2 2 6 1 6653 6660 647
12018 2 2 6 1 640 6655 6564
12019 2 2 6 1 6655 6661 6564
12020 2 2 6 1 6655 1843 6661
12021 2 2 6 1 6564 6661 1819
12022 2 2 6 1 1843 6662 6661
12023 2 2 6 1 6662 6663 6661
12024 2 2 6 1 6662 1845 6663
12025 2 2 6 1 6661 6663 1819
12026 2 2 6 1 1843 6654 6662
12027 2 2 6 1 6654 6664 6662
12028 2 2 6 1 6654 647 6664
12029 2 2 6 1 6662 6664 1845
12030 2 2 6 1 1819 6663 6565
12031 2 2 6 1 6663 6665 6565
12032 2 2 6 1 6663 1845 6665
12033 2 2 6 1 6565 6665 83
12034 2 2 6 1 277 6005 6566
12035 2 2 6 1 6005 6666 6566
12036 2 2 6 1 6005 1683 6666
12037 2 2 6 1 6566 6666 1820
12038 2 2 6 1 1683 6667 6666
12039 2 2 6 1 6667 6668 6666
12040 2 2 6 1 6667 1846 6668
12041 2 2 6 1 6666 6668 1820
12042 2 2 6 1 1683 6004 6667
12043 2 2 6 1 6004 6669 6667
12044 2 2 6 1 6004 608 6669
12045 2 2 6 1 6667 6669 1846
12046 2 2 6 1 1820 6668 6570
12047 2 2 6 1 6668 6670 6570
12048 2 2 6 1 6668 1846 6670
12049 2 2 6 1 6570 6670 641
12050 2 2 6 1 608 6671 6669
12051 2 2 6 1 6671 6672 6669
12052 2 2 6 1 6671 1847 6672
12053 2 2 6 1 6669 6672 1846
12054 2 2 6 1 1847 6673 6672
12055 2 2 6 1 6673 6674 6672
12056 2 2 6 1 6673 1848 6674
12057 2 2 6 1 6672 6674 1846
12058 2 2 6 1 1847 6675 6673
12059 2 2 6 1 6675 6676 6673
12060 2 2 6 1 6675 648 6676
12061 2 2 6 1 6673 6676 1848
12062 2 2 6 1 1846 6674 6670
12063 2 2 6 1 6674 6677 6670
12064 2 2 6 1 6674 1848 6677
12065 2 2 6 1 6670 6677 641
12066 2 2 6 1 608 6000 6671
12067 2 2 6 1 6000 6678 6671
12068 2 2 6 1 6000 1682 6678
12069 2 2 6 1 6671 6678 1847
12070 2 2 6 1 1682 6679 6678
12071 2 2 6 1 6679 6680 6678
12072 2 2 6 1 6679 1849 6680
12073 2 2 6 1 6678 6680 1847
12074 2 2 6 1 1682 5999 6679
12075 2 2 6 1 5999 6681 6679
12076 2 2 6 1 5999 342 6681
12077 2 2 6 1 6679 6681 1849
12078 2 2 6 1 1847 6680 6675
12079 2 2 6 1 6680 6682 6675
12080 2 2 6 1 6680 1849 6682
12081 2 2 6 1 6675 6682 648
12082 2 2 6 1 641 6677 6580
12083 2 2 6 1 6677 6683 6580
12084 2 2 6 1 6677 1848 6683
12085 2 2 6 1 6580 6683 1824
12086 2 2 6 1 1848 6684 6683
12087 2 2 6 1 6684 6685 6683
12088 2 2 6 1 6684 1850 6685
12089 2 2 6 1 6683 6685 1824
12090 2 2 6 1 1848 6676 6684
12091 2 2 6 1 6676 6686 6684
12092 2 2 6 1 6676 648 6686
12093 2 2 6 1 6684 6686 1850
12094 2 2 6 1 1824 6685 6584
12095 2 2 6 1 6685 6687 6584
12096 2 2 6 1 6685 1850 6687
12097 2 2 6 1 6584 6687 350
12098 2 2 6 1 342 6688 6681
12099 2 2 6 1 6688 6689 6681
12100 2 2 6 1 6688 1851 6689
12101 2 2 6 1 6681 6689 1849
12102 2 2 6 1 1851 6690 6689
12103 2 2 6 1 6690 6691 6689
12104 2 2 6 1 6690 1852 6691
12105 2 2 6 1 6689 6691 1849
12106 2 2 6 1 1851 6692 6690
12107 2 2 6 1 6692 6693 6690
12108 2 2 6 1 6692 649 6693
12109 2 2 6 1 6690 6693 1852
12110 2 2 6 1 1849 6691 6682
12111 2 2 6 1 6691 6694 6682
12112 2 2 6 1 6691 1852 6694
12113 2 2 6 1 6682 6694 648
12114 2 2 6 1 649 6695 6693
12115 2 2 6 1 6695 6696 6693
12116 2 2 6 1 6695 1853 6696
12117 2 2 6 1 6693 6696 1852
12118 2 2 6 1 1853 6697 6696
12119 2 2 6 1 6697 6698 6696
12120 2 2 6 1 6697 1854 6698
12121 2 2 6 1 6696 6698 1852
12122 2 2 6 1 1853 6699 6697
12123 2 2 6 1 6699 6700 6697
12124 2 2 6 1 6699 650 6700
12125 2 2 6 1 6697 6700 1854
12126 2 2 6 1 1852 6698 6694
12127 2 2 6 1 6698 6701 6694
12128 2 2 6 1 6698 1854 6701
12129 2 2 6 1 6694 6701 648
12130 2 2 6 1 649 6702 6695
12131 2 2 6 1 6702 6703 6695
12132 2 2 6 1 6702 1855 6703
12133 2 2 6 1 6695 6703 1853
12134 2 2 6 1 1855 6704 6703
12135 2 2 6 1 6704 6705 6703
12136 2 2 6 1 6704 1856 6705
12137 2 2 6 1 6703 6705 1853
12138 2 2 6 1 1855 6706 6704
12139 2 2 6 1 6706 6707 6704
12140 2 2 6 1 6706 286 6707
12141 2 2 6 1 6704 6707 1856
12142 2 2 6 1 1853 6705 6699
12143 2 2 6 1 6705 6708 6699
12144 2 2 6 1 6705 1856 6708
12145 2 2 6 1 6699 6708 650
12146 2 2 6 1 648 6701 6686
12147 2 2 6 1 6701 6709 6686
12148 2 2 6 1 6701 1854 6709
12149 2 2 6 1 6686 6709 1850
12150 2 2 6 1 1854 6710 6709
12151 2 2 6 1 6710 6711 6709
12152 2 2 6 1 6710 1857 6711
12153 2 2 6 1 6709 6711 1850
12154 2 2 6 1 1854 6700 6710
12155 2 2 6 1 6700 6712 6710
12156 2 2 6 1 6700 650 6712
12157 2 2 6 1 6710 6712 1857
12158 2 2 6 1 1850 6711 6687
12159 2 2 6 1 6711 6713 6687
12160 2 2 6 1 6711 1857 6713
12161 2 2 6 1 6687 6713 350
12162 2 2 6 1 342 5983 6688
12163 2 2 6 1 5983 6714 6688
12164 2 2 6 1 5983 1678 6714
12165 2 2 6 1 6688 6714 1851
12166 2 2 6 1 1678 6715 6714
12167 2 2 6 1 6715 6716 6714
12168 2 2 6 1 6715 1858 6716
12169 2 2 6 1 6714 6716 1851
12170 2 2 6 1 1678 5982 6715
12171 2 2 6 1 5982 6717 6715
12172 2 2 6 1 5982 607 6717
12173 2 2 6 1 6715 6717 1858
12174 2 2 6 1 1851 6716 6692
12175 2 2 6 1 6716 6718 6692
12176 2 2 6 1 6716 1858 6718
12177 2 2 6 1 6692 6718 649
12178 2 2 6 1 607 6719 6717
12179 2 2 6 1 6719 6720 6717
12180 2 2 6 1 6719 1859 6720
12181 2 2 6 1 6717 6720 1858
12182 2 2 6 1 1859 6721 6720
12183 2 2 6 1 6721 6722 6720
12184 2 2 6 1 6721 1860 6722
12185 2 2 6 1 6720 6722 1858
12186 2 2 6 1 1859 6723 6721
12187 2 2 6 1 6723 6724 6721
12188 2 2 6 1 6723 388 6724
12189 2 2 6 1 6721 6724 1860
12190 2 2 6 1 1858 6722 6718
12191 2 2 6 1 6722 6725 6718
12192 2 2 6 1 6722 1860 6725
12193 2 2 6 1 6718 6725 649
12194 2 2 6 1 607 5978 6719
12195 2 2 6 1 5978 6726 6719
12196 2 2 6 1 5978 1677 6726
12197 2 2 6 1 6719 6726 1859
12198 2 2 6 1 1677 6727 6726
12199 2 2 6 1 6727 6728 6726
12200 2 2 6 1 6727 808 6728
12201 2 2 6 1 6726 6728 1859
12202 2 2 6 1 1677 5977 6727
12203 2 2 6 1 5977 2512 6727
12204 2 2 6 1 5977 258 2512
12205 2 2 6 1 6727 2512 808
12206 2 2 6 1 1859 6728 6723
12207 2 2 6 1 6728 2508 6723
12208 2 2 6 1 6728 808 2508
12209 2 2 6 1 6723 2508 388
12210 2 2 6 1 649 6725 6702
12211 2 2 6 1 6725 6729 6702
12212 2 2 6 1 6725 1860 6729
12213 2 2 6 1 6702 6729 1855
12214 2 2 6 1 1860 6730 6729
12215 2 2 6 1 6730 6731 6729
12216 2 2 6 1 6730 804 6731
12217 2 2 6 1 6729 6731 1855
12218 2 2 6 1 1860 6724 6730
12219 2 2 6 1 6724 2498 6730
12220 2 2 6 1 6724 388 2498
12221 2 2 6 1 6730 2498 804
12222 2 2 6 1 1855 6731 6706
12223 2 2 6 1 6731 2494 6706
12224 2 2 6 1 6731 804 2494
12225 2 2 6 1 6706 2494 286
12226 2 2 6 1 350 6713 6618
12227 2 2 6 1 6713 6732 6618
12228 2 2 6 1 6713 1857 6732
12229 2 2 6 1 6618 6732 1834
12230 2 2 6 1 1857 6733 6732
12231 2 2 6 1 6733 6734 6732
12232 2 2 6 1 6733 1861 6734
12233 2 2 6 1 6732 6734 1834
12234 2 2 6 1 1857 6712 6733
12235 2 2 6 1 6712 6735 6733
12236 2 2 6 1 6712 650 6735
12237 2 2 6 1 6733 6735 1861
12238 2 2 6 1 1834 6734 6622
12239 2 2 6 1 6734 6736 6622
12240 2 2 6 1 6734 1861 6736
12241 2 2 6 1 6622 6736 645
12242 2 2 6 1 650 6737 6735
12243 2 2 6 1 6737 6738 6735
12244 2 2 6 1 6737 1862 6738
12245 2 2 6 1 6735 6738 1861
12246 2 2 6 1 1862 6739 6738
12247 2 2 6 1 6739 6740 6738
12248 2 2 6 1 6739 1863 6740
12249 2 2 6 1 6738 6740 1861
12250 2 2 6 1 1862 6741 6739
12251 2 2 6 1 6741 6742 6739
12252 2 2 6 1 6741 384 6742
12253 2 2 6 1 6739 6742 1863
12254 2 2 6 1 1861 6740 6736
12255 2 2 6 1 6740 6743 6736
12256 2 2 6 1 6740 1863 6743
12257 2 2 6 1 6736 6743 645
12258 2 2 6 1 650 6708 6737
12259 2 2 6 1 6708 6744 6737
12260 2 2 6 1 6708 1856 6744
12261 2 2 6 1 6737 6744 1862
12262 2 2 6 1 1856 6745 6744
12263 2 2 6 1 6745 6746 6744
12264 2 2 6 1 6745 794 6746
12265 2 2 6 1 6744 6746 1862
12266 2 2 6 1 1856 6707 6745
12267 2 2 6 1 6707 2460 6745
12268 2 2 6 1 6707 286 2460
12269 2 2 6 1 6745 2460 794
12270 2 2 6 1 1862 6746 6741
12271 2 2 6 1 6746 2456 6741
12272 2 2 6 1 6746 794 2456
12273 2 2 6 1 6741 2456 384
12274 2 2 6 1 645 6743 6632
12275 2 2 6 1 6743 6747 6632
12276 2 2 6 1 6743 1863 6747
12277 2 2 6 1 6632 6747 1838
12278 2 2 6 1 1863 6748 6747
12279 2 2 6 1 6748 6749 6747
12280 2 2 6 1 6748 790 6749
12281 2 2 6 1 6747 6749 1838
12282 2 2 6 1 1863 6742 6748
12283 2 2 6 1 6742 2446 6748
12284 2 2 6 1 6742 384 2446
12285 2 2 6 1 6748 2446 790
12286 2 2 6 1 1838 6749 6636
12287 2 2 6 1 6749 2442 6636
12288 2 2 6 1 6749 790 2442
12289 2 2 6 1 6636 2442 262
12290 2 2 6 1 83 6665 82
12291 2 2 6 1 6665 6750 82
12292 2 2 6 1 6665 1845 6750
12293 2 2 6 1 82 6750 81
12294 2 2 6 1 1845 6751 6750
12295 2 2 6 1 6751 6752 6750
12296 2 2 6 1 6751 1864 6752
12297 2 2 6 1 6750 6752 81
12298 2 2 6 1 1845 6664 6751
12299 2 2 6 1 6664 6753 6751
12300 2 2 6 1 6664 647 6753
12301 2 2 6 1 6751 6753 1864
12302 2 2 6 1 81 6752 80
12303 2 2 6 1 6752 6754 80
12304 2 2 6 1 6752 1864 6754
12305 2 2 6 1 80 6754 79
12306 2 2 6 1 647 6755 6753
12307 2 2 6 1 6755 6756 6753
12308 2 2 6 1 6755 1865 6756
12309 2 2 6 1 6753 6756 1864
12310 2 2 6 1 1865 6757 6756
12311 2 2 6 1 6757 6758 6756
12312 2 2 6 1 6757 1866 6758
12313 2 2 6 1 6756 6758 1864
12314 2 2 6 1 1865 6759 6757
12315 2 2 6 1 6759 6760 6757
12316 2 2 6 1 6759 651 6760
12317 2 2 6 1 6757 6760 1866
12318 2 2 6 1 1864 6758 6754
12319 2 2 6 1 6758 6761 6754
12320 2 2 6 1 6758 1866 6761
12321 2 2 6 1 6754 6761 79
12322 2 2 6 1 647 6660 6755
12323 2 2 6 1 6660 6762 6755
12324 2 2 6 1 6660 1844 6762
12325 2 2 6 1 6755 6762 1865
12326 2 2 6 1 1844 6763 6762
12327 2 2 6 1 6763 6764 6762
12328 2 2 6 1 6763 1867 6764
12329 2 2 6 1 6762 6764 1865
12330 2 2 6 1 1844 6659 6763
12331 2 2 6 1 6659 6765 6763
12332 2 2 6 1 6659 351 6765
12333 2 2 6 1 6763 6765 1867
12334 2 2 6 1 1865 6764 6759
12335 2 2 6 1 6764 6766 6759
12336 2 2 6 1 6764 1867 6766
12337 2 2 6 1 6759 6766 651
12338 2 2 6 1 79 6761 78
12339 2 2 6 1 6761 6767 78
12340 2 2 6 1 6761 1866 6767
12341 2 2 6 1 78 6767 77
12342 2 2 6 1 1866 6768 6767
12343 2 2 6 1 6768 6769 6767
12344 2 2 6 1 6768 1868 6769
12345 2 2 6 1 6767 6769 77
12346 2 2 6 1 1866 6760 6768
12347 2 2 6 1 6760 6770 6768
12348 2 2 6 1 6760 651 6770
12349 2 2 6 1 6768 6770 1868
12350 2 2 6 1 77 6769 76
12351 2 2 6 1 6769 6771 76
12352 2 2 6 1 6769 1868 6771
12353 2 2 6 1 76 6771 75
12354 2 2 6 1 351 6772 6765
12355 2 2 6 1 6772 6773 6765
12356 2 2 6 1 6772 1869 6773
12357 2 2 6 1 6765 6773 1867
12358 2 2 6 1 1869 6774 6773
12359 2 2 6 1 6774 6775 6773
12360 2 2 6 1 6774 1870 6775
12361 2 2 6 1 6773 6775 1867
12362 2 2 6 1 1869 6776 6774
12363 2 2 6 1 6776 6777 6774
12364 2 2 6 1 6776 652 6777
12365 2 2 6 1 6774 6777 1870
12366 2 2 6 1 1867 6775 6766
12367 2 2 6 1 6775 6778 6766
12368 2 2 6 1 6775 1870 6778
12369 2 2 6 1 6766 6778 651
12370 2 2 6 1 652 6779 6777
12371 2 2 6 1 6779 6780 6777
12372 2 2 6 1 6779 1871 6780
12373 2 2 6 1 6777 6780 1870
12374 2 2 6 1 1871 6781 6780
12375 2 2 6 1 6781 6782 6780
12376 2 2 6 1 6781 1872 6782
12377 2 2 6 1 6780 6782 1870
12378 2 2 6 1 1871 6783 6781
12379 2 2 6 1 6783 6784 6781
12380 2 2 6 1 6783 653 6784
12381 2 2 6 1 6781 6784 1872
12382 2 2 6 1 1870 6782 6778
12383 2 2 6 1 6782 6785 6778
12384 2 2 6 1 6782 1872 6785
12385 2 2 6 1 6778 6785 651
12386 2 2 6 1 652 6786 6779
12387 2 2 6 1 6786 6787 6779
12388 2 2 6 1 6786 1873 6787
12389 2 2 6 1 6779 6787 1871
12390 2 2 6 1 1873 6788 6787
12391 2 2 6 1 6788 6789 6787
12392 2 2 6 1 6788 1874 6789
12393 2 2 6 1 6787 6789 1871
12394 2 2 6 1 1873 6790 6788
12395 2 2 6 1 6790 6791 6788
12396 2 2 6 1 6790 282 6791
12397 2 2 6 1 6788 6791 1874
12398 2 2 6 1 1871 6789 6783
12399 2 2 6 1 6789 6792 6783
12400 2 2 6 1 6789 1874 6792
12401 2 2 6 1 6783 6792 653
12402 2 2 6 1 651 6785 6770
12403 2 2 6 1 6785 6793 6770
12404 2 2 6 1 6785 1872 6793
12405 2 2 6 1 6770 6793 1868
12406 2 2 6 1 1872 6794 6793
12407 2 2 6 1 6794 6795 6793
12408 2 2 6 1 6794 1875 6795
12409 2 2 6 1 6793 6795 1868
12410 2 2 6 1 1872 6784 6794
12411 2 2 6 1 6784 6796 6794
12412 2 2 6 1 6784 653 6796
12413 2 2 6 1 6794 6796 1875
12414 2 2 6 1 1868 6795 6771
12415 2 2 6 1 6795 6797 6771
12416 2 2 6 1 6795 1875 6797
12417 2 2 6 1 6771 6797 75
12418 2 2 6 1 351 6643 6772
12419 2 2 6 1 6643 6798 6772
12420 2 2 6 1 6643 1840 6798
12421 2 2 6 1 6772 6798 1869
12422 2 2 6 1 1840 6799 6798
12423 2 2 6 1 6799 6800 6798
12424 2 2 6 1 6799 1876 6800
12425 2 2 6 1 6798 6800 1869
12426 2 2 6 1 1840 6642 6799
12427 2 2 6 1 6642 6801 6799
12428 2 2 6 1 6642 646 6801
12429 2 2 6 1 6799 6801 1876
12430 2 2 6 1 1869 6800 6776
12431 2 2 6 1 6800 6802 6776
12432 2 2 6 1 6800 1876 6802
12433 2 2 6 1 6776 6802 652
12434 2 2 6 1 646 6803 6801
12435 2 2 6 1 6803 6804 6801
12436 2 2 6 1 6803 1877 6804
12437 2 2 6 1 6801 6804 1876
12438 2 2 6 1 1877 6805 6804
12439 2 2 6 1 6805 6806 6804
12440 2 2 6 1 6805 1878 6806
12441 2 2 6 1 6804 6806 1876
12442 2 2 6 1 1877 6807 6805
12443 2 2 6 1 6807 6808 6805
12444 2 2 6 1 6807 374 6808
12445 2 2 6 1 6805 6808 1878
12446 2 2 6 1 1876 6806 6802
12447 2 2 6 1 6806 6809 6802
12448 2 2 6 1 6806 1878 6809
12449 2 2 6 1 6802 6809 652
12450 2 2 6 1 646 6638 6803
12451 2 2 6 1 6638 6810 6803
12452 2 2 6 1 6638 1839 6810
12453 2 2 6 1 6803 6810 1877
12454 2 2 6 1 1839 6811 6810
12455 2 2 6 1 6811 6812 6810
12456 2 2 6 1 6811 756 6812
12457 2 2 6 1 6810 6812 1877
12458 2 2 6 1 1839 6637 6811
12459 2 2 6 1 6637 2312 6811
12460 2 2 6 1 6637 262 2312
12461 2 2 6 1 6811 2312 756
12462 2 2 6 1 1877 6812 6807
12463 2 2 6 1 6812 2308 6807
12464 2 2 6 1 6812 756 2308
12465 2 2 6 1 6807 2308 374
12466 2 2 6 1 652 6809 6786
12467 2 2 6 1 6809 6813 6786
12468 2 2 6 1 6809 1878 6813
12469 2 2 6 1 6786 6813 1873
12470 2 2 6 1 1878 6814 6813
12471 2 2 6 1 6814 6815 6813
12472 2 2 6 1 6814 752 6815
12473 2 2 6 1 6813 6815 1873
12474 2 2 6 1 1878 6808 6814
12475 2 2 6 1 6808 2298 6814
12476 2 2 6 1 6808 374 2298
12477 2 2 6 1 6814 2298 752
12478 2 2 6 1 1873 6815 6790
12479 2 2 6 1 6815 2294 6790
12480 2 2 6 1 6815 752 2294
12481 2 2 6 1 6790 2294 282
12482 2 2 6 1 75 6797 74
12483 2 2 6 1 6797 6816 74
12484 2 2 6 1 6797 1875 6816
12485 2 2 6 1 74 6816 73
12486 2 2 6 1 1875 6817 6816
12487 2 2 6 1 6817 6818 6816
12488 2 2 6 1 6817 1879 6818
12489 2 2 6 1 6816 6818 73
12490 2 2 6 1 1875 6796 6817
12491 2 2 6 1 6796 6819 6817
12492 2 2 6 1 6796 653 6819
12493 2 2 6 1 6817 6819 1879
12494 2 2 6 1 73 6818 72
12495 2 2 6 1 6818 6820 72
12496 2 2 6 1 6818 1879 6820
12497 2 2 6 1 72 6820 71
12498 2 2 6 1 653 6821 6819
12499 2 2 6 1 6821 6822 6819
12500 2 2 6 1 6821 1880 6822
12501 2 2 6 1 6819 6822 1879
12502 2 2 6 1 1880 6823 6822
12503 2 2 6 1 6823 6824 6822
12504 2 2 6 1 6823 1881 6824
12505 2 2 6 1 6822 6824 1879
12506 2 2 6 1 1880 6825 6823
12507 2 2 6 1 6825 6826 6823
12508 2 2 6 1 6825 370 6826
12509 2 2 6 1 6823 6826 1881
12510 2 2 6 1 1879 6824 6820
12511 2 2 6 1 6824 6827 6820
12512 2 2 6 1 6824 1881 6827
12513 2 2 6 1 6820 6827 71
12514 2 2 6 1 653 6792 6821
12515 2 2 6 1 6792 6828 6821
12516 2 2 6 1 6792 1874 6828
12517 2 2 6 1 6821 6828 1880
12518 2 2 6 1 1874 6829 6828
12519 2 2 6 1 6829 6830 6828
12520 2 2 6 1 6829 742 6830
12521 2 2 6 1 6828 6830 1880
12522 2 2 6 1 1874 6791 6829
12523 2 2 6 1 6791 2260 6829
12524 2 2 6 1 6791 282 2260
12525 2 2 6 1 6829 2260 742
12526 2 2 6 1 1880 6830 6825
12527 2 2 6 1 6830 2256 6825
12528 2 2 6 1 6830 742 2256
12529 2 2 6 1 6825 2256 370
12530 2 2 6 1 71 6827 70
12531 2 2 6 1 6827 6831 70
12532 2 2 6 1 6827 1881 6831
12533 2 2 6 1 70 6831 69
12534 2 2 6 1 1881 6832 6831
12535 2 2 6 1 6832 6833 6831
12536 2 2 6 1 6832 738 6833
12537 2 2 6 1 6831 6833 69
12538 2 2 6 1 1881 6826 6832
12539 2 2 6 1 6826 2246 6832
12540 2 2 6 1 6826 370 2246
12541 2 2 6 1 6832 2246 738
12542 2 2 6 1 69 6833 68
12543 2 2 6 1 6833 2242 68
12544 2 2 6 1 6833 738 2242
12545 2 2 6 1 68 2242 2
12546 2 2 6 1 4 5313 193
12547 2 2 6 1 5313 6834 193
12548 2 2 6 1 5313 1505 6834
12549 2 2 6 1 193 6834 192
12550 2 2 6 1 1505 6835 6834
12551 2 2 6 1 6835 6836 6834
12552 2 2 6 1 6835 1882 6836
12553 2 2 6 1 6834 6836 192
12554 2 2 6 1 1505 5312 6835
12555 2 2 6 1 5312 6837 6835
12556 2 2 6 1 5312 561 6837
12557 2 2 6 1 6835 6837 1882
12558 2 2 6 1 192 6836 191
12559 2 2 6 1 6836 6838 191
12560 2 2 6 1 6836 1882 6838
12561 2 2 6 1 191 6838 190
12562 2 2 6 1 561 6839 6837
12563 2 2 6 1 6839 6840 6837
12564 2 2 6 1 6839 1883 6840
12565 2 2 6 1 6837 6840 1882
12566 2 2 6 1 1883 6841 6840
12567 2 2 6 1 6841 6842 6840
12568 2 2 6 1 6841 1884 6842
12569 2 2 6 1 6840 6842 1882
12570 2 2 6 1 1883 6843 6841
12571 2 2 6 1 6843 6844 6841
12572 2 2 6 1 6843 654 6844
12573 2 2 6 1 6841 6844 1884
12574 2 2 6 1 1882 6842 6838
12575 2 2 6 1 6842 6845 6838
12576 2 2 6 1 6842 1884 6845
12577 2 2 6 1 6838 6845 190
12578 2 2 6 1 561 5308 6839
12579 2 2 6 1 5308 6846 6839
12580 2 2 6 1 5308 1504 6846
12581 2 2 6 1 6839 6846 1883
12582 2 2 6 1 1504 6847 6846
12583 2 2 6 1 6847 6848 6846
12584 2 2 6 1 6847 1885 6848
12585 2 2 6 1 6846 6848 1883
12586 2 2 6 1 1504 5307 6847
12587 2 2 6 1 5307 6849 6847
12588 2 2 6 1 5307 329 6849
12589 2 2 6 1 6847 6849 1885
12590 2 2 6 1 1883 6848 6843
12591 2 2 6 1 6848 6850 6843
12592 2 2 6 1 6848 1885 6850
12593 2 2 6 1 6843 6850 654
12594 2 2 6 1 190 6845 189
12595 2 2 6 1 6845 6851 189
12596 2 2 6 1 6845 1884 6851
12597 2 2 6 1 189 6851 188
12598 2 2 6 1 1884 6852 6851
12599 2 2 6 1 6852 6853 6851
12600 2 2 6 1 6852 1886 6853
12601 2 2 6 1 6851 6853 188
12602 2 2 6 1 1884 6844 6852
12603 2 2 6 1 6844 6854 6852
12604 2 2 6 1 6844 654 6854
12605 2 2 6 1 6852 6854 1886
12606 2 2 6 1 188 6853 187
12607 2 2 6 1 6853 6855 187
12608 2 2 6 1 6853 1886 6855
12609 2 2 6 1 187 6855 186
12610 2 2 6 1 329 6856 6849
12611 2 2 6 1 6856 6857 6849
12612 2 2 6 1 6856 1887 6857
12613 2 2 6 1 6849 6857 1885
12614 2 2 6 1 1887 6858 6857
12615 2 2 6 1 6858 6859 6857
12616 2 2 6 1 6858 1888 6859
12617 2 2 6 1 6857 6859 1885
12618 2 2 6 1 1887 6860 6858
12619 2 2 6 1 6860 6861 6858
12620 2 2 6 1 6860 655 6861
12621 2 2 6 1 6858 6861 1888
12622 2 2 6 1 1885 6859 6850
12623 2 2 6 1 6859 6862 6850
12624 2 2 6 1 6859 1888 6862
12625 2 2 6 1 6850 6862 654
12626 2 2 6 1 655 6863 6861
12627 2 2 6 1 6863 6864 6861
12628 2 2 6 1 6863 1889 6864
12629 2 2 6 1 6861 6864 1888
12630 2 2 6 1 1889 6865 6864
12631 2 2 6 1 6865 6866 6864
12632 2 2 6 1 6865 1890 6866
12633 2 2 6 1 6864 6866 1888
12634 2 2 6 1 1889 6867 6865
12635 2 2 6 1 6867 6868 6865
12636 2 2 6 1 6867 656 6868
12637 2 2 6 1 6865 6868 1890
12638 2 2 6 1 1888 6866 6862
12639 2 2 6 1 6866 6869 6862
12640 2 2 6 1 6866 1890 6869
12641 2 2 6 1 6862 6869 654
12642 2 2 6 1 655 6870 6863
12643 2 2 6 1 6870 6871 6863
12644 2 2 6 1 6870 1891 6871
12645 2 2 6 1 6863 6871 1889
12646 2 2 6 1 1891 6872 6871
12647 2 2 6 1 6872 6873 6871
12648 2 2 6 1 6872 1892 6873
12649 2 2 6 1 6871 6873 1889
12650 2 2 6 1 1891 6874 6872
12651 2 2 6 1 6874 6875 6872
12652 2 2 6 1 6874 352 6875
12653 2 2 6 1 6872 6875 1892
12654 2 2 6 1 1889 6873 6867
12655 2 2 6 1 6873 6876 6867
12656 2 2 6 1 6873 1892 6876
12657 2 2 6 1 6867 6876 656
12658 2 2 6 1 654 6869 6854
12659 2 2 6 1 6869 6877 6854
12660 2 2 6 1 6869 1890 6877
12661 2 2 6 1 6854 6877 1886
12662 2 2 6 1 1890 6878 6877
12663 2 2 6 1 6878 6879 6877
12664 2 2 6 1 6878 1893 6879
12665 2 2 6 1 6877 6879 1886
12666 2 2 6 1 1890 6868 6878
12667 2 2 6 1 6868 6880 6878
12668 2 2 6 1 6868 656 6880
12669 2 2 6 1 6878 6880 1893
12670 2 2 6 1 1886 6879 6855
12671 2 2 6 1 6879 6881 6855
12672 2 2 6 1 6879 1893 6881
12673 2 2 6 1 6855 6881 186
12674 2 2 6 1 329 5291 6856
12675 2 2 6 1 5291 6882 6856
12676 2 2 6 1 5291 1500 6882
12677 2 2 6 1 6856 6882 1887
12678 2 2 6 1 1500 6883 6882
12679 2 2 6 1 6883 6884 6882
12680 2 2 6 1 6883 1894 6884
12681 2 2 6 1 6882 6884 1887
12682 2 2 6 1 1500 5290 6883
12683 2 2 6 1 5290 6885 6883
12684 2 2 6 1 5290 560 6885
12685 2 2 6 1 6883 6885 1894
12686 2 2 6 1 1887 6884 6860
12687 2 2 6 1 6884 6886 6860
12688 2 2 6 1 6884 1894 6886
12689 2 2 6 1 6860 6886 655
12690 2 2 6 1 560 6887 6885
12691 2 2 6 1 6887 6888 6885
12692 2 2 6 1 6887 1895 6888
12693 2 2 6 1 6885 6888 1894
12694 2 2 6 1 1895 6889 6888
12695 2 2 6 1 6889 6890 6888
12696 2 2 6 1 6889 1896 6890
12697 2 2 6 1 6888 6890 1894
12698 2 2 6 1 1895 6891 6889
12699 2 2 6 1 6891 6892 6889
12700 2 2 6 1 6891 657 6892
12701 2 2 6 1 6889 6892 1896
12702 2 2 6 1 1894 6890 6886
12703 2 2 6 1 6890 6893 6886
12704 2 2 6 1 6890 1896 6893
12705 2 2 6 1 6886 6893 655
12706 2 2 6 1 560 5286 6887
12707 2 2 6 1 5286 6894 6887
12708 2 2 6 1 5286 1499 6894
12709 2 2 6 1 6887 6894 1895
12710 2 2 6 1 1499 6895 6894
12711 2 2 6 1 6895 6896 6894
12712 2 2 6 1 6895 1897 6896
12713 2 2 6 1 6894 6896 1895
12714 2 2 6 1 1499 5285 6895
12715 2 2 6 1 5285 6897 6895
12716 2 2 6 1 5285 273 6897
12717 2 2 6 1 6895 6897 1897
12718 2 2 6 1 1895 6896 6891
12719 2 2 6 1 6896 6898 6891
12720 2 2 6 1 6896 1897 6898
12721 2 2 6 1 6891 6898 657
12722 2 2 6 1 655 6893 6870
12723 2 2 6 1 6893 6899 6870
12724 2 2 6 1 6893 1896 6899
12725 2 2 6 1 6870 6899 1891
12726 2 2 6 1 1896 6900 6899
12727 2 2 6 1 6900 6901 6899
12728 2 2 6 1 6900 1898 6901
12729 2 2 6 1 6899 6901 1891
12730 2 2 6 1 1896 6892 6900
12731 2 2 6 1 6892 6902 6900
12732 2 2 6 1 6892 657 6902
12733 2 2 6 1 6900 6902 1898
12734 2 2 6 1 1891 6901 6874
12735 2 2 6 1 6901 6903 6874
12736 2 2 6 1 6901 1898 6903
12737 2 2 6 1 6874 6903 352
12738 2 2 6 1 186 6881 185
12739 2 2 6 1 6881 6904 185
12740 2 2 6 1 6881 1893 6904
12741 2 2 6 1 185 6904 184
12742 2 2 6 1 1893 6905 6904
12743 2 2 6 1 6905 6906 6904
12744 2 2 6 1 6905 1899 6906
12745 2 2 6 1 6904 6906 184
12746 2 2 6 1 1893 6880 6905
12747 2 2 6 1 6880 6907 6905
12748 2 2 6 1 6880 656 6907
12749 2 2 6 1 6905 6907 1899
12750 2 2 6 1 184 6906 183
12751 2 2 6 1 6906 6908 183
12752 2 2 6 1 6906 1899 6908
12753 2 2 6 1 183 6908 182
12754 2 2 6 1 656 6909 6907
12755 2 2 6 1 6909 6910 6907
12756 2 2 6 1 6909 1900 6910
12757 2 2 6 1 6907 6910 1899
12758 2 2 6 1 1900 6911 6910
12759 2 2 6 1 6911 6912 6910
12760 2 2 6 1 6911 1901 6912
12761 2 2 6 1 6910 6912 1899
12762 2 2 6 1 1900 6913 6911
12763 2 2 6 1 6913 6914 6911
12764 2 2 6 1 6913 658 6914
12765 2 2 6 1 6911 6914 1901
12766 2 2 6 1 1899 6912 6908
12767 2 2 6 1 6912 6915 6908
12768 2 2 6 1 6912 1901 6915
12769 2 2 6 1 6908 6915 182
12770 2 2 6 1 656 6876 6909
12771 2 2 6 1 6876 6916 6909
12772 2 2 6 1 6876 1892 6916
12773 2 2 6 1 6909 6916 1900
12774 2 2 6 1 1892 6917 6916
12775 2 2 6 1 6917 6918 6916
12776 2 2 6 1 6917 1902 6918
12777 2 2 6 1 6916 6918 1900
12778 2 2 6 1 1892 6875 6917
12779 2 2 6 1 6875 6919 6917
12780 2 2 6 1 6875 352 6919
12781 2 2 6 1 6917 6919 1902
12782 2 2 6 1 1900 6918 6913
12783 2 2 6 1 6918 6920 6913
12784 2 2 6 1 6918 1902 6920
12785 2 2 6 1 6913 6920 658
12786 2 2 6 1 182 6915 181
12787 2 2 6 1 6915 6921 181
12788 2 2 6 1 6915 1901 6921
12789 2 2 6 1 181 6921 180
12790 2 2 6 1 1901 6922 6921
12791 2 2 6 1 6922 6923 6921
12792 2 2 6 1 6922 1903 6923
12793 2 2 6 1 6921 6923 180
12794 2 2 6 1 1901 6914 6922
12795 2 2 6 1 6914 6924 6922
12796 2 2 6 1 6914 658 6924
12797 2 2 6 1 6922 6924 1903
12798 2 2 6 1 180 6923 179
12799 2 2 6 1 6923 6925 179
12800 2 2 6 1 6923 1903 6925
12801 2 2 6 1 179 6925 178
12802 2 2 6 1 273 6926 6897
12803 2 2 6 1 6926 6927 6897
12804 2 2 6 1 6926 1904 6927
12805 2 2 6 1 6897 6927 1897
12806 2 2 6 1 1904 6928 6927
12807 2 2 6 1 6928 6929 6927
12808 2 2 6 1 6928 1905 6929
12809 2 2 6 1 6927 6929 1897
12810 2 2 6 1 1904 6930 6928
12811 2 2 6 1 6930 6931 6928
12812 2 2 6 1 6930 659 6931
12813 2 2 6 1 6928 6931 1905
12814 2 2 6 1 1897 6929 6898
12815 2 2 6 1 6929 6932 6898
12816 2 2 6 1 6929 1905 6932
12817 2 2 6 1 6898 6932 657
12818 2 2 6 1 659 6933 6931
12819 2 2 6 1 6933 6934 6931
12820 2 2 6 1 6933 1906 6934
12821 2 2 6 1 6931 6934 1905
12822 2 2 6 1 1906 6935 6934
12823 2 2 6 1 6935 6936 6934
12824 2 2 6 1 6935 1907 6936
12825 2 2 6 1 6934 6936 1905
12826 2 2 6 1 1906 6937 6935
12827 2 2 6 1 6937 6938 6935
12828 2 2 6 1 6937 660 6938
12829 2 2 6 1 6935 6938 1907
12830 2 2 6 1 1905 6936 6932
12831 2 2 6 1 6936 6939 6932
12832 2 2 6 1 6936 1907 6939
12833 2 2 6 1 6932 6939 657
12834 2 2 6 1 659 6940 6933
12835 2 2 6 1 6940 6941 6933
12836 2 2 6 1 6940 1908 6941
12837 2 2 6 1 6933 6941 1906
12838 2 2 6 1 1908 6942 6941
12839 2 2 6 1 6942 6943 6941
12840 2 2 6 1 6942 1909 6943
12841 2 2 6 1 6941 6943 1906
12842 2 2 6 1 1908 6944 6942
12843 2 2 6 1 6944 6945 6942
12844 2 2 6 1 6944 353 6945
12845 2 2 6 1 6942 6945 1909
12846 2 2 6 1 1906 6943 6937
12847 2 2 6 1 6943 6946 6937
12848 2 2 6 1 6943 1909 6946
12849 2 2 6 1 6937 6946 660
12850 2 2 6 1 657 6939 6902
12851 2 2 6 1 6939 6947 6902
12852 2 2 6 1 6939 1907 6947
12853 2 2 6 1 6902 6947 1898
12854 2 2 6 1 1907 6948 6947
12855 2 2 6 1 6948 6949 6947
12856 2 2 6 1 6948 1910 6949
12857 2 2 6 1 6947 6949 1898
12858 2 2 6 1 1907 6938 6948
12859 2 2 6 1 6938 6950 6948
12860 2 2 6 1 6938 660 6950
12861 2 2 6 1 6948 6950 1910
12862 2 2 6 1 1898 6949 6903
12863 2 2 6 1 6949 6951 6903
12864 2 2 6 1 6949 1910 6951
12865 2 2 6 1 6903 6951 352
12866 2 2 6 1 353 6952 6945
12867 2 2 6 1 6952 6953 6945
12868 2 2 6 1 6952 1911 6953
12869 2 2 6 1 6945 6953 1909
12870 2 2 6 1 1911 6954 6953
12871 2 2 6 1 6954 6955 6953
12872 2 2 6 1 6954 1912 6955
12873 2 2 6 1 6953 6955 1909
12874 2 2 6 1 1911 6956 6954
12875 2 2 6 1 6956 6957 6954
12876 2 2 6 1 6956 661 6957
12877 2 2 6 1 6954 6957 1912
12878 2 2 6 1 1909 6955 6946
12879 2 2 6 1 6955 6958 6946
12880 2 2 6 1 6955 1912 6958
12881 2 2 6 1 6946 6958 660
12882 2 2 6 1 661 6959 6957
12883 2 2 6 1 6959 6960 6957
12884 2 2 6 1 6959 1913 6960
12885 2 2 6 1 6957 6960 1912
12886 2 2 6 1 1913 6961 6960
12887 2 2 6 1 6961 6962 6960
12888 2 2 6 1 6961 1914 6962
12889 2 2 6 1 6960 6962 1912
12890 2 2 6 1 1913 6963 6961
12891 2 2 6 1 6963 6964 6961
12892 2 2 6 1 6963 662 6964
12893 2 2 6 1 6961 6964 1914
12894 2 2 6 1 1912 6962 6958
12895 2 2 6 1 6962 6965 6958
12896 2 2 6 1 6962 1914 6965
12897 2 2 6 1 6958 6965 660
12898 2 2 6 1 661 6966 6959
12899 2 2 6 1 6966 6967 6959
12900 2 2 6 1 6966 1915 6967
12901 2 2 6 1 6959 6967 1913
12902 2 2 6 1 1915 6968 6967
12903 2 2 6 1 6968 6969 6967
12904 2 2 6 1 6968 1916 6969
12905 2 2 6 1 6967 6969 1913
12906 2 2 6 1 1915 6970 6968
12907 2 2 6 1 6970 6971 6968
12908 2 2 6 1 6970 354 6971
12909 2 2 6 1 6968 6971 1916
12910 2 2 6 1 1913 6969 6963
12911 2 2 6 1 6969 6972 6963
12912 2 2 6 1 6969 1916 6972
12913 2 2 6 1 6963 6972 662
12914 2 2 6 1 660 6965 6950
12915 2 2 6 1 6965 6973 6950
12916 2 2 6 1 6965 1914 6973
12917 2 2 6 1 6950 6973 1910
12918 2 2 6 1 1914 6974 6973
12919 2 2 6 1 6974 6975 6973
12920 2 2 6 1 6974 1917 6975
12921 2 2 6 1 6973 6975 1910
12922 2 2 6 1 1914 6964 6974
12923 2 2 6 1 6964 6976 6974
12924 2 2 6 1 6964 662 6976
12925 2 2 6 1 6974 6976 1917
12926 2 2 6 1 1910 6975 6951
12927 2 2 6 1 6975 6977 6951
12928 2 2 6 1 6975 1917 6977
12929 2 2 6 1 6951 6977 352
12930 2 2 6 1 353 6978 6952
12931 2 2 6 1 6978 6979 6952
12932 2 2 6 1 6978 1918 6979
12933 2 2 6 1 6952 6979 1911
12934 2 2 6 1 1918 6980 6979
12935 2 2 6 1 6980 6981 6979
12936 2 2 6 1 6980 1919 6981
12937 2 2 6 1 6979 6981 1911
12938 2 2 6 1 1918 6982 6980
12939 2 2 6 1 6982 6983 6980
12940 2 2 6 1 6982 663 6983
12941 2 2 6 1 6980 6983 1919
12942 2 2 6 1 1911 6981 6956
12943 2 2 6 1 6981 6984 6956
12944 2 2 6 1 6981 1919 6984
12945 2 2 6 1 6956 6984 661
12946 2 2 6 1 663 6985 6983
12947 2 2 6 1 6985 6986 6983
12948 2 2 6 1 6985 1920 6986
12949 2 2 6 1 6983 6986 1919
12950 2 2 6 1 1920 6987 6986
12951 2 2 6 1 6987 6988 6986
12952 2 2 6 1 6987 1921 6988
12953 2 2 6 1 6986 6988 1919
12954 2 2 6 1 1920 6989 6987
12955 2 2 6 1 6989 6990 6987
12956 2 2 6 1 6989 664 6990
12957 2 2 6 1 6987 6990 1921
12958 2 2 6 1 1919 6988 6984
12959 2 2 6 1 6988 6991 6984
12960 2 2 6 1 6988 1921 6991
12961 2 2 6 1 6984 6991 661
12962 2 2 6 1 663 6992 6985
12963 2 2 6 1 6992 6993 6985
12964 2 2 6 1 6992 1922 6993
12965 2 2 6 1 6985 6993 1920
12966 2 2 6 1 1922 6994 6993
12967 2 2 6 1 6994 6995 6993
12968 2 2 6 1 6994 1923 6995
12969 2 2 6 1 6993 6995 1920
12970 2 2 6 1 1922 6996 6994
12971 2 2 6 1 6996 6997 6994
12972 2 2 6 1 6996 279 6997
12973 2 2 6 1 6994 6997 1923
12974 2 2 6 1 1920 6995 6989
12975 2 2 6 1 6995 6998 6989
12976 2 2 6 1 6995 1923 6998
12977 2 2 6 1 6989 6998 664
12978 2 2 6 1 661 6991 6966
12979 2 2 6 1 6991 6999 6966
12980 2 2 6 1 6991 1921 6999
12981 2 2 6 1 6966 6999 1915
12982 2 2 6 1 1921 7000 6999
12983 2 2 6 1 7000 7001 6999
12984 2 2 6 1 7000 1924 7001
12985 2 2 6 1 6999 7001 1915
12986 2 2 6 1 1921 6990 7000
12987 2 2 6 1 6990 7002 7000
12988 2 2 6 1 6990 664 7002
12989 2 2 6 1 7000 7002 1924
12990 2 2 6 1 1915 7001 6970
12991 2 2 6 1 7001 7003 6970
12992 2 2 6 1 7001 1924 7003
12993 2 2 6 1 6970 7003 354
12994 2 2 6 1 352 6977 6919
12995 2 2 6 1 6977 7004 6919
12996 2 2 6 1 6977 1917 7004
12997 2 2 6 1 6919 7004 1902
12998 2 2 6 1 1917 7005 7004
12999 2 2 6 1 7005 7006 7004
13000 2 2 6 1 7005 1925 7006
13001 2 2 6 1 7004 7006 1902
13002 2 2 6 1 1917 6976 7005
13003 2 2 6 1 6976 7007 7005
13004 2 2 6 1 6976 662 7007
13005 2 2 6 1 7005 7007 1925
13006 2 2 6 1 1902 7006 6920
13007 2 2 6 1 7006 7008 6920
13008 2 2 6 1 7006 1925 7008
13009 2 2 6 1 6920 7008 658
13010 2 2 6 1 662 7009 7007
13011 2 2 6 1 7009 7010 7007
13012 2 2 6 1 7009 1926 7010
13013 2 2 6 1 7007 7010 1925
13014 2 2 6 1 1926 7011 7010
13015 2 2 6 1 7011 7012 7010
13016 2 2 6 1 7011 1927 7012
13017 2 2 6 1 7010 7012 1925
13018 2 2 6 1 1926 7013 7011
13019 2 2 6 1 7013 7014 7011
13020 2 2 6 1 7013 665 7014
13021 2 2 6 1 7011 7014 1927
13022 2 2 6 1 1925 7012 7008
13023 2 2 6 1 7012 7015 7008
13024 2 2 6 1 7012 1927 7015
13025 2 2 6 1 7008 7015 658
13026 2 2 6 1 662 6972 7009
13027 2 2 6 1 6972 7016 7009
13028 2 2 6 1 6972 1916 7016
13029 2 2 6 1 7009 7016 1926
13030 2 2 6 1 1916 7017 7016
13031 2 2 6 1 7017 7018 7016
13032 2 2 6 1 7017 1928 7018
13033 2 2 6 1 7016 7018 1926
13034 2 2 6 1 1916 6971 7017
13035 2 2 6 1 6971 7019 7017
13036 2 2 6 1 6971 354 7019
13037 2 2 6 1 7017 7019 1928
13038 2 2 6 1 1926 7018 7013
13039 2 2 6 1 7018 7020 7013
13040 2 2 6 1 7018 1928 7020
13041 2 2 6 1 7013 7020 665
13042 2 2 6 1 658 7015 6924
13043 2 2 6 1 7015 7021 6924
13044 2 2 6 1 7015 1927 7021
13045 2 2 6 1 6924 7021 1903
13046 2 2 6 1 1927 7022 7021
13047 2 2 6 1 7022 7023 7021
13048 2 2 6 1 7022 1929 7023
13049 2 2 6 1 7021 7023 1903
13050 2 2 6 1 1927 7014 7022
13051 2 2 6 1 7014 7024 7022
13052 2 2 6 1 7014 665 7024
13053 2 2 6 1 7022 7024 1929
13054 2 2 6 1 1903 7023 6925
13055 2 2 6 1 7023 7025 6925
13056 2 2 6 1 7023 1929 7025
13057 2 2 6 1 6925 7025 178
13058 2 2 6 1 273 5221 6926
13059 2 2 6 1 5221 7026 6926
13060 2 2 6 1 5221 1483 7026
13061 2 2 6 1 6926 7026 1904
13062 2 2 6 1 1483 7027 7026
13063 2 2 6 1 7027 7028 7026
13064 2 2 6 1 7027 1930 7028
13065 2 2 6 1 7026 7028 1904
13066 2 2 6 1 1483 5220 7027
13067 2 2 6 1 5220 7029 7027
13068 2 2 6 1 5220 556 7029
13069 2 2 6 1 7027 7029 1930
13070 2 2 6 1 1904 7028 6930
13071 2 2 6 1 7028 7030 6930
13072 2 2 6 1 7028 1930 7030
13073 2 2 6 1 6930 7030 659
13074 2 2 6 1 556 7031 7029
13075 2 2 6 1 7031 7032 7029
13076 2 2 6 1 7031 1931 7032
13077 2 2 6 1 7029 7032 1930
13078 2 2 6 1 1931 7033 7032
13079 2 2 6 1 7033 7034 7032
13080 2 2 6 1 7033 1932 7034
13081 2 2 6 1 7032 7034 1930
13082 2 2 6 1 1931 7035 7033
13083 2 2 6 1 7035 7036 7033
13084 2 2 6 1 7035 666 7036
13085 2 2 6 1 7033 7036 1932
13086 2 2 6 1 1930 7034 7030
13087 2 2 6 1 7034 7037 7030
13088 2 2 6 1 7034 1932 7037
13089 2 2 6 1 7030 7037 659
13090 2 2 6 1 556 5216 7031
13091 2 2 6 1 5216 7038 7031
13092 2 2 6 1 5216 1482 7038
13093 2 2 6 1 7031 7038 1931
13094 2 2 6 1 1482 7039 7038
13095 2 2 6 1 7039 7040 7038
13096 2 2 6 1 7039 1933 7040
13097 2 2 6 1 7038 7040 1931
13098 2 2 6 1 1482 5215 7039
13099 2 2 6 1 5215 7041 7039
13100 2 2 6 1 5215 328 7041
13101 2 2 6 1 7039 7041 1933
13102 2 2 6 1 1931 7040 7035
13103 2 2 6 1 7040 7042 7035
13104 2 2 6 1 7040 1933 7042
13105 2 2 6 1 7035 7042 666
13106 2 2 6 1 659 7037 6940
13107 2 2 6 1 7037 7043 6940
13108 2 2 6 1 7037 1932 7043
13109 2 2 6 1 6940 7043 1908
13110 2 2 6 1 1932 7044 7043
13111 2 2 6 1 7044 7045 7043
13112 2 2 6 1 7044 1934 7045
13113 2 2 6 1 7043 7045 1908
13114 2 2 6 1 1932 7036 7044
13115 2 2 6 1 7036 7046 7044
13116 2 2 6 1 7036 666 7046
13117 2 2 6 1 7044 7046 1934
13118 2 2 6 1 1908 7045 6944
13119 2 2 6 1 7045 7047 6944
13120 2 2 6 1 7045 1934 7047
13121 2 2 6 1 6944 7047 353
13122 2 2 6 1 328 7048 7041
13123 2 2 6 1 7048 7049 7041
13124 2 2 6 1 7048 1935 7049
13125 2 2 6 1 7041 7049 1933
13126 2 2 6 1 1935 7050 7049
13127 2 2 6 1 7050 7051 7049
13128 2 2 6 1 7050 1936 7051
13129 2 2 6 1 7049 7051 1933
13130 2 2 6 1 1935 7052 7050
13131 2 2 6 1 7052 7053 7050
13132 2 2 6 1 7052 667 7053
13133 2 2 6 1 7050 7053 1936
13134 2 2 6 1 1933 7051 7042
13135 2 2 6 1 7051 7054 7042
13136 2 2 6 1 7051 1936 7054
13137 2 2 6 1 7042 7054 666
13138 2 2 6 1 667 7055 7053
13139 2 2 6 1 7055 7056 7053
13140 2 2 6 1 7055 1937 7056
13141 2 2 6 1 7053 7056 1936
13142 2 2 6 1 1937 7057 7056
13143 2 2 6 1 7057 7058 7056
13144 2 2 6 1 7057 1938 7058
13145 2 2 6 1 7056 7058 1936
13146 2 2 6 1 1937 7059 7057
13147 2 2 6 1 7059 7060 7057
13148 2 2 6 1 7059 668 7060
13149 2 2 6 1 7057 7060 1938
13150 2 2 6 1 1936 7058 7054
13151 2 2 6 1 7058 7061 7054
13152 2 2 6 1 7058 1938 7061
13153 2 2 6 1 7054 7061 666
13154 2 2 6 1 667 7062 7055
13155 2 2 6 1 7062 7063 7055
13156 2 2 6 1 7062 1939 7063
13157 2 2 6 1 7055 7063 1937
13158 2 2 6 1 1939 7064 7063
13159 2 2 6 1 7064 7065 7063
13160 2 2 6 1 7064 1940 7065
13161 2 2 6 1 7063 7065 1937
13162 2 2 6 1 1939 7066 7064
13163 2 2 6 1 7066 7067 7064
13164 2 2 6 1 7066 355 7067
13165 2 2 6 1 7064 7067 1940
13166 2 2 6 1 1937 7065 7059
13167 2 2 6 1 7065 7068 7059
13168 2 2 6 1 7065 1940 7068
13169 2 2 6 1 7059 7068 668
13170 2 2 6 1 666 7061 7046
13171 2 2 6 1 7061 7069 7046
13172 2 2 6 1 7061 1938 7069
13173 2 2 6 1 7046 7069 1934
13174 2 2 6 1 1938 7070 7069
13175 2 2 6 1 7070 7071 7069
13176 2 2 6 1 7070 1941 7071
13177 2 2 6 1 7069 7071 1934
13178 2 2 6 1 1938 7060 7070
13179 2 2 6 1 7060 7072 7070
13180 2 2 6 1 7060 668 7072
13181 2 2 6 1 7070 7072 1941
13182 2 2 6 1 1934 7071 7047
13183 2 2 6 1 7071 7073 7047
13184 2 2 6 1 7071 1941 7073
13185 2 2 6 1 7047 7073 353
13186 2 2 6 1 328 5199 7048
13187 2 2 6 1 5199 7074 7048
13188 2 2 6 1 5199 1478 7074
13189 2 2 6 1 7048 7074 1935
13190 2 2 6 1 1478 7075 7074
13191 2 2 6 1 7075 7076 7074
13192 2 2 6 1 7075 1942 7076
13193 2 2 6 1 7074 7076 1935
13194 2 2 6 1 1478 5198 7075
13195 2 2 6 1 5198 7077 7075
13196 2 2 6 1 5198 555 7077
13197 2 2 6 1 7075 7077 1942
13198 2 2 6 1 1935 7076 7052
13199 2 2 6 1 7076 7078 7052
13200 2 2 6 1 7076 1942 7078
13201 2 2 6 1 7052 7078 667
13202 2 2 6 1 555 7079 7077
13203 2 2 6 1 7079 7080 7077
13204 2 2 6 1 7079 1943 7080
13205 2 2 6 1 7077 7080 1942
13206 2 2 6 1 1943 7081 7080
13207 2 2 6 1 7081 7082 7080
13208 2 2 6 1 7081 1944 7082
13209 2 2 6 1 7080 7082 1942
13210 2 2 6 1 1943 7083 7081
13211 2 2 6 1 7083 7084 7081
13212 2 2 6 1 7083 669 7084
13213 2 2 6 1 7081 7084 1944
13214 2 2 6 1 1942 7082 7078
13215 2 2 6 1 7082 7085 7078
13216 2 2 6 1 7082 1944 7085
13217 2 2 6 1 7078 7085 667
13218 2 2 6 1 555 5194 7079
13219 2 2 6 1 5194 7086 7079
13220 2 2 6 1 5194 1477 7086
13221 2 2 6 1 7079 7086 1943
13222 2 2 6 1 1477 7087 7086
13223 2 2 6 1 7087 7088 7086
13224 2 2 6 1 7087 1945 7088
13225 2 2 6 1 7086 7088 1943
13226 2 2 6 1 1477 5193 7087
13227 2 2 6 1 5193 7089 7087
13228 2 2 6 1 5193 260 7089
13229 2 2 6 1 7087 7089 1945
13230 2 2 6 1 1943 7088 7083
13231 2 2 6 1 7088 7090 7083
13232 2 2 6 1 7088 1945 7090
13233 2 2 6 1 7083 7090 669
13234 2 2 6 1 667 7085 7062
13235 2 2 6 1 7085 7091 7062
13236 2 2 6 1 7085 1944 7091
13237 2 2 6 1 7062 7091 1939
13238 2 2 6 1 1944 7092 7091
13239 2 2 6 1 7092 7093 7091
13240 2 2 6 1 7092 1946 7093
13241 2 2 6 1 7091 7093 1939
13242 2 2 6 1 1944 7084 7092
13243 2 2 6 1 7084 7094 7092
13244 2 2 6 1 7084 669 7094
13245 2 2 6 1 7092 7094 1946
13246 2 2 6 1 1939 7093 7066
13247 2 2 6 1 7093 7095 7066
13248 2 2 6 1 7093 1946 7095
13249 2 2 6 1 7066 7095 355
13250 2 2 6 1 353 7073 6978
13251 2 2 6 1 7073 7096 6978
13252 2 2 6 1 7073 1941 7096
13253 2 2 6 1 6978 7096 1918
13254 2 2 6 1 1941 7097 7096
13255 2 2 6 1 7097 7098 7096
13256 2 2 6 1 7097 1947 7098
13257 2 2 6 1 7096 7098 1918
13258 2 2 6 1 1941 7072 7097
13259 2 2 6 1 7072 7099 7097
13260 2 2 6 1 7072 668 7099
13261 2 2 6 1 7097 7099 1947
13262 2 2 6 1 1918 7098 6982
13263 2 2 6 1 7098 7100 6982
13264 2 2 6 1 7098 1947 7100
13265 2 2 6 1 6982 7100 663
13266 2 2 6 1 668 7101 7099
13267 2 2 6 1 7101 7102 7099
13268 2 2 6 1 7101 1948 7102
13269 2 2 6 1 7099 7102 1947
13270 2 2 6 1 1948 7103 7102
13271 2 2 6 1 7103 7104 7102
13272 2 2 6 1 7103 1949 7104
13273 2 2 6 1 7102 7104 1947
13274 2 2 6 1 1948 7105 7103
13275 2 2 6 1 7105 7106 7103
13276 2 2 6 1 7105 670 7106
13277 2 2 6 1 7103 7106 1949
13278 2 2 6 1 1947 7104 7100
13279 2 2 6 1 7104 7107 7100
13280 2 2 6 1 7104 1949 7107
13281 2 2 6 1 7100 7107 663
13282 2 2 6 1 668 7068 7101
13283 2 2 6 1 7068 7108 7101
13284 2 2 6 1 7068 1940 7108
13285 2 2 6 1 7101 7108 1948
13286 2 2 6 1 1940 7109 7108
13287 2 2 6 1 7109 7110 7108
13288 2 2 6 1 7109 1950 7110
13289 2 2 6 1 7108 7110 1948
13290 2 2 6 1 1940 7067 7109
13291 2 2 6 1 7067 7111 7109
13292 2 2 6 1 7067 355 7111
13293 2 2 6 1 7109 7111 1950
13294 2 2 6 1 1948 7110 7105
13295 2 2 6 1 7110 7112 7105
13296 2 2 6 1 7110 1950 7112
13297 2 2 6 1 7105 7112 670
13298 2 2 6 1 663 7107 6992
13299 2 2 6 1 7107 7113 6992
13300 2 2 6 1 7107 1949 7113
13301 2 2 6 1 6992 7113 1922
13302 2 2 6 1 1949 7114 7113
13303 2 2 6 1 7114 7115 7113
13304 2 2 6 1 7114 1951 7115
13305 2 2 6 1 7113 7115 1922
13306 2 2 6 1 1949 7106 7114
13307 2 2 6 1 7106 7116 7114
13308 2 2 6 1 7106 670 7116
13309 2 2 6 1 7114 7116 1951
13310 2 2 6 1 1922 7115 6996
13311 2 2 6 1 7115 7117 6996
13312 2 2 6 1 7115 1951 7117
13313 2 2 6 1 6996 7117 279
13314 2 2 6 1 178 7025 177
13315 2 2 6 1 7025 7118 177
13316 2 2 6 1 7025 1929 7118
13317 2 2 6 1 177 7118 176
13318 2 2 6 1 1929 7119 7118
13319 2 2 6 1 7119 7120 7118
13320 2 2 6 1 7119 1952 7120
13321 2 2 6 1 7118 7120 176
13322 2 2 6 1 1929 7024 7119
13323 2 2 6 1 7024 7121 7119
13324 2 2 6 1 7024 665 7121
13325 2 2 6 1 7119 7121 1952
13326 2 2 6 1 176 7120 175
13327 2 2 6 1 7120 7122 175
13328 2 2 6 1 7120 1952 7122
13329 2 2 6 1 175 7122 174
13330 2 2 6 1 665 7123 7121
13331 2 2 6 1 7123 7124 7121
13332 2 2 6 1 7123 1953 7124
13333 2 2 6 1 7121 7124 1952
13334 2 2 6 1 1953 7125 7124
13335 2 2 6 1 7125 7126 7124
13336 2 2 6 1 7125 1954 7126
13337 2 2 6 1 7124 7126 1952
13338 2 2 6 1 1953 7127 7125
13339 2 2 6 1 7127 7128 7125
13340 2 2 6 1 7127 671 7128
13341 2 2 6 1 7125 7128 1954
13342 2 2 6 1 1952 7126 7122
13343 2 2 6 1 7126 7129 7122
13344 2 2 6 1 7126 1954 7129
13345 2 2 6 1 7122 7129 174
13346 2 2 6 1 665 7020 7123
13347 2 2 6 1 7020 7130 7123
13348 2 2 6 1 7020 1928 7130
13349 2 2 6 1 7123 7130 1953
13350 2 2 6 1 1928 7131 7130
13351 2 2 6 1 7131 7132 7130
13352 2 2 6 1 7131 1955 7132
13353 2 2 6 1 7130 7132 1953
13354 2 2 6 1 1928 7019 7131
13355 2 2 6 1 7019 7133 7131
13356 2 2 6 1 7019 354 7133
13357 2 2 6 1 7131 7133 1955
13358 2 2 6 1 1953 7132 7127
13359 2 2 6 1 7132 7134 7127
13360 2 2 6 1 7132 1955 7134
13361 2 2 6 1 7127 7134 671
13362 2 2 6 1 174 7129 173
13363 2 2 6 1 7129 7135 173
13364 2 2 6 1 7129 1954 7135
13365 2 2 6 1 173 7135 172
13366 2 2 6 1 1954 7136 7135
13367 2 2 6 1 7136 7137 7135
13368 2 2 6 1 7136 1956 7137
13369 2 2 6 1 7135 7137 172
13370 2 2 6 1 1954 7128 7136
13371 2 2 6 1 7128 7138 7136
13372 2 2 6 1 7128 671 7138
13373 2 2 6 1 7136 7138 1956
13374 2 2 6 1 172 7137 171
13375 2 2 6 1 7137 7139 171
13376 2 2 6 1 7137 1956 7139
13377 2 2 6 1 171 7139 170
13378 2 2 6 1 354 7140 7133
13379 2 2 6 1 7140 7141 7133
13380 2 2 6 1 7140 1957 7141
13381 2 2 6 1 7133 7141 1955
13382 2 2 6 1 1957 7142 7141
13383 2 2 6 1 7142 7143 7141
13384 2 2 6 1 7142 1958 7143
13385 2 2 6 1 7141 7143 1955
13386 2 2 6 1 1957 7144 7142
13387 2 2 6 1 7144 7145 7142
13388 2 2 6 1 7144 672 7145
13389 2 2 6 1 7142 7145 1958
13390 2 2 6 1 1955 7143 7134
13391 2 2 6 1 7143 7146 7134
13392 2 2 6 1 7143 1958 7146
13393 2 2 6 1 7134 7146 671
13394 2 2 6 1 672 7147 7145
13395 2 2 6 1 7147 7148 7145
13396 2 2 6 1 7147 1959 7148
13397 2 2 6 1 7145 7148 1958
13398 2 2 6 1 1959 7149 7148
13399 2 2 6 1 7149 7150 7148
13400 2 2 6 1 7149 1960 7150
13401 2 2 6 1 7148 7150 1958
13402 2 2 6 1 1959 7151 7149
13403 2 2 6 1 7151 7152 7149
13404 2 2 6 1 7151 673 7152
13405 2 2 6 1 7149 7152 1960
13406 2 2 6 1 1958 7150 7146
13407 2 2 6 1 7150 7153 7146
13408 2 2 6 1 7150 1960 7153
13409 2 2 6 1 7146 7153 671
13410 2 2 6 1 672 7154 7147
13411 2 2 6 1 7154 7155 7147
13412 2 2 6 1 7154 1961 7155
13413 2 2 6 1 7147 7155 1959
13414 2 2 6 1 1961 7156 7155
13415 2 2 6 1 7156 7157 7155
13416 2 2 6 1 7156 1962 7157
13417 2 2 6 1 7155 7157 1959
13418 2 2 6 1 1961 7158 7156
13419 2 2 6 1 7158 7159 7156
13420 2 2 6 1 7158 356 7159
13421 2 2 6 1 7156 7159 1962
13422 2 2 6 1 1959 7157 7151
13423 2 2 6 1 7157 7160 7151
13424 2 2 6 1 7157 1962 7160
13425 2 2 6 1 7151 7160 673
13426 2 2 6 1 671 7153 7138
13427 2 2 6 1 7153 7161 7138
13428 2 2 6 1 7153 1960 7161
13429 2 2 6 1 7138 7161 1956
13430 2 2 6 1 1960 7162 7161
13431 2 2 6 1 7162 7163 7161
13432 2 2 6 1 7162 1963 7163
13433 2 2 6 1 7161 7163 1956
13434 2 2 6 1 1960 7152 7162
13435 2 2 6 1 7152 7164 7162
13436 2 2 6 1 7152 673 7164
13437 2 2 6 1 7162 7164 1963
13438 2 2 6 1 1956 7163 7139
13439 2 2 6 1 7163 7165 7139
13440 2 2 6 1 7163 1963 7165
13441 2 2 6 1 7139 7165 170
13442 2 2 6 1 354 7003 7140
13443 2 2 6 1 7003 7166 7140
13444 2 2 6 1 7003 1924 7166
13445 2 2 6 1 7140 7166 1957
13446 2 2 6 1 1924 7167 7166
13447 2 2 6 1 7167 7168 7166
13448 2 2 6 1 7167 1964 7168
13449 2 2 6 1 7166 7168 1957
13450 2 2 6 1 1924 7002 7167
13451 2 2 6 1 7002 7169 7167
13452 2 2 6 1 7002 664 7169
13453 2 2 6 1 7167 7169 1964
13454 2 2 6 1 1957 7168 7144
13455 2 2 6 1 7168 7170 7144
13456 2 2 6 1 7168 1964 7170
13457 2 2 6 1 7144 7170 672
13458 2 2 6 1 664 7171 7169
13459 2 2 6 1 7171 7172 7169
13460 2 2 6 1 7171 1965 7172
13461 2 2 6 1 7169 7172 1964
13462 2 2 6 1 1965 7173 7172
13463 2 2 6 1 7173 7174 7172
13464 2 2 6 1 7173 1966 7174
13465 2 2 6 1 7172 7174 1964
13466 2 2 6 1 1965 7175 7173
13467 2 2 6 1 7175 7176 7173
13468 2 2 6 1 7175 674 7176
13469 2 2 6 1 7173 7176 1966
13470 2 2 6 1 1964 7174 7170
13471 2 2 6 1 7174 7177 7170
13472 2 2 6 1 7174 1966 7177
13473 2 2 6 1 7170 7177 672
13474 2 2 6 1 664 6998 7171
13475 2 2 6 1 6998 7178 7171
13476 2 2 6 1 6998 1923 7178
13477 2 2 6 1 7171 7178 1965
13478 2 2 6 1 1923 7179 7178
13479 2 2 6 1 7179 7180 7178
13480 2 2 6 1 7179 1967 7180
13481 2 2 6 1 7178 7180 1965
13482 2 2 6 1 1923 6997 7179
13483 2 2 6 1 6997 7181 7179
13484 2 2 6 1 6997 279 7181
13485 2 2 6 1 7179 7181 1967
13486 2 2 6 1 1965 7180 7175
13487 2 2 6 1 7180 7182 7175
13488 2 2 6 1 7180 1967 7182
13489 2 2 6 1 7175 7182 674
13490 2 2 6 1 672 7177 7154
13491 2 2 6 1 7177 7183 7154
13492 2 2 6 1 7177 1966 7183
13493 2 2 6 1 7154 7183 1961
13494 2 2 6 1 1966 7184 7183
13495 2 2 6 1 7184 7185 7183
13496 2 2 6 1 7184 1968 7185
13497 2 2 6 1 7183 7185 1961
13498 2 2 6 1 1966 7176 7184
13499 2 2 6 1 7176 7186 7184
13500 2 2 6 1 7176 674 7186
13501 2 2 6 1 7184 7186 1968
13502 2 2 6 1 1961 7185 7158
13503 2 2 6 1 7185 7187 7158
13504 2 2 6 1 7185 1968 7187
13505 2 2 6 1 7158 7187 356
13506 2 2 6 1 170 7165 169
13507 2 2 6 1 7165 7188 169
13508 2 2 6 1 7165 1963 7188
13509 2 2 6 1 169 7188 168
13510 2 2 6 1 1963 7189 7188
13511 2 2 6 1 7189 7190 7188
13512 2 2 6 1 7189 1969 7190
13513 2 2 6 1 7188 7190 168
13514 2 2 6 1 1963 7164 7189
13515 2 2 6 1 7164 7191 7189
13516 2 2 6 1 7164 673 7191
13517 2 2 6 1 7189 7191 1969
13518 2 2 6 1 168 7190 167
13519 2 2 6 1 7190 7192 167
13520 2 2 6 1 7190 1969 7192
13521 2 2 6 1 167 7192 166
13522 2 2 6 1 673 7193 7191
13523 2 2 6 1 7193 7194 7191
13524 2 2 6 1 7193 1970 7194
13525 2 2 6 1 7191 7194 1969
13526 2 2 6 1 1970 7195 7194
13527 2 2 6 1 7195 7196 7194
13528 2 2 6 1 7195 1971 7196
13529 2 2 6 1 7194 7196 1969
13530 2 2 6 1 1970 7197 7195
13531 2 2 6 1 7197 7198 7195
13532 2 2 6 1 7197 675 7198
13533 2 2 6 1 7195 7198 1971
13534 2 2 6 1 1969 7196 7192
13535 2 2 6 1 7196 7199 7192
13536 2 2 6 1 7196 1971 7199
13537 2 2 6 1 7192 7199 166
13538 2 2 6 1 673 7160 7193
13539 2 2 6 1 7160 7200 7193
13540 2 2 6 1 7160 1962 7200
13541 2 2 6 1 7193 7200 1970
13542 2 2 6 1 1962 7201 7200
13543 2 2 6 1 7201 7202 7200
13544 2 2 6 1 7201 1972 7202
13545 2 2 6 1 7200 7202 1970
13546 2 2 6 1 1962 7159 7201
13547 2 2 6 1 7159 7203 7201
13548 2 2 6 1 7159 356 7203
13549 2 2 6 1 7201 7203 1972
13550 2 2 6 1 1970 7202 7197
13551 2 2 6 1 7202 7204 7197
13552 2 2 6 1 7202 1972 7204
13553 2 2 6 1 7197 7204 675
13554 2 2 6 1 166 7199 165
13555 2 2 6 1 7199 7205 165
13556 2 2 6 1 7199 1971 7205
13557 2 2 6 1 165 7205 164
13558 2 2 6 1 1971 7206 7205
13559 2 2 6 1 7206 7207 7205
13560 2 2 6 1 7206 1973 7207
13561 2 2 6 1 7205 7207 164
13562 2 2 6 1 1971 7198 7206
13563 2 2 6 1 7198 7208 7206
13564 2 2 6 1 7198 675 7208
13565 2 2 6 1 7206 7208 1973
13566 2 2 6 1 164 7207 163
13567 2 2 6 1 7207 7209 163
13568 2 2 6 1 7207 1973 7209
13569 2 2 6 1 163 7209 162
13570 2 2 6 1 260 7210 7089
13571 2 2 6 1 7210 7211 7089
13572 2 2 6 1 7210 1974 7211
13573 2 2 6 1 7089 7211 1945
13574 2 2 6 1 1974 7212 7211
13575 2 2 6 1 7212 7213 7211
13576 2 2 6 1 7212 1975 7213
13577 2 2 6 1 7211 7213 1945
13578 2 2 6 1 1974 7214 7212
13579 2 2 6 1 7214 7215 7212
13580 2 2 6 1 7214 676 7215
13581 2 2 6 1 7212 7215 1975
13582 2 2 6 1 1945 7213 7090
13583 2 2 6 1 7213 7216 7090
13584 2 2 6 1 7213 1975 7216
13585 2 2 6 1 7090 7216 669
13586 2 2 6 1 676 7217 7215
13587 2 2 6 1 7217 7218 7215
13588 2 2 6 1 7217 1976 7218
13589 2 2 6 1 7215 7218 1975
13590 2 2 6 1 1976 7219 7218
13591 2 2 6 1 7219 7220 7218
13592 2 2 6 1 7219 1977 7220
13593 2 2 6 1 7218 7220 1975
13594 2 2 6 1 1976 7221 7219
13595 2 2 6 1 7221 7222 7219
13596 2 2 6 1 7221 677 7222
13597 2 2 6 1 7219 7222 1977
13598 2 2 6 1 1975 7220 7216
13599 2 2 6 1 7220 7223 7216
13600 2 2 6 1 7220 1977 7223
13601 2 2 6 1 7216 7223 669
13602 2 2 6 1 676 7224 7217
13603 2 2 6 1 7224 7225 7217
13604 2 2 6 1 7224 1978 7225
13605 2 2 6 1 7217 7225 1976
13606 2 2 6 1 1978 7226 7225
13607 2 2 6 1 7226 7227 7225
13608 2 2 6 1 7226 1979 7227
13609 2 2 6 1 7225 7227 1976
13610 2 2 6 1 1978 7228 7226
13611 2 2 6 1 7228 7229 7226
13612 2 2 6 1 7228 357 7229
13613 2 2 6 1 7226 7229 1979
13614 2 2 6 1 1976 7227 7221
13615 2 2 6 1 7227 7230 7221
13616 2 2 6 1 7227 1979 7230
13617 2 2 6 1 7221 7230 677
13618 2 2 6 1 669 7223 7094
13619 2 2 6 1 7223 7231 7094
13620 2 2 6 1 7223 1977 7231
13621 2 2 6 1 7094 7231 1946
13622 2 2 6 1 1977 7232 7231
13623 2 2 6 1 7232 7233 7231
13624 2 2 6 1 7232 1980 7233
13625 2 2 6 1 7231 7233 1946
13626 2 2 6 1 1977 7222 7232
13627 2 2 6 1 7222 7234 7232
13628 2 2 6 1 7222 677 7234
13629 2 2 6 1 7232 7234 1980
13630 2 2 6 1 1946 7233 7095
13631 2 2 6 1 7233 7235 7095
13632 2 2 6 1 7233 1980 7235
13633 2 2 6 1 7095 7235 355
13634 2 2 6 1 357 7236 7229
13635 2 2 6 1 7236 7237 7229
13636 2 2 6 1 7236 1981 7237
13637 2 2 6 1 7229 7237 1979
13638 2 2 6 1 1981 7238 7237
13639 2 2 6 1 7238 7239 7237
13640 2 2 6 1 7238 1982 7239
13641 2 2 6 1 7237 7239 1979
13642 2 2 6 1 1981 7240 7238
13643 2 2 6 1 7240 7241 7238
13644 2 2 6 1 7240 678 7241
13645 2 2 6 1 7238 7241 1982
13646 2 2 6 1 1979 7239 7230
13647 2 2 6 1 7239 7242 7230
13648 2 2 6 1 7239 1982 7242
13649 2 2 6 1 7230 7242 677
13650 2 2 6 1 678 7243 7241
13651 2 2 6 1 7243 7244 7241
13652 2 2 6 1 7243 1983 7244
13653 2 2 6 1 7241 7244 1982
13654 2 2 6 1 1983 7245 7244
13655 2 2 6 1 7245 7246 7244
13656 2 2 6 1 7245 1984 7246
13657 2 2 6 1 7244 7246 1982
13658 2 2 6 1 1983 7247 7245
13659 2 2 6 1 7247 7248 7245
13660 2 2 6 1 7247 679 7248
13661 2 2 6 1 7245 7248 1984
13662 2 2 6 1 1982 7246 7242
13663 2 2 6 1 7246 7249 7242
13664 2 2 6 1 7246 1984 7249
13665 2 2 6 1 7242 7249 677
13666 2 2 6 1 678 7250 7243
13667 2 2 6 1 7250 7251 7243
13668 2 2 6 1 7250 1985 7251
13669 2 2 6 1 7243 7251 1983
13670 2 2 6 1 1985 7252 7251
13671 2 2 6 1 7252 7253 7251
13672 2 2 6 1 7252 1986 7253
13673 2 2 6 1 7251 7253 1983
13674 2 2 6 1 1985 7254 7252
13675 2 2 6 1 7254 7255 7252
13676 2 2 6 1 7254 358 7255
13677 2 2 6 1 7252 7255 1986
13678 2 2 6 1 1983 7253 7247
13679 2 2 6 1 7253 7256 7247
13680 2 2 6 1 7253 1986 7256
13681 2 2 6 1 7247 7256 679
13682 2 2 6 1 677 7249 7234
13683 2 2 6 1 7249 7257 7234
13684 2 2 6 1 7249 1984 7257
13685 2 2 6 1 7234 7257 1980
13686 2 2 6 1 1984 7258 7257
13687 2 2 6 1 7258 7259 7257
13688 2 2 6 1 7258 1987 7259
13689 2 2 6 1 7257 7259 1980
13690 2 2 6 1 1984 7248 7258
13691 2 2 6 1 7248 7260 7258
13692 2 2 6 1 7248 679 7260
13693 2 2 6 1 7258 7260 1987
13694 2 2 6 1 1980 7259 7235
13695 2 2 6 1 7259 7261 7235
13696 2 2 6 1 7259 1987 7261
13697 2 2 6 1 7235 7261 355
13698 2 2 6 1 357 7262 7236
13699 2 2 6 1 7262 7263 7236
13700 2 2 6 1 7262 1988 7263
13701 2 2 6 1 7236 7263 1981
13702 2 2 6 1 1988 7264 7263
13703 2 2 6 1 7264 7265 7263
13704 2 2 6 1 7264 1989 7265
13705 2 2 6 1 7263 7265 1981
13706 2 2 6 1 1988 7266 7264
13707 2 2 6 1 7266 7267 7264
13708 2 2 6 1 7266 680 7267
13709 2 2 6 1 7264 7267 1989
13710 2 2 6 1 1981 7265 7240
13711 2 2 6 1 7265 7268 7240
13712 2 2 6 1 7265 1989 7268
13713 2 2 6 1 7240 7268 678
13714 2 2 6 1 680 7269 7267
13715 2 2 6 1 7269 7270 7267
13716 2 2 6 1 7269 1990 7270
13717 2 2 6 1 7267 7270 1989
13718 2 2 6 1 1990 7271 7270
13719 2 2 6 1 7271 7272 7270
13720 2 2 6 1 7271 1991 7272
13721 2 2 6 1 7270 7272 1989
13722 2 2 6 1 1990 7273 7271
13723 2 2 6 1 7273 7274 7271
13724 2 2 6 1 7273 681 7274
13725 2 2 6 1 7271 7274 1991
13726 2 2 6 1 1989 7272 7268
13727 2 2 6 1 7272 7275 7268
13728 2 2 6 1 7272 1991 7275
13729 2 2 6 1 7268 7275 678
13730 2 2 6 1 680 7276 7269
13731 2 2 6 1 7276 7277 7269
13732 2 2 6 1 7276 1992 7277
13733 2 2 6 1 7269 7277 1990
13734 2 2 6 1 1992 7278 7277
13735 2 2 6 1 7278 7279 7277
13736 2 2 6 1 7278 1993 7279
13737 2 2 6 1 7277 7279 1990
13738 2 2 6 1 1992 7280 7278
13739 2 2 6 1 7280 7281 7278
13740 2 2 6 1 7280 280 7281
13741 2 2 6 1 7278 7281 1993
13742 2 2 6 1 1990 7279 7273
13743 2 2 6 1 7279 7282 7273
13744 2 2 6 1 7279 1993 7282
13745 2 2 6 1 7273 7282 681
13746 2 2 6 1 678 7275 7250
13747 2 2 6 1 7275 7283 7250
13748 2 2 6 1 7275 1991 7283
13749 2 2 6 1 7250 7283 1985
13750 2 2 6 1 1991 7284 7283
13751 2 2 6 1 7284 7285 7283
13752 2 2 6 1 7284 1994 7285
13753 2 2 6 1 7283 7285 1985
13754 2 2 6 1 1991 7274 7284
13755 2 2 6 1 7274 7286 7284
13756 2 2 6 1 7274 681 7286
13757 2 2 6 1 7284 7286 1994
13758 2 2 6 1 1985 7285 7254
13759 2 2 6 1 7285 7287 7254
13760 2 2 6 1 7285 1994 7287
13761 2 2 6 1 7254 7287 358
13762 2 2 6 1 355 7261 7111
13763 2 2 6 1 7261 7288 7111
13764 2 2 6 1 7261 1987 7288
13765 2 2 6 1 7111 7288 1950
13766 2 2 6 1 1987 7289 7288
13767 2 2 6 1 7289 7290 7288
13768 2 2 6 1 7289 1995 7290
13769 2 2 6 1 7288 7290 1950
13770 2 2 6 1 1987 7260 7289
13771 2 2 6 1 7260 7291 7289
13772 2 2 6 1 7260 679 7291
13773 2 2 6 1 7289 7291 1995
13774 2 2 6 1 1950 7290 7112
13775 2 2 6 1 7290 7292 7112
13776 2 2 6 1 7290 1995 7292
13777 2 2 6 1 7112 7292 670
13778 2 2 6 1 679 7293 7291
13779 2 2 6 1 7293 7294 7291
13780 2 2 6 1 7293 1996 7294
13781 2 2 6 1 7291 7294 1995
13782 2 2 6 1 1996 7295 7294
13783 2 2 6 1 7295 7296 7294
13784 2 2 6 1 7295 1997 7296
13785 2 2 6 1 7294 7296 1995
13786 2 2 6 1 1996 7297 7295
13787 2 2 6 1 7297 7298 7295
13788 2 2 6 1 7297 682 7298
13789 2 2 6 1 7295 7298 1997
13790 2 2 6 1 1995 7296 7292
13791 2 2 6 1 7296 7299 7292
13792 2 2 6 1 7296 1997 7299
13793 2 2 6 1 7292 7299 670
13794 2 2 6 1 679 7256 7293
13795 2 2 6 1 7256 7300 7293
13796 2 2 6 1 7256 1986 7300
13797 2 2 6 1 7293 7300 1996
13798 2 2 6 1 1986 7301 7300
13799 2 2 6 1 7301 7302 7300
13800 2 2 6 1 7301 1998 7302
13801 2 2 6 1 7300 7302 1996
13802 2 2 6 1 1986 7255 7301
13803 2 2 6 1 7255 7303 7301
13804 2 2 6 1 7255 358 7303
13805 2 2 6 1 7301 7303 1998
13806 2 2 6 1 1996 7302 7297
13807 2 2 6 1 7302 7304 7297
13808 2 2 6 1 7302 1998 7304
13809 2 2 6 1 7297 7304 682
13810 2 2 6 1 670 7299 7116
13811 2 2 6 1 7299 7305 7116
13812 2 2 6 1 7299 1997 7305
13813 2 2 6 1 7116 7305 1951
13814 2 2 6 1 1997 7306 7305
13815 2 2 6 1 7306 7307 7305
13816 2 2 6 1 7306 1999 7307
13817 2 2 6 1 7305 7307 1951
13818 2 2 6 1 1997 7298 7306
13819 2 2 6 1 7298 7308 7306
13820 2 2 6 1 7298 682 7308
13821 2 2 6 1 7306 7308 1999
13822 2 2 6 1 1951 7307 7117
13823 2 2 6 1 7307 7309 7117
13824 2 2 6 1 7307 1999 7309
13825 2 2 6 1 7117 7309 279
13826 2 2 6 1 280 7310 7281
13827 2 2 6 1 7310 7311 7281
13828 2 2 6 1 7310 2000 7311
13829 2 2 6 1 7281 7311 1993
13830 2 2 6 1 2000 7312 7311
13831 2 2 6 1 7312 7313 7311
13832 2 2 6 1 7312 2001 7313
13833 2 2 6 1 7311 7313 1993
13834 2 2 6 1 2000 7314 7312
13835 2 2 6 1 7314 7315 7312
13836 2 2 6 1 7314 683 7315
13837 2 2 6 1 7312 7315 2001
13838 2 2 6 1 1993 7313 7282
13839 2 2 6 1 7313 7316 7282
13840 2 2 6 1 7313 2001 7316
13841 2 2 6 1 7282 7316 681
13842 2 2 6 1 683 7317 7315
13843 2 2 6 1 7317 7318 7315
13844 2 2 6 1 7317 2002 7318
13845 2 2 6 1 7315 7318 2001
13846 2 2 6 1 2002 7319 7318
13847 2 2 6 1 7319 7320 7318
13848 2 2 6 1 7319 2003 7320
13849 2 2 6 1 7318 7320 2001
13850 2 2 6 1 2002 7321 7319
13851 2 2 6 1 7321 7322 7319
13852 2 2 6 1 7321 684 7322
13853 2 2 6 1 7319 7322 2003
13854 2 2 6 1 2001 7320 7316
13855 2 2 6 1 7320 7323 7316
13856 2 2 6 1 7320 2003 7323
13857 2 2 6 1 7316 7323 681
13858 2 2 6 1 683 7324 7317
13859 2 2 6 1 7324 7325 7317
13860 2 2 6 1 7324 2004 7325
13861 2 2 6 1 7317 7325 2002
13862 2 2 6 1 2004 7326 7325
13863 2 2 6 1 7326 7327 7325
13864 2 2 6 1 7326 2005 7327
13865 2 2 6 1 7325 7327 2002
13866 2 2 6 1 2004 7328 7326
13867 2 2 6 1 7328 7329 7326
13868 2 2 6 1 7328 359 7329
13869 2 2 6 1 7326 7329 2005
13870 2 2 6 1 2002 7327 7321
13871 2 2 6 1 7327 7330 7321
13872 2 2 6 1 7327 2005 7330
13873 2 2 6 1 7321 7330 684
13874 2 2 6 1 681 7323 7286
13875 2 2 6 1 7323 7331 7286
13876 2 2 6 1 7323 2003 7331
13877 2 2 6 1 7286 7331 1994
13878 2 2 6 1 2003 7332 7331
13879 2 2 6 1 7332 7333 7331
13880 2 2 6 1 7332 2006 7333
13881 2 2 6 1 7331 7333 1994
13882 2 2 6 1 2003 7322 7332
13883 2 2 6 1 7322 7334 7332
13884 2 2 6 1 7322 684 7334
13885 2 2 6 1 7332 7334 2006
13886 2 2 6 1 1994 7333 7287
13887 2 2 6 1 7333 7335 7287
13888 2 2 6 1 7333 2006 7335
13889 2 2 6 1 7287 7335 358
13890 2 2 6 1 359 7336 7329
13891 2 2 6 1 7336 7337 7329
13892 2 2 6 1 7336 2007 7337
13893 2 2 6 1 7329 7337 2005
13894 2 2 6 1 2007 7338 7337
13895 2 2 6 1 7338 7339 7337
13896 2 2 6 1 7338 2008 7339
13897 2 2 6 1 7337 7339 2005
13898 2 2 6 1 2007 7340 7338
13899 2 2 6 1 7340 7341 7338
13900 2 2 6 1 7340 685 7341
13901 2 2 6 1 7338 7341 2008
13902 2 2 6 1 2005 7339 7330
13903 2 2 6 1 7339 7342 7330
13904 2 2 6 1 7339 2008 7342
13905 2 2 6 1 7330 7342 684
13906 2 2 6 1 685 7343 7341
13907 2 2 6 1 7343 7344 7341
13908 2 2 6 1 7343 2009 7344
13909 2 2 6 1 7341 7344 2008
13910 2 2 6 1 2009 7345 7344
13911 2 2 6 1 7345 7346 7344
13912 2 2 6 1 7345 2010 7346
13913 2 2 6 1 7344 7346 2008
13914 2 2 6 1 2009 7347 7345
13915 2 2 6 1 7347 7348 7345
13916 2 2 6 1 7347 686 7348
13917 2 2 6 1 7345 7348 2010
13918 2 2 6 1 2008 7346 7342
13919 2 2 6 1 7346 7349 7342
13920 2 2 6 1 7346 2010 7349
13921 2 2 6 1 7342 7349 684
13922 2 2 6 1 685 7350 7343
13923 2 2 6 1 7350 7351 7343
13924 2 2 6 1 7350 2011 7351
13925 2 2 6 1 7343 7351 2009
13926 2 2 6 1 2011 7352 7351
13927 2 2 6 1 7352 7353 7351
13928 2 2 6 1 7352 2012 7353
13929 2 2 6 1 7351 7353 2009
13930 2 2 6 1 2011 7354 7352
13931 2 2 6 1 7354 7355 7352
13932 2 2 6 1 7354 360 7355
13933 2 2 6 1 7352 7355 2012
13934 2 2 6 1 2009 7353 7347
13935 2 2 6 1 7353 7356 7347
13936 2 2 6 1 7353 2012 7356
13937 2 2 6 1 7347 7356 686
13938 2 2 6 1 684 7349 7334
13939 2 2 6 1 7349 7357 7334
13940 2 2 6 1 7349 2010 7357
13941 2 2 6 1 7334 7357 2006
13942 2 2 6 1 2010 7358 7357
13943 2 2 6 1 7358 7359 7357
13944 2 2 6 1 7358 2013 7359
13945 2 2 6 1 7357 7359 2006
13946 2 2 6 1 2010 7348 7358
13947 2 2 6 1 7348 7360 7358
13948 2 2 6 1 7348 686 7360
13949 2 2 6 1 7358 7360 2013
13950 2 2 6 1 2006 7359 7335
13951 2 2 6 1 7359 7361 7335
13952 2 2 6 1 7359 2013 7361
13953 2 2 6 1 7335 7361 358
13954 2 2 6 1 359 7362 7336
13955 2 2 6 1 7362 7363 7336
13956 2 2 6 1 7362 2014 7363
13957 2 2 6 1 7336 7363 2007
13958 2 2 6 1 2014 7364 7363
13959 2 2 6 1 7364 7365 7363
13960 2 2 6 1 7364 2015 7365
13961 2 2 6 1 7363 7365 2007
13962 2 2 6 1 2014 7366 7364
13963 2 2 6 1 7366 7367 7364
13964 2 2 6 1 7366 687 7367
13965 2 2 6 1 7364 7367 2015
13966 2 2 6 1 2007 7365 7340
13967 2 2 6 1 7365 7368 7340
13968 2 2 6 1 7365 2015 7368
13969 2 2 6 1 7340 7368 685
13970 2 2 6 1 687 7369 7367
13971 2 2 6 1 7369 7370 7367
13972 2 2 6 1 7369 2016 7370
13973 2 2 6 1 7367 7370 2015
13974 2 2 6 1 2016 7371 7370
13975 2 2 6 1 7371 7372 7370
13976 2 2 6 1 7371 2017 7372
13977 2 2 6 1 7370 7372 2015
13978 2 2 6 1 2016 7373 7371
13979 2 2 6 1 7373 7374 7371
13980 2 2 6 1 7373 688 7374
13981 2 2 6 1 7371 7374 2017
13982 2 2 6 1 2015 7372 7368
13983 2 2 6 1 7372 7375 7368
13984 2 2 6 1 7372 2017 7375
13985 2 2 6 1 7368 7375 685
13986 2 2 6 1 687 7376 7369
13987 2 2 6 1 7376 7377 7369
13988 2 2 6 1 7376 2018 7377
13989 2 2 6 1 7369 7377 2016
13990 2 2 6 1 2018 7378 7377
13991 2 2 6 1 7378 7379 7377
13992 2 2 6 1 7378 2019 7379
13993 2 2 6 1 7377 7379 2016
13994 2 2 6 1 2018 7380 7378
13995 2 2 6 1 7380 7381 7378
13996 2 2 6 1 7380 281 7381
13997 2 2 6 1 7378 7381 2019
13998 2 2 6 1 2016 7379 7373
13999 2 2 6 1 7379 7382 7373
14000 2 2 6 1 7379 2019 7382
14001 2 2 6 1 7373 7382 688
14002 2 2 6 1 685 7375 7350
14003 2 2 6 1 7375 7383 7350
14004 2 2 6 1 7375 2017 7383
14005 2 2 6 1 7350 7383 2011
14006 2 2 6 1 2017 7384 7383
14007 2 2 6 1 7384 7385 7383
14008 2 2 6 1 7384 2020 7385
14009 2 2 6 1 7383 7385 2011
14010 2 2 6 1 2017 7374 7384
14011 2 2 6 1 7374 7386 7384
14012 2 2 6 1 7374 688 7386
14013 2 2 6 1 7384 7386 2020
14014 2 2 6 1 2011 7385 7354
14015 2 2 6 1 7385 7387 7354
14016 2 2 6 1 7385 2020 7387
14017 2 2 6 1 7354 7387 360
14018 2 2 6 1 358 7361 7303
14019 2 2 6 1 7361 7388 7303
14020 2 2 6 1 7361 2013 7388
14021 2 2 6 1 7303 7388 1998
14022 2 2 6 1 2013 7389 7388
14023 2 2 6 1 7389 7390 7388
14024 2 2 6 1 7389 2021 7390
14025 2 2 6 1 7388 7390 1998
14026 2 2 6 1 2013 7360 7389
14027 2 2 6 1 7360 7391 7389
14028 2 2 6 1 7360 686 7391
14029 2 2 6 1 7389 7391 2021
14030 2 2 6 1 1998 7390 7304
14031 2 2 6 1 7390 7392 7304
14032 2 2 6 1 7390 2021 7392
14033 2 2 6 1 7304 7392 682
14034 2 2 6 1 686 7393 7391
14035 2 2 6 1 7393 7394 7391
14036 2 2 6 1 7393 2022 7394
14037 2 2 6 1 7391 7394 2021
14038 2 2 6 1 2022 7395 7394
14039 2 2 6 1 7395 7396 7394
14040 2 2 6 1 7395 2023 7396
14041 2 2 6 1 7394 7396 2021
14042 2 2 6 1 2022 7397 7395
14043 2 2 6 1 7397 7398 7395
14044 2 2 6 1 7397 689 7398
14045 2 2 6 1 7395 7398 2023
14046 2 2 6 1 2021 7396 7392
14047 2 2 6 1 7396 7399 7392
14048 2 2 6 1 7396 2023 7399
14049 2 2 6 1 7392 7399 682
14050 2 2 6 1 686 7356 7393
14051 2 2 6 1 7356 7400 7393
14052 2 2 6 1 7356 2012 7400
14053 2 2 6 1 7393 7400 2022
14054 2 2 6 1 2012 7401 7400
14055 2 2 6 1 7401 7402 7400
14056 2 2 6 1 7401 2024 7402
14057 2 2 6 1 7400 7402 2022
14058 2 2 6 1 2012 7355 7401
14059 2 2 6 1 7355 7403 7401
14060 2 2 6 1 7355 360 7403
14061 2 2 6 1 7401 7403 2024
14062 2 2 6 1 2022 7402 7397
14063 2 2 6 1 7402 7404 7397
14064 2 2 6 1 7402 2024 7404
14065 2 2 6 1 7397 7404 689
14066 2 2 6 1 682 7399 7308
14067 2 2 6 1 7399 7405 7308
14068 2 2 6 1 7399 2023 7405
14069 2 2 6 1 7308 7405 1999
14070 2 2 6 1 2023 7406 7405
14071 2 2 6 1 7406 7407 7405
14072 2 2 6 1 7406 2025 7407
14073 2 2 6 1 7405 7407 1999
14074 2 2 6 1 2023 7398 7406
14075 2 2 6 1 7398 7408 7406
14076 2 2 6 1 7398 689 7408
14077 2 2 6 1 7406 7408 2025
14078 2 2 6 1 1999 7407 7309
14079 2 2 6 1 7407 7409 7309
14080 2 2 6 1 7407 2025 7409
14081 2 2 6 1 7309 7409 279
14082 2 2 6 1 280 7410 7310
14083 2 2 6 1 7410 7411 7310
14084 2 2 6 1 7410 2026 7411
14085 2 2 6 1 7310 7411 2000
14086 2 2 6 1 2026 7412 7411
14087 2 2 6 1 7412 7413 7411
14088 2 2 6 1 7412 2027 7413
14089 2 2 6 1 7411 7413 2000
14090 2 2 6 1 2026 7414 7412
14091 2 2 6 1 7414 7415 7412
14092 2 2 6 1 7414 690 7415
14093 2 2 6 1 7412 7415 2027
14094 2 2 6 1 2000 7413 7314
14095 2 2 6 1 7413 7416 7314
14096 2 2 6 1 7413 2027 7416
14097 2 2 6 1 7314 7416 683
14098 2 2 6 1 690 7417 7415
14099 2 2 6 1 7417 7418 7415
14100 2 2 6 1 7417 2028 7418
14101 2 2 6 1 7415 7418 2027
14102 2 2 6 1 2028 7419 7418
14103 2 2 6 1 7419 7420 7418
14104 2 2 6 1 7419 2029 7420
14105 2 2 6 1 7418 7420 2027
14106 2 2 6 1 2028 7421 7419
14107 2 2 6 1 7421 7422 7419
14108 2 2 6 1 7421 691 7422
14109 2 2 6 1 7419 7422 2029
14110 2 2 6 1 2027 7420 7416
14111 2 2 6 1 7420 7423 7416
14112 2 2 6 1 7420 2029 7423
14113 2 2 6 1 7416 7423 683
14114 2 2 6 1 690 7424 7417
14115 2 2 6 1 7424 7425 7417
14116 2 2 6 1 7424 2030 7425
14117 2 2 6 1 7417 7425 2028
14118 2 2 6 1 2030 7426 7425
14119 2 2 6 1 7426 7427 7425
14120 2 2 6 1 7426 2031 7427
14121 2 2 6 1 7425 7427 2028
14122 2 2 6 1 2030 7428 7426
14123 2 2 6 1 7428 7429 7426
14124 2 2 6 1 7428 361 7429
14125 2 2 6 1 7426 7429 2031
14126 2 2 6 1 2028 7427 7421
14127 2 2 6 1 7427 7430 7421
14128 2 2 6 1 7427 2031 7430
14129 2 2 6 1 7421 7430 691
14130 2 2 6 1 683 7423 7324
14131 2 2 6 1 7423 7431 7324
14132 2 2 6 1 7423 2029 7431
14133 2 2 6 1 7324 7431 2004
14134 2 2 6 1 2029 7432 7431
14135 2 2 6 1 7432 7433 7431
14136 2 2 6 1 7432 2032 7433
14137 2 2 6 1 7431 7433 2004
14138 2 2 6 1 2029 7422 7432
14139 2 2 6 1 7422 7434 7432
14140 2 2 6 1 7422 691 7434
14141 2 2 6 1 7432 7434 2032
14142 2 2 6 1 2004 7433 7328
14143 2 2 6 1 7433 7435 7328
14144 2 2 6 1 7433 2032 7435
14145 2 2 6 1 7328 7435 359
14146 2 2 6 1 361 7436 7429
14147 2 2 6 1 7436 7437 7429
14148 2 2 6 1 7436 2033 7437
14149 2 2 6 1 7429 7437 2031
14150 2 2 6 1 2033 7438 7437
14151 2 2 6 1 7438 7439 7437
14152 2 2 6 1 7438 2034 7439
14153 2 2 6 1 7437 7439 2031
14154 2 2 6 1 2033 7440 7438
14155 2 2 6 1 7440 7441 7438
14156 2 2 6 1 7440 692 7441
14157 2 2 6 1 7438 7441 2034
14158 2 2 6 1 2031 7439 7430
14159 2 2 6 1 7439 7442 7430
14160 2 2 6 1 7439 2034 7442
14161 2 2 6 1 7430 7442 691
14162 2 2 6 1 692 7443 7441
14163 2 2 6 1 7443 7444 7441
14164 2 2 6 1 7443 2035 7444
14165 2 2 6 1 7441 7444 2034
14166 2 2 6 1 2035 7445 7444
14167 2 2 6 1 7445 7446 7444
14168 2 2 6 1 7445 2036 7446
14169 2 2 6 1 7444 7446 2034
14170 2 2 6 1 2035 7447 7445
14171 2 2 6 1 7447 7448 7445
14172 2 2 6 1 7447 693 7448
14173 2 2 6 1 7445 7448 2036
14174 2 2 6 1 2034 7446 7442
14175 2 2 6 1 7446 7449 7442
14176 2 2 6 1 7446 2036 7449
14177 2 2 6 1 7442 7449 691
14178 2 2 6 1 692 7450 7443
14179 2 2 6 1 7450 7451 7443
14180 2 2 6 1 7450 2037 7451
14181 2 2 6 1 7443 7451 2035
14182 2 2 6 1 2037 7452 7451
14183 2 2 6 1 7452 7453 7451
14184 2 2 6 1 7452 2038 7453
14185 2 2 6 1 7451 7453 2035
14186 2 2 6 1 2037 7454 7452
14187 2 2 6 1 7454 7455 7452
14188 2 2 6 1 7454 362 7455
14189 2 2 6 1 7452 7455 2038
14190 2 2 6 1 2035 7453 7447
14191 2 2 6 1 7453 7456 7447
14192 2 2 6 1 7453 2038 7456
14193 2 2 6 1 7447 7456 693
14194 2 2 6 1 691 7449 7434
14195 2 2 6 1 7449 7457 7434
14196 2 2 6 1 7449 2036 7457
14197 2 2 6 1 7434 7457 2032
14198 2 2 6 1 2036 7458 7457
14199 2 2 6 1 7458 7459 7457
14200 2 2 6 1 7458 2039 7459
14201 2 2 6 1 7457 7459 2032
14202 2 2 6 1 2036 7448 7458
14203 2 2 6 1 7448 7460 7458
14204 2 2 6 1 7448 693 7460
14205 2 2 6 1 7458 7460 2039
14206 2 2 6 1 2032 7459 7435
14207 2 2 6 1 7459 7461 7435
14208 2 2 6 1 7459 2039 7461
14209 2 2 6 1 7435 7461 359
14210 2 2 6 1 361 7462 7436
14211 2 2 6 1 7462 7463 7436
14212 2 2 6 1 7462 2040 7463
14213 2 2 6 1 7436 7463 2033
14214 2 2 6 1 2040 7464 7463
14215 2 2 6 1 7464 7465 7463
14216 2 2 6 1 7464 2041 7465
14217 2 2 6 1 7463 7465 2033
14218 2 2 6 1 2040 7466 7464
14219 2 2 6 1 7466 7467 7464
14220 2 2 6 1 7466 694 7467
14221 2 2 6 1 7464 7467 2041
14222 2 2 6 1 2033 7465 7440
14223 2 2 6 1 7465 7468 7440
14224 2 2 6 1 7465 2041 7468
14225 2 2 6 1 7440 7468 692
14226 2 2 6 1 694 7469 7467
14227 2 2 6 1 7469 7470 7467
14228 2 2 6 1 7469 2042 7470
14229 2 2 6 1 7467 7470 2041
14230 2 2 6 1 2042 7471 7470
14231 2 2 6 1 7471 7472 7470
14232 2 2 6 1 7471 2043 7472
14233 2 2 6 1 7470 7472 2041
14234 2 2 6 1 2042 7473 7471
14235 2 2 6 1 7473 7474 7471
14236 2 2 6 1 7473 695 7474
14237 2 2 6 1 7471 7474 2043
14238 2 2 6 1 2041 7472 7468
14239 2 2 6 1 7472 7475 7468
14240 2 2 6 1 7472 2043 7475
14241 2 2 6 1 7468 7475 692
14242 2 2 6 1 694 7476 7469
14243 2 2 6 1 7476 7477 7469
14244 2 2 6 1 7476 2044 7477
14245 2 2 6 1 7469 7477 2042
14246 2 2 6 1 2044 7478 7477
14247 2 2 6 1 7478 7479 7477
14248 2 2 6 1 7478 2045 7479
14249 2 2 6 1 7477 7479 2042
14250 2 2 6 1 2044 7480 7478
14251 2 2 6 1 7480 7481 7478
14252 2 2 6 1 7480 261 7481
14253 2 2 6 1 7478 7481 2045
14254 2 2 6 1 2042 7479 7473
14255 2 2 6 1 7479 7482 7473
14256 2 2 6 1 7479 2045 7482
14257 2 2 6 1 7473 7482 695
14258 2 2 6 1 692 7475 7450
14259 2 2 6 1 7475 7483 7450
14260 2 2 6 1 7475 2043 7483
14261 2 2 6 1 7450 7483 2037
14262 2 2 6 1 2043 7484 7483
14263 2 2 6 1 7484 7485 7483
14264 2 2 6 1 7484 2046 7485
14265 2 2 6 1 7483 7485 2037
14266 2 2 6 1 2043 7474 7484
14267 2 2 6 1 7474 7486 7484
14268 2 2 6 1 7474 695 7486
14269 2 2 6 1 7484 7486 2046
14270 2 2 6 1 2037 7485 7454
14271 2 2 6 1 7485 7487 7454
14272 2 2 6 1 7485 2046 7487
14273 2 2 6 1 7454 7487 362
14274 2 2 6 1 359 7461 7362
14275 2 2 6 1 7461 7488 7362
14276 2 2 6 1 7461 2039 7488
14277 2 2 6 1 7362 7488 2014
14278 2 2 6 1 2039 7489 7488
14279 2 2 6 1 7489 7490 7488
14280 2 2 6 1 7489 2047 7490
14281 2 2 6 1 7488 7490 2014
14282 2 2 6 1 2039 7460 7489
14283 2 2 6 1 7460 7491 7489
14284 2 2 6 1 7460 693 7491
14285 2 2 6 1 7489 7491 2047
14286 2 2 6 1 2014 7490 7366
14287 2 2 6 1 7490 7492 7366
14288 2 2 6 1 7490 2047 7492
14289 2 2 6 1 7366 7492 687
14290 2 2 6 1 693 7493 7491
14291 2 2 6 1 7493 7494 7491
14292 2 2 6 1 7493 2048 7494
14293 2 2 6 1 7491 7494 2047
14294 2 2 6 1 2048 7495 7494
14295 2 2 6 1 7495 7496 7494
14296 2 2 6 1 7495 2049 7496
14297 2 2 6 1 7494 7496 2047
14298 2 2 6 1 2048 7497 7495
14299 2 2 6 1 7497 7498 7495
14300 2 2 6 1 7497 696 7498
14301 2 2 6 1 7495 7498 2049
14302 2 2 6 1 2047 7496 7492
14303 2 2 6 1 7496 7499 7492
14304 2 2 6 1 7496 2049 7499
14305 2 2 6 1 7492 7499 687
14306 2 2 6 1 693 7456 7493
14307 2 2 6 1 7456 7500 7493
14308 2 2 6 1 7456 2038 7500
14309 2 2 6 1 7493 7500 2048
14310 2 2 6 1 2038 7501 7500
14311 2 2 6 1 7501 7502 7500
14312 2 2 6 1 7501 2050 7502
14313 2 2 6 1 7500 7502 2048
14314 2 2 6 1 2038 7455 7501
14315 2 2 6 1 7455 7503 7501
14316 2 2 6 1 7455 362 7503
14317 2 2 6 1 7501 7503 2050
14318 2 2 6 1 2048 7502 7497
14319 2 2 6 1 7502 7504 7497
14320 2 2 6 1 7502 2050 7504
14321 2 2 6 1 7497 7504 696
14322 2 2 6 1 687 7499 7376
14323 2 2 6 1 7499 7505 7376
14324 2 2 6 1 7499 2049 7505
14325 2 2 6 1 7376 7505 2018
14326 2 2 6 1 2049 7506 7505
14327 2 2 6 1 7506 7507 7505
14328 2 2 6 1 7506 2051 7507
14329 2 2 6 1 7505 7507 2018
14330 2 2 6 1 2049 7498 7506
14331 2 2 6 1 7498 7508 7506
14332 2 2 6 1 7498 696 7508
14333 2 2 6 1 7506 7508 2051
14334 2 2 6 1 2018 7507 7380
14335 2 2 6 1 7507 7509 7380
14336 2 2 6 1 7507 2051 7509
14337 2 2 6 1 7380 7509 281
14338 2 2 6 1 279 7409 7181
14339 2 2 6 1 7409 7510 7181
14340 2 2 6 1 7409 2025 7510
14341 2 2 6 1 7181 7510 1967
14342 2 2 6 1 2025 7511 7510
14343 2 2 6 1 7511 7512 7510
14344 2 2 6 1 7511 2052 7512
14345 2 2 6 1 7510 7512 1967
14346 2 2 6 1 2025 7408 7511
14347 2 2 6 1 7408 7513 7511
14348 2 2 6 1 7408 689 7513
14349 2 2 6 1 7511 7513 2052
14350 2 2 6 1 1967 7512 7182
14351 2 2 6 1 7512 7514 7182
14352 2 2 6 1 7512 2052 7514
14353 2 2 6 1 7182 7514 674
14354 2 2 6 1 689 7515 7513
14355 2 2 6 1 7515 7516 7513
14356 2 2 6 1 7515 2053 7516
14357 2 2 6 1 7513 7516 2052
14358 2 2 6 1 2053 7517 7516
14359 2 2 6 1 7517 7518 7516
14360 2 2 6 1 7517 2054 7518
14361 2 2 6 1 7516 7518 2052
14362 2 2 6 1 2053 7519 7517
14363 2 2 6 1 7519 7520 7517
14364 2 2 6 1 7519 697 7520
14365 2 2 6 1 7517 7520 2054
14366 2 2 6 1 2052 7518 7514
14367 2 2 6 1 7518 7521 7514
14368 2 2 6 1 7518 2054 7521
14369 2 2 6 1 7514 7521 674
14370 2 2 6 1 689 7404 7515
14371 2 2 6 1 7404 7522 7515
14372 2 2 6 1 7404 2024 7522
14373 2 2 6 1 7515 7522 2053
14374 2 2 6 1 2024 7523 7522
14375 2 2 6 1 7523 7524 7522
14376 2 2 6 1 7523 2055 7524
14377 2 2 6 1 7522 7524 2053
14378 2 2 6 1 2024 7403 7523
14379 2 2 6 1 7403 7525 7523
14380 2 2 6 1 7403 360 7525
14381 2 2 6 1 7523 7525 2055
14382 2 2 6 1 2053 7524 7519
14383 2 2 6 1 7524 7526 7519
14384 2 2 6 1 7524 2055 7526
14385 2 2 6 1 7519 7526 697
14386 2 2 6 1 674 7521 7186
14387 2 2 6 1 7521 7527 7186
14388 2 2 6 1 7521 2054 7527
14389 2 2 6 1 7186 7527 1968
14390 2 2 6 1 2054 7528 7527
14391 2 2 6 1 7528 7529 7527
14392 2 2 6 1 7528 2056 7529
14393 2 2 6 1 7527 7529 1968
14394 2 2 6 1 2054 7520 7528
14395 2 2 6 1 7520 7530 7528
14396 2 2 6 1 7520 697 7530
14397 2 2 6 1 7528 7530 2056
14398 2 2 6 1 1968 7529 7187
14399 2 2 6 1 7529 7531 7187
14400 2 2 6 1 7529 2056 7531
14401 2 2 6 1 7187 7531 356
14402 2 2 6 1 360 7532 7525
14403 2 2 6 1 7532 7533 7525
14404 2 2 6 1 7532 2057 7533
14405 2 2 6 1 7525 7533 2055
14406 2 2 6 1 2057 7534 7533
14407 2 2 6 1 7534 7535 7533
14408 2 2 6 1 7534 2058 7535
14409 2 2 6 1 7533 7535 2055
14410 2 2 6 1 2057 7536 7534
14411 2 2 6 1 7536 7537 7534
14412 2 2 6 1 7536 698 7537
14413 2 2 6 1 7534 7537 2058
14414 2 2 6 1 2055 7535 7526
14415 2 2 6 1 7535 7538 7526
14416 2 2 6 1 7535 2058 7538
14417 2 2 6 1 7526 7538 697
14418 2 2 6 1 698 7539 7537
14419 2 2 6 1 7539 7540 7537
14420 2 2 6 1 7539 2059 7540
14421 2 2 6 1 7537 7540 2058
14422 2 2 6 1 2059 7541 7540
14423 2 2 6 1 7541 7542 7540
14424 2 2 6 1 7541 2060 7542
14425 2 2 6 1 7540 7542 2058
14426 2 2 6 1 2059 7543 7541
14427 2 2 6 1 7543 7544 7541
14428 2 2 6 1 7543 699 7544
14429 2 2 6 1 7541 7544 2060
14430 2 2 6 1 2058 7542 7538
14431 2 2 6 1 7542 7545 7538
14432 2 2 6 1 7542 2060 7545
14433 2 2 6 1 7538 7545 697
14434 2 2 6 1 698 7546 7539
14435 2 2 6 1 7546 7547 7539
14436 2 2 6 1 7546 2061 7547
14437 2 2 6 1 7539 7547 2059
14438 2 2 6 1 2061 7548 7547
14439 2 2 6 1 7548 7549 7547
14440 2 2 6 1 7548 2062 7549
14441 2 2 6 1 7547 7549 2059
14442 2 2 6 1 2061 7550 7548
14443 2 2 6 1 7550 7551 7548
14444 2 2 6 1 7550 363 7551
14445 2 2 6 1 7548 7551 2062
14446 2 2 6 1 2059 7549 7543
14447 2 2 6 1 7549 7552 7543
14448 2 2 6 1 7549 2062 7552
14449 2 2 6 1 7543 7552 699
14450 2 2 6 1 697 7545 7530
14451 2 2 6 1 7545 7553 7530
14452 2 2 6 1 7545 2060 7553
14453 2 2 6 1 7530 7553 2056
14454 2 2 6 1 2060 7554 7553
14455 2 2 6 1 7554 7555 7553
14456 2 2 6 1 7554 2063 7555
14457 2 2 6 1 7553 7555 2056
14458 2 2 6 1 2060 7544 7554
14459 2 2 6 1 7544 7556 7554
14460 2 2 6 1 7544 699 7556
14461 2 2 6 1 7554 7556 2063
14462 2 2 6 1 2056 7555 7531
14463 2 2 6 1 7555 7557 7531
14464 2 2 6 1 7555 2063 7557
14465 2 2 6 1 7531 7557 356
14466 2 2 6 1 360 7387 7532
14467 2 2 6 1 7387 7558 7532
14468 2 2 6 1 7387 2020 7558
14469 2 2 6 1 7532 7558 2057
14470 2 2 6 1 2020 7559 7558
14471 2 2 6 1 7559 7560 7558
14472 2 2 6 1 7559 2064 7560
14473 2 2 6 1 7558 7560 2057
14474 2 2 6 1 2020 7386 7559
14475 2 2 6 1 7386 7561 7559
14476 2 2 6 1 7386 688 7561
14477 2 2 6 1 7559 7561 2064
14478 2 2 6 1 2057 7560 7536
14479 2 2 6 1 7560 7562 7536
14480 2 2 6 1 7560 2064 7562
14481 2 2 6 1 7536 7562 698
14482 2 2 6 1 688 7563 7561
14483 2 2 6 1 7563 7564 7561
14484 2 2 6 1 7563 2065 7564
14485 2 2 6 1 7561 7564 2064
14486 2 2 6 1 2065 7565 7564
14487 2 2 6 1 7565 7566 7564
14488 2 2 6 1 7565 2066 7566
14489 2 2 6 1 7564 7566 2064
14490 2 2 6 1 2065 7567 7565
14491 2 2 6 1 7567 7568 7565
14492 2 2 6 1 7567 700 7568
14493 2 2 6 1 7565 7568 2066
14494 2 2 6 1 2064 7566 7562
14495 2 2 6 1 7566 7569 7562
14496 2 2 6 1 7566 2066 7569
14497 2 2 6 1 7562 7569 698
14498 2 2 6 1 688 7382 7563
14499 2 2 6 1 7382 7570 7563
14500 2 2 6 1 7382 2019 7570
14501 2 2 6 1 7563 7570 2065
14502 2 2 6 1 2019 7571 7570
14503 2 2 6 1 7571 7572 7570
14504 2 2 6 1 7571 2067 7572
14505 2 2 6 1 7570 7572 2065
14506 2 2 6 1 2019 7381 7571
14507 2 2 6 1 7381 7573 7571
14508 2 2 6 1 7381 281 7573
14509 2 2 6 1 7571 7573 2067
14510 2 2 6 1 2065 7572 7567
14511 2 2 6 1 7572 7574 7567
14512 2 2 6 1 7572 2067 7574
14513 2 2 6 1 7567 7574 700
14514 2 2 6 1 698 7569 7546
14515 2 2 6 1 7569 7575 7546
14516 2 2 6 1 7569 2066 7575
14517 2 2 6 1 7546 7575 2061
14518 2 2 6 1 2066 7576 7575
14519 2 2 6 1 7576 7577 7575
14520 2 2 6 1 7576 2068 7577
14521 2 2 6 1 7575 7577 2061
14522 2 2 6 1 2066 7568 7576
14523 2 2 6 1 7568 7578 7576
14524 2 2 6 1 7568 700 7578
14525 2 2 6 1 7576 7578 2068
14526 2 2 6 1 2061 7577 7550
14527 2 2 6 1 7577 7579 7550
14528 2 2 6 1 7577 2068 7579
14529 2 2 6 1 7550 7579 363
14530 2 2 6 1 356 7557 7203
14531 2 2 6 1 7557 7580 7203
14532 2 2 6 1 7557 2063 7580
14533 2 2 6 1 7203 7580 1972
14534 2 2 6 1 2063 7581 7580
14535 2 2 6 1 7581 7582 7580
14536 2 2 6 1 7581 2069 7582
14537 2 2 6 1 7580 7582 1972
14538 2 2 6 1 2063 7556 7581
14539 2 2 6 1 7556 7583 7581
14540 2 2 6 1 7556 699 7583
14541 2 2 6 1 7581 7583 2069
14542 2 2 6 1 1972 7582 7204
14543 2 2 6 1 7582 7584 7204
14544 2 2 6 1 7582 2069 7584
14545 2 2 6 1 7204 7584 675
14546 2 2 6 1 699 7585 7583
14547 2 2 6 1 7585 7586 7583
14548 2 2 6 1 7585 2070 7586
14549 2 2 6 1 7583 7586 2069
14550 2 2 6 1 2070 7587 7586
14551 2 2 6 1 7587 7588 7586
14552 2 2 6 1 7587 2071 7588
14553 2 2 6 1 7586 7588 2069
14554 2 2 6 1 2070 7589 7587
14555 2 2 6 1 7589 7590 7587
14556 2 2 6 1 7589 701 7590
14557 2 2 6 1 7587 7590 2071
14558 2 2 6 1 2069 7588 7584
14559 2 2 6 1 7588 7591 7584
14560 2 2 6 1 7588 2071 7591
14561 2 2 6 1 7584 7591 675
14562 2 2 6 1 699 7552 7585
14563 2 2 6 1 7552 7592 7585
14564 2 2 6 1 7552 2062 7592
14565 2 2 6 1 7585 7592 2070
14566 2 2 6 1 2062 7593 7592
14567 2 2 6 1 7593 7594 7592
14568 2 2 6 1 7593 2072 7594
14569 2 2 6 1 7592 7594 2070
14570 2 2 6 1 2062 7551 7593
14571 2 2 6 1 7551 7595 7593
14572 2 2 6 1 7551 363 7595
14573 2 2 6 1 7593 7595 2072
14574 2 2 6 1 2070 7594 7589
14575 2 2 6 1 7594 7596 7589
14576 2 2 6 1 7594 2072 7596
14577 2 2 6 1 7589 7596 701
14578 2 2 6 1 675 7591 7208
14579 2 2 6 1 7591 7597 7208
14580 2 2 6 1 7591 2071 7597
14581 2 2 6 1 7208 7597 1973
14582 2 2 6 1 2071 7598 7597
14583 2 2 6 1 7598 7599 7597
14584 2 2 6 1 7598 2073 7599
14585 2 2 6 1 7597 7599 1973
14586 2 2 6 1 2071 7590 7598
14587 2 2 6 1 7590 7600 7598
14588 2 2 6 1 7590 701 7600
14589 2 2 6 1 7598 7600 2073
14590 2 2 6 1 1973 7599 7209
14591 2 2 6 1 7599 7601 7209
14592 2 2 6 1 7599 2073 7601
14593 2 2 6 1 7209 7601 162
14594 2 2 6 1 260 4937 7210
14595 2 2 6 1 4937 7602 7210
14596 2 2 6 1 4937 1413 7602
14597 2 2 6 1 7210 7602 1974
14598 2 2 6 1 1413 7603 7602
14599 2 2 6 1 7603 7604 7602
14600 2 2 6 1 7603 2074 7604
14601 2 2 6 1 7602 7604 1974
14602 2 2 6 1 1413 4936 7603
14603 2 2 6 1 4936 7605 7603
14604 2 2 6 1 4936 539 7605
14605 2 2 6 1 7603 7605 2074
14606 2 2 6 1 1974 7604 7214
14607 2 2 6 1 7604 7606 7214
14608 2 2 6 1 7604 2074 7606
14609 2 2 6 1 7214 7606 676
14610 2 2 6 1 539 7607 7605
14611 2 2 6 1 7607 7608 7605
14612 2 2 6 1 7607 2075 7608
14613 2 2 6 1 7605 7608 2074
14614 2 2 6 1 2075 7609 7608
14615 2 2 6 1 7609 7610 7608
14616 2 2 6 1 7609 2076 7610
14617 2 2 6 1 7608 7610 2074
14618 2 2 6 1 2075 7611 7609
14619 2 2 6 1 7611 7612 7609
14620 2 2 6 1 7611 702 7612
14621 2 2 6 1 7609 7612 2076
14622 2 2 6 1 2074 7610 7606
14623 2 2 6 1 7610 7613 7606
14624 2 2 6 1 7610 2076 7613
14625 2 2 6 1 7606 7613 676
14626 2 2 6 1 539 4932 7607
14627 2 2 6 1 4932 7614 7607
14628 2 2 6 1 4932 1412 7614
14629 2 2 6 1 7607 7614 2075
14630 2 2 6 1 1412 7615 7614
14631 2 2 6 1 7615 7616 7614
14632 2 2 6 1 7615 2077 7616
14633 2 2 6 1 7614 7616 2075
14634 2 2 6 1 1412 4931 7615
14635 2 2 6 1 4931 7617 7615
14636 2 2 6 1 4931 324 7617
14637 2 2 6 1 7615 7617 2077
14638 2 2 6 1 2075 7616 7611
14639 2 2 6 1 7616 7618 7611
14640 2 2 6 1 7616 2077 7618
14641 2 2 6 1 7611 7618 702
14642 2 2 6 1 676 7613 7224
14643 2 2 6 1 7613 7619 7224
14644 2 2 6 1 7613 2076 7619
14645 2 2 6 1 7224 7619 1978
14646 2 2 6 1 2076 7620 7619
14647 2 2 6 1 7620 7621 7619
14648 2 2 6 1 7620 2078 7621
14649 2 2 6 1 7619 7621 1978
14650 2 2 6 1 2076 7612 7620
14651 2 2 6 1 7612 7622 7620
14652 2 2 6 1 7612 702 7622
14653 2 2 6 1 7620 7622 2078
14654 2 2 6 1 1978 7621 7228
14655 2 2 6 1 7621 7623 7228
14656 2 2 6 1 7621 2078 7623
14657 2 2 6 1 7228 7623 357
14658 2 2 6 1 324 7624 7617
14659 2 2 6 1 7624 7625 7617
14660 2 2 6 1 7624 2079 7625
14661 2 2 6 1 7617 7625 2077
14662 2 2 6 1 2079 7626 7625
14663 2 2 6 1 7626 7627 7625
14664 2 2 6 1 7626 2080 7627
14665 2 2 6 1 7625 7627 2077
14666 2 2 6 1 2079 7628 7626
14667 2 2 6 1 7628 7629 7626
14668 2 2 6 1 7628 703 7629
14669 2 2 6 1 7626 7629 2080
14670 2 2 6 1 2077 7627 7618
14671 2 2 6 1 7627 7630 7618
14672 2 2 6 1 7627 2080 7630
14673 2 2 6 1 7618 7630 702
14674 2 2 6 1 703 7631 7629
14675 2 2 6 1 7631 7632 7629
14676 2 2 6 1 7631 2081 7632
14677 2 2 6 1 7629 7632 2080
14678 2 2 6 1 2081 7633 7632
14679 2 2 6 1 7633 7634 7632
14680 2 2 6 1 7633 2082 7634
14681 2 2 6 1 7632 7634 2080
14682 2 2 6 1 2081 7635 7633
14683 2 2 6 1 7635 7636 7633
14684 2 2 6 1 7635 704 7636
14685 2 2 6 1 7633 7636 2082
14686 2 2 6 1 2080 7634 7630
14687 2 2 6 1 7634 7637 7630
14688 2 2 6 1 7634 2082 7637
14689 2 2 6 1 7630 7637 702
14690 2 2 6 1 703 7638 7631
14691 2 2 6 1 7638 7639 7631
14692 2 2 6 1 7638 2083 7639
14693 2 2 6 1 7631 7639 2081
14694 2 2 6 1 2083 7640 7639
14695 2 2 6 1 7640 7641 7639
14696 2 2 6 1 7640 2084 7641
14697 2 2 6 1 7639 7641 2081
14698 2 2 6 1 2083 7642 7640
14699 2 2 6 1 7642 7643 7640
14700 2 2 6 1 7642 364 7643
14701 2 2 6 1 7640 7643 2084
14702 2 2 6 1 2081 7641 7635
14703 2 2 6 1 7641 7644 7635
14704 2 2 6 1 7641 2084 7644
14705 2 2 6 1 7635 7644 704
14706 2 2 6 1 702 7637 7622
14707 2 2 6 1 7637 7645 7622
14708 2 2 6 1 7637 2082 7645
14709 2 2 6 1 7622 7645 2078
14710 2 2 6 1 2082 7646 7645
14711 2 2 6 1 7646 7647 7645
14712 2 2 6 1 7646 2085 7647
14713 2 2 6 1 7645 7647 2078
14714 2 2 6 1 2082 7636 7646
14715 2 2 6 1 7636 7648 7646
14716 2 2 6 1 7636 704 7648
14717 2 2 6 1 7646 7648 2085
14718 2 2 6 1 2078 7647 7623
14719 2 2 6 1 7647 7649 7623
14720 2 2 6 1 7647 2085 7649
14721 2 2 6 1 7623 7649 357
14722 2 2 6 1 324 4915 7624
14723 2 2 6 1 4915 7650 7624
14724 2 2 6 1 4915 1408 7650
14725 2 2 6 1 7624 7650 2079
14726 2 2 6 1 1408 7651 7650
14727 2 2 6 1 7651 7652 7650
14728 2 2 6 1 7651 2086 7652
14729 2 2 6 1 7650 7652 2079
14730 2 2 6 1 1408 4914 7651
14731 2 2 6 1 4914 7653 7651
14732 2 2 6 1 4914 538 7653
14733 2 2 6 1 7651 7653 2086
14734 2 2 6 1 2079 7652 7628
14735 2 2 6 1 7652 7654 7628
14736 2 2 6 1 7652 2086 7654
14737 2 2 6 1 7628 7654 703
14738 2 2 6 1 538 7655 7653
14739 2 2 6 1 7655 7656 7653
14740 2 2 6 1 7655 2087 7656
14741 2 2 6 1 7653 7656 2086
14742 2 2 6 1 2087 7657 7656
14743 2 2 6 1 7657 7658 7656
14744 2 2 6 1 7657 2088 7658
14745 2 2 6 1 7656 7658 2086
14746 2 2 6 1 2087 7659 7657
14747 2 2 6 1 7659 7660 7657
14748 2 2 6 1 7659 705 7660
14749 2 2 6 1 7657 7660 2088
14750 2 2 6 1 2086 7658 7654
14751 2 2 6 1 7658 7661 7654
14752 2 2 6 1 7658 2088 7661
14753 2 2 6 1 7654 7661 703
14754 2 2 6 1 538 4910 7655
14755 2 2 6 1 4910 7662 7655
14756 2 2 6 1 4910 1407 7662
14757 2 2 6 1 7655 7662 2087
14758 2 2 6 1 1407 7663 7662
14759 2 2 6 1 7663 7664 7662
14760 2 2 6 1 7663 2089 7664
14761 2 2 6 1 7662 7664 2087
14762 2 2 6 1 1407 4909 7663
14763 2 2 6 1 4909 7665 7663
14764 2 2 6 1 4909 272 7665
14765 2 2 6 1 7663 7665 2089
14766 2 2 6 1 2087 7664 7659
14767 2 2 6 1 7664 7666 7659
14768 2 2 6 1 7664 2089 7666
14769 2 2 6 1 7659 7666 705
14770 2 2 6 1 703 7661 7638
14771 2 2 6 1 7661 7667 7638
14772 2 2 6 1 7661 2088 7667
14773 2 2 6 1 7638 7667 2083
14774 2 2 6 1 2088 7668 7667
14775 2 2 6 1 7668 7669 7667
14776 2 2 6 1 7668 2090 7669
14777 2 2 6 1 7667 7669 2083
14778 2 2 6 1 2088 7660 7668
14779 2 2 6 1 7660 7670 7668
14780 2 2 6 1 7660 705 7670
14781 2 2 6 1 7668 7670 2090
14782 2 2 6 1 2083 7669 7642
14783 2 2 6 1 7669 7671 7642
14784 2 2 6 1 7669 2090 7671
14785 2 2 6 1 7642 7671 364
14786 2 2 6 1 357 7649 7262
14787 2 2 6 1 7649 7672 7262
14788 2 2 6 1 7649 2085 7672
14789 2 2 6 1 7262 7672 1988
14790 2 2 6 1 2085 7673 7672
14791 2 2 6 1 7673 7674 7672
14792 2 2 6 1 7673 2091 7674
14793 2 2 6 1 7672 7674 1988
14794 2 2 6 1 2085 7648 7673
14795 2 2 6 1 7648 7675 7673
14796 2 2 6 1 7648 704 7675
14797 2 2 6 1 7673 7675 2091
14798 2 2 6 1 1988 7674 7266
14799 2 2 6 1 7674 7676 7266
14800 2 2 6 1 7674 2091 7676
14801 2 2 6 1 7266 7676 680
14802 2 2 6 1 704 7677 7675
14803 2 2 6 1 7677 7678 7675
14804 2 2 6 1 7677 2092 7678
14805 2 2 6 1 7675 7678 2091
14806 2 2 6 1 2092 7679 7678
14807 2 2 6 1 7679 7680 7678
14808 2 2 6 1 7679 2093 7680
14809 2 2 6 1 7678 7680 2091
14810 2 2 6 1 2092 7681 7679
14811 2 2 6 1 7681 7682 7679
14812 2 2 6 1 7681 706 7682
14813 2 2 6 1 7679 7682 2093
14814 2 2 6 1 2091 7680 7676
14815 2 2 6 1 7680 7683 7676
14816 2 2 6 1 7680 2093 7683
14817 2 2 6 1 7676 7683 680
14818 2 2 6 1 704 7644 7677
14819 2 2 6 1 7644 7684 7677
14820 2 2 6 1 7644 2084 7684
14821 2 2 6 1 7677 7684 2092
14822 2 2 6 1 2084 7685 7684
14823 2 2 6 1 7685 7686 7684
14824 2 2 6 1 7685 2094 7686
14825 2 2 6 1 7684 7686 2092
14826 2 2 6 1 2084 7643 7685
14827 2 2 6 1 7643 7687 7685
14828 2 2 6 1 7643 364 7687
14829 2 2 6 1 7685 7687 2094
14830 2 2 6 1 2092 7686 7681
14831 2 2 6 1 7686 7688 7681
14832 2 2 6 1 7686 2094 7688
14833 2 2 6 1 7681 7688 706
14834 2 2 6 1 680 7683 7276
14835 2 2 6 1 7683 7689 7276
14836 2 2 6 1 7683 2093 7689
14837 2 2 6 1 7276 7689 1992
14838 2 2 6 1 2093 7690 7689
14839 2 2 6 1 7690 7691 7689
14840 2 2 6 1 7690 2095 7691
14841 2 2 6 1 7689 7691 1992
14842 2 2 6 1 2093 7682 7690
14843 2 2 6 1 7682 7692 7690
14844 2 2 6 1 7682 706 7692
14845 2 2 6 1 7690 7692 2095
14846 2 2 6 1 1992 7691 7280
14847 2 2 6 1 7691 7693 7280
14848 2 2 6 1 7691 2095 7693
14849 2 2 6 1 7280 7693 280
14850 2 2 6 1 272 7694 7665
14851 2 2 6 1 7694 7695 7665
14852 2 2 6 1 7694 2096 7695
14853 2 2 6 1 7665 7695 2089
14854 2 2 6 1 2096 7696 7695
14855 2 2 6 1 7696 7697 7695
14856 2 2 6 1 7696 2097 7697
14857 2 2 6 1 7695 7697 2089
14858 2 2 6 1 2096 7698 7696
14859 2 2 6 1 7698 7699 7696
14860 2 2 6 1 7698 707 7699
14861 2 2 6 1 7696 7699 2097
14862 2 2 6 1 2089 7697 7666
14863 2 2 6 1 7697 7700 7666
14864 2 2 6 1 7697 2097 7700
14865 2 2 6 1 7666 7700 705
14866 2 2 6 1 707 7701 7699
14867 2 2 6 1 7701 7702 7699
14868 2 2 6 1 7701 2098 7702
14869 2 2 6 1 7699 7702 2097
14870 2 2 6 1 2098 7703 7702
14871 2 2 6 1 7703 7704 7702
14872 2 2 6 1 7703 2099 7704
14873 2 2 6 1 7702 7704 2097
14874 2 2 6 1 2098 7705 7703
14875 2 2 6 1 7705 7706 7703
14876 2 2 6 1 7705 708 7706
14877 2 2 6 1 7703 7706 2099
14878 2 2 6 1 2097 7704 7700
14879 2 2 6 1 7704 7707 7700
14880 2 2 6 1 7704 2099 7707
14881 2 2 6 1 7700 7707 705
14882 2 2 6 1 707 7708 7701
14883 2 2 6 1 7708 7709 7701
14884 2 2 6 1 7708 2100 7709
14885 2 2 6 1 7701 7709 2098
14886 2 2 6 1 2100 7710 7709
14887 2 2 6 1 7710 7711 7709
14888 2 2 6 1 7710 2101 7711
14889 2 2 6 1 7709 7711 2098
14890 2 2 6 1 2100 7712 7710
14891 2 2 6 1 7712 7713 7710
14892 2 2 6 1 7712 365 7713
14893 2 2 6 1 7710 7713 2101
14894 2 2 6 1 2098 7711 7705
14895 2 2 6 1 7711 7714 7705
14896 2 2 6 1 7711 2101 7714
14897 2 2 6 1 7705 7714 708
14898 2 2 6 1 705 7707 7670
14899 2 2 6 1 7707 7715 7670
14900 2 2 6 1 7707 2099 7715
14901 2 2 6 1 7670 7715 2090
14902 2 2 6 1 2099 7716 7715
14903 2 2 6 1 7716 7717 7715
14904 2 2 6 1 7716 2102 7717
14905 2 2 6 1 7715 7717 2090
14906 2 2 6 1 2099 7706 7716
14907 2 2 6 1 7706 7718 7716
14908 2 2 6 1 7706 708 7718
14909 2 2 6 1 7716 7718 2102
14910 2 2 6 1 2090 7717 7671
14911 2 2 6 1 7717 7719 7671
14912 2 2 6 1 7717 2102 7719
14913 2 2 6 1 7671 7719 364
14914 2 2 6 1 365 7720 7713
14915 2 2 6 1 7720 7721 7713
14916 2 2 6 1 7720 2103 7721
14917 2 2 6 1 7713 7721 2101
14918 2 2 6 1 2103 7722 7721
14919 2 2 6 1 7722 7723 7721
14920 2 2 6 1 7722 2104 7723
14921 2 2 6 1 7721 7723 2101
14922 2 2 6 1 2103 7724 7722
14923 2 2 6 1 7724 7725 7722
14924 2 2 6 1 7724 709 7725
14925 2 2 6 1 7722 7725 2104
14926 2 2 6 1 2101 7723 7714
14927 2 2 6 1 7723 7726 7714
14928 2 2 6 1 7723 2104 7726
14929 2 2 6 1 7714 7726 708
14930 2 2 6 1 709 7727 7725
14931 2 2 6 1 7727 7728 7725
14932 2 2 6 1 7727 2105 7728
14933 2 2 6 1 7725 7728 2104
14934 2 2 6 1 2105 7729 7728
14935 2 2 6 1 7729 7730 7728
14936 2 2 6 1 7729 2106 7730
14937 2 2 6 1 7728 7730 2104
14938 2 2 6 1 2105 7731 7729
14939 2 2 6 1 7731 7732 7729
14940 2 2 6 1 7731 710 7732
14941 2 2 6 1 7729 7732 2106
14942 2 2 6 1 2104 7730 7726
14943 2 2 6 1 7730 7733 7726
14944 2 2 6 1 7730 2106 7733
14945 2 2 6 1 7726 7733 708
14946 2 2 6 1 709 7734 7727
14947 2 2 6 1 7734 7735 7727
14948 2 2 6 1 7734 2107 7735
14949 2 2 6 1 7727 7735 2105
14950 2 2 6 1 2107 7736 7735
14951 2 2 6 1 7736 7737 7735
14952 2 2 6 1 7736 2108 7737
14953 2 2 6 1 7735 7737 2105
14954 2 2 6 1 2107 7738 7736
14955 2 2 6 1 7738 7739 7736
14956 2 2 6 1 7738 366 7739
14957 2 2 6 1 7736 7739 2108
14958 2 2 6 1 2105 7737 7731
14959 2 2 6 1 7737 7740 7731
14960 2 2 6 1 7737 2108 7740
14961 2 2 6 1 7731 7740 710
14962 2 2 6 1 708 7733 7718
14963 2 2 6 1 7733 7741 7718
14964 2 2 6 1 7733 2106 7741
14965 2 2 6 1 7718 7741 2102
14966 2 2 6 1 2106 7742 7741
14967 2 2 6 1 7742 7743 7741
14968 2 2 6 1 7742 2109 7743
14969 2 2 6 1 7741 7743 2102
14970 2 2 6 1 2106 7732 7742
14971 2 2 6 1 7732 7744 7742
14972 2 2 6 1 7732 710 7744
14973 2 2 6 1 7742 7744 2109
14974 2 2 6 1 2102 7743 7719
14975 2 2 6 1 7743 7745 7719
14976 2 2 6 1 7743 2109 7745
14977 2 2 6 1 7719 7745 364
14978 2 2 6 1 365 7746 7720
14979 2 2 6 1 7746 7747 7720
14980 2 2 6 1 7746 2110 7747
14981 2 2 6 1 7720 7747 2103
14982 2 2 6 1 2110 7748 7747
14983 2 2 6 1 7748 7749 7747
14984 2 2 6 1 7748 2111 7749
14985 2 2 6 1 7747 7749 2103
14986 2 2 6 1 2110 7750 7748
14987 2 2 6 1 7750 7751 7748
14988 2 2 6 1 7750 711 7751
14989 2 2 6 1 7748 7751 2111
14990 2 2 6 1 2103 7749 7724
14991 2 2 6 1 7749 7752 7724
14992 2 2 6 1 7749 2111 7752
14993 2 2 6 1 7724 7752 709
14994 2 2 6 1 711 7753 7751
14995 2 2 6 1 7753 7754 7751
14996 2 2 6 1 7753 2112 7754
14997 2 2 6 1 7751 7754 2111
14998 2 2 6 1 2112 7755 7754
14999 2 2 6 1 7755 7756 7754
15000 2 2 6 1 7755 2113 7756
15001 2 2 6 1 7754 7756 2111
15002 2 2 6 1 2112 7757 7755
15003 2 2 6 1 7757 7758 7755
15004 2 2 6 1 7757 712 7758
15005 2 2 6 1 7755 7758 2113
15006 2 2 6 1 2111 7756 7752
15007 2 2 6 1 7756 7759 7752
15008 2 2 6 1 7756 2113 7759
15009 2 2 6 1 7752 7759 709
15010 2 2 6 1 711 7760 7753
15011 2 2 6 1 7760 7761 7753
15012 2 2 6 1 7760 2114 7761
15013 2 2 6 1 7753 7761 2112
15014 2 2 6 1 2114 7762 7761
15015 2 2 6 1 7762 7763 7761
15016 2 2 6 1 7762 2115 7763
15017 2 2 6 1 7761 7763 2112
15018 2 2 6 1 2114 7764 7762
15019 2 2 6 1 7764 7765 7762
15020 2 2 6 1 7764 278 7765
15021 2 2 6 1 7762 7765 2115
15022 2 2 6 1 2112 7763 7757
15023 2 2 6 1 7763 7766 7757
15024 2 2 6 1 7763 2115 7766
15025 2 2 6 1 7757 7766 712
15026 2 2 6 1 709 7759 7734
15027 2 2 6 1 7759 7767 7734
15028 2 2 6 1 7759 2113 7767
15029 2 2 6 1 7734 7767 2107
15030 2 2 6 1 2113 7768 7767
15031 2 2 6 1 7768 7769 7767
15032 2 2 6 1 7768 2116 7769
15033 2 2 6 1 7767 7769 2107
15034 2 2 6 1 2113 7758 7768
15035 2 2 6 1 7758 7770 7768
15036 2 2 6 1 7758 712 7770
15037 2 2 6 1 7768 7770 2116
15038 2 2 6 1 2107 7769 7738
15039 2 2 6 1 7769 7771 7738
15040 2 2 6 1 7769 2116 7771
15041 2 2 6 1 7738 7771 366
15042 2 2 6 1 364 7745 7687
15043 2 2 6 1 7745 7772 7687
15044 2 2 6 1 7745 2109 7772
15045 2 2 6 1 7687 7772 2094
15046 2 2 6 1 2109 7773 7772
15047 2 2 6 1 7773 7774 7772
15048 2 2 6 1 7773 2117 7774
15049 2 2 6 1 7772 7774 2094
15050 2 2 6 1 2109 7744 7773
15051 2 2 6 1 7744 7775 7773
15052 2 2 6 1 7744 710 7775
15053 2 2 6 1 7773 7775 2117
15054 2 2 6 1 2094 7774 7688
15055 2 2 6 1 7774 7776 7688
15056 2 2 6 1 7774 2117 7776
15057 2 2 6 1 7688 7776 706
15058 2 2 6 1 710 7777 7775
15059 2 2 6 1 7777 7778 7775
15060 2 2 6 1 7777 2118 7778
15061 2 2 6 1 7775 7778 2117
15062 2 2 6 1 2118 7779 7778
15063 2 2 6 1 7779 7780 7778
15064 2 2 6 1 7779 2119 7780
15065 2 2 6 1 7778 7780 2117
15066 2 2 6 1 2118 7781 7779
15067 2 2 6 1 7781 7782 7779
15068 2 2 6 1 7781 713 7782
15069 2 2 6 1 7779 7782 2119
15070 2 2 6 1 2117 7780 7776
15071 2 2 6 1 7780 7783 7776
15072 2 2 6 1 7780 2119 7783
15073 2 2 6 1 7776 7783 706
15074 2 2 6 1 710 7740 7777
15075 2 2 6 1 7740 7784 7777
15076 2 2 6 1 7740 2108 7784
15077 2 2 6 1 7777 7784 2118
15078 2 2 6 1 2108 7785 7784
15079 2 2 6 1 7785 7786 7784
15080 2 2 6 1 7785 2120 7786
15081 2 2 6 1 7784 7786 2118
15082 2 2 6 1 2108 7739 7785
15083 2 2 6 1 7739 7787 7785
15084 2 2 6 1 7739 366 7787
15085 2 2 6 1 7785 7787 2120
15086 2 2 6 1 2118 7786 7781
15087 2 2 6 1 7786 7788 7781
15088 2 2 6 1 7786 2120 7788
15089 2 2 6 1 7781 7788 713
15090 2 2 6 1 706 7783 7692
15091 2 2 6 1 7783 7789 7692
15092 2 2 6 1 7783 2119 7789
15093 2 2 6 1 7692 7789 2095
15094 2 2 6 1 2119 7790 7789
15095 2 2 6 1 7790 7791 7789
15096 2 2 6 1 7790 2121 7791
15097 2 2 6 1 7789 7791 2095
15098 2 2 6 1 2119 7782 7790
15099 2 2 6 1 7782 7792 7790
15100 2 2 6 1 7782 713 7792
15101 2 2 6 1 7790 7792 2121
15102 2 2 6 1 2095 7791 7693
15103 2 2 6 1 7791 7793 7693
15104 2 2 6 1 7791 2121 7793
15105 2 2 6 1 7693 7793 280
15106 2 2 6 1 272 4845 7694
15107 2 2 6 1 4845 7794 7694
15108 2 2 6 1 4845 1391 7794
15109 2 2 6 1 7694 7794 2096
15110 2 2 6 1 1391 7795 7794
15111 2 2 6 1 7795 7796 7794
15112 2 2 6 1 7795 2122 7796
15113 2 2 6 1 7794 7796 2096
15114 2 2 6 1 1391 4844 7795
15115 2 2 6 1 4844 7797 7795
15116 2 2 6 1 4844 534 7797
15117 2 2 6 1 7795 7797 2122
15118 2 2 6 1 2096 7796 7698
15119 2 2 6 1 7796 7798 7698
15120 2 2 6 1 7796 2122 7798
15121 2 2 6 1 7698 7798 707
15122 2 2 6 1 534 7799 7797
15123 2 2 6 1 7799 7800 7797
15124 2 2 6 1 7799 2123 7800
15125 2 2 6 1 7797 7800 2122
15126 2 2 6 1 2123 7801 7800
15127 2 2 6 1 7801 7802 7800
15128 2 2 6 1 7801 2124 7802
15129 2 2 6 1 7800 7802 2122
15130 2 2 6 1 2123 7803 7801
15131 2 2 6 1 7803 7804 7801
15132 2 2 6 1 7803 714 7804
15133 2 2 6 1 7801 7804 2124
15134 2 2 6 1 2122 7802 7798
15135 2 2 6 1 7802 7805 7798
15136 2 2 6 1 7802 2124 7805
15137 2 2 6 1 7798 7805 707
15138 2 2 6 1 534 4840 7799
15139 2 2 6 1 4840 7806 7799
15140 2 2 6 1 4840 1390 7806
15141 2 2 6 1 7799 7806 2123
15142 2 2 6 1 1390 7807 7806
15143 2 2 6 1 7807 7808 7806
15144 2 2 6 1 7807 2125 7808
15145 2 2 6 1 7806 7808 2123
15146 2 2 6 1 1390 4839 7807
15147 2 2 6 1 4839 7809 7807
15148 2 2 6 1 4839 323 7809
15149 2 2 6 1 7807 7809 2125
15150 2 2 6 1 2123 7808 7803
15151 2 2 6 1 7808 7810 7803
15152 2 2 6 1 7808 2125 7810
15153 2 2 6 1 7803 7810 714
15154 2 2 6 1 707 7805 7708
15155 2 2 6 1 7805 7811 7708
15156 2 2 6 1 7805 2124 7811
15157 2 2 6 1 7708 7811 2100
15158 2 2 6 1 2124 7812 7811
15159 2 2 6 1 7812 7813 7811
15160 2 2 6 1 7812 2126 7813
15161 2 2 6 1 7811 7813 2100
15162 2 2 6 1 2124 7804 7812
15163 2 2 6 1 7804 7814 7812
15164 2 2 6 1 7804 714 7814
15165 2 2 6 1 7812 7814 2126
15166 2 2 6 1 2100 7813 7712
15167 2 2 6 1 7813 7815 7712
15168 2 2 6 1 7813 2126 7815
15169 2 2 6 1 7712 7815 365
15170 2 2 6 1 323 7816 7809
15171 2 2 6 1 7816 7817 7809
15172 2 2 6 1 7816 2127 7817
15173 2 2 6 1 7809 7817 2125
15174 2 2 6 1 2127 7818 7817
15175 2 2 6 1 7818 7819 7817
15176 2 2 6 1 7818 2128 7819
15177 2 2 6 1 7817 7819 2125
15178 2 2 6 1 2127 7820 7818
15179 2 2 6 1 7820 7821 7818
15180 2 2 6 1 7820 715 7821
15181 2 2 6 1 7818 7821 2128
15182 2 2 6 1 2125 7819 7810
15183 2 2 6 1 7819 7822 7810
15184 2 2 6 1 7819 2128 7822
15185 2 2 6 1 7810 7822 714
15186 2 2 6 1 715 7823 7821
15187 2 2 6 1 7823 7824 7821
15188 2 2 6 1 7823 2129 7824
15189 2 2 6 1 7821 7824 2128
15190 2 2 6 1 2129 7825 7824
15191 2 2 6 1 7825 7826 7824
15192 2 2 6 1 7825 2130 7826
15193 2 2 6 1 7824 7826 2128
15194 2 2 6 1 2129 7827 7825
15195 2 2 6 1 7827 7828 7825
15196 2 2 6 1 7827 716 7828
15197 2 2 6 1 7825 7828 2130
15198 2 2 6 1 2128 7826 7822
15199 2 2 6 1 7826 7829 7822
15200 2 2 6 1 7826 2130 7829
15201 2 2 6 1 7822 7829 714
15202 2 2 6 1 715 7830 7823
15203 2 2 6 1 7830 7831 7823
15204 2 2 6 1 7830 2131 7831
15205 2 2 6 1 7823 7831 2129
15206 2 2 6 1 2131 7832 7831
15207 2 2 6 1 7832 7833 7831
15208 2 2 6 1 7832 2132 7833
15209 2 2 6 1 7831 7833 2129
15210 2 2 6 1 2131 7834 7832
15211 2 2 6 1 7834 7835 7832
15212 2 2 6 1 7834 348 7835
15213 2 2 6 1 7832 7835 2132
15214 2 2 6 1 2129 7833 7827
15215 2 2 6 1 7833 7836 7827
15216 2 2 6 1 7833 2132 7836
15217 2 2 6 1 7827 7836 716
15218 2 2 6 1 714 7829 7814
15219 2 2 6 1 7829 7837 7814
15220 2 2 6 1 7829 2130 7837
15221 2 2 6 1 7814 7837 2126
15222 2 2 6 1 2130 7838 7837
15223 2 2 6 1 7838 7839 7837
15224 2 2 6 1 7838 2133 7839
15225 2 2 6 1 7837 7839 2126
15226 2 2 6 1 2130 7828 7838
15227 2 2 6 1 7828 7840 7838
15228 2 2 6 1 7828 716 7840
15229 2 2 6 1 7838 7840 2133
15230 2 2 6 1 2126 7839 7815
15231 2 2 6 1 7839 7841 7815
15232 2 2 6 1 7839 2133 7841
15233 2 2 6 1 7815 7841 365
15234 2 2 6 1 323 4823 7816
15235 2 2 6 1 4823 7842 7816
15236 2 2 6 1 4823 1386 7842
15237 2 2 6 1 7816 7842 2127
15238 2 2 6 1 1386 7843 7842
15239 2 2 6 1 7843 7844 7842
15240 2 2 6 1 7843 2134 7844
15241 2 2 6 1 7842 7844 2127
15242 2 2 6 1 1386 4822 7843
15243 2 2 6 1 4822 7845 7843
15244 2 2 6 1 4822 533 7845
15245 2 2 6 1 7843 7845 2134
15246 2 2 6 1 2127 7844 7820
15247 2 2 6 1 7844 7846 7820
15248 2 2 6 1 7844 2134 7846
15249 2 2 6 1 7820 7846 715
15250 2 2 6 1 533 7847 7845
15251 2 2 6 1 7847 7848 7845
15252 2 2 6 1 7847 2135 7848
15253 2 2 6 1 7845 7848 2134
15254 2 2 6 1 2135 7849 7848
15255 2 2 6 1 7849 7850 7848
15256 2 2 6 1 7849 2136 7850
15257 2 2 6 1 7848 7850 2134
15258 2 2 6 1 2135 7851 7849
15259 2 2 6 1 7851 7852 7849
15260 2 2 6 1 7851 632 7852
15261 2 2 6 1 7849 7852 2136
15262 2 2 6 1 2134 7850 7846
15263 2 2 6 1 7850 7853 7846
15264 2 2 6 1 7850 2136 7853
15265 2 2 6 1 7846 7853 715
15266 2 2 6 1 533 4818 7847
15267 2 2 6 1 4818 7854 7847
15268 2 2 6 1 4818 1385 7854
15269 2 2 6 1 7847 7854 2135
15270 2 2 6 1 1385 7855 7854
15271 2 2 6 1 7855 7856 7854
15272 2 2 6 1 7855 1776 7856
15273 2 2 6 1 7854 7856 2135
15274 2 2 6 1 1385 4817 7855
15275 2 2 6 1 4817 6368 7855
15276 2 2 6 1 4817 257 6368
15277 2 2 6 1 7855 6368 1776
15278 2 2 6 1 2135 7856 7851
15279 2 2 6 1 7856 6364 7851
15280 2 2 6 1 7856 1776 6364
15281 2 2 6 1 7851 6364 632
15282 2 2 6 1 715 7853 7830
15283 2 2 6 1 7853 7857 7830
15284 2 2 6 1 7853 2136 7857
15285 2 2 6 1 7830 7857 2131
15286 2 2 6 1 2136 7858 7857
15287 2 2 6 1 7858 7859 7857
15288 2 2 6 1 7858 1772 7859
15289 2 2 6 1 7857 7859 2131
15290 2 2 6 1 2136 7852 7858
15291 2 2 6 1 7852 6354 7858
15292 2 2 6 1 7852 632 6354
15293 2 2 6 1 7858 6354 1772
15294 2 2 6 1 2131 7859 7834
15295 2 2 6 1 7859 6350 7834
15296 2 2 6 1 7859 1772 6350
15297 2 2 6 1 7834 6350 348
15298 2 2 6 1 365 7841 7746
15299 2 2 6 1 7841 7860 7746
15300 2 2 6 1 7841 2133 7860
15301 2 2 6 1 7746 7860 2110
15302 2 2 6 1 2133 7861 7860
15303 2 2 6 1 7861 7862 7860
15304 2 2 6 1 7861 2137 7862
15305 2 2 6 1 7860 7862 2110
15306 2 2 6 1 2133 7840 7861
15307 2 2 6 1 7840 7863 7861
15308 2 2 6 1 7840 716 7863
15309 2 2 6 1 7861 7863 2137
15310 2 2 6 1 2110 7862 7750
15311 2 2 6 1 7862 7864 7750
15312 2 2 6 1 7862 2137 7864
15313 2 2 6 1 7750 7864 711
15314 2 2 6 1 716 7865 7863
15315 2 2 6 1 7865 7866 7863
15316 2 2 6 1 7865 2138 7866
15317 2 2 6 1 7863 7866 2137
15318 2 2 6 1 2138 7867 7866
15319 2 2 6 1 7867 7868 7866
15320 2 2 6 1 7867 2139 7868
15321 2 2 6 1 7866 7868 2137
15322 2 2 6 1 2138 7869 7867
15323 2 2 6 1 7869 7870 7867
15324 2 2 6 1 7869 628 7870
15325 2 2 6 1 7867 7870 2139
15326 2 2 6 1 2137 7868 7864
15327 2 2 6 1 7868 7871 7864
15328 2 2 6 1 7868 2139 7871
15329 2 2 6 1 7864 7871 711
15330 2 2 6 1 716 7836 7865
15331 2 2 6 1 7836 7872 7865
15332 2 2 6 1 7836 2132 7872
15333 2 2 6 1 7865 7872 2138
15334 2 2 6 1 2132 7873 7872
15335 2 2 6 1 7873 7874 7872
15336 2 2 6 1 7873 1762 7874
15337 2 2 6 1 7872 7874 2138
15338 2 2 6 1 2132 7835 7873
15339 2 2 6 1 7835 6316 7873
15340 2 2 6 1 7835 348 6316
15341 2 2 6 1 7873 6316 1762
15342 2 2 6 1 2138 7874 7869
15343 2 2 6 1 7874 6312 7869
15344 2 2 6 1 7874 1762 6312
15345 2 2 6 1 7869 6312 628
15346 2 2 6 1 711 7871 7760
15347 2 2 6 1 7871 7875 7760
15348 2 2 6 1 7871 2139 7875
15349 2 2 6 1 7760 7875 2114
15350 2 2 6 1 2139 7876 7875
15351 2 2 6 1 7876 7877 7875
15352 2 2 6 1 7876 1758 7877
15353 2 2 6 1 7875 7877 2114
15354 2 2 6 1 2139 7870 7876
15355 2 2 6 1 7870 6302 7876
15356 2 2 6 1 7870 628 6302
15357 2 2 6 1 7876 6302 1758
15358 2 2 6 1 2114 7877 7764
15359 2 2 6 1 7877 6298 7764
15360 2 2 6 1 7877 1758 6298
15361 2 2 6 1 7764 6298 278
15362 2 2 6 1 280 7793 7410
15363 2 2 6 1 7793 7878 7410
15364 2 2 6 1 7793 2121 7878
15365 2 2 6 1 7410 7878 2026
15366 2 2 6 1 2121 7879 7878
15367 2 2 6 1 7879 7880 7878
15368 2 2 6 1 7879 2140 7880
15369 2 2 6 1 7878 7880 2026
15370 2 2 6 1 2121 7792 7879
15371 2 2 6 1 7792 7881 7879
15372 2 2 6 1 7792 713 7881
15373 2 2 6 1 7879 7881 2140
15374 2 2 6 1 2026 7880 7414
15375 2 2 6 1 7880 7882 7414
15376 2 2 6 1 7880 2140 7882
15377 2 2 6 1 7414 7882 690
15378 2 2 6 1 713 7883 7881
15379 2 2 6 1 7883 7884 7881
15380 2 2 6 1 7883 2141 7884
15381 2 2 6 1 7881 7884 2140
15382 2 2 6 1 2141 7885 7884
15383 2 2 6 1 7885 7886 7884
15384 2 2 6 1 7885 2142 7886
15385 2 2 6 1 7884 7886 2140
15386 2 2 6 1 2141 7887 7885
15387 2 2 6 1 7887 7888 7885
15388 2 2 6 1 7887 717 7888
15389 2 2 6 1 7885 7888 2142
15390 2 2 6 1 2140 7886 7882
15391 2 2 6 1 7886 7889 7882
15392 2 2 6 1 7886 2142 7889
15393 2 2 6 1 7882 7889 690
15394 2 2 6 1 713 7788 7883
15395 2 2 6 1 7788 7890 7883
15396 2 2 6 1 7788 2120 7890
15397 2 2 6 1 7883 7890 2141
15398 2 2 6 1 2120 7891 7890
15399 2 2 6 1 7891 7892 7890
15400 2 2 6 1 7891 2143 7892
15401 2 2 6 1 7890 7892 2141
15402 2 2 6 1 2120 7787 7891
15403 2 2 6 1 7787 7893 7891
15404 2 2 6 1 7787 366 7893
15405 2 2 6 1 7891 7893 2143
15406 2 2 6 1 2141 7892 7887
15407 2 2 6 1 7892 7894 7887
15408 2 2 6 1 7892 2143 7894
15409 2 2 6 1 7887 7894 717
15410 2 2 6 1 690 7889 7424
15411 2 2 6 1 7889 7895 7424
15412 2 2 6 1 7889 2142 7895
15413 2 2 6 1 7424 7895 2030
15414 2 2 6 1 2142 7896 7895
15415 2 2 6 1 7896 7897 7895
15416 2 2 6 1 7896 2144 7897
15417 2 2 6 1 7895 7897 2030
15418 2 2 6 1 2142 7888 7896
15419 2 2 6 1 7888 7898 7896
15420 2 2 6 1 7888 717 7898
15421 2 2 6 1 7896 7898 2144
15422 2 2 6 1 2030 7897 7428
15423 2 2 6 1 7897 7899 7428
15424 2 2 6 1 7897 2144 7899
15425 2 2 6 1 7428 7899 361
15426 2 2 6 1 366 7900 7893
15427 2 2 6 1 7900 7901 7893
15428 2 2 6 1 7900 2145 7901
15429 2 2 6 1 7893 7901 2143
15430 2 2 6 1 2145 7902 7901
15431 2 2 6 1 7902 7903 7901
15432 2 2 6 1 7902 2146 7903
15433 2 2 6 1 7901 7903 2143
15434 2 2 6 1 2145 7904 7902
15435 2 2 6 1 7904 7905 7902
15436 2 2 6 1 7904 718 7905
15437 2 2 6 1 7902 7905 2146
15438 2 2 6 1 2143 7903 7894
15439 2 2 6 1 7903 7906 7894
15440 2 2 6 1 7903 2146 7906
15441 2 2 6 1 7894 7906 717
15442 2 2 6 1 718 7907 7905
15443 2 2 6 1 7907 7908 7905
15444 2 2 6 1 7907 2147 7908
15445 2 2 6 1 7905 7908 2146
15446 2 2 6 1 2147 7909 7908
15447 2 2 6 1 7909 7910 7908
15448 2 2 6 1 7909 2148 7910
15449 2 2 6 1 7908 7910 2146
15450 2 2 6 1 2147 7911 7909
15451 2 2 6 1 7911 7912 7909
15452 2 2 6 1 7911 719 7912
15453 2 2 6 1 7909 7912 2148
15454 2 2 6 1 2146 7910 7906
15455 2 2 6 1 7910 7913 7906
15456 2 2 6 1 7910 2148 7913
15457 2 2 6 1 7906 7913 717
15458 2 2 6 1 718 7914 7907
15459 2 2 6 1 7914 7915 7907
15460 2 2 6 1 7914 2149 7915
15461 2 2 6 1 7907 7915 2147
15462 2 2 6 1 2149 7916 7915
15463 2 2 6 1 7916 7917 7915
15464 2 2 6 1 7916 2150 7917
15465 2 2 6 1 7915 7917 2147
15466 2 2 6 1 2149 7918 7916
15467 2 2 6 1 7918 7919 7916
15468 2 2 6 1 7918 344 7919
15469 2 2 6 1 7916 7919 2150
15470 2 2 6 1 2147 7917 7911
15471 2 2 6 1 7917 7920 7911
15472 2 2 6 1 7917 2150 7920
15473 2 2 6 1 7911 7920 719
15474 2 2 6 1 717 7913 7898
15475 2 2 6 1 7913 7921 7898
15476 2 2 6 1 7913 2148 7921
15477 2 2 6 1 7898 7921 2144
15478 2 2 6 1 2148 7922 7921
15479 2 2 6 1 7922 7923 7921
15480 2 2 6 1 7922 2151 7923
15481 2 2 6 1 7921 7923 2144
15482 2 2 6 1 2148 7912 7922
15483 2 2 6 1 7912 7924 7922
15484 2 2 6 1 7912 719 7924
15485 2 2 6 1 7922 7924 2151
15486 2 2 6 1 2144 7923 7899
15487 2 2 6 1 7923 7925 7899
15488 2 2 6 1 7923 2151 7925
15489 2 2 6 1 7899 7925 361
15490 2 2 6 1 366 7771 7900
15491 2 2 6 1 7771 7926 7900
15492 2 2 6 1 7771 2116 7926
15493 2 2 6 1 7900 7926 2145
15494 2 2 6 1 2116 7927 7926
15495 2 2 6 1 7927 7928 7926
15496 2 2 6 1 7927 2152 7928
15497 2 2 6 1 7926 7928 2145
15498 2 2 6 1 2116 7770 7927
15499 2 2 6 1 7770 7929 7927
15500 2 2 6 1 7770 712 7929
15501 2 2 6 1 7927 7929 2152
15502 2 2 6 1 2145 7928 7904
15503 2 2 6 1 7928 7930 7904
15504 2 2 6 1 7928 2152 7930
15505 2 2 6 1 7904 7930 718
15506 2 2 6 1 712 7931 7929
15507 2 2 6 1 7931 7932 7929
15508 2 2 6 1 7931 2153 7932
15509 2 2 6 1 7929 7932 2152
15510 2 2 6 1 2153 7933 7932
15511 2 2 6 1 7933 7934 7932
15512 2 2 6 1 7933 2154 7934
15513 2 2 6 1 7932 7934 2152
15514 2 2 6 1 2153 7935 7933
15515 2 2 6 1 7935 7936 7933
15516 2 2 6 1 7935 618 7936
15517 2 2 6 1 7933 7936 2154
15518 2 2 6 1 2152 7934 7930
15519 2 2 6 1 7934 7937 7930
15520 2 2 6 1 7934 2154 7937
15521 2 2 6 1 7930 7937 718
15522 2 2 6 1 712 7766 7931
15523 2 2 6 1 7766 7938 7931
15524 2 2 6 1 7766 2115 7938
15525 2 2 6 1 7931 7938 2153
15526 2 2 6 1 2115 7939 7938
15527 2 2 6 1 7939 7940 7938
15528 2 2 6 1 7939 1724 7940
15529 2 2 6 1 7938 7940 2153
15530 2 2 6 1 2115 7765 7939
15531 2 2 6 1 7765 6168 7939
15532 2 2 6 1 7765 278 6168
15533 2 2 6 1 7939 6168 1724
15534 2 2 6 1 2153 7940 7935
15535 2 2 6 1 7940 6164 7935
15536 2 2 6 1 7940 1724 6164
15537 2 2 6 1 7935 6164 618
15538 2 2 6 1 718 7937 7914
15539 2 2 6 1 7937 7941 7914
15540 2 2 6 1 7937 2154 7941
15541 2 2 6 1 7914 7941 2149
15542 2 2 6 1 2154 7942 7941
15543 2 2 6 1 7942 7943 7941
15544 2 2 6 1 7942 1720 7943
15545 2 2 6 1 7941 7943 2149
15546 2 2 6 1 2154 7936 7942
15547 2 2 6 1 7936 6154 7942
15548 2 2 6 1 7936 618 6154
15549 2 2 6 1 7942 6154 1720
15550 2 2 6 1 2149 7943 7918
15551 2 2 6 1 7943 6150 7918
15552 2 2 6 1 7943 1720 6150
15553 2 2 6 1 7918 6150 344
15554 2 2 6 1 361 7925 7462
15555 2 2 6 1 7925 7944 7462
15556 2 2 6 1 7925 2151 7944
15557 2 2 6 1 7462 7944 2040
15558 2 2 6 1 2151 7945 7944
15559 2 2 6 1 7945 7946 7944
15560 2 2 6 1 7945 2155 7946
15561 2 2 6 1 7944 7946 2040
15562 2 2 6 1 2151 7924 7945
15563 2 2 6 1 7924 7947 7945
15564 2 2 6 1 7924 719 7947
15565 2 2 6 1 7945 7947 2155
15566 2 2 6 1 2040 7946 7466
15567 2 2 6 1 7946 7948 7466
15568 2 2 6 1 7946 2155 7948
15569 2 2 6 1 7466 7948 694
15570 2 2 6 1 719 7949 7947
15571 2 2 6 1 7949 7950 7947
15572 2 2 6 1 7949 2156 7950
15573 2 2 6 1 7947 7950 2155
15574 2 2 6 1 2156 7951 7950
15575 2 2 6 1 7951 7952 7950
15576 2 2 6 1 7951 2157 7952
15577 2 2 6 1 7950 7952 2155
15578 2 2 6 1 2156 7953 7951
15579 2 2 6 1 7953 7954 7951
15580 2 2 6 1 7953 614 7954
15581 2 2 6 1 7951 7954 2157
15582 2 2 6 1 2155 7952 7948
15583 2 2 6 1 7952 7955 7948
15584 2 2 6 1 7952 2157 7955
15585 2 2 6 1 7948 7955 694
15586 2 2 6 1 719 7920 7949
15587 2 2 6 1 7920 7956 7949
15588 2 2 6 1 7920 2150 7956
15589 2 2 6 1 7949 7956 2156
15590 2 2 6 1 2150 7957 7956
15591 2 2 6 1 7957 7958 7956
15592 2 2 6 1 7957 1710 7958
15593 2 2 6 1 7956 7958 2156
15594 2 2 6 1 2150 7919 7957
15595 2 2 6 1 7919 6116 7957
15596 2 2 6 1 7919 344 6116
15597 2 2 6 1 7957 6116 1710
15598 2 2 6 1 2156 7958 7953
15599 2 2 6 1 7958 6112 7953
15600 2 2 6 1 7958 1710 6112
15601 2 2 6 1 7953 6112 614
15602 2 2 6 1 694 7955 7476
15603 2 2 6 1 7955 7959 7476
15604 2 2 6 1 7955 2157 7959
15605 2 2 6 1 7476 7959 2044
15606 2 2 6 1 2157 7960 7959
15607 2 2 6 1 7960 7961 7959
15608 2 2 6 1 7960 1706 7961
15609 2 2 6 1 7959 7961 2044
15610 2 2 6 1 2157 7954 7960
15611 2 2 6 1 7954 6102 7960
15612 2 2 6 1 7954 614 6102
15613 2 2 6 1 7960 6102 1706
15614 2 2 6 1 2044 7961 7480
15615 2 2 6 1 7961 6098 7480
15616 2 2 6 1 7961 1706 6098
15617 2 2 6 1 7480 6098 261
15618 2 2 6 1 162 7601 161
15619 2 2 6 1 7601 7962 161
15620 2 2 6 1 7601 2073 7962
15621 2 2 6 1 161 7962 160
15622 2 2 6 1 2073 7963 7962
15623 2 2 6 1 7963 7964 7962
15624 2 2 6 1 7963 2158 7964
15625 2 2 6 1 7962 7964 160
15626 2 2 6 1 2073 7600 7963
15627 2 2 6 1 7600 7965 7963
15628 2 2 6 1 7600 701 7965
15629 2 2 6 1 7963 7965 2158
15630 2 2 6 1 160 7964 159
15631 2 2 6 1 7964 7966 159
15632 2 2 6 1 7964 2158 7966
15633 2 2 6 1 159 7966 158
15634 2 2 6 1 701 7967 7965
15635 2 2 6 1 7967 7968 7965
15636 2 2 6 1 7967 2159 7968
15637 2 2 6 1 7965 7968 2158
15638 2 2 6 1 2159 7969 7968
15639 2 2 6 1 7969 7970 7968
15640 2 2 6 1 7969 2160 7970
15641 2 2 6 1 7968 7970 2158
15642 2 2 6 1 2159 7971 7969
15643 2 2 6 1 7971 7972 7969
15644 2 2 6 1 7971 720 7972
15645 2 2 6 1 7969 7972 2160
15646 2 2 6 1 2158 7970 7966
15647 2 2 6 1 7970 7973 7966
15648 2 2 6 1 7970 2160 7973
15649 2 2 6 1 7966 7973 158
15650 2 2 6 1 701 7596 7967
15651 2 2 6 1 7596 7974 7967
15652 2 2 6 1 7596 2072 7974
15653 2 2 6 1 7967 7974 2159
15654 2 2 6 1 2072 7975 7974
15655 2 2 6 1 7975 7976 7974
15656 2 2 6 1 7975 2161 7976
15657 2 2 6 1 7974 7976 2159
15658 2 2 6 1 2072 7595 7975
15659 2 2 6 1 7595 7977 7975
15660 2 2 6 1 7595 363 7977
15661 2 2 6 1 7975 7977 2161
15662 2 2 6 1 2159 7976 7971
15663 2 2 6 1 7976 7978 7971
15664 2 2 6 1 7976 2161 7978
15665 2 2 6 1 7971 7978 720
15666 2 2 6 1 158 7973 157
15667 2 2 6 1 7973 7979 157
15668 2 2 6 1 7973 2160 7979
15669 2 2 6 1 157 7979 156
15670 2 2 6 1 2160 7980 7979
15671 2 2 6 1 7980 7981 7979
15672 2 2 6 1 7980 2162 7981
15673 2 2 6 1 7979 7981 156
15674 2 2 6 1 2160 7972 7980
15675 2 2 6 1 7972 7982 7980
15676 2 2 6 1 7972 720 7982
15677 2 2 6 1 7980 7982 2162
15678 2 2 6 1 156 7981 155
15679 2 2 6 1 7981 7983 155
15680 2 2 6 1 7981 2162 7983
15681 2 2 6 1 155 7983 154
15682 2 2 6 1 363 7984 7977
15683 2 2 6 1 7984 7985 7977
15684 2 2 6 1 7984 2163 7985
15685 2 2 6 1 7977 7985 2161
15686 2 2 6 1 2163 7986 7985
15687 2 2 6 1 7986 7987 7985
15688 2 2 6 1 7986 2164 7987
15689 2 2 6 1 7985 7987 2161
15690 2 2 6 1 2163 7988 7986
15691 2 2 6 1 7988 7989 7986
15692 2 2 6 1 7988 721 7989
15693 2 2 6 1 7986 7989 2164
15694 2 2 6 1 2161 7987 7978
15695 2 2 6 1 7987 7990 7978
15696 2 2 6 1 7987 2164 7990
15697 2 2 6 1 7978 7990 720
15698 2 2 6 1 721 7991 7989
15699 2 2 6 1 7991 7992 7989
15700 2 2 6 1 7991 2165 7992
15701 2 2 6 1 7989 7992 2164
15702 2 2 6 1 2165 7993 7992
15703 2 2 6 1 7993 7994 7992
15704 2 2 6 1 7993 2166 7994
15705 2 2 6 1 7992 7994 2164
15706 2 2 6 1 2165 7995 7993
15707 2 2 6 1 7995 7996 7993
15708 2 2 6 1 7995 722 7996
15709 2 2 6 1 7993 7996 2166
15710 2 2 6 1 2164 7994 7990
15711 2 2 6 1 7994 7997 7990
15712 2 2 6 1 7994 2166 7997
15713 2 2 6 1 7990 7997 720
15714 2 2 6 1 721 7998 7991
15715 2 2 6 1 7998 7999 7991
15716 2 2 6 1 7998 2167 7999
15717 2 2 6 1 7991 7999 2165
15718 2 2 6 1 2167 8000 7999
15719 2 2 6 1 8000 8001 7999
15720 2 2 6 1 8000 2168 8001
15721 2 2 6 1 7999 8001 2165
15722 2 2 6 1 2167 8002 8000
15723 2 2 6 1 8002 8003 8000
15724 2 2 6 1 8002 367 8003
15725 2 2 6 1 8000 8003 2168
15726 2 2 6 1 2165 8001 7995
15727 2 2 6 1 8001 8004 7995
15728 2 2 6 1 8001 2168 8004
15729 2 2 6 1 7995 8004 722
15730 2 2 6 1 720 7997 7982
15731 2 2 6 1 7997 8005 7982
15732 2 2 6 1 7997 2166 8005
15733 2 2 6 1 7982 8005 2162
15734 2 2 6 1 2166 8006 8005
15735 2 2 6 1 8006 8007 8005
15736 2 2 6 1 8006 2169 8007
15737 2 2 6 1 8005 8007 2162
15738 2 2 6 1 2166 7996 8006
15739 2 2 6 1 7996 8008 8006
15740 2 2 6 1 7996 722 8008
15741 2 2 6 1 8006 8008 2169
15742 2 2 6 1 2162 8007 7983
15743 2 2 6 1 8007 8009 7983
15744 2 2 6 1 8007 2169 8009
15745 2 2 6 1 7983 8009 154
15746 2 2 6 1 363 7579 7984
15747 2 2 6 1 7579 8010 7984
15748 2 2 6 1 7579 2068 8010
15749 2 2 6 1 7984 8010 2163
15750 2 2 6 1 2068 8011 8010
15751 2 2 6 1 8011 8012 8010
15752 2 2 6 1 8011 2170 8012
15753 2 2 6 1 8010 8012 2163
15754 2 2 6 1 2068 7578 8011
15755 2 2 6 1 7578 8013 8011
15756 2 2 6 1 7578 700 8013
15757 2 2 6 1 8011 8013 2170
15758 2 2 6 1 2163 8012 7988
15759 2 2 6 1 8012 8014 7988
15760 2 2 6 1 8012 2170 8014
15761 2 2 6 1 7988 8014 721
15762 2 2 6 1 700 8015 8013
15763 2 2 6 1 8015 8016 8013
15764 2 2 6 1 8015 2171 8016
15765 2 2 6 1 8013 8016 2170
15766 2 2 6 1 2171 8017 8016
15767 2 2 6 1 8017 8018 8016
15768 2 2 6 1 8017 2172 8018
15769 2 2 6 1 8016 8018 2170
15770 2 2 6 1 2171 8019 8017
15771 2 2 6 1 8019 8020 8017
15772 2 2 6 1 8019 723 8020
15773 2 2 6 1 8017 8020 2172
15774 2 2 6 1 2170 8018 8014
15775 2 2 6 1 8018 8021 8014
15776 2 2 6 1 8018 2172 8021
15777 2 2 6 1 8014 8021 721
15778 2 2 6 1 700 7574 8015
15779 2 2 6 1 7574 8022 8015
15780 2 2 6 1 7574 2067 8022
15781 2 2 6 1 8015 8022 2171
15782 2 2 6 1 2067 8023 8022
15783 2 2 6 1 8023 8024 8022
15784 2 2 6 1 8023 2173 8024
15785 2 2 6 1 8022 8024 2171
15786 2 2 6 1 2067 7573 8023
15787 2 2 6 1 7573 8025 8023
15788 2 2 6 1 7573 281 8025
15789 2 2 6 1 8023 8025 2173
15790 2 2 6 1 2171 8024 8019
15791 2 2 6 1 8024 8026 8019
15792 2 2 6 1 8024 2173 8026
15793 2 2 6 1 8019 8026 723
15794 2 2 6 1 721 8021 7998
15795 2 2 6 1 8021 8027 7998
15796 2 2 6 1 8021 2172 8027
15797 2 2 6 1 7998 8027 2167
15798 2 2 6 1 2172 8028 8027
15799 2 2 6 1 8028 8029 8027
15800 2 2 6 1 8028 2174 8029
15801 2 2 6 1 8027 8029 2167
15802 2 2 6 1 2172 8020 8028
15803 2 2 6 1 8020 8030 8028
15804 2 2 6 1 8020 723 8030
15805 2 2 6 1 8028 8030 2174
15806 2 2 6 1 2167 8029 8002
15807 2 2 6 1 8029 8031 8002
15808 2 2 6 1 8029 2174 8031
15809 2 2 6 1 8002 8031 367
15810 2 2 6 1 154 8009 153
15811 2 2 6 1 8009 8032 153
15812 2 2 6 1 8009 2169 8032
15813 2 2 6 1 153 8032 152
15814 2 2 6 1 2169 8033 8032
15815 2 2 6 1 8033 8034 8032
15816 2 2 6 1 8033 2175 8034
15817 2 2 6 1 8032 8034 152
15818 2 2 6 1 2169 8008 8033
15819 2 2 6 1 8008 8035 8033
15820 2 2 6 1 8008 722 8035
15821 2 2 6 1 8033 8035 2175
15822 2 2 6 1 152 8034 151
15823 2 2 6 1 8034 8036 151
15824 2 2 6 1 8034 2175 8036
15825 2 2 6 1 151 8036 150
15826 2 2 6 1 722 8037 8035
15827 2 2 6 1 8037 8038 8035
15828 2 2 6 1 8037 2176 8038
15829 2 2 6 1 8035 8038 2175
15830 2 2 6 1 2176 8039 8038
15831 2 2 6 1 8039 8040 8038
15832 2 2 6 1 8039 2177 8040
15833 2 2 6 1 8038 8040 2175
15834 2 2 6 1 2176 8041 8039
15835 2 2 6 1 8041 8042 8039
15836 2 2 6 1 8041 724 8042
15837 2 2 6 1 8039 8042 2177
15838 2 2 6 1 2175 8040 8036
15839 2 2 6 1 8040 8043 8036
15840 2 2 6 1 8040 2177 8043
15841 2 2 6 1 8036 8043 150
15842 2 2 6 1 722 8004 8037
15843 2 2 6 1 8004 8044 8037
15844 2 2 6 1 8004 2168 8044
15845 2 2 6 1 8037 8044 2176
15846 2 2 6 1 2168 8045 8044
15847 2 2 6 1 8045 8046 8044
15848 2 2 6 1 8045 2178 8046
15849 2 2 6 1 8044 8046 2176
15850 2 2 6 1 2168 8003 8045
15851 2 2 6 1 8003 8047 8045
15852 2 2 6 1 8003 367 8047
15853 2 2 6 1 8045 8047 2178
15854 2 2 6 1 2176 8046 8041
15855 2 2 6 1 8046 8048 8041
15856 2 2 6 1 8046 2178 8048
15857 2 2 6 1 8041 8048 724
15858 2 2 6 1 150 8043 149
15859 2 2 6 1 8043 8049 149
15860 2 2 6 1 8043 2177 8049
15861 2 2 6 1 149 8049 148
15862 2 2 6 1 2177 8050 8049
15863 2 2 6 1 8050 8051 8049
15864 2 2 6 1 8050 2179 8051
15865 2 2 6 1 8049 8051 148
15866 2 2 6 1 2177 8042 8050
15867 2 2 6 1 8042 8052 8050
15868 2 2 6 1 8042 724 8052
15869 2 2 6 1 8050 8052 2179
15870 2 2 6 1 148 8051 147
15871 2 2 6 1 8051 8053 147
15872 2 2 6 1 8051 2179 8053
15873 2 2 6 1 147 8053 146
15874 2 2 6 1 281 8054 8025
15875 2 2 6 1 8054 8055 8025
15876 2 2 6 1 8054 2180 8055
15877 2 2 6 1 8025 8055 2173
15878 2 2 6 1 2180 8056 8055
15879 2 2 6 1 8056 8057 8055
15880 2 2 6 1 8056 2181 8057
15881 2 2 6 1 8055 8057 2173
15882 2 2 6 1 2180 8058 8056
15883 2 2 6 1 8058 8059 8056
15884 2 2 6 1 8058 725 8059
15885 2 2 6 1 8056 8059 2181
15886 2 2 6 1 2173 8057 8026
15887 2 2 6 1 8057 8060 8026
15888 2 2 6 1 8057 2181 8060
15889 2 2 6 1 8026 8060 723
15890 2 2 6 1 725 8061 8059
15891 2 2 6 1 8061 8062 8059
15892 2 2 6 1 8061 2182 8062
15893 2 2 6 1 8059 8062 2181
15894 2 2 6 1 2182 8063 8062
15895 2 2 6 1 8063 8064 8062
15896 2 2 6 1 8063 2183 8064
15897 2 2 6 1 8062 8064 2181
15898 2 2 6 1 2182 8065 8063
15899 2 2 6 1 8065 8066 8063
15900 2 2 6 1 8065 726 8066
15901 2 2 6 1 8063 8066 2183
15902 2 2 6 1 2181 8064 8060
15903 2 2 6 1 8064 8067 8060
15904 2 2 6 1 8064 2183 8067
15905 2 2 6 1 8060 8067 723
15906 2 2 6 1 725 8068 8061
15907 2 2 6 1 8068 8069 8061
15908 2 2 6 1 8068 2184 8069
15909 2 2 6 1 8061 8069 2182
15910 2 2 6 1 2184 8070 8069
15911 2 2 6 1 8070 8071 8069
15912 2 2 6 1 8070 2185 8071
15913 2 2 6 1 8069 8071 2182
15914 2 2 6 1 2184 8072 8070
15915 2 2 6 1 8072 8073 8070
15916 2 2 6 1 8072 368 8073
15917 2 2 6 1 8070 8073 2185
15918 2 2 6 1 2182 8071 8065
15919 2 2 6 1 8071 8074 8065
15920 2 2 6 1 8071 2185 8074
15921 2 2 6 1 8065 8074 726
15922 2 2 6 1 723 8067 8030
15923 2 2 6 1 8067 8075 8030
15924 2 2 6 1 8067 2183 8075
15925 2 2 6 1 8030 8075 2174
15926 2 2 6 1 2183 8076 8075
15927 2 2 6 1 8076 8077 8075
15928 2 2 6 1 8076 2186 8077
15929 2 2 6 1 8075 8077 2174
15930 2 2 6 1 2183 8066 8076
15931 2 2 6 1 8066 8078 8076
15932 2 2 6 1 8066 726 8078
15933 2 2 6 1 8076 8078 2186
15934 2 2 6 1 2174 8077 8031
15935 2 2 6 1 8077 8079 8031
15936 2 2 6 1 8077 2186 8079
15937 2 2 6 1 8031 8079 367
15938 2 2 6 1 368 8080 8073
15939 2 2 6 1 8080 8081 8073
15940 2 2 6 1 8080 2187 8081
15941 2 2 6 1 8073 8081 2185
15942 2 2 6 1 2187 8082 8081
15943 2 2 6 1 8082 8083 8081
15944 2 2 6 1 8082 2188 8083
15945 2 2 6 1 8081 8083 2185
15946 2 2 6 1 2187 8084 8082
15947 2 2 6 1 8084 8085 8082
15948 2 2 6 1 8084 727 8085
15949 2 2 6 1 8082 8085 2188
15950 2 2 6 1 2185 8083 8074
15951 2 2 6 1 8083 8086 8074
15952 2 2 6 1 8083 2188 8086
15953 2 2 6 1 8074 8086 726
15954 2 2 6 1 727 8087 8085
15955 2 2 6 1 8087 8088 8085
15956 2 2 6 1 8087 2189 8088
15957 2 2 6 1 8085 8088 2188
15958 2 2 6 1 2189 8089 8088
15959 2 2 6 1 8089 8090 8088
15960 2 2 6 1 8089 2190 8090
15961 2 2 6 1 8088 8090 2188
15962 2 2 6 1 2189 8091 8089
15963 2 2 6 1 8091 8092 8089
15964 2 2 6 1 8091 728 8092
15965 2 2 6 1 8089 8092 2190
15966 2 2 6 1 2188 8090 8086
15967 2 2 6 1 8090 8093 8086
15968 2 2 6 1 8090 2190 8093
15969 2 2 6 1 8086 8093 726
15970 2 2 6 1 727 8094 8087
15971 2 2 6 1 8094 8095 8087
15972 2 2 6 1 8094 2191 8095
15973 2 2 6 1 8087 8095 2189
15974 2 2 6 1 2191 8096 8095
15975 2 2 6 1 8096 8097 8095
15976 2 2 6 1 8096 2192 8097
15977 2 2 6 1 8095 8097 2189
15978 2 2 6 1 2191 8098 8096
15979 2 2 6 1 8098 8099 8096
15980 2 2 6 1 8098 369 8099
15981 2 2 6 1 8096 8099 2192
15982 2 2 6 1 2189 8097 8091
15983 2 2 6 1 8097 8100 8091
15984 2 2 6 1 8097 2192 8100
15985 2 2 6 1 8091 8100 728
15986 2 2 6 1 726 8093 8078
15987 2 2 6 1 8093 8101 8078
15988 2 2 6 1 8093 2190 8101
15989 2 2 6 1 8078 8101 2186
15990 2 2 6 1 2190 8102 8101
15991 2 2 6 1 8102 8103 8101
15992 2 2 6 1 8102 2193 8103
15993 2 2 6 1 8101 8103 2186
15994 2 2 6 1 2190 8092 8102
15995 2 2 6 1 8092 8104 8102
15996 2 2 6 1 8092 728 8104
15997 2 2 6 1 8102 8104 2193
15998 2 2 6 1 2186 8103 8079
15999 2 2 6 1 8103 8105 8079
16000 2 2 6 1 8103 2193 8105
16001 2 2 6 1 8079 8105 367
16002 2 2 6 1 368 8106 8080
16003 2 2 6 1 8106 8107 8080
16004 2 2 6 1 8106 2194 8107
16005 2 2 6 1 8080 8107 2187
16006 2 2 6 1 2194 8108 8107
16007 2 2 6 1 8108 8109 8107
16008 2 2 6 1 8108 2195 8109
16009 2 2 6 1 8107 8109 2187
16010 2 2 6 1 2194 8110 8108
16011 2 2 6 1 8110 8111 8108
16012 2 2 6 1 8110 729 8111
16013 2 2 6 1 8108 8111 2195
16014 2 2 6 1 2187 8109 8084
16015 2 2 6 1 8109 8112 8084
16016 2 2 6 1 8109 2195 8112
16017 2 2 6 1 8084 8112 727
16018 2 2 6 1 729 8113 8111
16019 2 2 6 1 8113 8114 8111
16020 2 2 6 1 8113 2196 8114
16021 2 2 6 1 8111 8114 2195
16022 2 2 6 1 2196 8115 8114
16023 2 2 6 1 8115 8116 8114
16024 2 2 6 1 8115 2197 8116
16025 2 2 6 1 8114 8116 2195
16026 2 2 6 1 2196 8117 8115
16027 2 2 6 1 8117 8118 8115
16028 2 2 6 1 8117 730 8118
16029 2 2 6 1 8115 8118 2197
16030 2 2 6 1 2195 8116 8112
16031 2 2 6 1 8116 8119 8112
16032 2 2 6 1 8116 2197 8119
16033 2 2 6 1 8112 8119 727
16034 2 2 6 1 729 8120 8113
16035 2 2 6 1 8120 8121 8113
16036 2 2 6 1 8120 2198 8121
16037 2 2 6 1 8113 8121 2196
16038 2 2 6 1 2198 8122 8121
16039 2 2 6 1 8122 8123 8121
16040 2 2 6 1 8122 2199 8123
16041 2 2 6 1 8121 8123 2196
16042 2 2 6 1 2198 8124 8122
16043 2 2 6 1 8124 8125 8122
16044 2 2 6 1 8124 274 8125
16045 2 2 6 1 8122 8125 2199
16046 2 2 6 1 2196 8123 8117
16047 2 2 6 1 8123 8126 8117
16048 2 2 6 1 8123 2199 8126
16049 2 2 6 1 8117 8126 730
16050 2 2 6 1 727 8119 8094
16051 2 2 6 1 8119 8127 8094
16052 2 2 6 1 8119 2197 8127
16053 2 2 6 1 8094 8127 2191
16054 2 2 6 1 2197 8128 8127
16055 2 2 6 1 8128 8129 8127
16056 2 2 6 1 8128 2200 8129
16057 2 2 6 1 8127 8129 2191
16058 2 2 6 1 2197 8118 8128
16059 2 2 6 1 8118 8130 8128
16060 2 2 6 1 8118 730 8130
16061 2 2 6 1 8128 8130 2200
16062 2 2 6 1 2191 8129 8098
16063 2 2 6 1 8129 8131 8098
16064 2 2 6 1 8129 2200 8131
16065 2 2 6 1 8098 8131 369
16066 2 2 6 1 367 8105 8047
16067 2 2 6 1 8105 8132 8047
16068 2 2 6 1 8105 2193 8132
16069 2 2 6 1 8047 8132 2178
16070 2 2 6 1 2193 8133 8132
16071 2 2 6 1 8133 8134 8132
16072 2 2 6 1 8133 2201 8134
16073 2 2 6 1 8132 8134 2178
16074 2 2 6 1 2193 8104 8133
16075 2 2 6 1 8104 8135 8133
16076 2 2 6 1 8104 728 8135
16077 2 2 6 1 8133 8135 2201
16078 2 2 6 1 2178 8134 8048
16079 2 2 6 1 8134 8136 8048
16080 2 2 6 1 8134 2201 8136
16081 2 2 6 1 8048 8136 724
16082 2 2 6 1 728 8137 8135
16083 2 2 6 1 8137 8138 8135
16084 2 2 6 1 8137 2202 8138
16085 2 2 6 1 8135 8138 2201
16086 2 2 6 1 2202 8139 8138
16087 2 2 6 1 8139 8140 8138
16088 2 2 6 1 8139 2203 8140
16089 2 2 6 1 8138 8140 2201
16090 2 2 6 1 2202 8141 8139
16091 2 2 6 1 8141 8142 8139
16092 2 2 6 1 8141 731 8142
16093 2 2 6 1 8139 8142 2203
16094 2 2 6 1 2201 8140 8136
16095 2 2 6 1 8140 8143 8136
16096 2 2 6 1 8140 2203 8143
16097 2 2 6 1 8136 8143 724
16098 2 2 6 1 728 8100 8137
16099 2 2 6 1 8100 8144 8137
16100 2 2 6 1 8100 2192 8144
16101 2 2 6 1 8137 8144 2202
16102 2 2 6 1 2192 8145 8144
16103 2 2 6 1 8145 8146 8144
16104 2 2 6 1 8145 2204 8146
16105 2 2 6 1 8144 8146 2202
16106 2 2 6 1 2192 8099 8145
16107 2 2 6 1 8099 8147 8145
16108 2 2 6 1 8099 369 8147
16109 2 2 6 1 8145 8147 2204
16110 2 2 6 1 2202 8146 8141
16111 2 2 6 1 8146 8148 8141
16112 2 2 6 1 8146 2204 8148
16113 2 2 6 1 8141 8148 731
16114 2 2 6 1 724 8143 8052
16115 2 2 6 1 8143 8149 8052
16116 2 2 6 1 8143 2203 8149
16117 2 2 6 1 8052 8149 2179
16118 2 2 6 1 2203 8150 8149
16119 2 2 6 1 8150 8151 8149
16120 2 2 6 1 8150 2205 8151
16121 2 2 6 1 8149 8151 2179
16122 2 2 6 1 2203 8142 8150
16123 2 2 6 1 8142 8152 8150
16124 2 2 6 1 8142 731 8152
16125 2 2 6 1 8150 8152 2205
16126 2 2 6 1 2179 8151 8053
16127 2 2 6 1 8151 8153 8053
16128 2 2 6 1 8151 2205 8153
16129 2 2 6 1 8053 8153 146
16130 2 2 6 1 281 7509 8054
16131 2 2 6 1 7509 8154 8054
16132 2 2 6 1 7509 2051 8154
16133 2 2 6 1 8054 8154 2180
16134 2 2 6 1 2051 8155 8154
16135 2 2 6 1 8155 8156 8154
16136 2 2 6 1 8155 2206 8156
16137 2 2 6 1 8154 8156 2180
16138 2 2 6 1 2051 7508 8155
16139 2 2 6 1 7508 8157 8155
16140 2 2 6 1 7508 696 8157
16141 2 2 6 1 8155 8157 2206
16142 2 2 6 1 2180 8156 8058
16143 2 2 6 1 8156 8158 8058
16144 2 2 6 1 8156 2206 8158
16145 2 2 6 1 8058 8158 725
16146 2 2 6 1 696 8159 8157
16147 2 2 6 1 8159 8160 8157
16148 2 2 6 1 8159 2207 8160
16149 2 2 6 1 8157 8160 2206
16150 2 2 6 1 2207 8161 8160
16151 2 2 6 1 8161 8162 8160
16152 2 2 6 1 8161 2208 8162
16153 2 2 6 1 8160 8162 2206
16154 2 2 6 1 2207 8163 8161
16155 2 2 6 1 8163 8164 8161
16156 2 2 6 1 8163 732 8164
16157 2 2 6 1 8161 8164 2208
16158 2 2 6 1 2206 8162 8158
16159 2 2 6 1 8162 8165 8158
16160 2 2 6 1 8162 2208 8165
16161 2 2 6 1 8158 8165 725
16162 2 2 6 1 696 7504 8159
16163 2 2 6 1 7504 8166 8159
16164 2 2 6 1 7504 2050 8166
16165 2 2 6 1 8159 8166 2207
16166 2 2 6 1 2050 8167 8166
16167 2 2 6 1 8167 8168 8166
16168 2 2 6 1 8167 2209 8168
16169 2 2 6 1 8166 8168 2207
16170 2 2 6 1 2050 7503 8167
16171 2 2 6 1 7503 8169 8167
16172 2 2 6 1 7503 362 8169
16173 2 2 6 1 8167 8169 2209
16174 2 2 6 1 2207 8168 8163
16175 2 2 6 1 8168 8170 8163
16176 2 2 6 1 8168 2209 8170
16177 2 2 6 1 8163 8170 732
16178 2 2 6 1 725 8165 8068
16179 2 2 6 1 8165 8171 8068
16180 2 2 6 1 8165 2208 8171
16181 2 2 6 1 8068 8171 2184
16182 2 2 6 1 2208 8172 8171
16183 2 2 6 1 8172 8173 8171
16184 2 2 6 1 8172 2210 8173
16185 2 2 6 1 8171 8173 2184
16186 2 2 6 1 2208 8164 8172
16187 2 2 6 1 8164 8174 8172
16188 2 2 6 1 8164 732 8174
16189 2 2 6 1 8172 8174 2210
16190 2 2 6 1 2184 8173 8072
16191 2 2 6 1 8173 8175 8072
16192 2 2 6 1 8173 2210 8175
16193 2 2 6 1 8072 8175 368
16194 2 2 6 1 362 8176 8169
16195 2 2 6 1 8176 8177 8169
16196 2 2 6 1 8176 2211 8177
16197 2 2 6 1 8169 8177 2209
16198 2 2 6 1 2211 8178 8177
16199 2 2 6 1 8178 8179 8177
16200 2 2 6 1 8178 2212 8179
16201 2 2 6 1 8177 8179 2209
16202 2 2 6 1 2211 8180 8178
16203 2 2 6 1 8180 8181 8178
16204 2 2 6 1 8180 733 8181
16205 2 2 6 1 8178 8181 2212
16206 2 2 6 1 2209 8179 8170
16207 2 2 6 1 8179 8182 8170
16208 2 2 6 1 8179 2212 8182
16209 2 2 6 1 8170 8182 732
16210 2 2 6 1 733 8183 8181
16211 2 2 6 1 8183 8184 8181
16212 2 2 6 1 8183 2213 8184
16213 2 2 6 1 8181 8184 2212
16214 2 2 6 1 2213 8185 8184
16215 2 2 6 1 8185 8186 8184
16216 2 2 6 1 8185 2214 8186
16217 2 2 6 1 8184 8186 2212
16218 2 2 6 1 2213 8187 8185
16219 2 2 6 1 8187 8188 8185
16220 2 2 6 1 8187 734 8188
16221 2 2 6 1 8185 8188 2214
16222 2 2 6 1 2212 8186 8182
16223 2 2 6 1 8186 8189 8182
16224 2 2 6 1 8186 2214 8189
16225 2 2 6 1 8182 8189 732
16226 2 2 6 1 733 8190 8183
16227 2 2 6 1 8190 8191 8183
16228 2 2 6 1 8190 2215 8191
16229 2 2 6 1 8183 8191 2213
16230 2 2 6 1 2215 8192 8191
16231 2 2 6 1 8192 8193 8191
16232 2 2 6 1 8192 2216 8193
16233 2 2 6 1 8191 8193 2213
16234 2 2 6 1 2215 8194 8192
16235 2 2 6 1 8194 8195 8192
16236 2 2 6 1 8194 334 8195
16237 2 2 6 1 8192 8195 2216
16238 2 2 6 1 2213 8193 8187
16239 2 2 6 1 8193 8196 8187
16240 2 2 6 1 8193 2216 8196
16241 2 2 6 1 8187 8196 734
16242 2 2 6 1 732 8189 8174
16243 2 2 6 1 8189 8197 8174
16244 2 2 6 1 8189 2214 8197
16245 2 2 6 1 8174 8197 2210
16246 2 2 6 1 2214 8198 8197
16247 2 2 6 1 8198 8199 8197
16248 2 2 6 1 8198 2217 8199
16249 2 2 6 1 8197 8199 2210
16250 2 2 6 1 2214 8188 8198
16251 2 2 6 1 8188 8200 8198
16252 2 2 6 1 8188 734 8200
16253 2 2 6 1 8198 8200 2217
16254 2 2 6 1 2210 8199 8175
16255 2 2 6 1 8199 8201 8175
16256 2 2 6 1 8199 2217 8201
16257 2 2 6 1 8175 8201 368
16258 2 2 6 1 362 7487 8176
16259 2 2 6 1 7487 8202 8176
16260 2 2 6 1 7487 2046 8202
16261 2 2 6 1 8176 8202 2211
16262 2 2 6 1 2046 8203 8202
16263 2 2 6 1 8203 8204 8202
16264 2 2 6 1 8203 2218 8204
16265 2 2 6 1 8202 8204 2211
16266 2 2 6 1 2046 7486 8203
16267 2 2 6 1 7486 8205 8203
16268 2 2 6 1 7486 695 8205
16269 2 2 6 1 8203 8205 2218
16270 2 2 6 1 2211 8204 8180
16271 2 2 6 1 8204 8206 8180
16272 2 2 6 1 8204 2218 8206
16273 2 2 6 1 8180 8206 733
16274 2 2 6 1 695 8207 8205
16275 2 2 6 1 8207 8208 8205
16276 2 2 6 1 8207 2219 8208
16277 2 2 6 1 8205 8208 2218
16278 2 2 6 1 2219 8209 8208
16279 2 2 6 1 8209 8210 8208
16280 2 2 6 1 8209 2220 8210
16281 2 2 6 1 8208 8210 2218
16282 2 2 6 1 2219 8211 8209
16283 2 2 6 1 8211 8212 8209
16284 2 2 6 1 8211 580 8212
16285 2 2 6 1 8209 8212 2220
16286 2 2 6 1 2218 8210 8206
16287 2 2 6 1 8210 8213 8206
16288 2 2 6 1 8210 2220 8213
16289 2 2 6 1 8206 8213 733
16290 2 2 6 1 695 7482 8207
16291 2 2 6 1 7482 8214 8207
16292 2 2 6 1 7482 2045 8214
16293 2 2 6 1 8207 8214 2219
16294 2 2 6 1 2045 8215 8214
16295 2 2 6 1 8215 8216 8214
16296 2 2 6 1 8215 1576 8216
16297 2 2 6 1 8214 8216 2219
16298 2 2 6 1 2045 7481 8215
16299 2 2 6 1 7481 5584 8215
16300 2 2 6 1 7481 261 5584
16301 2 2 6 1 8215 5584 1576
16302 2 2 6 1 2219 8216 8211
16303 2 2 6 1 8216 5580 8211
16304 2 2 6 1 8216 1576 5580
16305 2 2 6 1 8211 5580 580
16306 2 2 6 1 733 8213 8190
16307 2 2 6 1 8213 8217 8190
16308 2 2 6 1 8213 2220 8217
16309 2 2 6 1 8190 8217 2215
16310 2 2 6 1 2220 8218 8217
16311 2 2 6 1 8218 8219 8217
16312 2 2 6 1 8218 1572 8219
16313 2 2 6 1 8217 8219 2215
16314 2 2 6 1 2220 8212 8218
16315 2 2 6 1 8212 5570 8218
16316 2 2 6 1 8212 580 5570
16317 2 2 6 1 8218 5570 1572
16318 2 2 6 1 2215 8219 8194
16319 2 2 6 1 8219 5566 8194
16320 2 2 6 1 8219 1572 5566
16321 2 2 6 1 8194 5566 334
16322 2 2 6 1 368 8201 8106
16323 2 2 6 1 8201 8220 8106
16324 2 2 6 1 8201 2217 8220
16325 2 2 6 1 8106 8220 2194
16326 2 2 6 1 2217 8221 8220
16327 2 2 6 1 8221 8222 8220
16328 2 2 6 1 8221 2221 8222
16329 2 2 6 1 8220 8222 2194
16330 2 2 6 1 2217 8200 8221
16331 2 2 6 1 8200 8223 8221
16332 2 2 6 1 8200 734 8223
16333 2 2 6 1 8221 8223 2221
16334 2 2 6 1 2194 8222 8110
16335 2 2 6 1 8222 8224 8110
16336 2 2 6 1 8222 2221 8224
16337 2 2 6 1 8110 8224 729
16338 2 2 6 1 734 8225 8223
16339 2 2 6 1 8225 8226 8223
16340 2 2 6 1 8225 2222 8226
16341 2 2 6 1 8223 8226 2221
16342 2 2 6 1 2222 8227 8226
16343 2 2 6 1 8227 8228 8226
16344 2 2 6 1 8227 2223 8228
16345 2 2 6 1 8226 8228 2221
16346 2 2 6 1 2222 8229 8227
16347 2 2 6 1 8229 8230 8227
16348 2 2 6 1 8229 576 8230
16349 2 2 6 1 8227 8230 2223
16350 2 2 6 1 2221 8228 8224
16351 2 2 6 1 8228 8231 8224
16352 2 2 6 1 8228 2223 8231
16353 2 2 6 1 8224 8231 729
16354 2 2 6 1 734 8196 8225
16355 2 2 6 1 8196 8232 8225
16356 2 2 6 1 8196 2216 8232
16357 2 2 6 1 8225 8232 2222
16358 2 2 6 1 2216 8233 8232
16359 2 2 6 1 8233 8234 8232
16360 2 2 6 1 8233 1562 8234
16361 2 2 6 1 8232 8234 2222
16362 2 2 6 1 2216 8195 8233
16363 2 2 6 1 8195 5532 8233
16364 2 2 6 1 8195 334 5532
16365 2 2 6 1 8233 5532 1562
16366 2 2 6 1 2222 8234 8229
16367 2 2 6 1 8234 5528 8229
16368 2 2 6 1 8234 1562 5528
16369 2 2 6 1 8229 5528 576
16370 2 2 6 1 729 8231 8120
16371 2 2 6 1 8231 8235 8120
16372 2 2 6 1 8231 2223 8235
16373 2 2 6 1 8120 8235 2198
16374 2 2 6 1 2223 8236 8235
16375 2 2 6 1 8236 8237 8235
16376 2 2 6 1 8236 1558 8237
16377 2 2 6 1 8235 8237 2198
16378 2 2 6 1 2223 8230 8236
16379 2 2 6 1 8230 5518 8236
16380 2 2 6 1 8230 576 5518
16381 2 2 6 1 8236 5518 1558
16382 2 2 6 1 2198 8237 8124
16383 2 2 6 1 8237 5514 8124
16384 2 2 6 1 8237 1558 5514
16385 2 2 6 1 8124 5514 274
16386 2 2 6 1 146 8153 145
16387 2 2 6 1 8153 8238 145
16388 2 2 6 1 8153 2205 8238
16389 2 2 6 1 145 8238 144
16390 2 2 6 1 2205 8239 8238
16391 2 2 6 1 8239 8240 8238
16392 2 2 6 1 8239 2224 8240
16393 2 2 6 1 8238 8240 144
16394 2 2 6 1 2205 8152 8239
16395 2 2 6 1 8152 8241 8239
16396 2 2 6 1 8152 731 8241
16397 2 2 6 1 8239 8241 2224
16398 2 2 6 1 144 8240 143
16399 2 2 6 1 8240 8242 143
16400 2 2 6 1 8240 2224 8242
16401 2 2 6 1 143 8242 142
16402 2 2 6 1 731 8243 8241
16403 2 2 6 1 8243 8244 8241
16404 2 2 6 1 8243 2225 8244
16405 2 2 6 1 8241 8244 2224
16406 2 2 6 1 2225 8245 8244
16407 2 2 6 1 8245 8246 8244
16408 2 2 6 1 8245 2226 8246
16409 2 2 6 1 8244 8246 2224
16410 2 2 6 1 2225 8247 8245
16411 2 2 6 1 8247 8248 8245
16412 2 2 6 1 8247 735 8248
16413 2 2 6 1 8245 8248 2226
16414 2 2 6 1 2224 8246 8242
16415 2 2 6 1 8246 8249 8242
16416 2 2 6 1 8246 2226 8249
16417 2 2 6 1 8242 8249 142
16418 2 2 6 1 731 8148 8243
16419 2 2 6 1 8148 8250 8243
16420 2 2 6 1 8148 2204 8250
16421 2 2 6 1 8243 8250 2225
16422 2 2 6 1 2204 8251 8250
16423 2 2 6 1 8251 8252 8250
16424 2 2 6 1 8251 2227 8252
16425 2 2 6 1 8250 8252 2225
16426 2 2 6 1 2204 8147 8251
16427 2 2 6 1 8147 8253 8251
16428 2 2 6 1 8147 369 8253
16429 2 2 6 1 8251 8253 2227
16430 2 2 6 1 2225 8252 8247
16431 2 2 6 1 8252 8254 8247
16432 2 2 6 1 8252 2227 8254
16433 2 2 6 1 8247 8254 735
16434 2 2 6 1 142 8249 141
16435 2 2 6 1 8249 8255 141
16436 2 2 6 1 8249 2226 8255
16437 2 2 6 1 141 8255 140
16438 2 2 6 1 2226 8256 8255
16439 2 2 6 1 8256 8257 8255
16440 2 2 6 1 8256 2228 8257
16441 2 2 6 1 8255 8257 140
16442 2 2 6 1 2226 8248 8256
16443 2 2 6 1 8248 8258 8256
16444 2 2 6 1 8248 735 8258
16445 2 2 6 1 8256 8258 2228
16446 2 2 6 1 140 8257 139
16447 2 2 6 1 8257 8259 139
16448 2 2 6 1 8257 2228 8259
16449 2 2 6 1 139 8259 138
16450 2 2 6 1 369 8260 8253
16451 2 2 6 1 8260 8261 8253
16452 2 2 6 1 8260 2229 8261
16453 2 2 6 1 8253 8261 2227
16454 2 2 6 1 2229 8262 8261
16455 2 2 6 1 8262 8263 8261
16456 2 2 6 1 8262 2230 8263
16457 2 2 6 1 8261 8263 2227
16458 2 2 6 1 2229 8264 8262
16459 2 2 6 1 8264 8265 8262
16460 2 2 6 1 8264 736 8265
16461 2 2 6 1 8262 8265 2230
16462 2 2 6 1 2227 8263 8254
16463 2 2 6 1 8263 8266 8254
16464 2 2 6 1 8263 2230 8266
16465 2 2 6 1 8254 8266 735
16466 2 2 6 1 736 8267 8265
16467 2 2 6 1 8267 8268 8265
16468 2 2 6 1 8267 2231 8268
16469 2 2 6 1 8265 8268 2230
16470 2 2 6 1 2231 8269 8268
16471 2 2 6 1 8269 8270 8268
16472 2 2 6 1 8269 2232 8270
16473 2 2 6 1 8268 8270 2230
16474 2 2 6 1 2231 8271 8269
16475 2 2 6 1 8271 8272 8269
16476 2 2 6 1 8271 737 8272
16477 2 2 6 1 8269 8272 2232
16478 2 2 6 1 2230 8270 8266
16479 2 2 6 1 8270 8273 8266
16480 2 2 6 1 8270 2232 8273
16481 2 2 6 1 8266 8273 735
16482 2 2 6 1 736 8274 8267
16483 2 2 6 1 8274 8275 8267
16484 2 2 6 1 8274 2233 8275
16485 2 2 6 1 8267 8275 2231
16486 2 2 6 1 2233 8276 8275
16487 2 2 6 1 8276 8277 8275
16488 2 2 6 1 8276 2234 8277
16489 2 2 6 1 8275 8277 2231
16490 2 2 6 1 2233 8278 8276
16491 2 2 6 1 8278 8279 8276
16492 2 2 6 1 8278 330 8279
16493 2 2 6 1 8276 8279 2234
16494 2 2 6 1 2231 8277 8271
16495 2 2 6 1 8277 8280 8271
16496 2 2 6 1 8277 2234 8280
16497 2 2 6 1 8271 8280 737
16498 2 2 6 1 735 8273 8258
16499 2 2 6 1 8273 8281 8258
16500 2 2 6 1 8273 2232 8281
16501 2 2 6 1 8258 8281 2228
16502 2 2 6 1 2232 8282 8281
16503 2 2 6 1 8282 8283 8281
16504 2 2 6 1 8282 2235 8283
16505 2 2 6 1 8281 8283 2228
16506 2 2 6 1 2232 8272 8282
16507 2 2 6 1 8272 8284 8282
16508 2 2 6 1 8272 737 8284
16509 2 2 6 1 8282 8284 2235
16510 2 2 6 1 2228 8283 8259
16511 2 2 6 1 8283 8285 8259
16512 2 2 6 1 8283 2235 8285
16513 2 2 6 1 8259 8285 138
16514 2 2 6 1 369 8131 8260
16515 2 2 6 1 8131 8286 8260
16516 2 2 6 1 8131 2200 8286
16517 2 2 6 1 8260 8286 2229
16518 2 2 6 1 2200 8287 8286
16519 2 2 6 1 8287 8288 8286
16520 2 2 6 1 8287 2236 8288
16521 2 2 6 1 8286 8288 2229
16522 2 2 6 1 2200 8130 8287
16523 2 2 6 1 8130 8289 8287
16524 2 2 6 1 8130 730 8289
16525 2 2 6 1 8287 8289 2236
16526 2 2 6 1 2229 8288 8264
16527 2 2 6 1 8288 8290 8264
16528 2 2 6 1 8288 2236 8290
16529 2 2 6 1 8264 8290 736
16530 2 2 6 1 730 8291 8289
16531 2 2 6 1 8291 8292 8289
16532 2 2 6 1 8291 2237 8292
16533 2 2 6 1 8289 8292 2236
16534 2 2 6 1 2237 8293 8292
16535 2 2 6 1 8293 8294 8292
16536 2 2 6 1 8293 2238 8294
16537 2 2 6 1 8292 8294 2236
16538 2 2 6 1 2237 8295 8293
16539 2 2 6 1 8295 8296 8293
16540 2 2 6 1 8295 566 8296
16541 2 2 6 1 8293 8296 2238
16542 2 2 6 1 2236 8294 8290
16543 2 2 6 1 8294 8297 8290
16544 2 2 6 1 8294 2238 8297
16545 2 2 6 1 8290 8297 736
16546 2 2 6 1 730 8126 8291
16547 2 2 6 1 8126 8298 8291
16548 2 2 6 1 8126 2199 8298
16549 2 2 6 1 8291 8298 2237
16550 2 2 6 1 2199 8299 8298
16551 2 2 6 1 8299 8300 8298
16552 2 2 6 1 8299 1524 8300
16553 2 2 6 1 8298 8300 2237
16554 2 2 6 1 2199 8125 8299
16555 2 2 6 1 8125 5384 8299
16556 2 2 6 1 8125 274 5384
16557 2 2 6 1 8299 5384 1524
16558 2 2 6 1 2237 8300 8295
16559 2 2 6 1 8300 5380 8295
16560 2 2 6 1 8300 1524 5380
16561 2 2 6 1 8295 5380 566
16562 2 2 6 1 736 8297 8274
16563 2 2 6 1 8297 8301 8274
16564 2 2 6 1 8297 2238 8301
16565 2 2 6 1 8274 8301 2233
16566 2 2 6 1 2238 8302 8301
16567 2 2 6 1 8302 8303 8301
16568 2 2 6 1 8302 1520 8303
16569 2 2 6 1 8301 8303 2233
16570 2 2 6 1 2238 8296 8302
16571 2 2 6 1 8296 5370 8302
16572 2 2 6 1 8296 566 5370
16573 2 2 6 1 8302 5370 1520
16574 2 2 6 1 2233 8303 8278
16575 2 2 6 1 8303 5366 8278
16576 2 2 6 1 8303 1520 5366
16577 2 2 6 1 8278 5366 330
16578 2 2 6 1 138 8285 137
16579 2 2 6 1 8285 8304 137
16580 2 2 6 1 8285 2235 8304
16581 2 2 6 1 137 8304 136
16582 2 2 6 1 2235 8305 8304
16583 2 2 6 1 8305 8306 8304
16584 2 2 6 1 8305 2239 8306
16585 2 2 6 1 8304 8306 136
16586 2 2 6 1 2235 8284 8305
16587 2 2 6 1 8284 8307 8305
16588 2 2 6 1 8284 737 8307
16589 2 2 6 1 8305 8307 2239
16590 2 2 6 1 136 8306 135
16591 2 2 6 1 8306 8308 135
16592 2 2 6 1 8306 2239 8308
16593 2 2 6 1 135 8308 134
16594 2 2 6 1 737 8309 8307
16595 2 2 6 1 8309 8310 8307
16596 2 2 6 1 8309 2240 8310
16597 2 2 6 1 8307 8310 2239
16598 2 2 6 1 2240 8311 8310
16599 2 2 6 1 8311 8312 8310
16600 2 2 6 1 8311 2241 8312
16601 2 2 6 1 8310 8312 2239
16602 2 2 6 1 2240 8313 8311
16603 2 2 6 1 8313 8314 8311
16604 2 2 6 1 8313 562 8314
16605 2 2 6 1 8311 8314 2241
16606 2 2 6 1 2239 8312 8308
16607 2 2 6 1 8312 8315 8308
16608 2 2 6 1 8312 2241 8315
16609 2 2 6 1 8308 8315 134
16610 2 2 6 1 737 8280 8309
16611 2 2 6 1 8280 8316 8309
16612 2 2 6 1 8280 2234 8316
16613 2 2 6 1 8309 8316 2240
16614 2 2 6 1 2234 8317 8316
16615 2 2 6 1 8317 8318 8316
16616 2 2 6 1 8317 1510 8318
16617 2 2 6 1 8316 8318 2240
16618 2 2 6 1 2234 8279 8317
16619 2 2 6 1 8279 5332 8317
16620 2 2 6 1 8279 330 5332
16621 2 2 6 1 8317 5332 1510
16622 2 2 6 1 2240 8318 8313
16623 2 2 6 1 8318 5328 8313
16624 2 2 6 1 8318 1510 5328
16625 2 2 6 1 8313 5328 562
16626 2 2 6 1 134 8315 133
16627 2 2 6 1 8315 8319 133
16628 2 2 6 1 8315 2241 8319
16629 2 2 6 1 133 8319 132
16630 2 2 6 1 2241 8320 8319
16631 2 2 6 1 8320 8321 8319
16632 2 2 6 1 8320 1506 8321
16633 2 2 6 1 8319 8321 132
16634 2 2 6 1 2241 8314 8320
16635 2 2 6 1 8314 5318 8320
16636 2 2 6 1 8314 562 5318
16637 2 2 6 1 8320 5318 1506
16638 2 2 6 1 132 8321 131
16639 2 2 6 1 8321 5314 131
16640 2 2 6 1 8321 1506 5314
16641 2 2 6 1 131 5314 3
$EndElements
