$MeshFormat
2.2 0 8
$EndMeshFormat
$PhysicalNames
5
1 1 "inlet"
1 2 "bottom"
1 3 "outlet"
1 4 "top"
2 5 "surface"
$EndPhysicalNames
$Nodes
2785
1 0 0 0
2 2 0 0
3 2 1 0
4 0 1 0
5 0.03125 0 0
6 0.06249999999999999 0 0
7 0.09374999999999999 0 0
8 0.125 0 0
9 0.15625 0 0
10 0.1875 0 0
11 0.21875 0 0
12 0.25 0 0
13 0.2812499999999999 0 0
14 0.3124999999999999 0 0
15 0.3437499999999999 0 0
16 0.3749999999999999 0 0
17 0.4062499999999999 0 0
18 0.4374999999999999 0 0
19 0.4687499999999999 0 0
20 0.4999999999999999 0 0
21 0.53125 0 0
22 0.5625 0 0
23 0.59375 0 0
24 0.625 0 0
25 0.65625 0 0
26 0.6875 0 0
27 0.71875 0 0
28 0.75 0 0
29 0.78125 0 0
30 0.8125 0 0
31 0.84375 0 0
32 0.875 0 0
33 0.90625 0 0
34 0.9375 0 0
35 0.96875 0 0
36 1 0 0
37 1.03125 0 0
38 1.0625 0 0
39 1.09375 0 0
40 1.125 0 0
41 1.15625 0 0
42 1.1875 0 0
43 1.21875 0 0
44 1.25 0 0
45 1.28125 0 0
46 1.3125 0 0
47 1.34375 0 0
48 1.375 0 0
49 1.40625 0 0
50 1.4375 0 0
51 1.46875 0 0
52 1.5 0 0
53 1.53125 0 0
54 1.5625 0 0
55 1.59375 0 0
56 1.625 0 0
57 1.65625 0 0
58 1.6875 0 0
59 1.71875 0 0
60 1.75 0 0
61 1.78125 0 0
62 1.8125 0 0
63 1.84375 0 0
64 1.875 0 0
65 1.90625 0 0
66 1.9375 0 0
67 1.96875 0 0
68 2 0.03125 0
69 2 0.06249999999999999 0
70 2 0.09374999999999999 0
71 2 0.125 0
72 2 0.15625 0
73 2 0.1875 0
74 2 0.21875 0
75 2 0.25 0
76 2 0.2812499999999999 0
77 2 0.3124999999999999 0
78 2 0.3437499999999999 0
79 2 0.3749999999999999 0
80 2 0.4062499999999999 0
81 2 0.4374999999999999 0
82 2 0.4687499999999999 0
83 2 0.4999999999999999 0
84 2 0.53125 0
85 2 0.5625 0
86 2 0.59375 0
87 2 0.625 0
88 2 0.65625 0
89 2 0.6875 0
90 2 0.71875 0
91 2 0.75 0
92 2 0.78125 0
93 2 0.8125 0
94 2 0.84375 0
95 2 0.875 0
96 2 0.90625 0
97 2 0.9375 0
98 2 0.96875 0
99 1.96875 1 0
100 1.9375 1 0
101 1.90625 1 0
102 1.875 1 0
103 1.84375 1 0
104 1.8125 1 0
105 1.78125 1 0
106 1.75 1 0
107 1.71875 1 0
108 1.6875 1 0
109 1.65625 1 0
110 1.625 1 0
111 1.59375 1 0
112 1.5625 1 0
113 1.53125 1 0
114 1.5 1 0
115 1.46875 1 0
116 1.4375 1 0
117 1.40625 1 0
118 1.375 1 0
119 1.34375 1 0
120 1.3125 1 0
121 1.28125 1 0
122 1.25 1 0
123 1.21875 1 0
124 1.1875 1 0
125 1.15625 1 0
126 1.125 1 0
127 1.09375 1 0
128 1.0625 1 0
129 1.03125 1 0
130 1 1 0
131 0.96875 1 0
132 0.9375 1 0
133 0.90625 1 0
134 0.875 1 0
135 0.84375 1 0
136 0.8125 1 0
137 0.78125 1 0
138 0.75 1 0
139 0.71875 1 0
140 0.6875 1 0
141 0.65625 1 0
142 0.625 1 0
143 0.59375 1 0
144 0.5625 1 0
145 0.53125 1 0
146 0.5 1 0
147 0.46875 1 0
148 0.4375 1 0
149 0.40625 1 0
150 0.375 1 0
151 0.34375 1 0
152 0.3125 1 0
153 0.28125 1 0
154 0.25 1 0
155 0.21875 1 0
156 0.1875 1 0
157 0.15625 1 0
158 0.125 1 0
159 0.09375 1 0
160 0.0625 1 0
161 0.03125 1 0
162 0 0.96875 0
163 0 0.9375 0
164 0 0.90625 0
165 0 0.875 0
166 0 0.84375 0
167 0 0.8125 0
168 0 0.78125 0
169 0 0.75 0
170 0 0.71875 0
171 0 0.6875 0
172 0 0.65625 0
173 0 0.625 0
174 0 0.59375 0
175 0 0.5625 0
176 0 0.53125 0
177 0 0.5 0
178 0 0.46875 0
179 0 0.4375 0
180 0 0.40625 0
181 0 0.375 0
182 0 0.34375 0
183 0 0.3125 0
184 0 0.28125 0
185 0 0.25 0
186 0 0.21875 0
187 0 0.1875 0
188 0 0.15625 0
189 0 0.125 0
190 0 0.09375 0
191 0 0.0625 0
192 0 0.03125 0
193 0.6270432544031941 0.2153266774664027 0
194 1.125 0.2165063509461096 0
195 1.375 0.7834936490538904 0
196 0.875 0.7834936490538904 0
197 1.623940657679781 0.211693011263958 0
198 0.3987826273466205 0.788690360620804 0
199 1.802323440804167 0.640809826583203 0
200 0.2398197025493582 0.3975327946887617 0
201 0.8753405424005324 0.2163097386994919 0
202 0.7503972994672878 0.422190541708398 0
203 0.5047595270508769 0.4147554586929915 0
204 0.6325681190472916 0.6338111553366418 0
205 1.37482344294663 0.215704127665751 0
206 1.249970573824438 0.4222862187827257 0
207 1.000118069282043 0.41879571340613 0
208 1.125 0.649519052838329 0
209 1.501324591264539 0.403824284438911 0
210 1.776301671093619 0.3929857351862403 0
211 0.3841058643159414 0.2017712721233959 0
212 0.20637410520794 0.6273070541353017 0
213 1.639658653686034 0.806888536464169 0
214 1.370705192613319 0.5758697721539212 0
215 1.125 0.8470503244304932 0
216 0.625 0.8470503244304932 0
217 0.8766166975593246 0.5815620224686778 0
218 1.81698729810778 0.1830127018922194 0
219 0.1830127018922194 0.1830127018922193 0
220 1.816987298107781 0.8169872981077807 0
221 0.1830127018922195 0.8169872981077806 0
222 1.589453104028745 0.6001978939173225 0
223 0.3977228063918485 0.5832516964630419 0
224 1.682877387561182 0.4965918145517814 0
225 1.545388847646642 0.5020110891781168 0
226 1.638813131179079 0.3984050098125757 0
227 1.7001211643867 0.3023393732250992 0
228 1.56263262447216 0.3077586478514345 0
229 0.4512411667213627 0.4990035775780167 0
230 0.3187712544706034 0.4903922455759018 0
231 0.3722896148001176 0.4061441266908766 0
232 0.3119627834326498 0.2996520334060788 0
233 0.4444326956834092 0.3082633654081937 0
234 0.7545924083033081 0.6076865889026598 0
235 0.8758083487796623 0.6825278357612841 0
236 0.7537840595236458 0.708652402195266 0
237 0.6287840595236458 0.7404307398835676 0
238 0.5118913136733102 0.8178703425256486 0
239 0.5156753731969561 0.7112507579787228 0
240 1.000808348779662 0.6155405376535034 0
241 1 0.7165063509461096 0
242 1.24785259630666 0.6126944124961251 0
243 1.37285259630666 0.6796817106039058 0
244 1.25 0.7165063509461096 0
245 1.25 0.8152719867421918 0
246 1.125 0.7482846886344111 0
247 0.75 0.8152719867421918 0
248 1 0.8152719867421918 0
249 1.695888272416456 0.6205038602502627 0
250 1.789312555948893 0.5168977808847216 0
251 1.312411721473315 0.1078520638328755 0
252 1.249911721473315 0.2161052393059303 0
253 1.1875 0.1082531754730548 0
254 0.6275784132590823 0.4184730002006948 0
255 0.5659013907270355 0.3150410680796971 0
256 0.688720276935241 0.3187586095874003 0
257 1.438074017105585 0.309764206052331 0
258 1.375647582544489 0.4130552516108184 0
259 1.312397008385534 0.3189951732242383 0
260 1.187485286912219 0.5359026358105273 0
261 1.062559034641022 0.5341573831222295 0
262 1.125044321553241 0.4205409660944279 0
263 0.8126702712002662 0.1081548693497459 0
264 0.7511918984018633 0.2158182080829473 0
265 0.688521627201597 0.1076633387332013 0
266 1.000170271200266 0.2164080448228007 0
267 0.9376702712002661 0.1081548693497459 0
268 1.0625 0.1082531754730548 0
269 1.499382050313205 0.2136985694648545 0
270 1.437411721473315 0.1078520638328755 0
271 1.561970328839891 0.105846505631979 0
272 1.901161720402084 0.6954049132916015 0
273 1.901161720402084 0.5704049132916015 0
274 0.6914827092572897 0.5280008485225199 0
275 0.5686638230490842 0.5242833070148166 0
276 0.563521627201597 0.1076633387332013 0
277 1.686970328839891 0.105846505631979 0
278 0.1199098512746791 0.3237663973443808 0
279 0.1199098512746791 0.4487663973443808 0
280 0.8128689209339101 0.3192501402039449 0
281 1.062559034641022 0.3176510321761198 0
282 0.9377293058412878 0.3175527260528109 0
283 1.187485286912219 0.3193962848644177 0
284 0.8752576843746654 0.420493127557264 0
285 1.3125 0.8917468245269452 0
286 1.4375 0.8917468245269452 0
287 0.8125 0.8917468245269452 0
288 0.9375 0.8917468245269452 0
289 0.3243913136733103 0.894345180310402 0
290 0.4493913136733103 0.894345180310402 0
291 1.482226552014372 0.6918457714856064 0
292 1.614555878857389 0.7035432151907457 0
293 1.507329326843017 0.7951910927590297 0
294 0.3020484557998943 0.6052793752991719 0
295 0.2230969038786491 0.5124199244120318 0
296 1.480079148321032 0.5880338330356218 0
297 0.3982527168692345 0.6859710285419229 0
298 0.5151454627195701 0.6085314258998419 0
299 0.10318705260397 0.5636535270676509 0
300 0.10318705260397 0.6886535270676508 0
301 1.88815083554681 0.4464928675931201 0
302 1.88815083554681 0.3214928675931202 0
303 0.4420529321579707 0.100885636061698 0
304 0.3170529321579707 0.100885636061698 0
305 1.569829326843017 0.9034442682320845 0
306 1.694829326843017 0.9034442682320845 0
307 0.5055745593595677 0.2085489747948993 0
308 1.1875 0.9235251622152466 0
309 1.0625 0.9235251622152466 0
310 0.6875 0.9235251622152466 0
311 0.5625 0.9235251622152466 0
312 1.310337883218879 0.4990779954683234 0
313 0.9383673834206838 0.500178867937404 0
314 0.8135069985133061 0.501876282088538 0
315 1.90849364905389 0.2165063509461097 0
316 1.90849364905389 0.0915063509461097 0
317 1.78349364905389 0.0915063509461097 0
318 0.09150635094610982 0.7834936490538903 0
319 0.09150635094610982 0.9084936490538903 0
320 1.90849364905389 0.9084936490538904 0
321 1.90849364905389 0.7834936490538904 0
322 0.2165063509461098 0.9084936490538903 0
323 0.2165063509461097 0.09150635094610965 0
324 0.0915063509461097 0.09150635094610965 0
325 0.0915063509461097 0.2165063509461096 0
326 1.78349364905389 0.9084936490538904 0
327 1.7966444846007 0.2879992185392299 0
328 0.1946934035500798 0.7221471761215412 0
329 0.2835592831040804 0.1923919870078076 0
330 1.728322975896907 0.8119379172859749 0
331 1.436014891938929 0.4898470282964161 0
332 1.720463977893781 0.1973528565780887 0
333 1.809655369455974 0.7288985623454918 0
334 0.2114162022207888 0.2902727482904905 0
335 0.29089766461942 0.8028388293642923 0
336 1.720991047245101 0.723849181523686 0
337 0.3025783662772803 0.7079987073780528 0
338 1.7295895293274 0.4447887748690109 0
339 1.66084525937013 0.4474984121821786 0
340 1.707557401136349 0.395695372499408 0
341 1.614133117603912 0.4993014518649491 0
342 1.592100989412861 0.4502080494953462 0
343 1.636165245794963 0.5483948542345519 0
344 1.567420975837693 0.5511044915477197 0
345 1.523356719455591 0.4529176868085139 0
346 1.570068861221809 0.4011146471257433 0
347 1.66203091103324 0.2570161922445286 0
348 1.63137689442943 0.3050490105382668 0
349 1.593286641075971 0.2597258295576962 0
350 1.66946714778289 0.3503721915188374 0
351 1.60072287782562 0.3530818288320051 0
352 1.738211417740159 0.3476625542056697 0
353 1.53197860786835 0.3557914661451728 0
354 0.4780003468861198 0.4568795181355041 0
355 0.4117653907607401 0.4525738521344466 0
356 0.4385245709254972 0.410449792691934 0
357 0.3850062105959831 0.4946979115769592 0
358 0.3455304346353605 0.4482681861333892 0
359 0.4244819865566056 0.5411276370205294 0
360 0.358247030431226 0.5368219710194718 0
361 0.2792954785099808 0.4439625201323317 0
362 0.3060546586747379 0.4018384606898191 0
363 0.2758912429910041 0.3485924140474203 0
364 0.3421261991163838 0.3528980800484777 0
365 0.3781977395580295 0.3039576994071362 0
366 0.4083611552417634 0.3572037460495351 0
367 0.3480343238742956 0.2507116527647373 0
368 0.4142692799996752 0.2550173187657948 0
369 0.474596111367143 0.3615094120505926 0
370 0.6935802636752999 0.6207488721196508 0
371 0.7541882339134769 0.658169495548963 0
372 0.6931760892854687 0.671231778765954 0
373 0.8152003785414852 0.645107212331972 0
374 0.8147962041516541 0.6955901189782752 0
375 0.8156045529313163 0.5946243056856688 0
376 0.8762125231694934 0.632044929114981 0
377 0.8754041743898311 0.7330107424075872 0
378 0.8143920297618229 0.7460730256245782 0
379 0.6306760892854687 0.6871209476101047 0
380 0.572229716360301 0.7258407489311453 0
381 0.5741217461221239 0.6725309566576824 0
382 0.5703376865984779 0.779150541204608 0
383 0.5137833434351331 0.7645605502521857 0
384 0.6268920297618229 0.7937405321570304 0
385 0.568445656836655 0.8324603334780709 0
386 0.4553369705099654 0.8032803515732263 0
387 0.4572290002717883 0.7499705592997634 0
388 0.9379041743898312 0.6995170933536969 0
389 0.9375 0.75 0
390 0.9383083487796623 0.6490341867073938 0
391 1.000404174389831 0.6660234442998065 0
392 0.9387125231694935 0.5985512800610906 0
393 1.062904174389831 0.6325297952459161 0
394 1.0625 0.6830127018922193 0
395 1.18642629815333 0.6311067326672271 0
396 1.24892629815333 0.6646003817211174 0
397 1.1875 0.6830127018922193 0
398 1.31035259630666 0.6461880615500155 0
399 1.31142629815333 0.6980940307750078 0
400 1.309278894459989 0.5942820923250232 0
401 1.371778894459989 0.6277757413789136 0
402 1.37392629815333 0.7315876798288981 0
403 1.3125 0.75 0
404 1.3125 0.7993828178980411 0
405 1.25 0.7658891688441507 0
406 1.1875 0.7817783376883014 0
407 1.1875 0.7323955197902604 0
408 1.1875 0.8311611555863425 0
409 1.125 0.7976675065324522 0
410 1.125 0.69890187073637 0
411 0.8125 0.7993828178980411 0
412 0.7518920297618229 0.7619621944687289 0
413 0.6893920297618229 0.7778513633128796 0
414 0.6912840595236458 0.7245415710394169 0
415 0.6875 0.8311611555863425 0
416 1.0625 0.7323955197902604 0
417 1.0625 0.7817783376883014 0
418 1 0.7658891688441507 0
419 1.0625 0.8311611555863425 0
420 0.9375 0.7993828178980411 0
421 1.749105856610312 0.6306568434167329 0
422 1.742600414182675 0.5687008205674922 0
423 1.79581799837653 0.5788538037339623 0
424 1.689382829988819 0.5585478374010221 0
425 1.736094971755037 0.5067447977182515 0
426 1.642670688222601 0.6103508770837927 0
427 1.782807113521256 0.454941758035481 0
428 1.281205860736657 0.05392603191643774 0
429 1.249955860736657 0.1080526196529651 0
430 1.21875 0.0541265877365274 0
431 1.281161721473315 0.1619786515694029 0
432 1.218705860736657 0.1621792073894925 0
433 1.343617582209973 0.1617780957493132 0
434 1.312367582209973 0.2159046834858406 0
435 1.187455860736657 0.21630579512602 0
436 1.15625 0.1623797632095823 0
437 0.688987856363185 0.4203317709545464 0
438 0.6581493450971616 0.3686158048940475 0
439 0.7195587882012644 0.3704745756478992 0
440 0.5967399019930589 0.3667570341401959 0
441 0.6273108338311382 0.3168998388335487 0
442 0.5661689701549796 0.4166142294468431 0
443 0.5353304588889561 0.3648982633863442 0
444 0.5964723225651147 0.2651838727730499 0
445 0.6578817656692175 0.2670426435269015 0
446 1.406448730026107 0.262734166859041 0
447 1.375235512745559 0.3143796896382847 0
448 1.343610225666082 0.2673496504449946 0
449 1.406860799825037 0.3614097288315746 0
450 1.344022295465011 0.3660252124175283 0
451 1.469699304185062 0.356794245245621 0
452 1.438486086904514 0.4084397680248646 0
453 1.312809078184464 0.417670735196772 0
454 1.281183791104986 0.370640696003482 0
455 1.218727930368329 0.4790944272966265 0
456 1.15626480423273 0.4782218009524776 0
457 1.187507447688839 0.4214135924385768 0
458 1.12502216077662 0.5350300094663784 0
459 1.093801678097131 0.4773491746083287 0
460 1.15624264345611 0.5927108443244281 0
461 1.093779517320511 0.5918382179802792 0
462 1.031338551961532 0.4764765482641797 0
463 1.062581195417642 0.419668339750279 0
464 0.7813351356001331 0.05407743467487297 0
465 0.7505959492009316 0.1079091040414736 0
466 0.7192608136007985 0.05383166936660067 0
467 0.7819310848010648 0.1619865387163466 0
468 0.7198567628017302 0.1617407734080743 0
469 0.8440054068003993 0.1622323040246189 0
470 0.8132662204011978 0.2160639733912196 0
471 0.6891175764025287 0.215572442774675 0
472 0.6577824408023956 0.161495008099802 0
473 1.062585135600133 0.2164571978844552 0
474 1.031335135600133 0.1623306101479278 0
475 1.09375 0.1623797632095823 0
476 0.9689202712002661 0.1622814570862733 0
477 1.000085135600133 0.1082040224114004 0
478 0.9377554068003993 0.2163588917611463 0
479 0.9065054068003993 0.1622323040246189 0
480 0.9688351356001331 0.05407743467487297 0
481 1.03125 0.0541265877365274 0
482 1.561661353996493 0.2126957903644062 0
483 1.530676189576548 0.1597725375484167 0
484 1.592955493259836 0.1587697584479685 0
485 1.46839688589326 0.160775316648865 0
486 1.499691025156603 0.1068492847324273 0
487 1.437102746629918 0.2147013485653028 0
488 1.406117582209973 0.1617780957493132 0
489 1.468705860736657 0.05392603191643774 0
490 1.530985164419945 0.05292325281598953 0
491 1.950580860201042 0.7227024566458007 0
492 1.950580860201042 0.6602024566458007 0
493 1.901161720402084 0.6329049132916015 0
494 1.950580860201042 0.5977024566458007 0
495 1.851742580603126 0.6681073699374023 0
496 1.851742580603126 0.6056073699374023 0
497 1.950580860201042 0.5352024566458007 0
498 0.7209400043622888 0.475095695115459 0
499 0.659530561258186 0.4732369243616074 0
500 0.6300732661531869 0.5261420777686683 0
501 0.5981211181540833 0.4713781536077557 0
502 0.6620254141522907 0.5809060019295809 0
503 0.600615971048188 0.5790472311757292 0
504 0.5367116750499805 0.469519382853904 0
505 0.6567608136007985 0.05383166936660067 0
506 0.626021627201597 0.1076633387332013 0
507 0.5942608136007985 0.05383166936660067 0
508 0.5952824408023956 0.161495008099802 0
509 0.5317608136007985 0.05383166936660067 0
510 0.9063351356001331 0.05407743467487297 0
511 0.8751702712002662 0.1081548693497459 0
512 0.8438351356001331 0.05407743467487297 0
513 1.15625 0.0541265877365274 0
514 1.125 0.1082531754730548 0
515 1.09375 0.0541265877365274 0
516 1.406205860736657 0.05392603191643774 0
517 1.374911721473315 0.1078520638328755 0
518 1.343705860736657 0.05392603191643774 0
519 1.718485164419945 0.05292325281598953 0
520 1.655985164419945 0.05292325281598953 0
521 1.624470328839891 0.105846505631979 0
522 1.593485164419945 0.05292325281598953 0
523 1.655455493259836 0.1587697584479685 0
524 0.05995492563733951 0.2868831986721904 0
525 0.05995492563733951 0.3493831986721904 0
526 0.1199098512746791 0.3862663973443808 0
527 0.05995492563733951 0.4118831986721904 0
528 0.1798647769120187 0.3606495960165713 0
529 0.1798647769120187 0.4231495960165713 0
530 0.05995492563733951 0.4743831986721905 0
531 0.8441047316672212 0.2677799394517184 0
532 0.7820304096678866 0.2675341741434461 0
533 0.7507945989345755 0.3190043748956727 0
534 0.7199560876685521 0.2672884088351738 0
535 0.7816331102005989 0.3707203409561715 0
536 1.093779517320511 0.2670786915611147 0
537 1.031364652920644 0.2670295384994603 0
538 1.000144170241155 0.3176018791144654 0
539 0.968949788520777 0.2669803854378058 0
540 1.031338551961532 0.3682233727911249 0
541 0.9689236875616655 0.3681742197294705 0
542 0.9065349241209101 0.2669312323761514 0
543 1.281154364929425 0.2675502062650843 0
544 1.249941147648877 0.319195729044328 0
545 1.218698504192767 0.267750762085174 0
546 1.218727930368329 0.3708412518235717 0
547 1.156242643456109 0.2679513179052637 0
548 0.8752991133875989 0.318401433128378 0
549 0.9064934951079766 0.3690229268050375 0
550 0.8440633026542878 0.3698716338806045 0
551 0.9376878768283543 0.419644420481697 0
552 0.8128274919209766 0.421341834632831 0
553 1.28125 0.9458734122634727 0
554 1.34375 0.9458734122634727 0
555 1.375 0.8917468245269452 0
556 1.40625 0.9458734122634727 0
557 1.34375 0.8376202367904177 0
558 1.40625 0.8376202367904177 0
559 1.46875 0.9458734122634727 0
560 0.78125 0.9458734122634727 0
561 0.84375 0.9458734122634727 0
562 0.875 0.8917468245269452 0
563 0.90625 0.9458734122634727 0
564 0.84375 0.8376202367904177 0
565 0.90625 0.8376202367904177 0
566 0.96875 0.9458734122634727 0
567 0.2871956568366552 0.9471725901552011 0
568 0.3496956568366552 0.9471725901552011 0
569 0.3868913136733103 0.894345180310402 0
570 0.4121956568366552 0.9471725901552011 0
571 0.3615869705099655 0.8415177704656029 0
572 0.4240869705099655 0.8415177704656029 0
573 0.4746956568366552 0.9471725901552011 0
574 1.15626480423273 0.3699686254794228 0
575 1.093801678097131 0.3690959991352739 0
576 1.12502216077662 0.3185236585202688 0
577 1.531007337392683 0.2607286086581445 0
578 1.500353320788872 0.3087614269518827 0
579 1.468728033709395 0.2617313877585927 0
580 1.428613276007186 0.7376697102697484 0
581 1.494777939428695 0.7435184321223181 0
582 1.441164663421509 0.78934237090646 0
583 1.548391215435881 0.6976944933381761 0
584 1.560942602850203 0.7493671539748877 0
585 1.535839828021559 0.6460218327014645 0
586 1.602004491443067 0.6518705545540342 0
587 1.627107266271712 0.7552158758274574 0
588 1.573493990264526 0.8010398146115993 0
589 0.2709340791746262 0.5014060849939668 0
590 0.2314583032140036 0.4549763595503967 0
591 0.3104098551352488 0.5478358104375368 0
592 0.2625726798392717 0.5588496498556018 0
593 0.3498856310958713 0.5942655358811069 0
594 0.2542112805039172 0.6162932147172367 0
595 0.2147355045432946 0.5698634892736667 0
596 1.425392170467175 0.5819518025947715 0
597 1.426465872313846 0.6338577718197638 0
598 1.481152850167702 0.6399398022606142 0
599 1.427539574160516 0.6857637410447561 0
600 1.534766126174888 0.5941158634764722 0
601 0.3985176721079275 0.7373306945813635 0
602 0.4569640450330953 0.6986108932603229 0
603 0.4566990897944023 0.6472512272208824 0
604 0.515410417958263 0.6598910919392824 0
605 0.3979877616305415 0.6346113625024824 0
606 0.4564341345557092 0.5958915611814419 0
607 0.5738567908834309 0.6211712906182418 0
608 0.05159352630198499 0.5318267635338255 0
609 0.05159352630198499 0.5943267635338255 0
610 0.10318705260397 0.6261535270676508 0
611 0.05159352630198499 0.6568267635338254 0
612 0.154780578905955 0.5954802906014763 0
613 0.154780578905955 0.6579802906014763 0
614 0.05159352630198499 0.7193267635338254 0
615 1.944075417773405 0.4732464337965601 0
616 1.944075417773405 0.4107464337965601 0
617 1.88815083554681 0.3839928675931201 0
618 1.944075417773405 0.3482464337965601 0
619 1.832226253320214 0.4197393013896802 0
620 1.832226253320214 0.3572393013896802 0
621 1.944075417773405 0.2857464337965601 0
622 0.4710264660789854 0.05044281803084899 0
623 0.4085264660789854 0.05044281803084899 0
624 0.3795529321579707 0.100885636061698 0
625 0.3460264660789854 0.05044281803084899 0
626 0.4130793982369561 0.1513284540925469 0
627 0.3505793982369561 0.1513284540925469 0
628 0.2835264660789854 0.05044281803084899 0
629 1.534914663421509 0.9517221341160422 0
630 1.597414663421509 0.9517221341160422 0
631 1.632329326843017 0.9034442682320845 0
632 1.659914663421509 0.9517221341160422 0
633 1.604743990264526 0.8551664023481268 0
634 1.667243990264526 0.8551664023481268 0
635 1.722414663421509 0.9517221341160422 0
636 0.5051670432052223 0.3116522167439454 0
637 0.4750036275214884 0.2584061701015465 0
638 0.5357379750433016 0.2617950214372982 0
639 0.4448402118377546 0.2051601234591476 0
640 0.5663089068813809 0.211937826130651 0
641 1.845237138175488 0.5436513470881615 0
642 1.838731695747851 0.4816953242389209 0
643 1.894656277974446 0.5084488904423607 0
644 0.1715033775766641 0.4805931608782063 0
645 0.1631419782413095 0.5380367257398413 0
646 0.1115484519393246 0.5062099622060159 0
647 0.5345480932805824 0.1581061567640503 0
648 0.4738137457587692 0.1547173054282986 0
649 0.5027872796797839 0.1042744873974497 0
650 1.472414663421509 0.8434689586429874 0
651 1.538579326843017 0.8493176804955571 0
652 1.503664663421509 0.8975955463795149 0
653 1.21875 0.9617625811076234 0
654 1.25 0.9076359933710959 0
655 1.21875 0.8693985744787192 0
656 1.28125 0.8535094056345685 0
657 1.15625 0.88528774332287 0
658 0.96875 0.8535094056345685 0
659 1.03125 0.8693985744787192 0
660 1 0.9076359933710959 0
661 1.09375 0.88528774332287 0
662 1.03125 0.9617625811076234 0
663 0.71875 0.9617625811076234 0
664 0.75 0.9076359933710959 0
665 0.71875 0.8693985744787192 0
666 0.78125 0.8535094056345685 0
667 0.65625 0.88528774332287 0
668 0.4806413136733103 0.8561077614180252 0
669 0.5371956568366552 0.8706977523704476 0
670 0.5059456568366552 0.9089351712628243 0
671 0.59375 0.88528774332287 0
672 0.53125 0.9617625811076234 0
673 1.280154228521658 0.4606821071255246 0
674 1.248911585065549 0.5174903156394254 0
675 1.279095239762769 0.5558862039822243 0
676 1.21766894160944 0.5742985241533262 0
677 1.340521537916099 0.5374738838111224 0
678 1.031683691710342 0.5748489603878665 0
679 0.9695878661001731 0.5578597027954537 0
680 1.000463209030853 0.5171681255298167 0
681 0.9074920404900042 0.5408704452030408 0
682 0.9692427263513634 0.459487290671767 0
683 0.781952148990297 0.462033411898468 0
684 0.7524948538852979 0.514938565305529 0
685 0.7840497034083072 0.5547814354955989 0
686 0.7230375587802989 0.5678437187125899 0
687 0.8450618480363153 0.5417191522786079 0
688 1.954246824526945 0.2332531754730549 0
689 1.954246824526945 0.1707531754730549 0
690 1.90849364905389 0.1540063509461097 0
691 1.954246824526945 0.1082531754730549 0
692 1.862740473580835 0.1997595264191646 0
693 1.862740473580835 0.1372595264191646 0
694 1.954246824526945 0.04575317547305485 0
695 1.891746824526945 0.04575317547305485 0
696 1.84599364905389 0.0915063509461097 0
697 1.829246824526945 0.04575317547305485 0
698 1.800240473580835 0.1372595264191646 0
699 1.766746824526945 0.04575317547305485 0
700 0.04575317547305491 0.7667468245269451 0
701 0.04575317547305491 0.8292468245269451 0
702 0.09150635094610982 0.8459936490538903 0
703 0.04575317547305491 0.8917468245269451 0
704 0.1372595264191647 0.8002404735808355 0
705 0.1372595264191647 0.8627404735808355 0
706 0.04575317547305491 0.9542468245269451 0
707 1.954246824526945 0.9542468245269452 0
708 1.954246824526945 0.8917468245269452 0
709 1.90849364905389 0.8459936490538904 0
710 1.954246824526945 0.8292468245269452 0
711 1.862740473580835 0.8627404735808355 0
712 1.862740473580835 0.8002404735808355 0
713 1.954246824526945 0.7667468245269452 0
714 0.1082531754730549 0.9542468245269451 0
715 0.1540063509461098 0.9084936490538903 0
716 0.1707531754730549 0.9542468245269451 0
717 0.1997595264191647 0.8627404735808355 0
718 0.2332531754730549 0.9542468245269451 0
719 0.2332531754730549 0.0457531754730548 0
720 0.1707531754730549 0.0457531754730548 0
721 0.1540063509461097 0.09150635094610965 0
722 0.1082531754730549 0.0457531754730548 0
723 0.1997595264191645 0.1372595264191645 0
724 0.1372595264191645 0.1372595264191645 0
725 0.04575317547305491 0.0457531754730548 0
726 0.04575317547305491 0.1082531754730548 0
727 0.0915063509461097 0.1540063509461096 0
728 0.04575317547305491 0.1707531754730548 0
729 0.1372595264191645 0.1997595264191645 0
730 0.04575317547305491 0.2332531754730548 0
731 1.766746824526945 0.9542468245269452 0
732 1.829246824526945 0.9542468245269452 0
733 1.84599364905389 0.9084936490538904 0
734 1.891746824526945 0.9542468245269452 0
735 1.800240473580835 0.8627404735808355 0
736 0.5419046428843272 0.5664073664573293 0
737 0.4831933147204663 0.5537675017389293 0
738 0.5099524948852234 0.5116434422964167 0
739 1.786473077847159 0.3404924768627351 0
740 1.842397660073755 0.304746043066175 0
741 1.852569066827295 0.2522527847426698 0
742 1.89832224230035 0.268999609269615 0
743 1.80681589135424 0.2355059602157247 0
744 0.2005337543790099 0.6747271151284214 0
745 0.1489402280770249 0.705400351594596 0
746 0.1430998772480948 0.7528204125877157 0
747 0.0973467017750399 0.7360735880607706 0
748 0.1888530527211496 0.7695672371146609 0
749 0.333832573710011 0.1970816295656017 0
750 0.3003061076310256 0.1466388115347528 0
751 0.2500328170250951 0.1419491689769586 0
752 0.2667796415520403 0.09619599350390384 0
753 0.2332859924981499 0.1877023444500134 0
754 1.683990814791471 0.809413226875072 0
755 1.711576151369962 0.8576910927590297 0
756 1.755908312475399 0.8602157831699326 0
757 1.739161487948454 0.9059689586429874 0
758 1.772655137002344 0.8144626076968777 0
759 1.468669741601734 0.4468356563676635 0
760 1.405831237241709 0.4514511399536172 0
761 1.373176387578904 0.4944625118823698 0
762 1.342992732881684 0.4560666235395709 0
763 1.403360042276124 0.5328584002251687 0
764 1.09375 0.9617625811076234 0
765 1.125 0.9235251622152466 0
766 1.15625 0.9617625811076234 0
767 0.59375 0.9617625811076234 0
768 0.625 0.9235251622152466 0
769 0.65625 0.9617625811076234 0
770 0.9068125338976747 0.460335997747334 0
771 0.875937190966995 0.5010275750129709 0
772 0.8443823414439858 0.461184704822901 0
773 1.73523198894689 0.09867642828904433 0
774 1.751978813473835 0.1444296037620992 0
775 1.703717153366836 0.1515996811050339 0
776 1.768725638000781 0.190182779235154 0
777 1.672202317786781 0.2045229339210234 0
778 1.904827684727987 0.7394492811727459 0
779 1.859074509254932 0.7561961056996911 0
780 1.855408544929029 0.7121517378185467 0
781 1.813321333781877 0.7729429302266363 0
782 1.805989405130071 0.6848541944643474 0
783 0.1057081011103944 0.2701363741452453 0
784 0.1514612765834493 0.2533895496183001 0
785 0.1656630267477339 0.3070195728174356 0
786 0.1972144520565041 0.2366427250913549 0
787 0.2256179523850735 0.3439027714896261 0
788 0.2704488323097101 0.9014194146821461 0
789 0.253702007782765 0.8556662392090912 0
790 0.3076444891463652 0.8485920048373472 0
791 0.2369551832558198 0.8099130637360364 0
792 0.3448401459830203 0.7957645949925481 0
793 1.765323208350537 0.7263738719345889 0
794 1.761657244024634 0.6823295040534445 0
795 1.768989172676441 0.7704182398157333 0
796 1.724657011571004 0.7678935494048305 0
797 1.680324850465567 0.7653688589939275 0
798 0.2616894928267193 0.2949623908482846 0
799 0.2474877426624347 0.241332367649149 0
800 0.2977610332683651 0.2460220102069432 0
801 0.2967380154483501 0.7554187683711726 0
802 0.3506804968119503 0.7483445339994284 0
803 0.2427955340847499 0.7624930027429168 0
804 0.24863588491368 0.715072941749797 0
805 0.2544762357426101 0.6676528807566773 0
806 1.71029257114024 0.2498461149015939 0
807 1.75855423124724 0.2426760375586593 0
808 1.7483828244937 0.2951692958821645 0
809 1.667773463051245 0.7136961983572159 0
810 1.655222075636923 0.6620235377205043 0
811 1.708439659830778 0.6721765208869743 0
812 0.3023134110385872 0.6566390413386123 0
813 0.3501505863345644 0.6456252019205474 0
814 0.3504155415732574 0.6969848679599879 0
815 1.490701869792786 0.4959290587372664 0
816 1.512733997983837 0.5450224611068694 0
817 1.458047020129981 0.538940430666019 0
818 1.752945600210509 0.4188872550276256 0
819 1.718573465231875 0.4202420736842094 0
820 1.741929536114984 0.3943405538428242 0
821 1.695217394348765 0.4461435935255947 0
822 1.68420133025324 0.4215968923407932 0
823 1.706233458444291 0.4706902947103961 0
824 1.671861323465656 0.47204511336698 0
825 1.649829195274605 0.4229517109973771 0
826 1.673185266157714 0.3970501911559918 0
827 1.648505252582547 0.4979466332083652 0
828 1.637489188487021 0.4733999320235638 0
829 1.603117053508386 0.4747547506801477 0
830 1.626473124391496 0.4488532308387624 0
831 1.579760982625277 0.5006562705215329 0
832 1.568744918529751 0.4761095693367315 0
833 1.61545706029597 0.4243065296539609 0
834 1.659521316678072 0.5224933343931667 0
835 1.625149181699438 0.5238481530497505 0
836 1.601793110816328 0.5497496728911357 0
837 1.590777046720803 0.5252029717063343 0
838 1.612809174911854 0.5742963740759373 0
839 1.578437039933219 0.5756511927325211 0
840 1.556404911742168 0.5265577903629182 0
841 1.581084925317335 0.4256613483105448 0
842 1.604440996200444 0.3997598284691595 0
843 1.557728854434226 0.45156286815193 0
844 1.5467127903387 0.4270161669671286 0
845 1.534372783551117 0.4774643879933153 0
846 1.512340655360065 0.4283709856237125 0
847 1.535696726243174 0.4024694657823271 0
848 1.642985784356511 0.2343546017542433 0
849 1.627658776054605 0.2583710109011124 0
850 1.608613649377876 0.2357094204108271 0
851 1.646703902731335 0.2810326013913977 0
852 1.6123317677527 0.2823874200479816 0
853 1.68107603770997 0.2796777827348139 0
854 1.665749029408065 0.303694191881683 0
855 1.597004759450795 0.3064038291948507 0
856 1.577959632774065 0.2837422387045654 0
857 1.684794156084795 0.3263557823719683 0
858 1.65042202110616 0.3277106010285521 0
859 1.635095012804255 0.3517270101754212 0
860 1.616049886127525 0.3290654196851359 0
861 1.654140139480984 0.3743886006657066 0
862 1.619768004502349 0.3757434193222904 0
863 1.58167775114889 0.3304202383417197 0
864 1.71916629106343 0.3250009637153844 0
865 1.703839282761524 0.3490173728622536 0
866 1.722884409438254 0.3716789633525389 0
867 1.688512274459619 0.3730337820091227 0
868 1.757256544416889 0.370324144695955 0
869 1.566350742846985 0.3544366474885889 0
870 1.547305616170255 0.3317750569983036 0
871 1.585395869523714 0.3770982379788742 0
872 1.551023734545079 0.378453056635458 0
873 1.516651599566444 0.3798078752920419 0
874 0.4913799369684984 0.4358174884142478 0
875 0.4582624589058085 0.433664655413719 0
876 0.4716420489881871 0.4126026256924628 0
877 0.44488286882343 0.4547266851349754 0
878 0.4251449808431187 0.4315118224131903 0
879 0.4646207568037413 0.4779415478567604 0
880 0.4315032787410514 0.4757887148562316 0
881 0.3920275027804289 0.4293589894126616 0
882 0.4054070928628074 0.4082969596914053 0
883 0.4181236886586729 0.496850744577488 0
884 0.3983858006783616 0.4736358818557029 0
885 0.3652683226156718 0.4714830488551742 0
886 0.3786479126980503 0.4504210191339179 0
887 0.3518887325332932 0.4925450785764305 0
888 0.3321508445529819 0.4693302158546455 0
889 0.358910024717739 0.4272061564121329 0
890 0.4378615766389842 0.520065607299273 0
891 0.4047440985762943 0.5179127742987443 0
892 0.3913645084939158 0.5389748040200006 0
893 0.3716266205136045 0.5157599412982156 0
894 0.4111023964742271 0.5621896667417856 0
895 0.3779849184115373 0.5600368337412569 0
896 0.3385091424509147 0.5136071082976869 0
897 0.3257925466550492 0.4250533234116042 0
898 0.3391721367374277 0.4039912936903479 0
899 0.3124129565726707 0.4461153531328604 0
900 0.2926750685923594 0.4229004904110755 0
901 0.2990333664902921 0.4671773828541168 0
902 0.2595575905296695 0.4207476574105467 0
903 0.2729371806120481 0.3996856276892904 0
904 0.2578554727701812 0.373062604368091 0
905 0.290972950832871 0.3752154373686197 0
906 0.3090087210536939 0.350745247047949 0
907 0.3240904288955608 0.3773682703691484 0
908 0.293927013211827 0.3241222237267495 0
909 0.3270444912745167 0.3262750567272782 0
910 0.3572079069582507 0.3795211033696771 0
911 0.3450802614953397 0.3018048664066075 0
912 0.3601619693372067 0.328427889727807 0
913 0.3932794473998964 0.3305807227283357 0
914 0.3752436771790736 0.3550509130490064 0
915 0.4113152176207193 0.3061105324076649 0
916 0.4263969254625863 0.3327335557288644 0
917 0.3903253850209405 0.3816739363702059 0
918 0.3299985536534726 0.2751818430854081 0
919 0.3631160317161626 0.2773346760859368 0
920 0.3811518019369854 0.2528644857652661 0
921 0.3962335097788523 0.2794875090864655 0
922 0.3660700940951185 0.2262414624440666 0
923 0.3991875721578083 0.2283942954445953 0
924 0.4293509878415422 0.2816403420869942 0
925 0.4234428630836303 0.3838267693707346 0
926 0.4414786333044531 0.3593565790500639 0
927 0.4565603411463202 0.3859796023712633 0
928 0.4595144035252761 0.3348863887293931 0
929 0.4896778192090099 0.388132435371792 0
930 0.6630741913612958 0.6272800137281463 0
931 0.6933781764803842 0.6459903254428023 0
932 0.6628721041663801 0.6525214670512979 0
933 0.7238842487943884 0.6394591838343069 0
934 0.7236821615994729 0.6647006371574584 0
935 0.7240863359893039 0.6142177305111554 0
936 0.7543903211083924 0.6329280422258114 0
937 0.7539861467185613 0.6834109488721145 0
938 0.7234800744045573 0.6899420904806101 0
939 0.7848963934223966 0.6263969006173159 0
940 0.784694306227481 0.6516383539404674 0
941 0.8149982913465696 0.6703486656551235 0
942 0.7844922190325655 0.6768798072636191 0
943 0.8455043636605737 0.663817524046628 0
944 0.8453022764656581 0.6890589773697796 0
945 0.78429013183765 0.7021212605867706 0
946 0.7850984806173122 0.6011554472941643 0
947 0.8154024657364007 0.6198657590088203 0
948 0.8459085380504048 0.6133346174003249 0
949 0.8457064508554892 0.6385760707234764 0
950 0.8461106252453204 0.5880931640771734 0
951 0.8764146103644089 0.6068034757918294 0
952 0.8760104359745778 0.6572863824381325 0
953 0.8145941169567384 0.7208315723014267 0
954 0.7840880446427343 0.7273627139099221 0
955 0.8451001892707426 0.7143004306929311 0
956 0.8448981020758271 0.7395418840160828 0
957 0.8756062615847467 0.7077692890844356 0
958 0.8752020871949155 0.7582521957307388 0
959 0.8446960148809115 0.7647833373392343 0
960 0.6316221041663801 0.6604660514733732 0
961 0.6023989177037963 0.6798259521338935 0
962 0.6033449325847078 0.6531710559971621 0
963 0.6014529028228848 0.706480848270625 0
964 0.5731757312412125 0.6991858527944138 0
965 0.6297300744045573 0.7137758437468361 0
966 0.6005068879419734 0.7331357444073564 0
967 0.5439525447786285 0.718545753454934 0
968 0.5448985596595399 0.6918908573182027 0
969 0.5995608730610619 0.7597906405440878 0
970 0.5712837014793894 0.7524956450678766 0
971 0.5420605150168055 0.7718555457283969 0
972 0.543006529897717 0.7452006495916654 0
973 0.5411145001358941 0.7985104418651283 0
974 0.5128373285542216 0.7912154463889172 0
975 0.5147293583160446 0.7379056541154543 0
976 0.6278380446427343 0.767085636020299 0
977 0.5986148581801505 0.7864455366808193 0
978 0.597668843299239 0.8131004328175506 0
979 0.5693916717175665 0.8058054373413395 0
980 0.6259460148809114 0.8203954282937619 0
981 0.5967228284183275 0.8397553289542821 0
982 0.5401684852549826 0.8251653380018598 0
983 0.4855061718534607 0.7572655547759746 0
984 0.4864521867343722 0.7306106586392431 0
985 0.4845601569725493 0.783920450912706 0
986 0.4562829853908767 0.7766254554364949 0
987 0.4836141420916378 0.8105753470494375 0
988 0.4270597989282929 0.7959853560970152 0
989 0.4280058138092044 0.7693304599602837 0
990 0.9064520871949155 0.7415053712037936 0
991 0.90625 0.7667468245269452 0
992 0.9066541743898312 0.716263917880642 0
993 0.9377020871949157 0.7247585466768485 0
994 0.9068562615847467 0.6910224645574905 0
995 0.9689520871949157 0.7080117221499033 0
996 0.9687500000000001 0.7332531754730548 0
997 0.9070583487796623 0.665781011234339 0
998 0.9381062615847467 0.6742756400305453 0
999 0.9693562615847467 0.6575288155036001 0
1000 0.9691541743898312 0.6827702688267517 0
1001 0.9695583487796623 0.6322873621804486 0
1002 1.000606261584747 0.640781990976655 0
1003 1.000202087194916 0.6912648976229581 0
1004 0.9072604359745778 0.6405395579111873 0
1005 0.9074625231694934 0.6152981045880358 0
1006 0.9385104359745778 0.6237927333842421 0
1007 0.907664610364409 0.5900566512648842 0
1008 0.969760435974578 0.607045908857297 0
1009 1.031452087194916 0.674518073096013 0
1010 1.03125 0.6997595264191645 0
1011 1.031654174389831 0.6492766197728613 0
1012 1.062702087194916 0.6577712485690678 0
1013 1.031856261584747 0.6240351664497098 0
1014 1.093952087194916 0.6410244240421226 0
1015 1.09375 0.6662658773652741 0
1016 1.155713149076665 0.6403128927527779 0
1017 1.186963149076665 0.6570597172797232 0
1018 1.15625 0.6662658773652741 0
1019 1.21767629815333 0.6478535571941721 0
1020 1.218213149076665 0.6738065418066683 0
1021 1.217139447229995 0.6219005725816761 0
1022 1.248389447229995 0.6386473971086213 0
1023 1.249463149076665 0.6905533663336135 0
1024 1.21875 0.6997595264191645 0
1025 1.27910259630666 0.6294412370230703 0
1026 1.279639447229995 0.6553942216355664 0
1027 1.310889447229995 0.6721410461625116 0
1028 1.28017629815333 0.6813472062480626 0
1029 1.34160259630666 0.6629348860769606 0
1030 1.342139447229995 0.6888878706894568 0
1031 1.280713149076665 0.7073001908605587 0
1032 1.278565745383325 0.6034882524105741 0
1033 1.309815745383325 0.6202350769375193 0
1034 1.340528894459989 0.6110289168519684 0
1035 1.341065745383324 0.6369819014644644 0
1036 1.339992043536654 0.5850759322394722 0
1037 1.371242043536654 0.6018227567664174 0
1038 1.372315745383324 0.6537287259914096 0
1039 1.311963149076665 0.7240470153875038 0
1040 1.28125 0.7332531754730548 0
1041 1.34267629815333 0.714840855301953 0
1042 1.343213149076665 0.740793839914449 0
1043 1.373389447229995 0.7056346952164019 0
1044 1.374463149076665 0.7575406644413942 0
1045 1.34375 0.7667468245269452 0
1046 1.34375 0.7914382334759658 0
1047 1.3125 0.7746914089490206 0
1048 1.28125 0.7826359933710959 0
1049 1.28125 0.7579445844220754 0
1050 1.28125 0.8073274023201165 0
1051 1.25 0.7905805777931713 0
1052 1.25 0.7411977598951301 0
1053 1.21875 0.7985251622152466 0
1054 1.21875 0.7738337532662261 0
1055 1.1875 0.757086928739281 0
1056 1.21875 0.7491423443172056 0
1057 1.15625 0.7650315131613563 0
1058 1.15625 0.7403401042123358 0
1059 1.21875 0.7244509353681849 0
1060 1.21875 0.8232165711642672 0
1061 1.1875 0.806469746637322 0
1062 1.15625 0.8144143310593974 0
1063 1.15625 0.7897229221103769 0
1064 1.15625 0.8391057400084179 0
1065 1.125 0.8223589154814728 0
1066 1.125 0.7729760975834317 0
1067 1.1875 0.7077041108412399 0
1068 1.15625 0.7156486952633152 0
1069 1.15625 0.6909572863142946 0
1070 1.125 0.7235932796853906 0
1071 1.125 0.6742104617873494 0
1072 0.84375 0.7914382334759658 0
1073 0.8134460148809115 0.7727279217613097 0
1074 0.7821960148809115 0.780672506183385 0
1075 0.7831420297618229 0.7540176100466536 0
1076 0.78125 0.8073274023201165 0
1077 0.7509460148809115 0.7886170906054604 0
1078 0.7528380446427343 0.7353072983319975 0
1079 0.7196960148809115 0.7965616750275357 0
1080 0.7206420297618229 0.7699067788908043 0
1081 0.6903380446427343 0.7511964671761482 0
1082 0.7215880446427343 0.7432518827540728 0
1083 0.6590880446427343 0.7591410515982236 0
1084 0.6600340595236458 0.7324861554614922 0
1085 0.7225340595236458 0.7165969866173414 0
1086 0.71875 0.8232165711642672 0
1087 0.6884460148809115 0.8045062594496111 0
1088 0.6571960148809115 0.8124508438716864 0
1089 0.6581420297618229 0.7857959477349551 0
1090 0.65625 0.8391057400084179 0
1091 0.6922300744045573 0.6978866749026854 0
1092 0.6609800744045573 0.7058312593247608 0
1093 0.6619260892854687 0.6791763631880293 0
1094 1.09375 0.6909572863142946 0
1095 1.09375 0.7156486952633152 0
1096 1.0625 0.7077041108412399 0
1097 1.09375 0.7403401042123358 0
1098 1.03125 0.7244509353681849 0
1099 1.09375 0.7650315131613563 0
1100 1.0625 0.757086928739281 0
1101 1.03125 0.7738337532662261 0
1102 1.03125 0.7491423443172056 0
1103 1.03125 0.7985251622152466 0
1104 1 0.7905805777931713 0
1105 1 0.7411977598951301 0
1106 1.09375 0.7897229221103769 0
1107 1.09375 0.8144143310593974 0
1108 1.0625 0.806469746637322 0
1109 1.09375 0.8391057400084179 0
1110 1.03125 0.8232165711642672 0
1111 0.96875 0.7579445844220754 0
1112 0.96875 0.7826359933710959 0
1113 0.9375 0.7746914089490206 0
1114 0.96875 0.8073274023201165 0
1115 0.90625 0.7914382334759658 0
1116 1.775714648707239 0.6357333349999679 0
1117 1.772461927493421 0.6047553235753476 0
1118 1.799070719590349 0.6098318151585826 0
1119 1.745853135396493 0.5996788319921125 0
1120 1.769209206279603 0.5737773121507272 0
1121 1.722497064513384 0.6255803518334978 0
1122 1.719244343299565 0.5946023404088775 0
1123 1.765956485065784 0.5427993007261069 0
1124 1.792565277162712 0.547875792309342 0
1125 1.692635551202637 0.5895258488256424 0
1126 1.715991622085747 0.5636243289842571 0
1127 1.712738900871928 0.5326463175596368 0
1128 1.739347692968856 0.5377228091428718 0
1129 1.686130108775 0.5275698259764018 0
1130 1.70948617965811 0.5016683061350165 0
1131 1.762703763851965 0.5118212893014866 0
1132 1.669279480319528 0.6154273686670277 0
1133 1.66602675910571 0.5844493572424073 0
1134 1.639417967008782 0.5793728656591723 0
1135 1.662774037891891 0.553471345817787 0
1136 1.616061896125673 0.6052743855005576 0
1137 1.759451042638147 0.4808432778768663 0
1138 1.786059834735075 0.4859197694601013 0
1139 1.732842250541219 0.4757667862936312 0
1140 1.756198321424328 0.4498652664522459 0
1141 1.779554392307437 0.4239637466108607 0
1142 1.265602930368329 0.02696301595821887 0
1143 1.249977930368329 0.0540263098264826 0
1144 1.234375 0.02706329386826367 0
1145 1.265580860736657 0.08098932578470142 0
1146 1.234352930368329 0.08108960369474627 0
1147 1.296808791104986 0.08088904787465662 0
1148 1.281183791104986 0.1079523417429203 0
1149 1.218727930368329 0.1081528975630099 0
1150 1.203125 0.08118988160479113 0
1151 1.296786721473315 0.1349153577011392 0
1152 1.265558791104986 0.135015635611184 0
1153 1.249933791104986 0.1620789294794477 0
1154 1.234330860736657 0.1351159135212289 0
1155 1.265536721473315 0.1890419454376666 0
1156 1.234308791104986 0.1891422233477114 0
1157 1.203102930368329 0.1352161914312737 0
1158 1.328014651841644 0.1348150797910944 0
1159 1.312389651841644 0.1618783736593581 0
1160 1.327992582209973 0.1888413896175769 0
1161 1.296764651841644 0.1889416675276218 0
1162 1.359220512578301 0.1887411117075321 0
1163 1.343595512578301 0.2158044055757958 0
1164 1.281139651841644 0.2160049613958854 0
1165 1.187477930368329 0.1622794852995374 0
1166 1.171875 0.1353164693413185 0
1167 1.203080860736657 0.1892425012577563 0
1168 1.171852930368329 0.1893427791678011 0
1169 1.218683791104986 0.2162055172159751 0
1170 1.156227930368329 0.2164060730360648 0
1171 1.140625 0.1894430570778459 0
1172 0.7196925779152364 0.4212611563314722 0
1173 0.7042733222822247 0.3954031733012228 0
1174 0.7349780438342761 0.3963325586781486 0
1175 0.6735686007301733 0.394473787924297 0
1176 0.688854066649213 0.3695451902709734 0
1177 0.6582831348111337 0.4194023855776206 0
1178 0.6428638791781219 0.3935444025473712 0
1179 0.6734348110162013 0.3436872072407239 0
1180 0.7041395325682527 0.3446165926176498 0
1181 0.6121591576260706 0.3926150171704453 0
1182 0.6274446235451103 0.3676864195171217 0
1183 0.6120253679120986 0.3418284364868723 0
1184 0.6427300894641499 0.3427578218637981 0
1185 0.5813206463600472 0.3408990511099464 0
1186 0.5966061122790869 0.3159704534566229 0
1187 0.6580155553831896 0.3178292242104745 0
1188 0.596873691707031 0.4175436148237689 0
1189 0.5814544360740193 0.3916856317935195 0
1190 0.5507497145219679 0.3907562464165937 0
1191 0.5660351804410075 0.3658276487632701 0
1192 0.5354642486029282 0.4156848440699173 0
1193 0.5200449929699165 0.3898268610396678 0
1194 0.5506159248079958 0.3399696657330207 0
1195 0.6425962997501778 0.2919712411802251 0
1196 0.6733010213022292 0.2929006265571509 0
1197 0.6118915781981265 0.2910418558032993 0
1198 0.6271770441171661 0.2661132581499757 0
1199 0.5811868566460752 0.2901124704263734 0
1200 0.6117577884841544 0.2402552751197263 0
1201 0.6424625100362058 0.2411846604966521 0
1202 1.390636086486369 0.239219147262396 0
1203 1.375029477846095 0.2650419086520178 0
1204 1.359216834306356 0.2415268890553728 0
1205 1.390842121385834 0.2885569282486629 0
1206 1.359422869205821 0.2908646700416396 0
1207 1.422261373565846 0.286249186455686 0
1208 1.406654764925572 0.3120719478453078 0
1209 1.343816260565547 0.3166874314312615 0
1210 1.328003617025808 0.2931724118346165 0
1211 1.422467408465311 0.3355869674419528 0
1212 1.391048156285298 0.3378947092349296 0
1213 1.375441547645024 0.3637174706245515 0
1214 1.359628904105286 0.3402024510279065 0
1215 1.391254191184763 0.3872324902211965 0
1216 1.35983493900475 0.3895402320141733 0
1217 1.328209651925273 0.3425101928208834 0
1218 1.453886660645324 0.333279225648976 0
1219 1.438280052005049 0.3591019870385978 0
1220 1.454092695544788 0.3826170066352428 0
1221 1.422673443364776 0.3849247484282197 0
1222 1.485511947724801 0.380309264842266 0
1223 1.469905339084527 0.4061320262318878 0
1224 1.407066834724501 0.4107475098178415 0
1225 1.312603043284999 0.3683329542105052 0
1226 1.29679039974526 0.3448179346138601 0
1227 1.328415686824738 0.3918479738071502 0
1228 1.296996434644725 0.394155715600127 0
1229 1.344228330364476 0.4153629934037952 0
1230 1.281389826004451 0.4199784769897488 0
1231 1.265577182464712 0.3964634573931038 0
1232 1.234349252096384 0.4506903230396761 0
1233 1.203117689028584 0.4502540098676016 0
1234 1.218739010756639 0.4218499056106512 0
1235 1.187496367300529 0.4786581141245521 0
1236 1.171886125960785 0.4498176966955272 0
1237 1.203106608640274 0.5074985315535769 0
1238 1.171875045572475 0.5070622183815024 0
1239 1.140654562892985 0.4493813835234527 0
1240 1.15627588462104 0.4209772792665023 0
1241 1.15625372384442 0.5354663226384528 0
1242 1.140643482504675 0.506625905209428 0
1243 1.109411919436876 0.5061895920373536 0
1244 1.125033241164931 0.4777854877804031 0
1245 1.093790597708821 0.534593696294304 0
1246 1.078180356369076 0.5057532788652791 0
1247 1.109422999825186 0.4489450703513783 0
1248 1.171863965184164 0.5643067400674777 0
1249 1.140632402116365 0.5638704268954032 0
1250 1.12501108038831 0.5922745311523536 0
1251 1.109400839048566 0.5634341137233289 0
1252 1.140621321728055 0.6211149485813785 0
1253 1.109389758660255 0.6206786354093041 0
1254 1.078169275980766 0.5629978005512544 0
1255 1.078191436757387 0.4485087571793038 0
1256 1.093812758485441 0.4201046529223534 0
1257 1.062570115029332 0.4769128614362542 0
1258 1.046959873689587 0.4480724440072293 0
1259 1.046948793301277 0.5053169656932046 0
1260 1.015728310621788 0.4476361308351549 0
1261 1.031349632349843 0.4192320265782045 0
1262 0.7656675678000666 0.02703871733743646 0
1263 0.7502979746004659 0.05395455202073685 0
1264 0.7346304068003993 0.02691583468330033 0
1265 0.7659655424005324 0.0809932693581733 0
1266 0.7349283814008651 0.08087038670403712 0
1267 0.7970027034001996 0.08111615201230948 0
1268 0.7816331102005989 0.1080319866956098 0
1269 0.7195587882012644 0.1077862213873375 0
1270 0.7038912204011978 0.080747504049901 0
1271 0.7973006780006655 0.1350707040330463 0
1272 0.7662635170009982 0.1349478213789101 0
1273 0.7508939238013974 0.1618636560622104 0
1274 0.7352263560013309 0.134824938724774 0
1275 0.766561491601464 0.1889023733996469 0
1276 0.7355243306017967 0.1887794907455108 0
1277 0.7041891950016637 0.1347020560706378 0
1278 0.8283378390003328 0.1351935866871824 0
1279 0.812968245800732 0.1621094213704828 0
1280 0.8286358136007985 0.1891481387079192 0
1281 0.7975986526011313 0.1890252560537831 0
1282 0.8596729746004659 0.1892710213620554 0
1283 0.8443033814008651 0.2161868560453557 0
1284 0.7822290594015305 0.2159410907370835 0
1285 0.6888196018020629 0.1616178907539382 0
1286 0.6731520340019963 0.1345791734165017 0
1287 0.7044871696021294 0.1886566080913746 0
1288 0.6734500086024622 0.1885337254372385 0
1289 0.7201547374021959 0.2156953254288111 0
1290 0.6580804154028614 0.2154495601205388 0
1291 0.6424128476027948 0.1884108427831023 0
1292 1.093792567800067 0.2164817744152824 0
1293 1.078167567800067 0.1894184805470187 0
1294 1.109375 0.1894430570778459 0
1295 1.046960135600133 0.1893939040161915 0
1296 1.062542567800067 0.162355186678755 0
1297 1.0313777034002 0.216432621353628 0
1298 1.0157527034002 0.1893693274853643 0
1299 1.046917567800067 0.1352918928104913 0
1300 1.078125 0.1353164693413185 0
1301 0.9845452712002661 0.1893447509545371 0
1302 1.0001277034002 0.1623060336171006 0
1303 0.9845027034001996 0.1352427397488368 0
1304 1.015710135600133 0.135267316279664 0
1305 0.9532952712002661 0.1352181632180096 0
1306 0.9688777034001996 0.1081794458805732 0
1307 1.031292567800067 0.1082285989422276 0
1308 0.9689628390003328 0.2163834682919735 0
1309 0.9533378390003328 0.1893201744237099 0
1310 0.9221304068003993 0.1892955978928826 0
1311 0.9377128390003328 0.1622568805554461 0
1312 0.9065479746004658 0.2163343152303191 0
1313 0.8909229746004658 0.1892710213620554 0
1314 0.9220878390003328 0.1351935866871824 0
1315 1.015667567800067 0.08116530507396391 0
1316 1.046875 0.08118988160479113 0
1317 0.9844601356001331 0.0811407285431367 0
1318 1.000042567800067 0.05410201120570018 0
1319 0.9532527034001996 0.08111615201230948 0
1320 0.9844175678000665 0.02703871733743646 0
1321 1.015625 0.02706329386826367 0
1322 1.592801005838137 0.2121944008141821 0
1323 1.577308423628164 0.1857327744061874 0
1324 1.608448075469808 0.1852313848559632 0
1325 1.54616877178652 0.1862341639564115 0
1326 1.561815841418192 0.1592711479981926 0
1327 1.530521702154849 0.2131971799146304 0
1328 1.515029119944877 0.1867355535066356 0
1329 1.546323259208219 0.1328095215901979 0
1330 1.577462911049863 0.1323081320399737 0
1331 1.483889468103233 0.1872369430568598 0
1332 1.499536537734904 0.1602739270986409 0
1333 1.484043955524931 0.1338123006906461 0
1334 1.515183607366575 0.133310911140422 0
1335 1.452904303683288 0.1343136902408703 0
1336 1.468551373314959 0.1073506742826514 0
1337 1.530830676998246 0.1063478951822031 0
1338 1.468242398471562 0.2141999590150786 0
1339 1.452749816261589 0.1877383326070839 0
1340 1.421610164419945 0.188239722157308 0
1341 1.437257234051616 0.1612767061990891 0
1342 1.405963094788274 0.2152027381155269 0
1343 1.390470512578301 0.1887411117075321 0
1344 1.421764651841644 0.1348150797910944 0
1345 1.515338094788274 0.0798862687742084 0
1346 1.546477746629918 0.07938487922398429 0
1347 1.48419844294663 0.08038765832443251 0
1348 1.499845512578301 0.05342464236621364 0
1349 1.453058791104986 0.08088904787465662 0
1350 1.484352930368329 0.02696301595821887 0
1351 1.515492582209973 0.02646162640799476 0
1352 1.975290430100521 0.7363512283229003 0
1353 1.975290430100521 0.7051012283229003 0
1354 1.950580860201042 0.6914524566458007 0
1355 1.975290430100521 0.6738512283229003 0
1356 1.925871290301563 0.7090536849687011 0
1357 1.925871290301563 0.6778036849687011 0
1358 1.975290430100521 0.6426012283229003 0
1359 1.901161720402084 0.6641549132916015 0
1360 1.925871290301563 0.6465536849687011 0
1361 1.925871290301563 0.6153036849687011 0
1362 1.950580860201042 0.6289524566458007 0
1363 1.901161720402084 0.6016549132916015 0
1364 1.925871290301563 0.5840536849687011 0
1365 1.975290430100521 0.6113512283229003 0
1366 1.876452150502605 0.6817561416145018 0
1367 1.876452150502605 0.6505061416145018 0
1368 1.851742580603126 0.6368573699374023 0
1369 1.876452150502605 0.6192561416145018 0
1370 1.827033010703647 0.6544585982603026 0
1371 1.827033010703647 0.6232085982603026 0
1372 1.876452150502605 0.5880061416145018 0
1373 1.975290430100521 0.5801012283229003 0
1374 1.950580860201042 0.5664524566458007 0
1375 1.975290430100521 0.5488512283229003 0
1376 1.925871290301563 0.552803684968701 0
1377 1.975290430100521 0.5176012283229003 0
1378 0.7356686519147883 0.4486431184119285 0
1379 0.7049639303627369 0.4477137330350027 0
1380 0.6902352828102374 0.4741663097385331 0
1381 0.6742592088106856 0.4467843476580768 0
1382 0.7062113568097892 0.5015482718189894 0
1383 0.6755066352577379 0.5006188864420636 0
1384 0.6435544872586342 0.4458549622811511 0
1385 0.6607779877052383 0.5270714631455941 0
1386 0.6448019137056865 0.4996895010651378 0
1387 0.6140971921536351 0.498760115688212 0
1388 0.6288258397061346 0.4723075389846815 0
1389 0.5993685446011356 0.5252126923917425 0
1390 0.5833924706015838 0.4978307303112862 0
1391 0.6128497657065828 0.4449255769042252 0
1392 0.6767540617047902 0.5544534252260503 0
1393 0.6460493401527388 0.5535240398491246 0
1394 0.6313206926002393 0.5799766165526551 0
1395 0.6153446186006875 0.5525946544721988 0
1396 0.6472967665997911 0.6073585786331114 0
1397 0.6165920450477398 0.6064291932561855 0
1398 0.5846398970486361 0.5516652690952729 0
1399 0.5821450441545315 0.4439961915272994 0
1400 0.5674163966020319 0.4704487682308299 0
1401 0.55144032260248 0.4430668061503736 0
1402 0.5526877490495323 0.4969013449343603 0
1403 0.5207356010504287 0.4421374207734478 0
1404 0.7033804068003993 0.02691583468330033 0
1405 0.6880108136007985 0.05383166936660067 0
1406 0.6721304068003993 0.02691583468330033 0
1407 0.6726412204011978 0.080747504049901 0
1408 0.6408804068003993 0.02691583468330033 0
1409 0.657271627201597 0.1076633387332013 0
1410 0.6413912204011978 0.080747504049901 0
1411 0.6101412204011978 0.080747504049901 0
1412 0.6255108136007985 0.05383166936660067 0
1413 0.594771627201597 0.1076633387332013 0
1414 0.5788912204011978 0.080747504049901 0
1415 0.6096304068003993 0.02691583468330033 0
1416 0.6419020340019963 0.1345791734165017 0
1417 0.6265324408023956 0.161495008099802 0
1418 0.6106520340019963 0.1345791734165017 0
1419 0.6111628476027948 0.1884108427831023 0
1420 0.5794020340019963 0.1345791734165017 0
1421 0.5783804068003993 0.02691583468330033 0
1422 0.5630108136007985 0.05383166936660067 0
1423 0.5471304068003993 0.02691583468330033 0
1424 0.5476412204011978 0.080747504049901 0
1425 0.5158804068003993 0.02691583468330033 0
1426 0.9531675678000665 0.02703871733743646 0
1427 0.9375851356001331 0.05407743467487297 0
1428 0.9219175678000665 0.02703871733743646 0
1429 0.9220027034001996 0.08111615201230948 0
1430 0.8906675678000665 0.02703871733743646 0
1431 0.9064202712002662 0.1081548693497459 0
1432 0.8907527034001996 0.08111615201230948 0
1433 0.8595027034001996 0.08111615201230948 0
1434 0.8750851356001331 0.05407743467487297 0
1435 0.8439202712002662 0.1081548693497459 0
1436 0.8282527034001996 0.08111615201230948 0
1437 0.8594175678000666 0.02703871733743646 0
1438 0.8908378390003328 0.1351935866871824 0
1439 0.8752554068003993 0.1622323040246189 0
1440 0.8595878390003328 0.1351935866871824 0
1441 0.8281675678000666 0.02703871733743646 0
1442 0.8125851356001331 0.05407743467487297 0
1443 0.7969175678000666 0.02703871733743646 0
1444 1.203125 0.02706329386826367 0
1445 1.1875 0.0541265877365274 0
1446 1.171875 0.02706329386826367 0
1447 1.171875 0.08118988160479113 0
1448 1.140625 0.02706329386826367 0
1449 1.15625 0.1082531754730548 0
1450 1.140625 0.08118988160479113 0
1451 1.109375 0.08118988160479113 0
1452 1.125 0.0541265877365274 0
1453 1.09375 0.1082531754730548 0
1454 1.078125 0.08118988160479113 0
1455 1.109375 0.02706329386826367 0
1456 1.140625 0.1353164693413185 0
1457 1.125 0.1623797632095823 0
1458 1.109375 0.1353164693413185 0
1459 1.078125 0.02706329386826367 0
1460 1.0625 0.0541265877365274 0
1461 1.046875 0.02706329386826367 0
1462 1.453102930368329 0.02696301595821887 0
1463 1.437455860736657 0.05392603191643774 0
1464 1.421852930368329 0.02696301595821887 0
1465 1.421808791104986 0.08088904787465662 0
1466 1.390602930368329 0.02696301595821887 0
1467 1.406161721473315 0.1078520638328755 0
1468 1.390558791104986 0.08088904787465662 0
1469 1.359308791104986 0.08088904787465662 0
1470 1.374955860736657 0.05392603191643774 0
1471 1.343661721473315 0.1078520638328755 0
1472 1.328058791104986 0.08088904787465662 0
1473 1.359352930368329 0.02696301595821887 0
1474 1.390514651841644 0.1348150797910944 0
1475 1.374867582209973 0.1617780957493132 0
1476 1.359264651841644 0.1348150797910944 0
1477 1.328102930368329 0.02696301595821887 0
1478 1.312455860736657 0.05392603191643774 0
1479 1.296852930368329 0.02696301595821887 0
1480 1.734242582209973 0.02646162640799476 0
1481 1.702992582209973 0.02646162640799476 0
1482 1.687235164419945 0.05292325281598953 0
1483 1.671742582209973 0.02646162640799476 0
1484 1.702727746629918 0.07938487922398429 0
1485 1.671477746629918 0.07938487922398429 0
1486 1.640492582209973 0.02646162640799476 0
1487 1.655720328839891 0.105846505631979 0
1488 1.640227746629918 0.07938487922398429 0
1489 1.608977746629918 0.07938487922398429 0
1490 1.624735164419945 0.05292325281598953 0
1491 1.593220328839891 0.105846505631979 0
1492 1.577727746629918 0.07938487922398429 0
1493 1.609242582209973 0.02646162640799476 0
1494 1.671212911049863 0.1323081320399737 0
1495 1.639962911049863 0.1323081320399737 0
1496 1.624205493259836 0.1587697584479685 0
1497 1.608712911049863 0.1323081320399737 0
1498 1.639698075469808 0.1852313848559632 0
1499 1.577992582209973 0.02646162640799476 0
1500 1.562235164419945 0.05292325281598953 0
1501 1.546742582209973 0.02646162640799476 0
1502 0.02997746281866975 0.2684415993360952 0
1503 0.02997746281866975 0.2996915993360952 0
1504 0.05995492563733951 0.3181331986721904 0
1505 0.02997746281866975 0.3309415993360952 0
1506 0.08993238845600926 0.3053247980082856 0
1507 0.08993238845600926 0.3365747980082856 0
1508 0.02997746281866975 0.3621915993360952 0
1509 0.1199098512746791 0.3550163973443808 0
1510 0.08993238845600926 0.3678247980082856 0
1511 0.08993238845600926 0.3990747980082857 0
1512 0.05995492563733951 0.3806331986721904 0
1513 0.1199098512746791 0.4175163973443808 0
1514 0.08993238845600926 0.4303247980082857 0
1515 0.02997746281866975 0.3934415993360952 0
1516 0.149887314093349 0.3422079966804761 0
1517 0.149887314093349 0.3734579966804761 0
1518 0.1798647769120187 0.3918995960165713 0
1519 0.149887314093349 0.4047079966804761 0
1520 0.2098422397306885 0.3790911953526664 0
1521 0.2098422397306885 0.4103411953526664 0
1522 0.149887314093349 0.4359579966804761 0
1523 0.02997746281866975 0.4246915993360952 0
1524 0.05995492563733951 0.4431331986721905 0
1525 0.02997746281866975 0.4559415993360952 0
1526 0.08993238845600926 0.4615747980082857 0
1527 0.02997746281866975 0.4871915993360952 0
1528 0.8597226370338769 0.2420448390756051 0
1529 0.8286854760342095 0.241921956421469 0
1530 0.8130675706675539 0.2676570567975822 0
1531 0.7976483150345421 0.2417990737673328 0
1532 0.8284868263005656 0.2935150398278317 0
1533 0.7974496653008983 0.2933921571736955 0
1534 0.766611154034875 0.2416761911131967 0
1535 0.7818317599342428 0.3191272575498088 0
1536 0.7664125043012311 0.2932692745195594 0
1537 0.7353753433015638 0.2931463918654232 0
1538 0.7509932486682194 0.26741129148931 0
1539 0.7197574379349082 0.3188814922415365 0
1540 0.7043381823018966 0.2930235092112871 0
1541 0.7355739930352077 0.2415533084590605 0
1542 0.7972510155672545 0.3449852405800582 0
1543 0.7662138545675872 0.3448623579259221 0
1544 0.7505959492009316 0.3705974583020354 0
1545 0.7351766935679199 0.3447394752717859 0
1546 0.7660152048339434 0.3964554413322848 0
1547 0.7045368320355404 0.2414304258049244 0
1548 0.6889189266688849 0.2671655261810376 0
1549 0.6734996710358732 0.2413075431507882 0
1550 1.109389758660255 0.2417925212536122 0
1551 1.078182326460322 0.241767944722785 0
1552 1.062572085120577 0.2670541150302875 0
1553 1.046974894260388 0.2417433681919577 0
1554 1.078169275980766 0.2923648618686173 0
1555 1.046961843780833 0.2923402853377901 0
1556 1.015767462060455 0.2417187916611305 0
1557 1.031351602441088 0.3176264556452926 0
1558 1.015754411580899 0.2923157088069628 0
1559 0.9845469793809658 0.2922911322761356 0
1560 1.00015722072071 0.267004961968633 0
1561 0.9689367380412212 0.3175773025836382 0
1562 0.9533395471810323 0.2922665557453084 0
1563 0.9845600298605216 0.2416942151303033 0
1564 1.046948793301277 0.3429372024836224 0
1565 1.015741361101343 0.3429126259527951 0
1566 1.000131119761599 0.3681987962602977 0
1567 0.98453392890141 0.3428880494219679 0
1568 1.015728310621788 0.3935095430986275 0
1569 0.9845208784218543 0.3934849665678003 0
1570 0.9533264967014766 0.3428634728911407 0
1571 0.9533525976605881 0.2416696385994761 0
1572 0.9377423563208435 0.2669558089069786 0
1573 0.9221451654606546 0.2416450620686489 0
1574 0.9221321149810989 0.2922419792144812 0
1575 0.8909377332607212 0.2416204855378217 0
1576 1.327988903938027 0.2416271669654176 0
1577 1.312382295297753 0.2674499283550394 0
1578 1.296760973569699 0.2417274448754625 0
1579 1.296775686657479 0.2932726897446613 0
1580 1.26553304320137 0.2418277227855073 0
1581 1.281169078017205 0.3190954511342832 0
1582 1.265547756289151 0.2933729676547062 0
1583 1.234319825920822 0.293473245564751 0
1584 1.249926434561096 0.2676504841751292 0
1585 1.218713217280548 0.3192960069543728 0
1586 1.203091895552493 0.2935735234747958 0
1587 1.234305112833041 0.2419280006955521 0
1588 1.265562469376931 0.344918212523905 0
1589 1.249955860736657 0.3707409739135268 0
1590 1.234334539008603 0.3450184904339498 0
1591 1.234349252096384 0.3965637353031487 0
1592 1.203106608640274 0.3451187683439947 0
1593 1.203077182464712 0.242028278605597 0
1594 1.187470573824438 0.2678510399952188 0
1595 1.171849252096383 0.2421285565156418 0
1596 1.171863965184164 0.2936738013848407 0
1597 1.140621321728055 0.2422288344256867 0
1598 0.8753198278940656 0.2673555859139349 0
1599 0.8909170187542544 0.2926663327522647 0
1600 0.8597019225274101 0.2930906862900482 0
1601 0.9065142096144433 0.3179770795905945 0
1602 0.8440840171607544 0.3188257866661615 0
1603 0.9221114004746321 0.3432878264289242 0
1604 0.8908963042477878 0.3437121799667077 0
1605 0.8752783988811321 0.369447280342821 0
1606 0.8596812080209433 0.3441365335044912 0
1607 0.890875589741321 0.3947580271811508 0
1608 0.8596604935144766 0.3951823807189343 0
1609 0.8284661117940989 0.3445608870422747 0
1610 0.937708591334821 0.368598573267254 0
1611 0.9533057821950098 0.3939093201055838 0
1612 0.9220906859681655 0.3943336736433672 0
1613 0.9689029730551987 0.4192200669439136 0
1614 0.9064727806015098 0.4200687740194805 0
1615 0.8128482064274434 0.370295987418388 0
1616 0.8284453972876322 0.3956067342567178 0
1617 0.7972303010607877 0.3960310877945012 0
1618 0.8440425881478211 0.4209174810950476 0
1619 0.7816123956941322 0.4217661881706145 0
1620 1.265625 0.9729367061317363 0
1621 1.296875 0.9729367061317363 0
1622 1.3125 0.9458734122634727 0
1623 1.328125 0.9729367061317363 0
1624 1.296875 0.9188101183952089 0
1625 1.328125 0.9188101183952089 0
1626 1.359375 0.9729367061317363 0
1627 1.34375 0.8917468245269452 0
1628 1.359375 0.9188101183952089 0
1629 1.390625 0.9188101183952089 0
1630 1.375 0.9458734122634727 0
1631 1.40625 0.8917468245269452 0
1632 1.421875 0.9188101183952089 0
1633 1.390625 0.9729367061317363 0
1634 1.328125 0.8646835306586815 0
1635 1.359375 0.8646835306586815 0
1636 1.375 0.8376202367904177 0
1637 1.390625 0.8646835306586815 0
1638 1.359375 0.8105569429221541 0
1639 1.390625 0.8105569429221541 0
1640 1.421875 0.8646835306586815 0
1641 1.421875 0.9729367061317363 0
1642 1.4375 0.9458734122634727 0
1643 1.453125 0.9729367061317363 0
1644 1.453125 0.9188101183952089 0
1645 1.484375 0.9729367061317363 0
1646 0.765625 0.9729367061317363 0
1647 0.796875 0.9729367061317363 0
1648 0.8125 0.9458734122634727 0
1649 0.828125 0.9729367061317363 0
1650 0.796875 0.9188101183952089 0
1651 0.828125 0.9188101183952089 0
1652 0.859375 0.9729367061317363 0
1653 0.84375 0.8917468245269452 0
1654 0.859375 0.9188101183952089 0
1655 0.890625 0.9188101183952089 0
1656 0.875 0.9458734122634727 0
1657 0.90625 0.8917468245269452 0
1658 0.921875 0.9188101183952089 0
1659 0.890625 0.9729367061317363 0
1660 0.828125 0.8646835306586815 0
1661 0.859375 0.8646835306586815 0
1662 0.875 0.8376202367904177 0
1663 0.890625 0.8646835306586815 0
1664 0.859375 0.8105569429221541 0
1665 0.890625 0.8105569429221541 0
1666 0.921875 0.8646835306586815 0
1667 0.921875 0.9729367061317363 0
1668 0.9375 0.9458734122634727 0
1669 0.953125 0.9729367061317363 0
1670 0.953125 0.9188101183952089 0
1671 0.984375 0.9729367061317363 0
1672 0.2685978284183276 0.9735862950776005 0
1673 0.2998478284183276 0.9735862950776005 0
1674 0.3184456568366552 0.9471725901552011 0
1675 0.3310978284183276 0.9735862950776005 0
1676 0.3057934852549827 0.9207588852328015 0
1677 0.3370434852549827 0.9207588852328015 0
1678 0.3623478284183276 0.9735862950776005 0
1679 0.3556413136733103 0.894345180310402 0
1680 0.3682934852549827 0.9207588852328015 0
1681 0.3995434852549827 0.9207588852328015 0
1682 0.3809456568366552 0.9471725901552011 0
1683 0.4181413136733103 0.894345180310402 0
1684 0.4307934852549827 0.9207588852328015 0
1685 0.3935978284183276 0.9735862950776005 0
1686 0.3429891420916379 0.8679314753880025 0
1687 0.3742391420916379 0.8679314753880025 0
1688 0.3928369705099655 0.8415177704656029 0
1689 0.4054891420916379 0.8679314753880025 0
1690 0.3801847989282929 0.8151040655432035 0
1691 0.4114347989282929 0.8151040655432035 0
1692 0.4367391420916379 0.8679314753880025 0
1693 0.4248478284183276 0.9735862950776005 0
1694 0.4434456568366552 0.9471725901552011 0
1695 0.4560978284183276 0.9735862950776005 0
1696 0.4620434852549827 0.9207588852328015 0
1697 0.4873478284183276 0.9735862950776005 0
1698 1.203117689028584 0.3961274221310742 0
1699 1.171886125960785 0.3956911089589998 0
1700 1.187496367300529 0.3704049386514973 0
1701 1.140654562892985 0.3952547957869254 0
1702 1.171875045572475 0.3446824551719202 0
1703 1.109422999825186 0.3948184826148509 0
1704 1.125033241164931 0.3695323123073483 0
1705 1.109411919436876 0.3438098288277713 0
1706 1.140643482504675 0.3442461419998458 0
1707 1.078180356369076 0.3433735156556968 0
1708 1.093790597708821 0.3180873453481943 0
1709 1.15625372384442 0.3189599716923432 0
1710 1.078191436757387 0.3943821694427764 0
1711 1.046959873689587 0.3939458562707019 0
1712 1.062570115029332 0.3686596859631994 0
1713 1.140632402116365 0.2932374882127662 0
1714 1.109400839048566 0.2928011750406918 0
1715 1.12501108038831 0.2675150047331892 0
1716 1.577473997536232 0.2362108099610513 0
1717 1.562146989234327 0.2602272191079203 0
1718 1.546334345694588 0.2367121995112754 0
1719 1.546819980932421 0.2842436282547895 0
1720 1.515194693852944 0.2372135890614995 0
1721 1.531492972630516 0.3082600374016586 0
1722 1.515680329090778 0.2847450178050136 0
1723 1.484540677249134 0.2852464073552378 0
1724 1.499867685551039 0.2612299982083686 0
1725 1.469213668947229 0.3092628165021069 0
1726 1.45340102540749 0.2857477969054619 0
1727 1.4840550420113 0.2377149786117236 0
1728 1.516165964328611 0.3322764465485277 0
1729 1.500838956026706 0.3562928556953969 0
1730 1.485026312486967 0.3327778360987519 0
1731 1.452915390169657 0.2382163681619477 0
1732 1.437588381867751 0.2622327773088169 0
1733 1.421775738328013 0.2387177577121719 0
1734 1.401806638003593 0.7605816796618194 0
1735 1.434888969714347 0.7635060405881042 0
1736 1.408082331710754 0.7864180099801752 0
1737 1.46169560771794 0.7405940711960333 0
1738 1.467971301425101 0.766430401514389 0
1739 1.455419914010779 0.7147577408776774 0
1740 1.488502245721534 0.7176821018039623 0
1741 1.501053633135856 0.7693547624406738 0
1742 1.474246995132263 0.7922667318327448 0
1743 1.515308883725127 0.6947701324118913 0
1744 1.521584577432288 0.7206064627302471 0
1745 1.554666909143042 0.7235308236565319 0
1746 1.527860271139449 0.7464427930486028 0
1747 1.581473547146635 0.7006188542644609 0
1748 1.587749240853796 0.7264551845828167 0
1749 1.53413596484661 0.7722791233669587 0
1750 1.509033190017965 0.6689338020935355 0
1751 1.54211552172872 0.6718581630198203 0
1752 1.568922159732313 0.6489461936277493 0
1753 1.575197853439474 0.6747825239461052 0
1754 1.562646466025152 0.6231098633093934 0
1755 1.595728797735906 0.6260342242356783 0
1756 1.608280185150228 0.6777068848723899 0
1757 1.567218296557364 0.7752034842932436 0
1758 1.540411658553771 0.7981154536853146 0
1759 1.594024934560957 0.7522915149011726 0
1760 1.600300628268118 0.7781278452195284 0
1761 1.62083157256455 0.7293795455091016 0
1762 1.633382959978873 0.7810522061458132 0
1763 1.60657632197528 0.8039641755378841 0
1764 0.2553768908619922 0.4494694398413642 0
1765 0.2356390028816809 0.4262545771195792 0
1766 0.2751147788423035 0.4726843025631493 0
1767 0.2511961911943149 0.4781912222721817 0
1768 0.2948526668226148 0.4958991652849343 0
1769 0.2470154915266376 0.5069130047029993 0
1770 0.2272776035463264 0.4836981419812142 0
1771 0.3145905548029261 0.5191140280067194 0
1772 0.2906719671549375 0.5246209477157517 0
1773 0.2864912674872602 0.5533427301465693 0
1774 0.266753379506949 0.5301278674247842 0
1775 0.3062291554675716 0.5765575928683543 0
1776 0.282310567819583 0.5820645125773868 0
1777 0.2428347918589604 0.5356347871338167 0
1778 0.3343284427832374 0.5423288907285043 0
1779 0.3540663307635487 0.5655437534502894 0
1780 0.3301477431155601 0.5710506731593219 0
1781 0.3738042187438599 0.5887586161720744 0
1782 0.3259670434478827 0.5997724555901394 0
1783 0.2386540921912832 0.5643565695646342 0
1784 0.2189162042109718 0.5411417068428492 0
1785 0.2583919801715944 0.5875714322864193 0
1786 0.2344733925236059 0.5930783519954518 0
1787 0.2781298681519058 0.6107862950082044 0
1788 0.2302926928559286 0.6218001344262692 0
1789 0.2105548048756173 0.5985852717044843 0
1790 1.398048681540247 0.5789107873743464 0
1791 1.398585532463582 0.6048637719868425 0
1792 1.425929021390511 0.6079047872072677 0
1793 1.399122383386918 0.6308167565993387 0
1794 1.452735659394104 0.5849928178151967 0
1795 1.453272510317439 0.6109458024276928 0
1796 1.399659234310253 0.6567697412118348 0
1797 1.480615999244367 0.613986817648118 0
1798 1.453809361240774 0.636898787040189 0
1799 1.454346212164109 0.6628517716526852 0
1800 1.427002723237181 0.6598107564322599 0
1801 1.481689701091037 0.6658927868731103 0
1802 1.454883063087444 0.6888047562651813 0
1803 1.400196085233588 0.6827227258243309 0
1804 1.50742263724796 0.5910748482560471 0
1805 1.507959488171295 0.6170278328685431 0
1806 1.535302977098223 0.6200688480889683 0
1807 1.50849633909463 0.6429808174810393 0
1808 1.562109615101817 0.5971568786968974 0
1809 1.400732936156923 0.7086757104368271 0
1810 1.428076425083851 0.7117167256572523 0
1811 1.401269787080258 0.7346286950493233 0
1812 0.3986501497272741 0.7630105276010837 0
1813 0.4278733361898579 0.7436506269405634 0
1814 0.4277408585705114 0.7179707939208432 0
1815 0.4570965226524417 0.7242907262800431 0
1816 0.398385194488581 0.7116508615616433 0
1817 0.4276083809511648 0.692290960901123 0
1818 0.4863197091150256 0.7049308256195229 0
1819 0.4274759033318184 0.6666111278814026 0
1820 0.4568315674137489 0.6729310602406027 0
1821 0.4860547538763327 0.6535711595800824 0
1822 0.4861872314956792 0.6792509925998027 0
1823 0.4859222762569861 0.6278913265603622 0
1824 0.5152779403389165 0.6342112589195621 0
1825 0.5155428955776096 0.6855709249590026 0
1826 0.3981202392498879 0.6602911955222026 0
1827 0.427343425712472 0.6409312948616824 0
1828 0.4272109480931254 0.6152514618419622 0
1829 0.4565666121750558 0.6215713942011621 0
1830 0.3978552840111951 0.6089315294827622 0
1831 0.4270784704737789 0.5895716288222419 0
1832 0.4857897986376396 0.6022114935406419 0
1833 0.5447660820401934 0.6662110242984824 0
1834 0.544633604420847 0.6405311912787621 0
1835 0.5739892685027773 0.6468511236379622 0
1836 0.5445011268015004 0.6148513582590418 0
1837 0.6032124549653612 0.6274912229774419 0
1838 0.02579676315099255 0.5159133817669128 0
1839 0.02579676315099255 0.5471633817669128 0
1840 0.05159352630198499 0.5630767635338255 0
1841 0.02579676315099255 0.5784133817669128 0
1842 0.07739028945297743 0.5477401453007382 0
1843 0.07739028945297743 0.5789901453007382 0
1844 0.02579676315099255 0.6096633817669128 0
1845 0.10318705260397 0.5949035270676509 0
1846 0.07739028945297743 0.6102401453007382 0
1847 0.07739028945297743 0.6414901453007382 0
1848 0.05159352630198499 0.6255767635338254 0
1849 0.10318705260397 0.6574035270676508 0
1850 0.07739028945297743 0.6727401453007382 0
1851 0.02579676315099255 0.6409133817669128 0
1852 0.1289838157549625 0.5795669088345636 0
1853 0.1289838157549625 0.6108169088345636 0
1854 0.154780578905955 0.6267302906014763 0
1855 0.1289838157549625 0.6420669088345636 0
1856 0.1805773420569474 0.611393672368389 0
1857 0.1805773420569474 0.642643672368389 0
1858 0.1289838157549625 0.6733169088345636 0
1859 0.02579676315099255 0.6721633817669128 0
1860 0.05159352630198499 0.6880767635338254 0
1861 0.02579676315099255 0.7034133817669128 0
1862 0.07739028945297743 0.7039901453007382 0
1863 0.02579676315099255 0.7346633817669127 0
1864 1.972037708886702 0.48662321689828 0
1865 1.972037708886702 0.45537321689828 0
1866 1.944075417773405 0.4419964337965601 0
1867 1.972037708886702 0.42412321689828 0
1868 1.916113126660107 0.4598696506948401 0
1869 1.916113126660107 0.4286196506948401 0
1870 1.972037708886702 0.39287321689828 0
1871 1.88815083554681 0.4152428675931201 0
1872 1.916113126660107 0.3973696506948401 0
1873 1.916113126660107 0.3661196506948401 0
1874 1.944075417773405 0.3794964337965601 0
1875 1.88815083554681 0.3527428675931202 0
1876 1.916113126660107 0.3348696506948401 0
1877 1.972037708886702 0.36162321689828 0
1878 1.860188544433512 0.4331160844914002 0
1879 1.860188544433512 0.4018660844914002 0
1880 1.832226253320214 0.3884893013896802 0
1881 1.860188544433512 0.3706160844914002 0
1882 1.804263962206917 0.4063625182879603 0
1883 1.804263962206917 0.3751125182879603 0
1884 1.860188544433512 0.3393660844914002 0
1885 1.972037708886702 0.33037321689828 0
1886 1.944075417773405 0.3169964337965601 0
1887 1.972037708886702 0.29912321689828 0
1888 1.916113126660107 0.3036196506948401 0
1889 1.972037708886702 0.26787321689828 0
1890 0.4855132330394927 0.02522140901542447 0
1891 0.4542632330394927 0.02522140901542447 0
1892 0.4397764660789854 0.05044281803084899 0
1893 0.4230132330394927 0.02522140901542447 0
1894 0.456539699118478 0.07566422704627351 0
1895 0.425289699118478 0.07566422704627351 0
1896 0.3917632330394927 0.02522140901542447 0
1897 0.4108029321579707 0.100885636061698 0
1898 0.394039699118478 0.07566422704627351 0
1899 0.362789699118478 0.07566422704627351 0
1900 0.3772764660789854 0.05044281803084899 0
1901 0.3483029321579707 0.100885636061698 0
1902 0.331539699118478 0.07566422704627351 0
1903 0.3605132330394927 0.02522140901542447 0
1904 0.4275661651974634 0.1261070450771224 0
1905 0.3963161651974634 0.1261070450771224 0
1906 0.3818293982369561 0.1513284540925469 0
1907 0.3650661651974634 0.1261070450771224 0
1908 0.3985926312764487 0.1765498631079714 0
1909 0.3673426312764487 0.1765498631079714 0
1910 0.3338161651974634 0.1261070450771224 0
1911 0.3292632330394927 0.02522140901542447 0
1912 0.3147764660789854 0.05044281803084899 0
1913 0.2980132330394927 0.02522140901542447 0
1914 0.300289699118478 0.07566422704627351 0
1915 0.2667632330394927 0.02522140901542447 0
1916 1.517457331710754 0.9758610670580211 0
1917 1.548707331710754 0.9758610670580211 0
1918 1.566164663421509 0.9517221341160422 0
1919 1.579957331710754 0.9758610670580211 0
1920 1.552371995132263 0.9275832011740633 0
1921 1.583621995132263 0.9275832011740633 0
1922 1.611207331710754 0.9758610670580211 0
1923 1.601079326843017 0.9034442682320845 0
1924 1.614871995132263 0.9275832011740633 0
1925 1.646121995132263 0.9275832011740633 0
1926 1.628664663421509 0.9517221341160422 0
1927 1.663579326843017 0.9034442682320845 0
1928 1.677371995132263 0.9275832011740633 0
1929 1.642457331710754 0.9758610670580211 0
1930 1.587286658553771 0.8793053352901057 0
1931 1.618536658553771 0.8793053352901057 0
1932 1.635993990264526 0.8551664023481268 0
1933 1.649786658553771 0.8793053352901057 0
1934 1.62220132197528 0.8310274694061479 0
1935 1.65345132197528 0.8310274694061479 0
1936 1.681036658553771 0.8793053352901057 0
1937 1.673707331710754 0.9758610670580211 0
1938 1.691164663421509 0.9517221341160422 0
1939 1.704957331710754 0.9758610670580211 0
1940 1.708621995132263 0.9275832011740633 0
1941 1.736207331710754 0.9758610670580211 0
1942 0.5049632851280496 0.3632038377184684 0
1943 0.4898815772861826 0.3365808143972689 0
1944 0.5202487510470892 0.3382752400651448 0
1945 0.4747998694443157 0.3099577910760695 0
1946 0.5355342169661289 0.3133466424118212 0
1947 0.4597181616024488 0.2833347677548701 0
1948 0.4900853353633554 0.2850291934227459 0
1949 0.505370801282395 0.2601005957694223 0
1950 0.520452509124262 0.2867236190906218 0
1951 0.4902890934405281 0.2334775724482229 0
1952 0.5206562672014347 0.2351719981160987 0
1953 0.5508196828851686 0.2884180447584976 0
1954 0.4446364537605818 0.2567117444336706 0
1955 0.4295547459187149 0.2300887211124712 0
1956 0.4599219196796215 0.2317831467803471 0
1957 0.414473038076848 0.2034656977912718 0
1958 0.4752073855986612 0.2068545491270234 0
1959 0.5661051488042081 0.263489447105174 0
1960 0.5510234409623412 0.2368664237839746 0
1961 0.5813906147232478 0.2385608494518504 0
1962 0.5359417331204743 0.2102434004627751 0
1963 0.5966760806422875 0.2136322517985269 0
1964 1.823780289489828 0.5922305868356823 0
1965 1.820527568276009 0.5612525754110619 0
1966 1.848489859389307 0.5746293585127819 0
1967 1.817274847062191 0.5302745639864416 0
1968 1.873199429288786 0.5570281301898815 0
1969 1.814022125848372 0.4992965525618213 0
1970 1.84198441696167 0.5126733356635412 0
1971 1.866693986861149 0.4950721073406408 0
1972 1.869946708074967 0.5260501187652612 0
1973 1.86344126564733 0.4640940959160205 0
1974 1.891403556760628 0.4774708790177404 0
1975 1.897908999188265 0.5394269018669812 0
1976 1.810769404634553 0.4683185411372009 0
1977 1.807516683420735 0.4373405297125806 0
1978 1.835478974534033 0.4507173128143006 0
1979 1.922618569087744 0.5218256735440807 0
1980 1.919365847873926 0.4908476621194604 0
1981 1.947328138987223 0.5042244452211804 0
1982 0.2056615400630112 0.439062977783484 0
1983 0.2014808403953339 0.4677847602143015 0
1984 0.1756840772443414 0.4518713784473888 0
1985 0.1973001407276567 0.496506542645119 0
1986 0.1457066144256716 0.4646797791112936 0
1987 0.1931194410599792 0.5252283250759365 0
1988 0.1673226779089868 0.5093149433090238 0
1989 0.1373452150903171 0.5221233439729286 0
1990 0.1415259147579944 0.4934015615421111 0
1991 0.1331645154226397 0.5508451264037461 0
1992 0.1073677522716473 0.5349317446368334 0
1993 0.1157291516070018 0.4774881797751984 0
1994 0.188938741392302 0.553950107506754 0
1995 0.1847580417246248 0.5826718899375716 0
1996 0.1589612785736323 0.5667585081706588 0
1997 0.08575168878833206 0.4902965804391032 0
1998 0.08157098912065486 0.5190183628699206 0
1999 0.05577422596966231 0.5031049811030079 0
2000 0.5807956738418882 0.1867164171152265 0
2001 0.5504285000809817 0.1850219914473507 0
2002 0.564915267041489 0.1598005824319262 0
2003 0.5200613263200751 0.1833275657794748 0
2004 0.5490348602410897 0.1328847477486258 0
2005 0.4896941525591685 0.181633140111599 0
2006 0.5041809195196758 0.1564117310961745 0
2007 0.4883005127192765 0.1294958964128742 0
2008 0.5186676864801831 0.13119032208075 0
2009 0.45793333895837 0.1278014707449983 0
2010 0.4724201059188773 0.1025800617295738 0
2011 0.5331544534406905 0.1059689130653255 0
2012 0.4593269787982619 0.1799387144437231 0
2013 0.4289598050373553 0.1782442887758472 0
2014 0.4434465719978626 0.1530228797604228 0
2015 0.5172740466402912 0.07905307838202513 0
2016 0.4869068728793846 0.07735865271414932 0
2017 0.5013936398398919 0.05213724369872486 0
2018 1.423707331710754 0.8134813038484389 0
2019 1.456789663421509 0.8164056647747238 0
2020 1.439332331710754 0.8405445977167025 0
2021 1.489871995132263 0.8193300257010085 0
2022 1.454957331710754 0.8676078915849663 0
2023 1.522954326843017 0.8222543866272933 0
2024 1.505496995132263 0.8463933195692723 0
2025 1.521121995132263 0.873456613437536 0
2026 1.488039663421509 0.8705322525112511 0
2027 1.554204326843017 0.8763809743638208 0
2028 1.536746995132263 0.9005199073057997 0
2029 1.470582331710754 0.8946711854532301 0
2030 1.556036658553771 0.8251787475535782 0
2031 1.589118990264526 0.8281031084798631 0
2032 1.571661658553771 0.8522420414218419 0
2033 1.486207331710754 0.9217344793214938 0
2034 1.519289663421509 0.9246588402477786 0
2035 1.501832331710754 0.9487977731897574 0
2036 1.234375 0.9808812905538117 0
2037 1.25 0.953817996685548 0
2038 1.234375 0.9346992872393596 0
2039 1.265625 0.9267547028172842 0
2040 1.203125 0.9426438716614349 0
2041 1.21875 0.9155805777931713 0
2042 1.28125 0.8996914089490206 0
2043 1.203125 0.8964618683469829 0
2044 1.234375 0.8885172839249076 0
2045 1.25 0.8614539900566438 0
2046 1.265625 0.8805726995028322 0
2047 1.234375 0.8423352806104555 0
2048 1.265625 0.8343906961883801 0
2049 1.296875 0.8726281150807569 0
2050 1.171875 0.9044064527690583 0
2051 1.1875 0.8773431589007946 0
2052 1.171875 0.8582244494546063 0
2053 1.203125 0.8502798650325308 0
2054 1.140625 0.8661690338766816 0
2055 1.3125 0.8455648212124931 0
2056 1.296875 0.8264461117663048 0
2057 1.328125 0.8185015273442294 0
2058 0.921875 0.8185015273442294 0
2059 0.953125 0.8264461117663048 0
2060 0.9375 0.8455648212124931 0
2061 0.984375 0.8343906961883801 0
2062 0.953125 0.8726281150807569 0
2063 1.015625 0.8423352806104555 0
2064 1 0.8614539900566438 0
2065 1.015625 0.8885172839249076 0
2066 0.984375 0.8805726995028322 0
2067 1.046875 0.8964618683469829 0
2068 1.03125 0.9155805777931713 0
2069 0.96875 0.8996914089490206 0
2070 1.046875 0.8502798650325308 0
2071 1.078125 0.8582244494546063 0
2072 1.0625 0.8773431589007946 0
2073 1.109375 0.8661690338766816 0
2074 1.078125 0.9044064527690583 0
2075 0.984375 0.9267547028172842 0
2076 1.015625 0.9346992872393596 0
2077 1 0.953817996685548 0
2078 1.046875 0.9426438716614349 0
2079 1.015625 0.9808812905538117 0
2080 0.734375 0.9808812905538117 0
2081 0.75 0.953817996685548 0
2082 0.734375 0.9346992872393596 0
2083 0.765625 0.9267547028172842 0
2084 0.703125 0.9426438716614349 0
2085 0.71875 0.9155805777931713 0
2086 0.78125 0.8996914089490206 0
2087 0.703125 0.8964618683469829 0
2088 0.734375 0.8885172839249076 0
2089 0.75 0.8614539900566438 0
2090 0.765625 0.8805726995028322 0
2091 0.734375 0.8423352806104555 0
2092 0.765625 0.8343906961883801 0
2093 0.796875 0.8726281150807569 0
2094 0.671875 0.9044064527690583 0
2095 0.6875 0.8773431589007946 0
2096 0.671875 0.8582244494546063 0
2097 0.703125 0.8502798650325308 0
2098 0.640625 0.8661690338766816 0
2099 0.8125 0.8455648212124931 0
2100 0.796875 0.8264461117663048 0
2101 0.828125 0.8185015273442294 0
2102 0.4397119705099655 0.8223990610194146 0
2103 0.4679891420916378 0.8296940564956258 0
2104 0.4523641420916379 0.8488127659418141 0
2105 0.4962663136733103 0.8369890519718369 0
2106 0.4650163136733103 0.8752264708642137 0
2107 0.5245434852549826 0.8442840474480481 0
2108 0.5089184852549827 0.8634027568942364 0
2109 0.5215706568366552 0.889816461816636 0
2110 0.4932934852549827 0.8825214663404248 0
2111 0.5498478284183276 0.8971114572928471 0
2112 0.5342228284183276 0.9162301667390355 0
2113 0.4776684852549827 0.9016401757866132 0
2114 0.552820656836655 0.8515790429242592 0
2115 0.5810978284183275 0.8588740384004705 0
2116 0.5654728284183276 0.8779927478466588 0
2117 0.609375 0.8661690338766816 0
2118 0.578125 0.9044064527690583 0
2119 0.4903206568366552 0.9280538807090126 0
2120 0.5185978284183276 0.9353488761852238 0
2121 0.5029728284183276 0.9544675856314122 0
2122 0.546875 0.9426438716614349 0
2123 0.515625 0.9808812905538117 0
2124 1.265062401173048 0.4414841629541251 0
2125 1.249441079444994 0.4698882672110755 0
2126 1.264532906793604 0.489086211382475 0
2127 1.233819757716939 0.498292371468026 0
2128 1.295246055870269 0.479880051296924 0
2129 1.279624734142214 0.5082841555538744 0
2130 1.218198435988884 0.5266964757249764 0
2131 1.294716561490824 0.5274820997252738 0
2132 1.264003412414159 0.5366882598108248 0
2133 1.248382090686104 0.5650923640677752 0
2134 1.233290263337494 0.5458944198963758 0
2135 1.263473918034714 0.5842903082391747 0
2136 1.23276076895805 0.5934964683247257 0
2137 1.202577114260829 0.5551005799819267 0
2138 1.325429710567489 0.518275939639723 0
2139 1.309808388839434 0.5466800438966734 0
2140 1.324900216188044 0.5658779880680728 0
2141 1.294187067111379 0.5750841481536237 0
2142 1.355613365264709 0.5566718279825218 0
2143 1.186955792532775 0.5835046842388771 0
2144 1.202047619881385 0.6027026284102766 0
2145 1.17133447080472 0.6119087884958276 0
2146 1.078341845855171 0.6121840066130977 0
2147 1.047293933050087 0.6036893778168912 0
2148 1.062731604515426 0.5833435891840728 0
2149 1.016246020245002 0.5951947490206849 0
2150 1.047121363175682 0.5545031717550479 0
2151 0.9851981074399178 0.5867001202244785 0
2152 1.000635778905258 0.56635433159166 0
2153 0.9850255375655129 0.5375139141626352 0
2154 1.016073450370597 0.5460085429588416 0
2155 0.9539776247604285 0.5290192853664288 0
2156 0.9694152962257683 0.5086734967336103 0
2157 1.031511121835937 0.5256627543260231 0
2158 0.9541501946348333 0.5782054914282722 0
2159 0.9231022818297488 0.5697108626320657 0
2160 0.9385399532950887 0.5493650739992473 0
2161 0.8920543690246644 0.5612162338358594 0
2162 0.922929711955344 0.5205246565702224 0
2163 1.015900880496193 0.4968223368969982 0
2164 0.9848529676911081 0.4883277081007918 0
2165 1.000290639156448 0.4679819194679734 0
2166 0.9538050548860236 0.4798330793045855 0
2167 0.9846803978167032 0.4391415020389485 0
2168 0.7661747242287924 0.442111976803433 0
2169 0.7514460766762929 0.4685645535069635 0
2170 0.7672235014377975 0.4884859886019984 0
2171 0.7367174291237933 0.495017130210494 0
2172 0.7977295737518015 0.4819548469935029 0
2173 0.7830009261993021 0.5084074236970334 0
2174 0.7219887815712938 0.5214697069140244 0
2175 0.7987783509608066 0.5283288587920684 0
2176 0.7682722786468026 0.5348600004005639 0
2177 0.753543631094303 0.5613125771040943 0
2178 0.7377662063327984 0.5413911420090594 0
2179 0.7693210558558076 0.5812340121991293 0
2180 0.7388149835418034 0.5877651538076248 0
2181 0.7072601340187943 0.5479222836175549 0
2182 0.8292844232748108 0.5217977171835729 0
2183 0.8145557757223112 0.5482502938871033 0
2184 0.8303332004838158 0.5681717289821384 0
2185 0.7998271281698117 0.5747028705906339 0
2186 0.8608392727978199 0.5616405873736429 0
2187 0.6925314864662948 0.5743748603210854 0
2188 0.7083089112277994 0.5942962954161204 0
2189 0.6778028389137952 0.6008274370246158 0
2190 1.977123412263472 0.2416265877365275 0
2191 1.977123412263472 0.2103765877365275 0
2192 1.954246824526945 0.2020031754730549 0
2193 1.977123412263472 0.1791265877365275 0
2194 1.931370236790418 0.2248797632095823 0
2195 1.931370236790418 0.1936297632095823 0
2196 1.977123412263472 0.1478765877365275 0
2197 1.90849364905389 0.1852563509461097 0
2198 1.931370236790418 0.1623797632095823 0
2199 1.931370236790418 0.1311297632095823 0
2200 1.954246824526945 0.1395031754730549 0
2201 1.90849364905389 0.1227563509461097 0
2202 1.931370236790418 0.09987976320958225 0
2203 1.977123412263472 0.1166265877365275 0
2204 1.885617061317363 0.2081329386826372 0
2205 1.885617061317363 0.1768829386826372 0
2206 1.862740473580835 0.1685095264191646 0
2207 1.885617061317363 0.1456329386826372 0
2208 1.839863885844308 0.191386114155692 0
2209 1.839863885844308 0.160136114155692 0
2210 1.885617061317363 0.1143829386826372 0
2211 1.977123412263472 0.08537658773652745 0
2212 1.954246824526945 0.07700317547305485 0
2213 1.977123412263472 0.05412658773652745 0
2214 1.931370236790418 0.06862976320958225 0
2215 1.977123412263472 0.02287658773652745 0
2216 1.945873412263472 0.02287658773652745 0
2217 1.922996824526945 0.04575317547305485 0
2218 1.914623412263472 0.02287658773652745 0
2219 1.900120236790418 0.06862976320958225 0
2220 1.883373412263472 0.02287658773652745 0
2221 1.87724364905389 0.0915063509461097 0
2222 1.868870236790418 0.06862976320958225 0
2223 1.837620236790418 0.06862976320958225 0
2224 1.860496824526945 0.04575317547305485 0
2225 1.81474364905389 0.0915063509461097 0
2226 1.806370236790418 0.06862976320958225 0
2227 1.852123412263472 0.02287658773652745 0
2228 1.854367061317363 0.1143829386826372 0
2229 1.831490473580835 0.1372595264191646 0
2230 1.823117061317363 0.1143829386826372 0
2231 1.808613885844308 0.160136114155692 0
2232 1.791867061317363 0.1143829386826372 0
2233 1.820873412263472 0.02287658773652745 0
2234 1.797996824526945 0.04575317547305485 0
2235 1.789623412263472 0.02287658773652745 0
2236 1.775120236790418 0.06862976320958225 0
2237 1.758373412263472 0.02287658773652745 0
2238 0.02287658773652745 0.7583734122634725 0
2239 0.02287658773652745 0.7896234122634725 0
2240 0.04575317547305491 0.7979968245269451 0
2241 0.02287658773652745 0.8208734122634725 0
2242 0.06862976320958236 0.7751202367904177 0
2243 0.06862976320958236 0.8063702367904177 0
2244 0.02287658773652745 0.8521234122634725 0
2245 0.09150635094610982 0.8147436490538903 0
2246 0.06862976320958236 0.8376202367904177 0
2247 0.06862976320958236 0.8688702367904177 0
2248 0.04575317547305491 0.8604968245269451 0
2249 0.09150635094610982 0.8772436490538903 0
2250 0.06862976320958236 0.9001202367904177 0
2251 0.02287658773652745 0.8833734122634725 0
2252 0.1143829386826373 0.7918670613173628 0
2253 0.1143829386826373 0.8231170613173628 0
2254 0.1372595264191647 0.8314904735808355 0
2255 0.1143829386826373 0.8543670613173628 0
2256 0.1601361141556921 0.808613885844308 0
2257 0.1601361141556921 0.839863885844308 0
2258 0.1143829386826373 0.8856170613173628 0
2259 0.02287658773652745 0.9146234122634725 0
2260 0.04575317547305491 0.9229968245269451 0
2261 0.02287658773652745 0.9458734122634725 0
2262 0.06862976320958236 0.9313702367904177 0
2263 0.02287658773652745 0.9771234122634725 0
2264 1.977123412263472 0.9771234122634727 0
2265 1.977123412263472 0.9458734122634727 0
2266 1.954246824526945 0.9229968245269452 0
2267 1.977123412263472 0.9146234122634727 0
2268 1.931370236790418 0.9313702367904177 0
2269 1.931370236790418 0.9001202367904177 0
2270 1.977123412263472 0.8833734122634727 0
2271 1.90849364905389 0.8772436490538904 0
2272 1.931370236790418 0.8688702367904177 0
2273 1.931370236790418 0.8376202367904177 0
2274 1.954246824526945 0.8604968245269452 0
2275 1.90849364905389 0.8147436490538904 0
2276 1.931370236790418 0.8063702367904177 0
2277 1.977123412263472 0.8521234122634727 0
2278 1.885617061317363 0.885617061317363 0
2279 1.885617061317363 0.854367061317363 0
2280 1.862740473580835 0.8314904735808355 0
2281 1.885617061317363 0.823117061317363 0
2282 1.839863885844308 0.8398638858443082 0
2283 1.839863885844308 0.8086138858443082 0
2284 1.885617061317363 0.791867061317363 0
2285 1.977123412263472 0.8208734122634727 0
2286 1.954246824526945 0.7979968245269452 0
2287 1.977123412263472 0.7896234122634727 0
2288 1.931370236790418 0.7751202367904177 0
2289 1.977123412263472 0.7583734122634727 0
2290 0.05412658773652745 0.9771234122634725 0
2291 0.07700317547305491 0.9542468245269451 0
2292 0.08537658773652745 0.9771234122634725 0
2293 0.09987976320958236 0.9313702367904177 0
2294 0.1166265877365275 0.9771234122634725 0
2295 0.1227563509461098 0.9084936490538903 0
2296 0.1311297632095824 0.9313702367904177 0
2297 0.1623797632095824 0.9313702367904177 0
2298 0.1395031754730549 0.9542468245269451 0
2299 0.1852563509461098 0.9084936490538903 0
2300 0.1936297632095824 0.9313702367904177 0
2301 0.1478765877365275 0.9771234122634725 0
2302 0.1456329386826373 0.8856170613173628 0
2303 0.1685095264191647 0.8627404735808355 0
2304 0.1768829386826373 0.8856170613173628 0
2305 0.1913861141556921 0.839863885844308 0
2306 0.2081329386826373 0.8856170613173628 0
2307 0.1791265877365275 0.9771234122634725 0
2308 0.2020031754730549 0.9542468245269451 0
2309 0.2103765877365275 0.9771234122634725 0
2310 0.2248797632095824 0.9313702367904177 0
2311 0.2416265877365275 0.9771234122634725 0
2312 0.2416265877365275 0.0228765877365274 0
2313 0.2103765877365275 0.0228765877365274 0
2314 0.2020031754730549 0.0457531754730548 0
2315 0.1791265877365275 0.0228765877365274 0
2316 0.2248797632095823 0.06862976320958225 0
2317 0.1936297632095823 0.06862976320958225 0
2318 0.1478765877365275 0.0228765877365274 0
2319 0.1852563509461097 0.09150635094610965 0
2320 0.1623797632095823 0.06862976320958225 0
2321 0.1311297632095823 0.06862976320958225 0
2322 0.1395031754730549 0.0457531754730548 0
2323 0.1227563509461097 0.09150635094610965 0
2324 0.09987976320958225 0.06862976320958225 0
2325 0.1166265877365275 0.0228765877365274 0
2326 0.2081329386826372 0.114382938682637 0
2327 0.1768829386826372 0.114382938682637 0
2328 0.1685095264191645 0.1372595264191645 0
2329 0.1456329386826372 0.114382938682637 0
2330 0.191386114155692 0.1601361141556919 0
2331 0.160136114155692 0.1601361141556919 0
2332 0.1143829386826372 0.114382938682637 0
2333 0.08537658773652745 0.0228765877365274 0
2334 0.07700317547305491 0.0457531754730548 0
2335 0.05412658773652745 0.0228765877365274 0
2336 0.06862976320958225 0.06862976320958225 0
2337 0.02287658773652745 0.0228765877365274 0
2338 0.02287658773652745 0.0541265877365274 0
2339 0.04575317547305491 0.0770031754730548 0
2340 0.02287658773652745 0.0853765877365274 0
2341 0.06862976320958225 0.09987976320958225 0
2342 0.02287658773652745 0.1166265877365274 0
2343 0.0915063509461097 0.1227563509461096 0
2344 0.06862976320958225 0.1311297632095823 0
2345 0.06862976320958225 0.1623797632095823 0
2346 0.04575317547305491 0.1395031754730548 0
2347 0.0915063509461097 0.1852563509461096 0
2348 0.06862976320958225 0.1936297632095823 0
2349 0.02287658773652745 0.1478765877365274 0
2350 0.1143829386826372 0.145632938682637 0
2351 0.1372595264191645 0.1685095264191645 0
2352 0.1143829386826372 0.176882938682637 0
2353 0.160136114155692 0.1913861141556919 0
2354 0.1143829386826372 0.208132938682637 0
2355 0.02287658773652745 0.1791265877365274 0
2356 0.04575317547305491 0.2020031754730548 0
2357 0.02287658773652745 0.2103765877365274 0
2358 0.06862976320958225 0.2248797632095823 0
2359 0.02287658773652745 0.2416265877365274 0
2360 1.758373412263472 0.9771234122634727 0
2361 1.789623412263472 0.9771234122634727 0
2362 1.797996824526945 0.9542468245269452 0
2363 1.820873412263472 0.9771234122634727 0
2364 1.775120236790418 0.9313702367904177 0
2365 1.806370236790418 0.9313702367904177 0
2366 1.852123412263472 0.9771234122634727 0
2367 1.81474364905389 0.9084936490538904 0
2368 1.837620236790418 0.9313702367904177 0
2369 1.868870236790418 0.9313702367904177 0
2370 1.860496824526945 0.9542468245269452 0
2371 1.87724364905389 0.9084936490538904 0
2372 1.900120236790418 0.9313702367904177 0
2373 1.883373412263472 0.9771234122634727 0
2374 1.791867061317363 0.885617061317363 0
2375 1.823117061317363 0.885617061317363 0
2376 1.831490473580835 0.8627404735808355 0
2377 1.854367061317363 0.885617061317363 0
2378 1.808613885844308 0.8398638858443082 0
2379 1.914623412263472 0.9771234122634727 0
2380 1.922996824526945 0.9542468245269452 0
2381 1.945873412263472 0.9771234122634727 0
2382 0.5872363809658094 0.6001092608969856 0
2383 0.557880716883879 0.5937893285377855 0
2384 0.5712603069662575 0.5727272988165293 0
2385 0.5285250528019486 0.5874693961785855 0
2386 0.5552842329667057 0.545345336736073 0
2387 0.4991693887200181 0.5811494638193856 0
2388 0.5125489788023967 0.5600874340981292 0
2389 0.4965729048028449 0.5327054720176729 0
2390 0.5259285688847753 0.539025404376873 0
2391 0.4672172407209145 0.526385539658473 0
2392 0.4805968308032931 0.5053235099372166 0
2393 0.5393081589671539 0.5179633746556167 0
2394 0.4698137246380878 0.5748295314601856 0
2395 0.4404580605561574 0.5685095991009856 0
2396 0.453837650638536 0.5474475693797293 0
2397 0.523332084967602 0.4905814125751604 0
2398 0.4939764208856716 0.4842614802159604 0
2399 0.5073560109680502 0.4631994504947041 0
2400 1.781387374470389 0.3667391060244877 0
2401 1.809349665583687 0.3488658891262076 0
2402 1.814435368960457 0.3226192599644551 0
2403 1.837311956696984 0.3309926722279276 0
2404 1.79155878122393 0.3142458477009825 0
2405 1.819521072337227 0.2963726308027025 0
2406 1.865274247810282 0.3131194553296476 0
2407 1.824606775713997 0.2701260016409499 0
2408 1.847483363450525 0.2784994139044224 0
2409 1.875445654563822 0.2606261970061424 0
2410 1.870359951187052 0.286872826167895 0
2411 1.880531357940593 0.2343795678443897 0
2412 1.90340794567712 0.2427529801078623 0
2413 1.89323653892358 0.2952462384313675 0
2414 1.80173018797747 0.2617525893774773 0
2415 1.829692479090768 0.2438793724791972 0
2416 1.834778182467538 0.2176327433174446 0
2417 1.857654770204065 0.2260061555809172 0
2418 1.81190159473101 0.209259331053972 0
2419 1.921198830036877 0.2773730215330875 0
2420 1.926284533413647 0.2511263923713349 0
2421 1.949161121150175 0.2594998046348075 0
2422 0.203453929793475 0.6510170846318616 0
2423 0.1776571666424824 0.6663537028649489 0
2424 0.1747369912280174 0.6900637333615087 0
2425 0.1518604034914899 0.6816903210980362 0
2426 0.1976135789645448 0.6984371456249814 0
2427 0.1718168158135523 0.7137737638580686 0
2428 0.1260636403404974 0.6970269393311235 0
2429 0.1688966403990873 0.7374837943546284 0
2430 0.1460200526625599 0.7291103820911559 0
2431 0.1202232895115674 0.7444470003242432 0
2432 0.1231434649260323 0.7207369698276833 0
2433 0.1173031140971024 0.768157030820803 0
2434 0.0944265263605748 0.7597836185573305 0
2435 0.100266877189505 0.7123635575642107 0
2436 0.1917732281356147 0.7458572066181011 0
2437 0.1659764649846223 0.7611938248511882 0
2438 0.1630562895701572 0.7849038553477482 0
2439 0.1401797018336297 0.7765304430842755 0
2440 0.1859328773066846 0.7932772676112207 0
2441 0.07447011403851245 0.7277001757972981 0
2442 0.07154993862404746 0.7514102062938579 0
2443 0.0486733508875199 0.7430367940303853 0
2444 0.3589692190129762 0.1994264508444988 0
2445 0.3422059859734835 0.1742050418290743 0
2446 0.3170693406705183 0.1718602205501772 0
2447 0.3254427529339908 0.1489836328136498 0
2448 0.3086959284070456 0.1947368082867046 0
2449 0.291932695367553 0.1695153992712802 0
2450 0.3086795198944982 0.1237622237982254 0
2451 0.2667960500645877 0.1671705779923831 0
2452 0.2751694623280603 0.1442939902558557 0
2453 0.2584062292885676 0.1190725812404312 0
2454 0.2835428745915329 0.1214174025193283 0
2455 0.2332695839856024 0.1167277599615342 0
2456 0.2416429962490749 0.09385117222500672 0
2457 0.2919162868550055 0.09854081478280091 0
2458 0.2584226378011152 0.1900471657289105 0
2459 0.2416594047616225 0.164825756713486 0
2460 0.2165227594586572 0.162480935434589 0
2461 0.2248961717221298 0.1396043476980616 0
2462 0.2081493471951846 0.1853575231711164 0
2463 0.2751530538155128 0.07331940576737639 0
2464 0.2500164085125476 0.07097458448847932 0
2465 0.2583898207760201 0.04809799675195192 0
2466 1.661824734238752 0.8081508816696205 0
2467 1.675617402527998 0.8322898146115993 0
2468 1.697783483080716 0.8335521598170508 0
2469 1.689410070817244 0.8564287475535782 0
2470 1.706156895344189 0.8106755720805234 0
2471 1.719949563633435 0.8348145050225022 0
2472 1.703202739106489 0.8805676804955571 0
2473 1.742115644186153 0.8360768502279537 0
2474 1.733742231922681 0.8589534379644812 0
2475 1.747534900211926 0.88309237090646 0
2476 1.725368819659208 0.8818300257010085 0
2477 1.769700980764644 0.8843547161119115 0
2478 1.761327568501172 0.9072313038484389 0
2479 1.716995407395735 0.904706613437536 0
2480 1.750489056449626 0.8132002624914263 0
2481 1.764281724738871 0.8373391954334052 0
2482 1.78644780529159 0.8386015406388566 0
2483 1.778074393028117 0.8614781283753841 0
2484 1.794821217555062 0.8157249529023293 0
2485 1.730788075684981 0.9288455463795149 0
2486 1.752954156237699 0.9301078915849663 0
2487 1.744580743974227 0.9529844793214937 0
2488 1.484997166433137 0.4253299704032872 0
2489 1.453577914253124 0.4276377121962641 0
2490 1.437250489421722 0.4491433981606404 0
2491 1.422158662073112 0.4299454539892409 0
2492 1.452342316770332 0.4683413423320398 0
2493 1.420923064590319 0.4706490841250167 0
2494 1.390739409893099 0.4322531957822178 0
2495 1.404595639758917 0.492154770089393 0
2496 1.389503812410307 0.4729568259179935 0
2497 1.358084560230294 0.4752645677109704 0
2498 1.374411985061696 0.4537588817465941 0
2499 1.341757135398892 0.4967702536753466 0
2500 1.326665308050281 0.4775723095039472 0
2501 1.359320157713086 0.4345609375751946 0
2502 1.419687467107527 0.5113527142607924 0
2503 1.388268214927514 0.5136604560537692 0
2504 1.371940790096112 0.5351661420181455 0
2505 1.356848962747502 0.5159681978467461 0
2506 1.387032617444722 0.5543640861895449 0
2507 1.327900905533074 0.4368686793681714 0
2508 1.311573480701671 0.4583743653325477 0
2509 1.296481653353061 0.4391764211611483 0
2510 1.046875 0.9808812905538117 0
2511 1.0625 0.9617625811076234 0
2512 1.078125 0.9808812905538117 0
2513 1.078125 0.9426438716614349 0
2514 1.109375 0.9808812905538117 0
2515 1.09375 0.9235251622152466 0
2516 1.109375 0.9426438716614349 0
2517 1.140625 0.9426438716614349 0
2518 1.125 0.9617625811076234 0
2519 1.15625 0.9235251622152466 0
2520 1.171875 0.9426438716614349 0
2521 1.140625 0.9808812905538117 0
2522 1.109375 0.9044064527690583 0
2523 1.125 0.88528774332287 0
2524 1.140625 0.9044064527690583 0
2525 1.171875 0.9808812905538117 0
2526 1.1875 0.9617625811076234 0
2527 1.203125 0.9808812905538117 0
2528 0.546875 0.9808812905538117 0
2529 0.5625 0.9617625811076234 0
2530 0.578125 0.9808812905538117 0
2531 0.578125 0.9426438716614349 0
2532 0.609375 0.9808812905538117 0
2533 0.59375 0.9235251622152466 0
2534 0.609375 0.9426438716614349 0
2535 0.640625 0.9426438716614349 0
2536 0.625 0.9617625811076234 0
2537 0.65625 0.9235251622152466 0
2538 0.671875 0.9426438716614349 0
2539 0.640625 0.9808812905538117 0
2540 0.609375 0.9044064527690583 0
2541 0.625 0.88528774332287 0
2542 0.640625 0.9044064527690583 0
2543 0.671875 0.9808812905538117 0
2544 0.6875 0.9617625811076234 0
2545 0.703125 0.9808812905538117 0
2546 0.9534653015898589 0.439565855576732 0
2547 0.9380276301245191 0.4599116442095505 0
2548 0.9222502053630145 0.4399902091145155 0
2549 0.9225899586591793 0.4802574328423689 0
2550 0.89103510913617 0.440414562652299 0
2551 0.9071522871938394 0.5006032214751874 0
2552 0.8913748624323348 0.4806817863801525 0
2553 0.8601597662054904 0.4811061399179359 0
2554 0.8755974376708302 0.4607603512851175 0
2555 0.8447220947401506 0.5014519285507544 0
2556 0.828944669978646 0.4815304934557195 0
2557 0.8598200129093256 0.4408389161900825 0
2558 0.8917146157284996 0.5209490101080059 0
2559 0.8762769442631597 0.5412947987408244 0
2560 0.8604995195016552 0.5213733636457895 0
2561 0.8286049166824812 0.441263269727866 0
2562 0.8131672452171415 0.4616090583606845 0
2563 0.7973898204556368 0.4416876232656495 0
2564 1.742615994473445 0.04933821414452222 0
2565 1.750989406736918 0.07221480188104956 0
2566 1.726858576683418 0.07579984055251693 0
2567 1.75936281900039 0.09509138961757702 0
2568 1.71110115889339 0.1022614669605116 0
2569 1.767736231263863 0.1179679773541045 0
2570 1.743605401210363 0.1215530160255718 0
2571 1.727847983420336 0.1480146424335665 0
2572 1.719474571156863 0.1251380546970391 0
2573 1.736221395683808 0.170891230170094 0
2574 1.712090565630308 0.1744762688415613 0
2575 1.695343741103363 0.1287230933685064 0
2576 1.776109643527335 0.1408445650906319 0
2577 1.784483055790808 0.1637211528271593 0
2578 1.760352225737308 0.1673061914986266 0
2579 1.79285646805428 0.1865977405636867 0
2580 1.744594807947281 0.1937678179066213 0
2581 1.679586323313336 0.1551847197765012 0
2582 1.687959735576808 0.1780613075130286 0
2583 1.663828905523308 0.1816463461844959 0
2584 1.696333147840281 0.2009378952495561 0
2585 1.648071487733281 0.2081079725924907 0
2586 1.952413842363993 0.744724640586373 0
2587 1.929537254627466 0.7530980528498455 0
2588 1.927704272464514 0.7310758689092733 0
2589 1.906660666890939 0.7614714651133181 0
2590 1.902994702565035 0.7174270972321737 0
2591 1.883784079154411 0.7698448773767907 0
2592 1.88195109699146 0.7478226934362184 0
2593 1.85724152709198 0.7341739217591189 0
2594 1.880118114828508 0.7258005094956463 0
2595 1.834364939355453 0.7425473340225914 0
2596 1.832531957192501 0.7205251500820192 0
2597 1.878285132665556 0.703778325555074 0
2598 1.860907491417884 0.7782182896402633 0
2599 1.838030903681356 0.7865917019037358 0
2600 1.836197921518405 0.7645695179631637 0
2601 1.815154315944829 0.7949651141672085 0
2602 1.811488351618926 0.7509207462860641 0
2603 1.853575562766077 0.6901295538779744 0
2604 1.83069897502955 0.698502966141447 0
2605 1.828865992866598 0.6764807822008748 0
2606 1.807822387293022 0.7068763784049197 0
2607 1.804156422967119 0.6628320105237753 0
2608 0.05285405055519721 0.2600681870726226 0
2609 0.07573063829172466 0.25169477480915 0
2610 0.08283151337386696 0.2785097864087178 0
2611 0.098607226028252 0.2433213625456774 0
2612 0.1128089761925368 0.2969513857448131 0
2613 0.1214838137647796 0.2349479502822048 0
2614 0.1285846888469219 0.2617629618817727 0
2615 0.1585621516655916 0.2802045612178679 0
2616 0.1356855639290642 0.2885779734813405 0
2617 0.1814387394021191 0.2718311489543953 0
2618 0.1885396144842614 0.2986461605539631 0
2619 0.1427864390112066 0.3153929850809082 0
2620 0.1443604015013069 0.2265745380187323 0
2621 0.1672369892378343 0.2182011257552597 0
2622 0.1743378643199767 0.2450161373548275 0
2623 0.1901135769743618 0.2098277134917871 0
2624 0.2043153271386464 0.2634577366909227 0
2625 0.1727639018298763 0.3338345844170035 0
2626 0.1956404895664037 0.3254611721535309 0
2627 0.2027413646485461 0.3522761837530987 0
2628 0.2185170773029312 0.3170877598900583 0
2629 0.2327188274672158 0.3707177830891939 0
2630 0.260224416154855 0.9507097073410731 0
2631 0.2518510038913825 0.9278331196045456 0
2632 0.2788222445731826 0.9242960024186736 0
2633 0.2434775916279099 0.9049565318680182 0
2634 0.2974200729915102 0.8978822974962741 0
2635 0.2351041793644374 0.8820799441314908 0
2636 0.2620754200462375 0.8785428269456187 0
2637 0.2806732484645651 0.8521291220232192 0
2638 0.2890466607280376 0.8750057097597467 0
2639 0.2722998362010924 0.8292525342866918 0
2640 0.2992710768828926 0.8257154171008197 0
2641 0.3160179014098378 0.8714685925738745 0
2642 0.2267307671009648 0.8592033563949634 0
2643 0.2183573548374922 0.8363267686584359 0
2644 0.2453285955192923 0.8327896514725639 0
2645 0.2099839425740196 0.8134501809219086 0
2646 0.2639264239376199 0.8063759465501643 0
2647 0.3346157298281653 0.8450548876514751 0
2648 0.3262423175646927 0.8221782999149476 0
2649 0.3532135582464928 0.8186411827290756 0
2650 0.3178689053012201 0.7993017121784203 0
2651 0.3718113866648204 0.792227477806676 0
2652 1.783823324577352 0.6835918492588959 0
2653 1.781990342414401 0.6615696653183237 0
2654 1.785656306740304 0.7056140331994681 0
2655 1.763490226187586 0.7043516879940167 0
2656 1.787489288903256 0.7276362171400403 0
2657 1.743157127797819 0.7251115267291375 0
2658 1.741324145634867 0.7030893427885653 0
2659 1.789322271066207 0.7496584010806125 0
2660 1.767156190513489 0.7483960558751611 0
2661 1.746823092123722 0.7691558946102819 0
2662 1.744990109960771 0.7471337106697097 0
2663 1.748656074286674 0.7911780785508541 0
2664 1.726489993733956 0.7899157333454027 0
2665 1.722824029408052 0.7458713654642583 0
2666 1.791155253229159 0.7716805850211848 0
2667 1.79298823539211 0.7937027689617571 0
2668 1.770822154839392 0.7924404237563055 0
2669 1.702490931018286 0.766631204199379 0
2670 1.700657948855334 0.7446090202588067 0
2671 1.704323913181237 0.7886533881399512 0
2672 1.682157832628519 0.7873910429344997 0
2673 1.659991752075801 0.7861286977290483 0
2674 0.2507545976880388 0.3462475927685232 0
2675 0.2436537226058964 0.3194325811689553 0
2676 0.2687903679088617 0.3217774024478525 0
2677 0.2365528475237541 0.2926175695693876 0
2678 0.2868261381296846 0.2973072121271817 0
2679 0.2294519724416118 0.2658025579698198 0
2680 0.254588617744577 0.2681473792487168 0
2681 0.2726243879653999 0.2436771889280461 0
2682 0.2797252630475422 0.2704922005276139 0
2683 0.2655235128832576 0.2168621773284783 0
2684 0.2906601581862227 0.2192069986073754 0
2685 0.3048619083505075 0.272837021806511 0
2686 0.2223510973594693 0.2389875463702519 0
2687 0.2152502222773269 0.2121725347706842 0
2688 0.2403868675802923 0.2145173560495812 0
2689 0.3228976785713303 0.2483668314858403 0
2690 0.315796803489188 0.2215518198862725 0
2691 0.3409334487921533 0.2238966411651695 0
2692 0.3477603213974854 0.7720545644959883 0
2693 0.3747315620792855 0.7685174473101162 0
2694 0.3207890807156852 0.7755916816818603 0
2695 0.3237092561301502 0.7518816511853005 0
2696 0.2938178400338851 0.7791287988677325 0
2697 0.2996581908628152 0.7317087378746128 0
2698 0.3266294315446153 0.7281716206887406 0
2699 0.266846599352085 0.7826659160536045 0
2700 0.26976677476655 0.7589558855570446 0
2701 0.245715709499215 0.7387829722463569 0
2702 0.2726869501810151 0.7352458550604848 0
2703 0.2187444688174148 0.7423200894322289 0
2704 0.2216646442318799 0.7186100589356691 0
2705 0.2756071255954802 0.7115358245639249 0
2706 0.2398753586702849 0.7862030332394766 0
2707 0.2129041179884847 0.7897401504253487 0
2708 0.2158242934029497 0.7660301199287889 0
2709 0.251556060328145 0.6913629112532371 0
2710 0.2785273010099452 0.6878257940673651 0
2711 0.2245848196463449 0.6949000284391093 0
2712 0.22750499506081 0.6711899979425493 0
2713 0.2304251704752751 0.6474799674459895 0
2714 1.66711661441001 0.230769563082776 0
2715 1.691247444463511 0.2271845244113087 0
2716 1.68616174108674 0.2534311535730612 0
2717 1.715378274517011 0.2235994857398413 0
2718 1.70520686776347 0.2760927440633466 0
2719 1.73950910457051 0.220014447068374 0
2720 1.73442340119374 0.2462610762301266 0
2721 1.75346852787047 0.2689226667204119 0
2722 1.72933769781697 0.2725077053918792 0
2723 1.77759935792397 0.2653376280489446 0
2724 1.7725136545472 0.2915842572106972 0
2725 1.7242519944402 0.2987543345536318 0
2726 1.76363993462401 0.2164294083969067 0
2727 1.78777076467751 0.2128443697254394 0
2728 1.78268506130074 0.239090998887192 0
2729 1.743297121116929 0.3214159250439171 0
2730 1.76742795117043 0.3178308863724498 0
2731 1.762342247793659 0.3440775155342024 0
2732 1.653716058368639 0.7602923674106925 0
2733 1.647440364661478 0.7344560370923366 0
2734 1.674049156758406 0.7395325286755716 0
2735 1.641164670954317 0.7086197067739808 0
2736 1.694382255148173 0.718772689940451 0
2737 1.634888977247156 0.682783376455625 0
2738 1.661497769344084 0.6878598680388601 0
2739 1.68183086773385 0.6671000293037394 0
2740 1.688106561441012 0.6929363596220951 0
2741 1.675555174026689 0.6412636989853835 0
2742 1.702163966123617 0.6463401905686186 0
2743 1.71471535353794 0.6980128512053302 0
2744 1.628613283539995 0.6569470461372692 0
2745 1.622337589832834 0.6311107158189133 0
2746 1.648946381929762 0.6361872074021484 0
2747 1.735048451927706 0.6772530124702094 0
2748 1.728772758220545 0.6514166821518537 0
2749 1.755381550317473 0.6564931737350888 0
2750 0.2543437581232637 0.6419730477369571 0
2751 0.2782623457712522 0.6364661280279246 0
2752 0.2783948233905986 0.6621459610476448 0
2753 0.3021809334192407 0.6309592083188921 0
2754 0.3024458886579338 0.6823188743583326 0
2755 0.3260995210672293 0.6254522886098597 0
2756 0.3262319986865758 0.6511321216295799 0
2757 0.350283063953911 0.6713050349402676 0
2758 0.3263644763059224 0.6768119546493001 0
2759 0.3742016516018994 0.6657981152312351 0
2760 0.3743341292212459 0.6914779482509554 0
2761 0.3264969539252689 0.7024917876690204 0
2762 0.3500181087152179 0.6199453689008272 0
2763 0.3739366963632065 0.6144384491917947 0
2764 0.374069173982553 0.6401182822115149 0
2765 0.3505480191926038 0.7226647009797081 0
2766 0.3744666068405924 0.7171577812706756 0
2767 0.3745990844599389 0.7428376142903959 0
2768 1.496013230528663 0.4498766715880887 0
2769 1.507029294624188 0.4744233727728902 0
2770 1.47968580569726 0.471382357552465 0
2771 1.518045358719714 0.4989700739576916 0
2772 1.463358380865857 0.4928880435168413 0
2773 1.529061422815239 0.5235167751424931 0
2774 1.501717933888311 0.5204757599220678 0
2775 1.485390509056909 0.5419814458864441 0
2776 1.474374444961383 0.5174347447016427 0
2777 1.496406573152435 0.5665281470712455 0
2778 1.469063084225506 0.5634871318508204 0
2779 1.447030956034455 0.5143937294812175 0
2780 1.540077486910765 0.5480634763272945 0
2781 1.551093551006291 0.572610177512096 0
2782 1.523750062079363 0.5695691622916708 0
2783 1.430703531203052 0.5358994154455938 0
2784 1.441719595298578 0.5604461166303952 0
2785 1.41437610637165 0.5574051014099701 0
$EndNodes
$Elements
5568
1 1 2 2 1 1 5
2 1 2 2 1 5 6
3 1 2 2 1 6 7
4 1 2 2 1 7 8
5 1 2 2 1 8 9
6 1 2 2 1 9 10
7 1 2 2 1 10 11
8 1 2 2 1 11 12
9 1 2 2 1 12 13
10 1 2 2 1 13 14
11 1 2 2 1 14 15
12 1 2 2 1 15 16
13 1 2 2 1 16 17
14 1 2 2 1 17 18
15 1 2 2 1 18 19
16 1 2 2 1 19 20
17 1 2 2 1 20 21
18 1 2 2 1 21 22
19 1 2 2 1 22 23
20 1 2 2 1 23 24
21 1 2 2 1 24 25
22 1 2 2 1 25 26
23 1 2 2 1 26 27
24 1 2 2 1 27 28
25 1 2 2 1 28 29
26 1 2 2 1 29 30
27 1 2 2 1 30 31
28 1 2 2 1 31 32
29 1 2 2 1 32 33
30 1 2 2 1 33 34
31 1 2 2 1 34 35
32 1 2 2 1 35 36
33 1 2 2 1 36 37
34 1 2 2 1 37 38
35 1 2 2 1 38 39
36 1 2 2 1 39 40
37 1 2 2 1 40 41
38 1 2 2 1 41 42
39 1 2 2 1 42 43
40 1 2 2 1 43 44
41 1 2 2 1 44 45
42 1 2 2 1 45 46
43 1 2 2 1 46 47
44 1 2 2 1 47 48
45 1 2 2 1 48 49
46 1 2 2 1 49 50
47 1 2 2 1 50 51
48 1 2 2 1 51 52
49 1 2 2 1 52 53
50 1 2 2 1 53 54
51 1 2 2 1 54 55
52 1 2 2 1 55 56
53 1 2 2 1 56 57
54 1 2 2 1 57 58
55 1 2 2 1 58 59
56 1 2 2 1 59 60
57 1 2 2 1 60 61
58 1 2 2 1 61 62
59 1 2 2 1 62 63
60 1 2 2 1 63 64
61 1 2 2 1 64 65
62 1 2 2 1 65 66
63 1 2 2 1 66 67
64 1 2 2 1 67 2
65 1 2 3 2 2 68
66 1 2 3 2 68 69
67 1 2 3 2 69 70
68 1 2 3 2 70 71
69 1 2 3 2 71 72
70 1 2 3 2 72 73
71 1 2 3 2 73 74
72 1 2 3 2 74 75
73 1 2 3 2 75 76
74 1 2 3 2 76 77
75 1 2 3 2 77 78
76 1 2 3 2 78 79
77 1 2 3 2 79 80
78 1 2 3 2 80 81
79 1 2 3 2 81 82
80 1 2 3 2 82 83
81 1 2 3 2 83 84
82 1 2 3 2 84 85
83 1 2 3 2 85 86
84 1 2 3 2 86 87
85 1 2 3 2 87 88
86 1 2 3 2 88 89
87 1 2 3 2 89 90
88 1 2 3 2 90 91
89 1 2 3 2 91 92
90 1 2 3 2 92 93
91 1 2 3 2 93 94
92 1 2 3 2 94 95
93 1 2 3 2 95 96
94 1 2 3 2 96 97
95 1 2 3 2 97 98
96 1 2 3 2 98 3
97 1 2 4 3 3 99
98 1 2 4 3 99 100
99 1 2 4 3 100 101
100 1 2 4 3 101 102
101 1 2 4 3 102 103
102 1 2 4 3 103 104
103 1 2 4 3 104 105
104 1 2 4 3 105 106
105 1 2 4 3 106 107
106 1 2 4 3 107 108
107 1 2 4 3 108 109
108 1 2 4 3 109 110
109 1 2 4 3 110 111
110 1 2 4 3 111 112
111 1 2 4 3 112 113
112 1 2 4 3 113 114
113 1 2 4 3 114 115
114 1 2 4 3 115 116
115 1 2 4 3 116 117
116 1 2 4 3 117 118
117 1 2 4 3 118 119
118 1 2 4 3 119 120
119 1 2 4 3 120 121
120 1 2 4 3 121 122
121 1 2 4 3 122 123
122 1 2 4 3 123 124
123 1 2 4 3 124 125
124 1 2 4 3 125 126
125 1 2 4 3 126 127
126 1 2 4 3 127 128
127 1 2 4 3 128 129
128 1 2 4 3 129 130
129 1 2 4 3 130 131
130 1 2 4 3 131 132
131 1 2 4 3 132 133
132 1 2 4 3 133 134
133 1 2 4 3 134 135
134 1 2 4 3 135 136
135 1 2 4 3 136 137
136 1 2 4 3 137 138
137 1 2 4 3 138 139
138 1 2 4 3 139 140
139 1 2 4 3 140 141
140 1 2 4 3 141 142
141 1 2 4 3 142 143
142 1 2 4 3 143 144
143 1 2 4 3 144 145
144 1 2 4 3 145 146
145 1 2 4 3 146 147
146 1 2 4 3 147 148
147 1 2 4 3 148 149
148 1 2 4 3 149 150
149 1 2 4 3 150 151
150 1 2 4 3 151 152
151 1 2 4 3 152 153
152 1 2 4 3 153 154
153 1 2 4 3 154 155
154 1 2 4 3 155 156
155 1 2 4 3 156 157
156 1 2 4 3 157 158
157 1 2 4 3 158 159
158 1 2 4 3 159 160
159 1 2 4 3 160 161
160 1 2 4 3 161 4
161 1 2 1 4 4 162
162 1 2 1 4 162 163
163 1 2 1 4 163 164
164 1 2 1 4 164 165
165 1 2 1 4 165 166
166 1 2 1 4 166 167
167 1 2 1 4 167 168
168 1 2 1 4 168 169
169 1 2 1 4 169 170
170 1 2 1 4 170 171
171 1 2 1 4 171 172
172 1 2 1 4 172 173
173 1 2 1 4 173 174
174 1 2 1 4 174 175
175 1 2 1 4 175 176
176 1 2 1 4 176 177
177 1 2 1 4 177 178
178 1 2 1 4 178 179
179 1 2 1 4 179 180
180 1 2 1 4 180 181
181 1 2 1 4 181 182
182 1 2 1 4 182 183
183 1 2 1 4 183 184
184 1 2 1 4 184 185
185 1 2 1 4 185 186
186 1 2 1 4 186 187
187 1 2 1 4 187 188
188 1 2 1 4 188 189
189 1 2 1 4 189 190
190 1 2 1 4 190 191
191 1 2 1 4 191 192
192 1 2 1 4 192 1
193 2 2 5 1 210 818 820
194 2 2 5 1 818 819 820
195 2 2 5 1 818 338 819
196 2 2 5 1 820 819 340
197 2 2 5 1 338 821 819
198 2 2 5 1 821 822 819
199 2 2 5 1 821 339 822
200 2 2 5 1 819 822 340
201 2 2 5 1 338 823 821
202 2 2 5 1 823 824 821
203 2 2 5 1 823 224 824
204 2 2 5 1 821 824 339
205 2 2 5 1 340 822 826
206 2 2 5 1 822 825 826
207 2 2 5 1 822 339 825
208 2 2 5 1 826 825 226
209 2 2 5 1 224 827 824
210 2 2 5 1 827 828 824
211 2 2 5 1 827 341 828
212 2 2 5 1 824 828 339
213 2 2 5 1 341 829 828
214 2 2 5 1 829 830 828
215 2 2 5 1 829 342 830
216 2 2 5 1 828 830 339
217 2 2 5 1 341 831 829
218 2 2 5 1 831 832 829
219 2 2 5 1 831 225 832
220 2 2 5 1 829 832 342
221 2 2 5 1 339 830 825
222 2 2 5 1 830 833 825
223 2 2 5 1 830 342 833
224 2 2 5 1 825 833 226
225 2 2 5 1 224 834 827
226 2 2 5 1 834 835 827
227 2 2 5 1 834 343 835
228 2 2 5 1 827 835 341
229 2 2 5 1 343 836 835
230 2 2 5 1 836 837 835
231 2 2 5 1 836 344 837
232 2 2 5 1 835 837 341
233 2 2 5 1 343 838 836
234 2 2 5 1 838 839 836
235 2 2 5 1 838 222 839
236 2 2 5 1 836 839 344
237 2 2 5 1 341 837 831
238 2 2 5 1 837 840 831
239 2 2 5 1 837 344 840
240 2 2 5 1 831 840 225
241 2 2 5 1 226 833 842
242 2 2 5 1 833 841 842
243 2 2 5 1 833 342 841
244 2 2 5 1 842 841 346
245 2 2 5 1 342 843 841
246 2 2 5 1 843 844 841
247 2 2 5 1 843 345 844
248 2 2 5 1 841 844 346
249 2 2 5 1 342 832 843
250 2 2 5 1 832 845 843
251 2 2 5 1 832 225 845
252 2 2 5 1 843 845 345
253 2 2 5 1 346 844 847
254 2 2 5 1 844 846 847
255 2 2 5 1 844 345 846
256 2 2 5 1 847 846 209
257 2 2 5 1 197 848 850
258 2 2 5 1 848 849 850
259 2 2 5 1 848 347 849
260 2 2 5 1 850 849 349
261 2 2 5 1 347 851 849
262 2 2 5 1 851 852 849
263 2 2 5 1 851 348 852
264 2 2 5 1 849 852 349
265 2 2 5 1 347 853 851
266 2 2 5 1 853 854 851
267 2 2 5 1 853 227 854
268 2 2 5 1 851 854 348
269 2 2 5 1 349 852 856
270 2 2 5 1 852 855 856
271 2 2 5 1 852 348 855
272 2 2 5 1 856 855 228
273 2 2 5 1 227 857 854
274 2 2 5 1 857 858 854
275 2 2 5 1 857 350 858
276 2 2 5 1 854 858 348
277 2 2 5 1 350 859 858
278 2 2 5 1 859 860 858
279 2 2 5 1 859 351 860
280 2 2 5 1 858 860 348
281 2 2 5 1 350 861 859
282 2 2 5 1 861 862 859
283 2 2 5 1 861 226 862
284 2 2 5 1 859 862 351
285 2 2 5 1 348 860 855
286 2 2 5 1 860 863 855
287 2 2 5 1 860 351 863
288 2 2 5 1 855 863 228
289 2 2 5 1 227 864 857
290 2 2 5 1 864 865 857
291 2 2 5 1 864 352 865
292 2 2 5 1 857 865 350
293 2 2 5 1 352 866 865
294 2 2 5 1 866 867 865
295 2 2 5 1 866 340 867
296 2 2 5 1 865 867 350
297 2 2 5 1 352 868 866
298 2 2 5 1 868 820 866
299 2 2 5 1 868 210 820
300 2 2 5 1 866 820 340
301 2 2 5 1 350 867 861
302 2 2 5 1 867 826 861
303 2 2 5 1 867 340 826
304 2 2 5 1 861 826 226
305 2 2 5 1 228 863 870
306 2 2 5 1 863 869 870
307 2 2 5 1 863 351 869
308 2 2 5 1 870 869 353
309 2 2 5 1 351 871 869
310 2 2 5 1 871 872 869
311 2 2 5 1 871 346 872
312 2 2 5 1 869 872 353
313 2 2 5 1 351 862 871
314 2 2 5 1 862 842 871
315 2 2 5 1 862 226 842
316 2 2 5 1 871 842 346
317 2 2 5 1 353 872 873
318 2 2 5 1 872 847 873
319 2 2 5 1 872 346 847
320 2 2 5 1 873 847 209
321 2 2 5 1 203 874 876
322 2 2 5 1 874 875 876
323 2 2 5 1 874 354 875
324 2 2 5 1 876 875 356
325 2 2 5 1 354 877 875
326 2 2 5 1 877 878 875
327 2 2 5 1 877 355 878
328 2 2 5 1 875 878 356
329 2 2 5 1 354 879 877
330 2 2 5 1 879 880 877
331 2 2 5 1 879 229 880
332 2 2 5 1 877 880 355
333 2 2 5 1 356 878 882
334 2 2 5 1 878 881 882
335 2 2 5 1 878 355 881
336 2 2 5 1 882 881 231
337 2 2 5 1 229 883 880
338 2 2 5 1 883 884 880
339 2 2 5 1 883 357 884
340 2 2 5 1 880 884 355
341 2 2 5 1 357 885 884
342 2 2 5 1 885 886 884
343 2 2 5 1 885 358 886
344 2 2 5 1 884 886 355
345 2 2 5 1 357 887 885
346 2 2 5 1 887 888 885
347 2 2 5 1 887 230 888
348 2 2 5 1 885 888 358
349 2 2 5 1 355 886 881
350 2 2 5 1 886 889 881
351 2 2 5 1 886 358 889
352 2 2 5 1 881 889 231
353 2 2 5 1 229 890 883
354 2 2 5 1 890 891 883
355 2 2 5 1 890 359 891
356 2 2 5 1 883 891 357
357 2 2 5 1 359 892 891
358 2 2 5 1 892 893 891
359 2 2 5 1 892 360 893
360 2 2 5 1 891 893 357
361 2 2 5 1 359 894 892
362 2 2 5 1 894 895 892
363 2 2 5 1 894 223 895
364 2 2 5 1 892 895 360
365 2 2 5 1 357 893 887
366 2 2 5 1 893 896 887
367 2 2 5 1 893 360 896
368 2 2 5 1 887 896 230
369 2 2 5 1 231 889 898
370 2 2 5 1 889 897 898
371 2 2 5 1 889 358 897
372 2 2 5 1 898 897 362
373 2 2 5 1 358 899 897
374 2 2 5 1 899 900 897
375 2 2 5 1 899 361 900
376 2 2 5 1 897 900 362
377 2 2 5 1 358 888 899
378 2 2 5 1 888 901 899
379 2 2 5 1 888 230 901
380 2 2 5 1 899 901 361
381 2 2 5 1 362 900 903
382 2 2 5 1 900 902 903
383 2 2 5 1 900 361 902
384 2 2 5 1 903 902 200
385 2 2 5 1 200 904 903
386 2 2 5 1 904 905 903
387 2 2 5 1 904 363 905
388 2 2 5 1 903 905 362
389 2 2 5 1 363 906 905
390 2 2 5 1 906 907 905
391 2 2 5 1 906 364 907
392 2 2 5 1 905 907 362
393 2 2 5 1 363 908 906
394 2 2 5 1 908 909 906
395 2 2 5 1 908 232 909
396 2 2 5 1 906 909 364
397 2 2 5 1 362 907 898
398 2 2 5 1 907 910 898
399 2 2 5 1 907 364 910
400 2 2 5 1 898 910 231
401 2 2 5 1 232 911 909
402 2 2 5 1 911 912 909
403 2 2 5 1 911 365 912
404 2 2 5 1 909 912 364
405 2 2 5 1 365 913 912
406 2 2 5 1 913 914 912
407 2 2 5 1 913 366 914
408 2 2 5 1 912 914 364
409 2 2 5 1 365 915 913
410 2 2 5 1 915 916 913
411 2 2 5 1 915 233 916
412 2 2 5 1 913 916 366
413 2 2 5 1 364 914 910
414 2 2 5 1 914 917 910
415 2 2 5 1 914 366 917
416 2 2 5 1 910 917 231
417 2 2 5 1 232 918 911
418 2 2 5 1 918 919 911
419 2 2 5 1 918 367 919
420 2 2 5 1 911 919 365
421 2 2 5 1 367 920 919
422 2 2 5 1 920 921 919
423 2 2 5 1 920 368 921
424 2 2 5 1 919 921 365
425 2 2 5 1 367 922 920
426 2 2 5 1 922 923 920
427 2 2 5 1 922 211 923
428 2 2 5 1 920 923 368
429 2 2 5 1 365 921 915
430 2 2 5 1 921 924 915
431 2 2 5 1 921 368 924
432 2 2 5 1 915 924 233
433 2 2 5 1 231 917 882
434 2 2 5 1 917 925 882
435 2 2 5 1 917 366 925
436 2 2 5 1 882 925 356
437 2 2 5 1 366 926 925
438 2 2 5 1 926 927 925
439 2 2 5 1 926 369 927
440 2 2 5 1 925 927 356
441 2 2 5 1 366 916 926
442 2 2 5 1 916 928 926
443 2 2 5 1 916 233 928
444 2 2 5 1 926 928 369
445 2 2 5 1 356 927 876
446 2 2 5 1 927 929 876
447 2 2 5 1 927 369 929
448 2 2 5 1 876 929 203
449 2 2 5 1 204 930 932
450 2 2 5 1 930 931 932
451 2 2 5 1 930 370 931
452 2 2 5 1 932 931 372
453 2 2 5 1 370 933 931
454 2 2 5 1 933 934 931
455 2 2 5 1 933 371 934
456 2 2 5 1 931 934 372
457 2 2 5 1 370 935 933
458 2 2 5 1 935 936 933
459 2 2 5 1 935 234 936
460 2 2 5 1 933 936 371
461 2 2 5 1 372 934 938
462 2 2 5 1 934 937 938
463 2 2 5 1 934 371 937
464 2 2 5 1 938 937 236
465 2 2 5 1 234 939 936
466 2 2 5 1 939 940 936
467 2 2 5 1 939 373 940
468 2 2 5 1 936 940 371
469 2 2 5 1 373 941 940
470 2 2 5 1 941 942 940
471 2 2 5 1 941 374 942
472 2 2 5 1 940 942 371
473 2 2 5 1 373 943 941
474 2 2 5 1 943 944 941
475 2 2 5 1 943 235 944
476 2 2 5 1 941 944 374
477 2 2 5 1 371 942 937
478 2 2 5 1 942 945 937
479 2 2 5 1 942 374 945
480 2 2 5 1 937 945 236
481 2 2 5 1 234 946 939
482 2 2 5 1 946 947 939
483 2 2 5 1 946 375 947
484 2 2 5 1 939 947 373
485 2 2 5 1 375 948 947
486 2 2 5 1 948 949 947
487 2 2 5 1 948 376 949
488 2 2 5 1 947 949 373
489 2 2 5 1 375 950 948
490 2 2 5 1 950 951 948
491 2 2 5 1 950 217 951
492 2 2 5 1 948 951 376
493 2 2 5 1 373 949 943
494 2 2 5 1 949 952 943
495 2 2 5 1 949 376 952
496 2 2 5 1 943 952 235
497 2 2 5 1 236 945 954
498 2 2 5 1 945 953 954
499 2 2 5 1 945 374 953
500 2 2 5 1 954 953 378
501 2 2 5 1 374 955 953
502 2 2 5 1 955 956 953
503 2 2 5 1 955 377 956
504 2 2 5 1 953 956 378
505 2 2 5 1 374 944 955
506 2 2 5 1 944 957 955
507 2 2 5 1 944 235 957
508 2 2 5 1 955 957 377
509 2 2 5 1 378 956 959
510 2 2 5 1 956 958 959
511 2 2 5 1 956 377 958
512 2 2 5 1 959 958 196
513 2 2 5 1 204 960 962
514 2 2 5 1 960 961 962
515 2 2 5 1 960 379 961
516 2 2 5 1 962 961 381
517 2 2 5 1 379 963 961
518 2 2 5 1 963 964 961
519 2 2 5 1 963 380 964
520 2 2 5 1 961 964 381
521 2 2 5 1 379 965 963
522 2 2 5 1 965 966 963
523 2 2 5 1 965 237 966
524 2 2 5 1 963 966 380
525 2 2 5 1 381 964 968
526 2 2 5 1 964 967 968
527 2 2 5 1 964 380 967
528 2 2 5 1 968 967 239
529 2 2 5 1 237 969 966
530 2 2 5 1 969 970 966
531 2 2 5 1 969 382 970
532 2 2 5 1 966 970 380
533 2 2 5 1 382 971 970
534 2 2 5 1 971 972 970
535 2 2 5 1 971 383 972
536 2 2 5 1 970 972 380
537 2 2 5 1 382 973 971
538 2 2 5 1 973 974 971
539 2 2 5 1 973 238 974
540 2 2 5 1 971 974 383
541 2 2 5 1 380 972 967
542 2 2 5 1 972 975 967
543 2 2 5 1 972 383 975
544 2 2 5 1 967 975 239
545 2 2 5 1 237 976 969
546 2 2 5 1 976 977 969
547 2 2 5 1 976 384 977
548 2 2 5 1 969 977 382
549 2 2 5 1 384 978 977
550 2 2 5 1 978 979 977
551 2 2 5 1 978 385 979
552 2 2 5 1 977 979 382
553 2 2 5 1 384 980 978
554 2 2 5 1 980 981 978
555 2 2 5 1 980 216 981
556 2 2 5 1 978 981 385
557 2 2 5 1 382 979 973
558 2 2 5 1 979 982 973
559 2 2 5 1 979 385 982
560 2 2 5 1 973 982 238
561 2 2 5 1 239 975 984
562 2 2 5 1 975 983 984
563 2 2 5 1 975 383 983
564 2 2 5 1 984 983 387
565 2 2 5 1 383 985 983
566 2 2 5 1 985 986 983
567 2 2 5 1 985 386 986
568 2 2 5 1 983 986 387
569 2 2 5 1 383 974 985
570 2 2 5 1 974 987 985
571 2 2 5 1 974 238 987
572 2 2 5 1 985 987 386
573 2 2 5 1 387 986 989
574 2 2 5 1 986 988 989
575 2 2 5 1 986 386 988
576 2 2 5 1 989 988 198
577 2 2 5 1 196 958 991
578 2 2 5 1 958 990 991
579 2 2 5 1 958 377 990
580 2 2 5 1 991 990 389
581 2 2 5 1 377 992 990
582 2 2 5 1 992 993 990
583 2 2 5 1 992 388 993
584 2 2 5 1 990 993 389
585 2 2 5 1 377 957 992
586 2 2 5 1 957 994 992
587 2 2 5 1 957 235 994
588 2 2 5 1 992 994 388
589 2 2 5 1 389 993 996
590 2 2 5 1 993 995 996
591 2 2 5 1 993 388 995
592 2 2 5 1 996 995 241
593 2 2 5 1 235 997 994
594 2 2 5 1 997 998 994
595 2 2 5 1 997 390 998
596 2 2 5 1 994 998 388
597 2 2 5 1 390 999 998
598 2 2 5 1 999 1000 998
599 2 2 5 1 999 391 1000
600 2 2 5 1 998 1000 388
601 2 2 5 1 390 1001 999
602 2 2 5 1 1001 1002 999
603 2 2 5 1 1001 240 1002
604 2 2 5 1 999 1002 391
605 2 2 5 1 388 1000 995
606 2 2 5 1 1000 1003 995
607 2 2 5 1 1000 391 1003
608 2 2 5 1 995 1003 241
609 2 2 5 1 235 952 997
610 2 2 5 1 952 1004 997
611 2 2 5 1 952 376 1004
612 2 2 5 1 997 1004 390
613 2 2 5 1 376 1005 1004
614 2 2 5 1 1005 1006 1004
615 2 2 5 1 1005 392 1006
616 2 2 5 1 1004 1006 390
617 2 2 5 1 376 951 1005
618 2 2 5 1 951 1007 1005
619 2 2 5 1 951 217 1007
620 2 2 5 1 1005 1007 392
621 2 2 5 1 390 1006 1001
622 2 2 5 1 1006 1008 1001
623 2 2 5 1 1006 392 1008
624 2 2 5 1 1001 1008 240
625 2 2 5 1 241 1003 1010
626 2 2 5 1 1003 1009 1010
627 2 2 5 1 1003 391 1009
628 2 2 5 1 1010 1009 394
629 2 2 5 1 391 1011 1009
630 2 2 5 1 1011 1012 1009
631 2 2 5 1 1011 393 1012
632 2 2 5 1 1009 1012 394
633 2 2 5 1 391 1002 1011
634 2 2 5 1 1002 1013 1011
635 2 2 5 1 1002 240 1013
636 2 2 5 1 1011 1013 393
637 2 2 5 1 394 1012 1015
638 2 2 5 1 1012 1014 1015
639 2 2 5 1 1012 393 1014
640 2 2 5 1 1015 1014 208
641 2 2 5 1 208 1016 1018
642 2 2 5 1 1016 1017 1018
643 2 2 5 1 1016 395 1017
644 2 2 5 1 1018 1017 397
645 2 2 5 1 395 1019 1017
646 2 2 5 1 1019 1020 1017
647 2 2 5 1 1019 396 1020
648 2 2 5 1 1017 1020 397
649 2 2 5 1 395 1021 1019
650 2 2 5 1 1021 1022 1019
651 2 2 5 1 1021 242 1022
652 2 2 5 1 1019 1022 396
653 2 2 5 1 397 1020 1024
654 2 2 5 1 1020 1023 1024
655 2 2 5 1 1020 396 1023
656 2 2 5 1 1024 1023 244
657 2 2 5 1 242 1025 1022
658 2 2 5 1 1025 1026 1022
659 2 2 5 1 1025 398 1026
660 2 2 5 1 1022 1026 396
661 2 2 5 1 398 1027 1026
662 2 2 5 1 1027 1028 1026
663 2 2 5 1 1027 399 1028
664 2 2 5 1 1026 1028 396
665 2 2 5 1 398 1029 1027
666 2 2 5 1 1029 1030 1027
667 2 2 5 1 1029 243 1030
668 2 2 5 1 1027 1030 399
669 2 2 5 1 396 1028 1023
670 2 2 5 1 1028 1031 1023
671 2 2 5 1 1028 399 1031
672 2 2 5 1 1023 1031 244
673 2 2 5 1 242 1032 1025
674 2 2 5 1 1032 1033 1025
675 2 2 5 1 1032 400 1033
676 2 2 5 1 1025 1033 398
677 2 2 5 1 400 1034 1033
678 2 2 5 1 1034 1035 1033
679 2 2 5 1 1034 401 1035
680 2 2 5 1 1033 1035 398
681 2 2 5 1 400 1036 1034
682 2 2 5 1 1036 1037 1034
683 2 2 5 1 1036 214 1037
684 2 2 5 1 1034 1037 401
685 2 2 5 1 398 1035 1029
686 2 2 5 1 1035 1038 1029
687 2 2 5 1 1035 401 1038
688 2 2 5 1 1029 1038 243
689 2 2 5 1 244 1031 1040
690 2 2 5 1 1031 1039 1040
691 2 2 5 1 1031 399 1039
692 2 2 5 1 1040 1039 403
693 2 2 5 1 399 1041 1039
694 2 2 5 1 1041 1042 1039
695 2 2 5 1 1041 402 1042
696 2 2 5 1 1039 1042 403
697 2 2 5 1 399 1030 1041
698 2 2 5 1 1030 1043 1041
699 2 2 5 1 1030 243 1043
700 2 2 5 1 1041 1043 402
701 2 2 5 1 403 1042 1045
702 2 2 5 1 1042 1044 1045
703 2 2 5 1 1042 402 1044
704 2 2 5 1 1045 1044 195
705 2 2 5 1 195 1046 1045
706 2 2 5 1 1046 1047 1045
707 2 2 5 1 1046 404 1047
708 2 2 5 1 1045 1047 403
709 2 2 5 1 404 1048 1047
710 2 2 5 1 1048 1049 1047
711 2 2 5 1 1048 405 1049
712 2 2 5 1 1047 1049 403
713 2 2 5 1 404 1050 1048
714 2 2 5 1 1050 1051 1048
715 2 2 5 1 1050 245 1051
716 2 2 5 1 1048 1051 405
717 2 2 5 1 403 1049 1040
718 2 2 5 1 1049 1052 1040
719 2 2 5 1 1049 405 1052
720 2 2 5 1 1040 1052 244
721 2 2 5 1 245 1053 1051
722 2 2 5 1 1053 1054 1051
723 2 2 5 1 1053 406 1054
724 2 2 5 1 1051 1054 405
725 2 2 5 1 406 1055 1054
726 2 2 5 1 1055 1056 1054
727 2 2 5 1 1055 407 1056
728 2 2 5 1 1054 1056 405
729 2 2 5 1 406 1057 1055
730 2 2 5 1 1057 1058 1055
731 2 2 5 1 1057 246 1058
732 2 2 5 1 1055 1058 407
733 2 2 5 1 405 1056 1052
734 2 2 5 1 1056 1059 1052
735 2 2 5 1 1056 407 1059
736 2 2 5 1 1052 1059 244
737 2 2 5 1 245 1060 1053
738 2 2 5 1 1060 1061 1053
739 2 2 5 1 1060 408 1061
740 2 2 5 1 1053 1061 406
741 2 2 5 1 408 1062 1061
742 2 2 5 1 1062 1063 1061
743 2 2 5 1 1062 409 1063
744 2 2 5 1 1061 1063 406
745 2 2 5 1 408 1064 1062
746 2 2 5 1 1064 1065 1062
747 2 2 5 1 1064 215 1065
748 2 2 5 1 1062 1065 409
749 2 2 5 1 406 1063 1057
750 2 2 5 1 1063 1066 1057
751 2 2 5 1 1063 409 1066
752 2 2 5 1 1057 1066 246
753 2 2 5 1 244 1059 1024
754 2 2 5 1 1059 1067 1024
755 2 2 5 1 1059 407 1067
756 2 2 5 1 1024 1067 397
757 2 2 5 1 407 1068 1067
758 2 2 5 1 1068 1069 1067
759 2 2 5 1 1068 410 1069
760 2 2 5 1 1067 1069 397
761 2 2 5 1 407 1058 1068
762 2 2 5 1 1058 1070 1068
763 2 2 5 1 1058 246 1070
764 2 2 5 1 1068 1070 410
765 2 2 5 1 397 1069 1018
766 2 2 5 1 1069 1071 1018
767 2 2 5 1 1069 410 1071
768 2 2 5 1 1018 1071 208
769 2 2 5 1 196 1072 959
770 2 2 5 1 1072 1073 959
771 2 2 5 1 1072 411 1073
772 2 2 5 1 959 1073 378
773 2 2 5 1 411 1074 1073
774 2 2 5 1 1074 1075 1073
775 2 2 5 1 1074 412 1075
776 2 2 5 1 1073 1075 378
777 2 2 5 1 411 1076 1074
778 2 2 5 1 1076 1077 1074
779 2 2 5 1 1076 247 1077
780 2 2 5 1 1074 1077 412
781 2 2 5 1 378 1075 954
782 2 2 5 1 1075 1078 954
783 2 2 5 1 1075 412 1078
784 2 2 5 1 954 1078 236
785 2 2 5 1 247 1079 1077
786 2 2 5 1 1079 1080 1077
787 2 2 5 1 1079 413 1080
788 2 2 5 1 1077 1080 412
789 2 2 5 1 413 1081 1080
790 2 2 5 1 1081 1082 1080
791 2 2 5 1 1081 414 1082
792 2 2 5 1 1080 1082 412
793 2 2 5 1 413 1083 1081
794 2 2 5 1 1083 1084 1081
795 2 2 5 1 1083 237 1084
796 2 2 5 1 1081 1084 414
797 2 2 5 1 412 1082 1078
798 2 2 5 1 1082 1085 1078
799 2 2 5 1 1082 414 1085
800 2 2 5 1 1078 1085 236
801 2 2 5 1 247 1086 1079
802 2 2 5 1 1086 1087 1079
803 2 2 5 1 1086 415 1087
804 2 2 5 1 1079 1087 413
805 2 2 5 1 415 1088 1087
806 2 2 5 1 1088 1089 1087
807 2 2 5 1 1088 384 1089
808 2 2 5 1 1087 1089 413
809 2 2 5 1 415 1090 1088
810 2 2 5 1 1090 980 1088
811 2 2 5 1 1090 216 980
812 2 2 5 1 1088 980 384
813 2 2 5 1 413 1089 1083
814 2 2 5 1 1089 976 1083
815 2 2 5 1 1089 384 976
816 2 2 5 1 1083 976 237
817 2 2 5 1 236 1085 938
818 2 2 5 1 1085 1091 938
819 2 2 5 1 1085 414 1091
820 2 2 5 1 938 1091 372
821 2 2 5 1 414 1092 1091
822 2 2 5 1 1092 1093 1091
823 2 2 5 1 1092 379 1093
824 2 2 5 1 1091 1093 372
825 2 2 5 1 414 1084 1092
826 2 2 5 1 1084 965 1092
827 2 2 5 1 1084 237 965
828 2 2 5 1 1092 965 379
829 2 2 5 1 372 1093 932
830 2 2 5 1 1093 960 932
831 2 2 5 1 1093 379 960
832 2 2 5 1 932 960 204
833 2 2 5 1 208 1071 1015
834 2 2 5 1 1071 1094 1015
835 2 2 5 1 1071 410 1094
836 2 2 5 1 1015 1094 394
837 2 2 5 1 410 1095 1094
838 2 2 5 1 1095 1096 1094
839 2 2 5 1 1095 416 1096
840 2 2 5 1 1094 1096 394
841 2 2 5 1 410 1070 1095
842 2 2 5 1 1070 1097 1095
843 2 2 5 1 1070 246 1097
844 2 2 5 1 1095 1097 416
845 2 2 5 1 394 1096 1010
846 2 2 5 1 1096 1098 1010
847 2 2 5 1 1096 416 1098
848 2 2 5 1 1010 1098 241
849 2 2 5 1 246 1099 1097
850 2 2 5 1 1099 1100 1097
851 2 2 5 1 1099 417 1100
852 2 2 5 1 1097 1100 416
853 2 2 5 1 417 1101 1100
854 2 2 5 1 1101 1102 1100
855 2 2 5 1 1101 418 1102
856 2 2 5 1 1100 1102 416
857 2 2 5 1 417 1103 1101
858 2 2 5 1 1103 1104 1101
859 2 2 5 1 1103 248 1104
860 2 2 5 1 1101 1104 418
861 2 2 5 1 416 1102 1098
862 2 2 5 1 1102 1105 1098
863 2 2 5 1 1102 418 1105
864 2 2 5 1 1098 1105 241
865 2 2 5 1 246 1066 1099
866 2 2 5 1 1066 1106 1099
867 2 2 5 1 1066 409 1106
868 2 2 5 1 1099 1106 417
869 2 2 5 1 409 1107 1106
870 2 2 5 1 1107 1108 1106
871 2 2 5 1 1107 419 1108
872 2 2 5 1 1106 1108 417
873 2 2 5 1 409 1065 1107
874 2 2 5 1 1065 1109 1107
875 2 2 5 1 1065 215 1109
876 2 2 5 1 1107 1109 419
877 2 2 5 1 417 1108 1103
878 2 2 5 1 1108 1110 1103
879 2 2 5 1 1108 419 1110
880 2 2 5 1 1103 1110 248
881 2 2 5 1 241 1105 996
882 2 2 5 1 1105 1111 996
883 2 2 5 1 1105 418 1111
884 2 2 5 1 996 1111 389
885 2 2 5 1 418 1112 1111
886 2 2 5 1 1112 1113 1111
887 2 2 5 1 1112 420 1113
888 2 2 5 1 1111 1113 389
889 2 2 5 1 418 1104 1112
890 2 2 5 1 1104 1114 1112
891 2 2 5 1 1104 248 1114
892 2 2 5 1 1112 1114 420
893 2 2 5 1 389 1113 991
894 2 2 5 1 1113 1115 991
895 2 2 5 1 1113 420 1115
896 2 2 5 1 991 1115 196
897 2 2 5 1 199 1116 1118
898 2 2 5 1 1116 1117 1118
899 2 2 5 1 1116 421 1117
900 2 2 5 1 1118 1117 423
901 2 2 5 1 421 1119 1117
902 2 2 5 1 1119 1120 1117
903 2 2 5 1 1119 422 1120
904 2 2 5 1 1117 1120 423
905 2 2 5 1 421 1121 1119
906 2 2 5 1 1121 1122 1119
907 2 2 5 1 1121 249 1122
908 2 2 5 1 1119 1122 422
909 2 2 5 1 423 1120 1124
910 2 2 5 1 1120 1123 1124
911 2 2 5 1 1120 422 1123
912 2 2 5 1 1124 1123 250
913 2 2 5 1 249 1125 1122
914 2 2 5 1 1125 1126 1122
915 2 2 5 1 1125 424 1126
916 2 2 5 1 1122 1126 422
917 2 2 5 1 424 1127 1126
918 2 2 5 1 1127 1128 1126
919 2 2 5 1 1127 425 1128
920 2 2 5 1 1126 1128 422
921 2 2 5 1 424 1129 1127
922 2 2 5 1 1129 1130 1127
923 2 2 5 1 1129 224 1130
924 2 2 5 1 1127 1130 425
925 2 2 5 1 422 1128 1123
926 2 2 5 1 1128 1131 1123
927 2 2 5 1 1128 425 1131
928 2 2 5 1 1123 1131 250
929 2 2 5 1 249 1132 1125
930 2 2 5 1 1132 1133 1125
931 2 2 5 1 1132 426 1133
932 2 2 5 1 1125 1133 424
933 2 2 5 1 426 1134 1133
934 2 2 5 1 1134 1135 1133
935 2 2 5 1 1134 343 1135
936 2 2 5 1 1133 1135 424
937 2 2 5 1 426 1136 1134
938 2 2 5 1 1136 838 1134
939 2 2 5 1 1136 222 838
940 2 2 5 1 1134 838 343
941 2 2 5 1 424 1135 1129
942 2 2 5 1 1135 834 1129
943 2 2 5 1 1135 343 834
944 2 2 5 1 1129 834 224
945 2 2 5 1 250 1131 1138
946 2 2 5 1 1131 1137 1138
947 2 2 5 1 1131 425 1137
948 2 2 5 1 1138 1137 427
949 2 2 5 1 425 1139 1137
950 2 2 5 1 1139 1140 1137
951 2 2 5 1 1139 338 1140
952 2 2 5 1 1137 1140 427
953 2 2 5 1 425 1130 1139
954 2 2 5 1 1130 823 1139
955 2 2 5 1 1130 224 823
956 2 2 5 1 1139 823 338
957 2 2 5 1 427 1140 1141
958 2 2 5 1 1140 818 1141
959 2 2 5 1 1140 338 818
960 2 2 5 1 1141 818 210
961 2 2 5 1 44 1142 1144
962 2 2 5 1 1142 1143 1144
963 2 2 5 1 1142 428 1143
964 2 2 5 1 1144 1143 430
965 2 2 5 1 428 1145 1143
966 2 2 5 1 1145 1146 1143
967 2 2 5 1 1145 429 1146
968 2 2 5 1 1143 1146 430
969 2 2 5 1 428 1147 1145
970 2 2 5 1 1147 1148 1145
971 2 2 5 1 1147 251 1148
972 2 2 5 1 1145 1148 429
973 2 2 5 1 430 1146 1150
974 2 2 5 1 1146 1149 1150
975 2 2 5 1 1146 429 1149
976 2 2 5 1 1150 1149 253
977 2 2 5 1 251 1151 1148
978 2 2 5 1 1151 1152 1148
979 2 2 5 1 1151 431 1152
980 2 2 5 1 1148 1152 429
981 2 2 5 1 431 1153 1152
982 2 2 5 1 1153 1154 1152
983 2 2 5 1 1153 432 1154
984 2 2 5 1 1152 1154 429
985 2 2 5 1 431 1155 1153
986 2 2 5 1 1155 1156 1153
987 2 2 5 1 1155 252 1156
988 2 2 5 1 1153 1156 432
989 2 2 5 1 429 1154 1149
990 2 2 5 1 1154 1157 1149
991 2 2 5 1 1154 432 1157
992 2 2 5 1 1149 1157 253
993 2 2 5 1 251 1158 1151
994 2 2 5 1 1158 1159 1151
995 2 2 5 1 1158 433 1159
996 2 2 5 1 1151 1159 431
997 2 2 5 1 433 1160 1159
998 2 2 5 1 1160 1161 1159
999 2 2 5 1 1160 434 1161
1000 2 2 5 1 1159 1161 431
1001 2 2 5 1 433 1162 1160
1002 2 2 5 1 1162 1163 1160
1003 2 2 5 1 1162 205 1163
1004 2 2 5 1 1160 1163 434
1005 2 2 5 1 431 1161 1155
1006 2 2 5 1 1161 1164 1155
1007 2 2 5 1 1161 434 1164
1008 2 2 5 1 1155 1164 252
1009 2 2 5 1 253 1157 1166
1010 2 2 5 1 1157 1165 1166
1011 2 2 5 1 1157 432 1165
1012 2 2 5 1 1166 1165 436
1013 2 2 5 1 432 1167 1165
1014 2 2 5 1 1167 1168 1165
1015 2 2 5 1 1167 435 1168
1016 2 2 5 1 1165 1168 436
1017 2 2 5 1 432 1156 1167
1018 2 2 5 1 1156 1169 1167
1019 2 2 5 1 1156 252 1169
1020 2 2 5 1 1167 1169 435
1021 2 2 5 1 436 1168 1171
1022 2 2 5 1 1168 1170 1171
1023 2 2 5 1 1168 435 1170
1024 2 2 5 1 1171 1170 194
1025 2 2 5 1 202 1172 1174
1026 2 2 5 1 1172 1173 1174
1027 2 2 5 1 1172 437 1173
1028 2 2 5 1 1174 1173 439
1029 2 2 5 1 437 1175 1173
1030 2 2 5 1 1175 1176 1173
1031 2 2 5 1 1175 438 1176
1032 2 2 5 1 1173 1176 439
1033 2 2 5 1 437 1177 1175
1034 2 2 5 1 1177 1178 1175
1035 2 2 5 1 1177 254 1178
1036 2 2 5 1 1175 1178 438
1037 2 2 5 1 439 1176 1180
1038 2 2 5 1 1176 1179 1180
1039 2 2 5 1 1176 438 1179
1040 2 2 5 1 1180 1179 256
1041 2 2 5 1 254 1181 1178
1042 2 2 5 1 1181 1182 1178
1043 2 2 5 1 1181 440 1182
1044 2 2 5 1 1178 1182 438
1045 2 2 5 1 440 1183 1182
1046 2 2 5 1 1183 1184 1182
1047 2 2 5 1 1183 441 1184
1048 2 2 5 1 1182 1184 438
1049 2 2 5 1 440 1185 1183
1050 2 2 5 1 1185 1186 1183
1051 2 2 5 1 1185 255 1186
1052 2 2 5 1 1183 1186 441
1053 2 2 5 1 438 1184 1179
1054 2 2 5 1 1184 1187 1179
1055 2 2 5 1 1184 441 1187
1056 2 2 5 1 1179 1187 256
1057 2 2 5 1 254 1188 1181
1058 2 2 5 1 1188 1189 1181
1059 2 2 5 1 1188 442 1189
1060 2 2 5 1 1181 1189 440
1061 2 2 5 1 442 1190 1189
1062 2 2 5 1 1190 1191 1189
1063 2 2 5 1 1190 443 1191
1064 2 2 5 1 1189 1191 440
1065 2 2 5 1 442 1192 1190
1066 2 2 5 1 1192 1193 1190
1067 2 2 5 1 1192 203 1193
1068 2 2 5 1 1190 1193 443
1069 2 2 5 1 440 1191 1185
1070 2 2 5 1 1191 1194 1185
1071 2 2 5 1 1191 443 1194
1072 2 2 5 1 1185 1194 255
1073 2 2 5 1 256 1187 1196
1074 2 2 5 1 1187 1195 1196
1075 2 2 5 1 1187 441 1195
1076 2 2 5 1 1196 1195 445
1077 2 2 5 1 441 1197 1195
1078 2 2 5 1 1197 1198 1195
1079 2 2 5 1 1197 444 1198
1080 2 2 5 1 1195 1198 445
1081 2 2 5 1 441 1186 1197
1082 2 2 5 1 1186 1199 1197
1083 2 2 5 1 1186 255 1199
1084 2 2 5 1 1197 1199 444
1085 2 2 5 1 445 1198 1201
1086 2 2 5 1 1198 1200 1201
1087 2 2 5 1 1198 444 1200
1088 2 2 5 1 1201 1200 193
1089 2 2 5 1 205 1202 1204
1090 2 2 5 1 1202 1203 1204
1091 2 2 5 1 1202 446 1203
1092 2 2 5 1 1204 1203 448
1093 2 2 5 1 446 1205 1203
1094 2 2 5 1 1205 1206 1203
1095 2 2 5 1 1205 447 1206
1096 2 2 5 1 1203 1206 448
1097 2 2 5 1 446 1207 1205
1098 2 2 5 1 1207 1208 1205
1099 2 2 5 1 1207 257 1208
1100 2 2 5 1 1205 1208 447
1101 2 2 5 1 448 1206 1210
1102 2 2 5 1 1206 1209 1210
1103 2 2 5 1 1206 447 1209
1104 2 2 5 1 1210 1209 259
1105 2 2 5 1 257 1211 1208
1106 2 2 5 1 1211 1212 1208
1107 2 2 5 1 1211 449 1212
1108 2 2 5 1 1208 1212 447
1109 2 2 5 1 449 1213 1212
1110 2 2 5 1 1213 1214 1212
1111 2 2 5 1 1213 450 1214
1112 2 2 5 1 1212 1214 447
1113 2 2 5 1 449 1215 1213
1114 2 2 5 1 1215 1216 1213
1115 2 2 5 1 1215 258 1216
1116 2 2 5 1 1213 1216 450
1117 2 2 5 1 447 1214 1209
1118 2 2 5 1 1214 1217 1209
1119 2 2 5 1 1214 450 1217
1120 2 2 5 1 1209 1217 259
1121 2 2 5 1 257 1218 1211
1122 2 2 5 1 1218 1219 1211
1123 2 2 5 1 1218 451 1219
1124 2 2 5 1 1211 1219 449
1125 2 2 5 1 451 1220 1219
1126 2 2 5 1 1220 1221 1219
1127 2 2 5 1 1220 452 1221
1128 2 2 5 1 1219 1221 449
1129 2 2 5 1 451 1222 1220
1130 2 2 5 1 1222 1223 1220
1131 2 2 5 1 1222 209 1223
1132 2 2 5 1 1220 1223 452
1133 2 2 5 1 449 1221 1215
1134 2 2 5 1 1221 1224 1215
1135 2 2 5 1 1221 452 1224
1136 2 2 5 1 1215 1224 258
1137 2 2 5 1 259 1217 1226
1138 2 2 5 1 1217 1225 1226
1139 2 2 5 1 1217 450 1225
1140 2 2 5 1 1226 1225 454
1141 2 2 5 1 450 1227 1225
1142 2 2 5 1 1227 1228 1225
1143 2 2 5 1 1227 453 1228
1144 2 2 5 1 1225 1228 454
1145 2 2 5 1 450 1216 1227
1146 2 2 5 1 1216 1229 1227
1147 2 2 5 1 1216 258 1229
1148 2 2 5 1 1227 1229 453
1149 2 2 5 1 454 1228 1231
1150 2 2 5 1 1228 1230 1231
1151 2 2 5 1 1228 453 1230
1152 2 2 5 1 1231 1230 206
1153 2 2 5 1 206 1232 1234
1154 2 2 5 1 1232 1233 1234
1155 2 2 5 1 1232 455 1233
1156 2 2 5 1 1234 1233 457
1157 2 2 5 1 455 1235 1233
1158 2 2 5 1 1235 1236 1233
1159 2 2 5 1 1235 456 1236
1160 2 2 5 1 1233 1236 457
1161 2 2 5 1 455 1237 1235
1162 2 2 5 1 1237 1238 1235
1163 2 2 5 1 1237 260 1238
1164 2 2 5 1 1235 1238 456
1165 2 2 5 1 457 1236 1240
1166 2 2 5 1 1236 1239 1240
1167 2 2 5 1 1236 456 1239
1168 2 2 5 1 1240 1239 262
1169 2 2 5 1 260 1241 1238
1170 2 2 5 1 1241 1242 1238
1171 2 2 5 1 1241 458 1242
1172 2 2 5 1 1238 1242 456
1173 2 2 5 1 458 1243 1242
1174 2 2 5 1 1243 1244 1242
1175 2 2 5 1 1243 459 1244
1176 2 2 5 1 1242 1244 456
1177 2 2 5 1 458 1245 1243
1178 2 2 5 1 1245 1246 1243
1179 2 2 5 1 1245 261 1246
1180 2 2 5 1 1243 1246 459
1181 2 2 5 1 456 1244 1239
1182 2 2 5 1 1244 1247 1239
1183 2 2 5 1 1244 459 1247
1184 2 2 5 1 1239 1247 262
1185 2 2 5 1 260 1248 1241
1186 2 2 5 1 1248 1249 1241
1187 2 2 5 1 1248 460 1249
1188 2 2 5 1 1241 1249 458
1189 2 2 5 1 460 1250 1249
1190 2 2 5 1 1250 1251 1249
1191 2 2 5 1 1250 461 1251
1192 2 2 5 1 1249 1251 458
1193 2 2 5 1 460 1252 1250
1194 2 2 5 1 1252 1253 1250
1195 2 2 5 1 1252 208 1253
1196 2 2 5 1 1250 1253 461
1197 2 2 5 1 458 1251 1245
1198 2 2 5 1 1251 1254 1245
1199 2 2 5 1 1251 461 1254
1200 2 2 5 1 1245 1254 261
1201 2 2 5 1 262 1247 1256
1202 2 2 5 1 1247 1255 1256
1203 2 2 5 1 1247 459 1255
1204 2 2 5 1 1256 1255 463
1205 2 2 5 1 459 1257 1255
1206 2 2 5 1 1257 1258 1255
1207 2 2 5 1 1257 462 1258
1208 2 2 5 1 1255 1258 463
1209 2 2 5 1 459 1246 1257
1210 2 2 5 1 1246 1259 1257
1211 2 2 5 1 1246 261 1259
1212 2 2 5 1 1257 1259 462
1213 2 2 5 1 463 1258 1261
1214 2 2 5 1 1258 1260 1261
1215 2 2 5 1 1258 462 1260
1216 2 2 5 1 1261 1260 207
1217 2 2 5 1 28 1262 1264
1218 2 2 5 1 1262 1263 1264
1219 2 2 5 1 1262 464 1263
1220 2 2 5 1 1264 1263 466
1221 2 2 5 1 464 1265 1263
1222 2 2 5 1 1265 1266 1263
1223 2 2 5 1 1265 465 1266
1224 2 2 5 1 1263 1266 466
1225 2 2 5 1 464 1267 1265
1226 2 2 5 1 1267 1268 1265
1227 2 2 5 1 1267 263 1268
1228 2 2 5 1 1265 1268 465
1229 2 2 5 1 466 1266 1270
1230 2 2 5 1 1266 1269 1270
1231 2 2 5 1 1266 465 1269
1232 2 2 5 1 1270 1269 265
1233 2 2 5 1 263 1271 1268
1234 2 2 5 1 1271 1272 1268
1235 2 2 5 1 1271 467 1272
1236 2 2 5 1 1268 1272 465
1237 2 2 5 1 467 1273 1272
1238 2 2 5 1 1273 1274 1272
1239 2 2 5 1 1273 468 1274
1240 2 2 5 1 1272 1274 465
1241 2 2 5 1 467 1275 1273
1242 2 2 5 1 1275 1276 1273
1243 2 2 5 1 1275 264 1276
1244 2 2 5 1 1273 1276 468
1245 2 2 5 1 465 1274 1269
1246 2 2 5 1 1274 1277 1269
1247 2 2 5 1 1274 468 1277
1248 2 2 5 1 1269 1277 265
1249 2 2 5 1 263 1278 1271
1250 2 2 5 1 1278 1279 1271
1251 2 2 5 1 1278 469 1279
1252 2 2 5 1 1271 1279 467
1253 2 2 5 1 469 1280 1279
1254 2 2 5 1 1280 1281 1279
1255 2 2 5 1 1280 470 1281
1256 2 2 5 1 1279 1281 467
1257 2 2 5 1 469 1282 1280
1258 2 2 5 1 1282 1283 1280
1259 2 2 5 1 1282 201 1283
1260 2 2 5 1 1280 1283 470
1261 2 2 5 1 467 1281 1275
1262 2 2 5 1 1281 1284 1275
1263 2 2 5 1 1281 470 1284
1264 2 2 5 1 1275 1284 264
1265 2 2 5 1 265 1277 1286
1266 2 2 5 1 1277 1285 1286
1267 2 2 5 1 1277 468 1285
1268 2 2 5 1 1286 1285 472
1269 2 2 5 1 468 1287 1285
1270 2 2 5 1 1287 1288 1285
1271 2 2 5 1 1287 471 1288
1272 2 2 5 1 1285 1288 472
1273 2 2 5 1 468 1276 1287
1274 2 2 5 1 1276 1289 1287
1275 2 2 5 1 1276 264 1289
1276 2 2 5 1 1287 1289 471
1277 2 2 5 1 472 1288 1291
1278 2 2 5 1 1288 1290 1291
1279 2 2 5 1 1288 471 1290
1280 2 2 5 1 1291 1290 193
1281 2 2 5 1 194 1292 1294
1282 2 2 5 1 1292 1293 1294
1283 2 2 5 1 1292 473 1293
1284 2 2 5 1 1294 1293 475
1285 2 2 5 1 473 1295 1293
1286 2 2 5 1 1295 1296 1293
1287 2 2 5 1 1295 474 1296
1288 2 2 5 1 1293 1296 475
1289 2 2 5 1 473 1297 1295
1290 2 2 5 1 1297 1298 1295
1291 2 2 5 1 1297 266 1298
1292 2 2 5 1 1295 1298 474
1293 2 2 5 1 475 1296 1300
1294 2 2 5 1 1296 1299 1300
1295 2 2 5 1 1296 474 1299
1296 2 2 5 1 1300 1299 268
1297 2 2 5 1 266 1301 1298
1298 2 2 5 1 1301 1302 1298
1299 2 2 5 1 1301 476 1302
1300 2 2 5 1 1298 1302 474
1301 2 2 5 1 476 1303 1302
1302 2 2 5 1 1303 1304 1302
1303 2 2 5 1 1303 477 1304
1304 2 2 5 1 1302 1304 474
1305 2 2 5 1 476 1305 1303
1306 2 2 5 1 1305 1306 1303
1307 2 2 5 1 1305 267 1306
1308 2 2 5 1 1303 1306 477
1309 2 2 5 1 474 1304 1299
1310 2 2 5 1 1304 1307 1299
1311 2 2 5 1 1304 477 1307
1312 2 2 5 1 1299 1307 268
1313 2 2 5 1 266 1308 1301
1314 2 2 5 1 1308 1309 1301
1315 2 2 5 1 1308 478 1309
1316 2 2 5 1 1301 1309 476
1317 2 2 5 1 478 1310 1309
1318 2 2 5 1 1310 1311 1309
1319 2 2 5 1 1310 479 1311
1320 2 2 5 1 1309 1311 476
1321 2 2 5 1 478 1312 1310
1322 2 2 5 1 1312 1313 1310
1323 2 2 5 1 1312 201 1313
1324 2 2 5 1 1310 1313 479
1325 2 2 5 1 476 1311 1305
1326 2 2 5 1 1311 1314 1305
1327 2 2 5 1 1311 479 1314
1328 2 2 5 1 1305 1314 267
1329 2 2 5 1 268 1307 1316
1330 2 2 5 1 1307 1315 1316
1331 2 2 5 1 1307 477 1315
1332 2 2 5 1 1316 1315 481
1333 2 2 5 1 477 1317 1315
1334 2 2 5 1 1317 1318 1315
1335 2 2 5 1 1317 480 1318
1336 2 2 5 1 1315 1318 481
1337 2 2 5 1 477 1306 1317
1338 2 2 5 1 1306 1319 1317
1339 2 2 5 1 1306 267 1319
1340 2 2 5 1 1317 1319 480
1341 2 2 5 1 481 1318 1321
1342 2 2 5 1 1318 1320 1321
1343 2 2 5 1 1318 480 1320
1344 2 2 5 1 1321 1320 36
1345 2 2 5 1 197 1322 1324
1346 2 2 5 1 1322 1323 1324
1347 2 2 5 1 1322 482 1323
1348 2 2 5 1 1324 1323 484
1349 2 2 5 1 482 1325 1323
1350 2 2 5 1 1325 1326 1323
1351 2 2 5 1 1325 483 1326
1352 2 2 5 1 1323 1326 484
1353 2 2 5 1 482 1327 1325
1354 2 2 5 1 1327 1328 1325
1355 2 2 5 1 1327 269 1328
1356 2 2 5 1 1325 1328 483
1357 2 2 5 1 484 1326 1330
1358 2 2 5 1 1326 1329 1330
1359 2 2 5 1 1326 483 1329
1360 2 2 5 1 1330 1329 271
1361 2 2 5 1 269 1331 1328
1362 2 2 5 1 1331 1332 1328
1363 2 2 5 1 1331 485 1332
1364 2 2 5 1 1328 1332 483
1365 2 2 5 1 485 1333 1332
1366 2 2 5 1 1333 1334 1332
1367 2 2 5 1 1333 486 1334
1368 2 2 5 1 1332 1334 483
1369 2 2 5 1 485 1335 1333
1370 2 2 5 1 1335 1336 1333
1371 2 2 5 1 1335 270 1336
1372 2 2 5 1 1333 1336 486
1373 2 2 5 1 483 1334 1329
1374 2 2 5 1 1334 1337 1329
1375 2 2 5 1 1334 486 1337
1376 2 2 5 1 1329 1337 271
1377 2 2 5 1 269 1338 1331
1378 2 2 5 1 1338 1339 1331
1379 2 2 5 1 1338 487 1339
1380 2 2 5 1 1331 1339 485
1381 2 2 5 1 487 1340 1339
1382 2 2 5 1 1340 1341 1339
1383 2 2 5 1 1340 488 1341
1384 2 2 5 1 1339 1341 485
1385 2 2 5 1 487 1342 1340
1386 2 2 5 1 1342 1343 1340
1387 2 2 5 1 1342 205 1343
1388 2 2 5 1 1340 1343 488
1389 2 2 5 1 485 1341 1335
1390 2 2 5 1 1341 1344 1335
1391 2 2 5 1 1341 488 1344
1392 2 2 5 1 1335 1344 270
1393 2 2 5 1 271 1337 1346
1394 2 2 5 1 1337 1345 1346
1395 2 2 5 1 1337 486 1345
1396 2 2 5 1 1346 1345 490
1397 2 2 5 1 486 1347 1345
1398 2 2 5 1 1347 1348 1345
1399 2 2 5 1 1347 489 1348
1400 2 2 5 1 1345 1348 490
1401 2 2 5 1 486 1336 1347
1402 2 2 5 1 1336 1349 1347
1403 2 2 5 1 1336 270 1349
1404 2 2 5 1 1347 1349 489
1405 2 2 5 1 490 1348 1351
1406 2 2 5 1 1348 1350 1351
1407 2 2 5 1 1348 489 1350
1408 2 2 5 1 1351 1350 52
1409 2 2 5 1 91 1352 90
1410 2 2 5 1 1352 1353 90
1411 2 2 5 1 1352 491 1353
1412 2 2 5 1 90 1353 89
1413 2 2 5 1 491 1354 1353
1414 2 2 5 1 1354 1355 1353
1415 2 2 5 1 1354 492 1355
1416 2 2 5 1 1353 1355 89
1417 2 2 5 1 491 1356 1354
1418 2 2 5 1 1356 1357 1354
1419 2 2 5 1 1356 272 1357
1420 2 2 5 1 1354 1357 492
1421 2 2 5 1 89 1355 88
1422 2 2 5 1 1355 1358 88
1423 2 2 5 1 1355 492 1358
1424 2 2 5 1 88 1358 87
1425 2 2 5 1 272 1359 1357
1426 2 2 5 1 1359 1360 1357
1427 2 2 5 1 1359 493 1360
1428 2 2 5 1 1357 1360 492
1429 2 2 5 1 493 1361 1360
1430 2 2 5 1 1361 1362 1360
1431 2 2 5 1 1361 494 1362
1432 2 2 5 1 1360 1362 492
1433 2 2 5 1 493 1363 1361
1434 2 2 5 1 1363 1364 1361
1435 2 2 5 1 1363 273 1364
1436 2 2 5 1 1361 1364 494
1437 2 2 5 1 492 1362 1358
1438 2 2 5 1 1362 1365 1358
1439 2 2 5 1 1362 494 1365
1440 2 2 5 1 1358 1365 87
1441 2 2 5 1 272 1366 1359
1442 2 2 5 1 1366 1367 1359
1443 2 2 5 1 1366 495 1367
1444 2 2 5 1 1359 1367 493
1445 2 2 5 1 495 1368 1367
1446 2 2 5 1 1368 1369 1367
1447 2 2 5 1 1368 496 1369
1448 2 2 5 1 1367 1369 493
1449 2 2 5 1 495 1370 1368
1450 2 2 5 1 1370 1371 1368
1451 2 2 5 1 1370 199 1371
1452 2 2 5 1 1368 1371 496
1453 2 2 5 1 493 1369 1363
1454 2 2 5 1 1369 1372 1363
1455 2 2 5 1 1369 496 1372
1456 2 2 5 1 1363 1372 273
1457 2 2 5 1 87 1365 86
1458 2 2 5 1 1365 1373 86
1459 2 2 5 1 1365 494 1373
1460 2 2 5 1 86 1373 85
1461 2 2 5 1 494 1374 1373
1462 2 2 5 1 1374 1375 1373
1463 2 2 5 1 1374 497 1375
1464 2 2 5 1 1373 1375 85
1465 2 2 5 1 494 1364 1374
1466 2 2 5 1 1364 1376 1374
1467 2 2 5 1 1364 273 1376
1468 2 2 5 1 1374 1376 497
1469 2 2 5 1 85 1375 84
1470 2 2 5 1 1375 1377 84
1471 2 2 5 1 1375 497 1377
1472 2 2 5 1 84 1377 83
1473 2 2 5 1 202 1378 1172
1474 2 2 5 1 1378 1379 1172
1475 2 2 5 1 1378 498 1379
1476 2 2 5 1 1172 1379 437
1477 2 2 5 1 498 1380 1379
1478 2 2 5 1 1380 1381 1379
1479 2 2 5 1 1380 499 1381
1480 2 2 5 1 1379 1381 437
1481 2 2 5 1 498 1382 1380
1482 2 2 5 1 1382 1383 1380
1483 2 2 5 1 1382 274 1383
1484 2 2 5 1 1380 1383 499
1485 2 2 5 1 437 1381 1177
1486 2 2 5 1 1381 1384 1177
1487 2 2 5 1 1381 499 1384
1488 2 2 5 1 1177 1384 254
1489 2 2 5 1 274 1385 1383
1490 2 2 5 1 1385 1386 1383
1491 2 2 5 1 1385 500 1386
1492 2 2 5 1 1383 1386 499
1493 2 2 5 1 500 1387 1386
1494 2 2 5 1 1387 1388 1386
1495 2 2 5 1 1387 501 1388
1496 2 2 5 1 1386 1388 499
1497 2 2 5 1 500 1389 1387
1498 2 2 5 1 1389 1390 1387
1499 2 2 5 1 1389 275 1390
1500 2 2 5 1 1387 1390 501
1501 2 2 5 1 499 1388 1384
1502 2 2 5 1 1388 1391 1384
1503 2 2 5 1 1388 501 1391
1504 2 2 5 1 1384 1391 254
1505 2 2 5 1 274 1392 1385
1506 2 2 5 1 1392 1393 1385
1507 2 2 5 1 1392 502 1393
1508 2 2 5 1 1385 1393 500
1509 2 2 5 1 502 1394 1393
1510 2 2 5 1 1394 1395 1393
1511 2 2 5 1 1394 503 1395
1512 2 2 5 1 1393 1395 500
1513 2 2 5 1 502 1396 1394
1514 2 2 5 1 1396 1397 1394
1515 2 2 5 1 1396 204 1397
1516 2 2 5 1 1394 1397 503
1517 2 2 5 1 500 1395 1389
1518 2 2 5 1 1395 1398 1389
1519 2 2 5 1 1395 503 1398
1520 2 2 5 1 1389 1398 275
1521 2 2 5 1 254 1391 1188
1522 2 2 5 1 1391 1399 1188
1523 2 2 5 1 1391 501 1399
1524 2 2 5 1 1188 1399 442
1525 2 2 5 1 501 1400 1399
1526 2 2 5 1 1400 1401 1399
1527 2 2 5 1 1400 504 1401
1528 2 2 5 1 1399 1401 442
1529 2 2 5 1 501 1390 1400
1530 2 2 5 1 1390 1402 1400
1531 2 2 5 1 1390 275 1402
1532 2 2 5 1 1400 1402 504
1533 2 2 5 1 442 1401 1192
1534 2 2 5 1 1401 1403 1192
1535 2 2 5 1 1401 504 1403
1536 2 2 5 1 1192 1403 203
1537 2 2 5 1 28 1264 27
1538 2 2 5 1 1264 1404 27
1539 2 2 5 1 1264 466 1404
1540 2 2 5 1 27 1404 26
1541 2 2 5 1 466 1405 1404
1542 2 2 5 1 1405 1406 1404
1543 2 2 5 1 1405 505 1406
1544 2 2 5 1 1404 1406 26
1545 2 2 5 1 466 1270 1405
1546 2 2 5 1 1270 1407 1405
1547 2 2 5 1 1270 265 1407
1548 2 2 5 1 1405 1407 505
1549 2 2 5 1 26 1406 25
1550 2 2 5 1 1406 1408 25
1551 2 2 5 1 1406 505 1408
1552 2 2 5 1 25 1408 24
1553 2 2 5 1 265 1409 1407
1554 2 2 5 1 1409 1410 1407
1555 2 2 5 1 1409 506 1410
1556 2 2 5 1 1407 1410 505
1557 2 2 5 1 506 1411 1410
1558 2 2 5 1 1411 1412 1410
1559 2 2 5 1 1411 507 1412
1560 2 2 5 1 1410 1412 505
1561 2 2 5 1 506 1413 1411
1562 2 2 5 1 1413 1414 1411
1563 2 2 5 1 1413 276 1414
1564 2 2 5 1 1411 1414 507
1565 2 2 5 1 505 1412 1408
1566 2 2 5 1 1412 1415 1408
1567 2 2 5 1 1412 507 1415
1568 2 2 5 1 1408 1415 24
1569 2 2 5 1 265 1286 1409
1570 2 2 5 1 1286 1416 1409
1571 2 2 5 1 1286 472 1416
1572 2 2 5 1 1409 1416 506
1573 2 2 5 1 472 1417 1416
1574 2 2 5 1 1417 1418 1416
1575 2 2 5 1 1417 508 1418
1576 2 2 5 1 1416 1418 506
1577 2 2 5 1 472 1291 1417
1578 2 2 5 1 1291 1419 1417
1579 2 2 5 1 1291 193 1419
1580 2 2 5 1 1417 1419 508
1581 2 2 5 1 506 1418 1413
1582 2 2 5 1 1418 1420 1413
1583 2 2 5 1 1418 508 1420
1584 2 2 5 1 1413 1420 276
1585 2 2 5 1 24 1415 23
1586 2 2 5 1 1415 1421 23
1587 2 2 5 1 1415 507 1421
1588 2 2 5 1 23 1421 22
1589 2 2 5 1 507 1422 1421
1590 2 2 5 1 1422 1423 1421
1591 2 2 5 1 1422 509 1423
1592 2 2 5 1 1421 1423 22
1593 2 2 5 1 507 1414 1422
1594 2 2 5 1 1414 1424 1422
1595 2 2 5 1 1414 276 1424
1596 2 2 5 1 1422 1424 509
1597 2 2 5 1 22 1423 21
1598 2 2 5 1 1423 1425 21
1599 2 2 5 1 1423 509 1425
1600 2 2 5 1 21 1425 20
1601 2 2 5 1 36 1320 35
1602 2 2 5 1 1320 1426 35
1603 2 2 5 1 1320 480 1426
1604 2 2 5 1 35 1426 34
1605 2 2 5 1 480 1427 1426
1606 2 2 5 1 1427 1428 1426
1607 2 2 5 1 1427 510 1428
1608 2 2 5 1 1426 1428 34
1609 2 2 5 1 480 1319 1427
1610 2 2 5 1 1319 1429 1427
1611 2 2 5 1 1319 267 1429
1612 2 2 5 1 1427 1429 510
1613 2 2 5 1 34 1428 33
1614 2 2 5 1 1428 1430 33
1615 2 2 5 1 1428 510 1430
1616 2 2 5 1 33 1430 32
1617 2 2 5 1 267 1431 1429
1618 2 2 5 1 1431 1432 1429
1619 2 2 5 1 1431 511 1432
1620 2 2 5 1 1429 1432 510
1621 2 2 5 1 511 1433 1432
1622 2 2 5 1 1433 1434 1432
1623 2 2 5 1 1433 512 1434
1624 2 2 5 1 1432 1434 510
1625 2 2 5 1 511 1435 1433
1626 2 2 5 1 1435 1436 1433
1627 2 2 5 1 1435 263 1436
1628 2 2 5 1 1433 1436 512
1629 2 2 5 1 510 1434 1430
1630 2 2 5 1 1434 1437 1430
1631 2 2 5 1 1434 512 1437
1632 2 2 5 1 1430 1437 32
1633 2 2 5 1 267 1314 1431
1634 2 2 5 1 1314 1438 1431
1635 2 2 5 1 1314 479 1438
1636 2 2 5 1 1431 1438 511
1637 2 2 5 1 479 1439 1438
1638 2 2 5 1 1439 1440 1438
1639 2 2 5 1 1439 469 1440
1640 2 2 5 1 1438 1440 511
1641 2 2 5 1 479 1313 1439
1642 2 2 5 1 1313 1282 1439
1643 2 2 5 1 1313 201 1282
1644 2 2 5 1 1439 1282 469
1645 2 2 5 1 511 1440 1435
1646 2 2 5 1 1440 1278 1435
1647 2 2 5 1 1440 469 1278
1648 2 2 5 1 1435 1278 263
1649 2 2 5 1 32 1437 31
1650 2 2 5 1 1437 1441 31
1651 2 2 5 1 1437 512 1441
1652 2 2 5 1 31 1441 30
1653 2 2 5 1 512 1442 1441
1654 2 2 5 1 1442 1443 1441
1655 2 2 5 1 1442 464 1443
1656 2 2 5 1 1441 1443 30
1657 2 2 5 1 512 1436 1442
1658 2 2 5 1 1436 1267 1442
1659 2 2 5 1 1436 263 1267
1660 2 2 5 1 1442 1267 464
1661 2 2 5 1 30 1443 29
1662 2 2 5 1 1443 1262 29
1663 2 2 5 1 1443 464 1262
1664 2 2 5 1 29 1262 28
1665 2 2 5 1 44 1144 43
1666 2 2 5 1 1144 1444 43
1667 2 2 5 1 1144 430 1444
1668 2 2 5 1 43 1444 42
1669 2 2 5 1 430 1445 1444
1670 2 2 5 1 1445 1446 1444
1671 2 2 5 1 1445 513 1446
1672 2 2 5 1 1444 1446 42
1673 2 2 5 1 430 1150 1445
1674 2 2 5 1 1150 1447 1445
1675 2 2 5 1 1150 253 1447
1676 2 2 5 1 1445 1447 513
1677 2 2 5 1 42 1446 41
1678 2 2 5 1 1446 1448 41
1679 2 2 5 1 1446 513 1448
1680 2 2 5 1 41 1448 40
1681 2 2 5 1 253 1449 1447
1682 2 2 5 1 1449 1450 1447
1683 2 2 5 1 1449 514 1450
1684 2 2 5 1 1447 1450 513
1685 2 2 5 1 514 1451 1450
1686 2 2 5 1 1451 1452 1450
1687 2 2 5 1 1451 515 1452
1688 2 2 5 1 1450 1452 513
1689 2 2 5 1 514 1453 1451
1690 2 2 5 1 1453 1454 1451
1691 2 2 5 1 1453 268 1454
1692 2 2 5 1 1451 1454 515
1693 2 2 5 1 513 1452 1448
1694 2 2 5 1 1452 1455 1448
1695 2 2 5 1 1452 515 1455
1696 2 2 5 1 1448 1455 40
1697 2 2 5 1 253 1166 1449
1698 2 2 5 1 1166 1456 1449
1699 2 2 5 1 1166 436 1456
1700 2 2 5 1 1449 1456 514
1701 2 2 5 1 436 1457 1456
1702 2 2 5 1 1457 1458 1456
1703 2 2 5 1 1457 475 1458
1704 2 2 5 1 1456 1458 514
1705 2 2 5 1 436 1171 1457
1706 2 2 5 1 1171 1294 1457
1707 2 2 5 1 1171 194 1294
1708 2 2 5 1 1457 1294 475
1709 2 2 5 1 514 1458 1453
1710 2 2 5 1 1458 1300 1453
1711 2 2 5 1 1458 475 1300
1712 2 2 5 1 1453 1300 268
1713 2 2 5 1 40 1455 39
1714 2 2 5 1 1455 1459 39
1715 2 2 5 1 1455 515 1459
1716 2 2 5 1 39 1459 38
1717 2 2 5 1 515 1460 1459
1718 2 2 5 1 1460 1461 1459
1719 2 2 5 1 1460 481 1461
1720 2 2 5 1 1459 1461 38
1721 2 2 5 1 515 1454 1460
1722 2 2 5 1 1454 1316 1460
1723 2 2 5 1 1454 268 1316
1724 2 2 5 1 1460 1316 481
1725 2 2 5 1 38 1461 37
1726 2 2 5 1 1461 1321 37
1727 2 2 5 1 1461 481 1321
1728 2 2 5 1 37 1321 36
1729 2 2 5 1 52 1350 51
1730 2 2 5 1 1350 1462 51
1731 2 2 5 1 1350 489 1462
1732 2 2 5 1 51 1462 50
1733 2 2 5 1 489 1463 1462
1734 2 2 5 1 1463 1464 1462
1735 2 2 5 1 1463 516 1464
1736 2 2 5 1 1462 1464 50
1737 2 2 5 1 489 1349 1463
1738 2 2 5 1 1349 1465 1463
1739 2 2 5 1 1349 270 1465
1740 2 2 5 1 1463 1465 516
1741 2 2 5 1 50 1464 49
1742 2 2 5 1 1464 1466 49
1743 2 2 5 1 1464 516 1466
1744 2 2 5 1 49 1466 48
1745 2 2 5 1 270 1467 1465
1746 2 2 5 1 1467 1468 1465
1747 2 2 5 1 1467 517 1468
1748 2 2 5 1 1465 1468 516
1749 2 2 5 1 517 1469 1468
1750 2 2 5 1 1469 1470 1468
1751 2 2 5 1 1469 518 1470
1752 2 2 5 1 1468 1470 516
1753 2 2 5 1 517 1471 1469
1754 2 2 5 1 1471 1472 1469
1755 2 2 5 1 1471 251 1472
1756 2 2 5 1 1469 1472 518
1757 2 2 5 1 516 1470 1466
1758 2 2 5 1 1470 1473 1466
1759 2 2 5 1 1470 518 1473
1760 2 2 5 1 1466 1473 48
1761 2 2 5 1 270 1344 1467
1762 2 2 5 1 1344 1474 1467
1763 2 2 5 1 1344 488 1474
1764 2 2 5 1 1467 1474 517
1765 2 2 5 1 488 1475 1474
1766 2 2 5 1 1475 1476 1474
1767 2 2 5 1 1475 433 1476
1768 2 2 5 1 1474 1476 517
1769 2 2 5 1 488 1343 1475
1770 2 2 5 1 1343 1162 1475
1771 2 2 5 1 1343 205 1162
1772 2 2 5 1 1475 1162 433
1773 2 2 5 1 517 1476 1471
1774 2 2 5 1 1476 1158 1471
1775 2 2 5 1 1476 433 1158
1776 2 2 5 1 1471 1158 251
1777 2 2 5 1 48 1473 47
1778 2 2 5 1 1473 1477 47
1779 2 2 5 1 1473 518 1477
1780 2 2 5 1 47 1477 46
1781 2 2 5 1 518 1478 1477
1782 2 2 5 1 1478 1479 1477
1783 2 2 5 1 1478 428 1479
1784 2 2 5 1 1477 1479 46
1785 2 2 5 1 518 1472 1478
1786 2 2 5 1 1472 1147 1478
1787 2 2 5 1 1472 251 1147
1788 2 2 5 1 1478 1147 428
1789 2 2 5 1 46 1479 45
1790 2 2 5 1 1479 1142 45
1791 2 2 5 1 1479 428 1142
1792 2 2 5 1 45 1142 44
1793 2 2 5 1 60 1480 59
1794 2 2 5 1 1480 1481 59
1795 2 2 5 1 1480 519 1481
1796 2 2 5 1 59 1481 58
1797 2 2 5 1 519 1482 1481
1798 2 2 5 1 1482 1483 1481
1799 2 2 5 1 1482 520 1483
1800 2 2 5 1 1481 1483 58
1801 2 2 5 1 519 1484 1482
1802 2 2 5 1 1484 1485 1482
1803 2 2 5 1 1484 277 1485
1804 2 2 5 1 1482 1485 520
1805 2 2 5 1 58 1483 57
1806 2 2 5 1 1483 1486 57
1807 2 2 5 1 1483 520 1486
1808 2 2 5 1 57 1486 56
1809 2 2 5 1 277 1487 1485
1810 2 2 5 1 1487 1488 1485
1811 2 2 5 1 1487 521 1488
1812 2 2 5 1 1485 1488 520
1813 2 2 5 1 521 1489 1488
1814 2 2 5 1 1489 1490 1488
1815 2 2 5 1 1489 522 1490
1816 2 2 5 1 1488 1490 520
1817 2 2 5 1 521 1491 1489
1818 2 2 5 1 1491 1492 1489
1819 2 2 5 1 1491 271 1492
1820 2 2 5 1 1489 1492 522
1821 2 2 5 1 520 1490 1486
1822 2 2 5 1 1490 1493 1486
1823 2 2 5 1 1490 522 1493
1824 2 2 5 1 1486 1493 56
1825 2 2 5 1 277 1494 1487
1826 2 2 5 1 1494 1495 1487
1827 2 2 5 1 1494 523 1495
1828 2 2 5 1 1487 1495 521
1829 2 2 5 1 523 1496 1495
1830 2 2 5 1 1496 1497 1495
1831 2 2 5 1 1496 484 1497
1832 2 2 5 1 1495 1497 521
1833 2 2 5 1 523 1498 1496
1834 2 2 5 1 1498 1324 1496
1835 2 2 5 1 1498 197 1324
1836 2 2 5 1 1496 1324 484
1837 2 2 5 1 521 1497 1491
1838 2 2 5 1 1497 1330 1491
1839 2 2 5 1 1497 484 1330
1840 2 2 5 1 1491 1330 271
1841 2 2 5 1 56 1493 55
1842 2 2 5 1 1493 1499 55
1843 2 2 5 1 1493 522 1499
1844 2 2 5 1 55 1499 54
1845 2 2 5 1 522 1500 1499
1846 2 2 5 1 1500 1501 1499
1847 2 2 5 1 1500 490 1501
1848 2 2 5 1 1499 1501 54
1849 2 2 5 1 522 1492 1500
1850 2 2 5 1 1492 1346 1500
1851 2 2 5 1 1492 271 1346
1852 2 2 5 1 1500 1346 490
1853 2 2 5 1 54 1501 53
1854 2 2 5 1 1501 1351 53
1855 2 2 5 1 1501 490 1351
1856 2 2 5 1 53 1351 52
1857 2 2 5 1 185 1502 184
1858 2 2 5 1 1502 1503 184
1859 2 2 5 1 1502 524 1503
1860 2 2 5 1 184 1503 183
1861 2 2 5 1 524 1504 1503
1862 2 2 5 1 1504 1505 1503
1863 2 2 5 1 1504 525 1505
1864 2 2 5 1 1503 1505 183
1865 2 2 5 1 524 1506 1504
1866 2 2 5 1 1506 1507 1504
1867 2 2 5 1 1506 278 1507
1868 2 2 5 1 1504 1507 525
1869 2 2 5 1 183 1505 182
1870 2 2 5 1 1505 1508 182
1871 2 2 5 1 1505 525 1508
1872 2 2 5 1 182 1508 181
1873 2 2 5 1 278 1509 1507
1874 2 2 5 1 1509 1510 1507
1875 2 2 5 1 1509 526 1510
1876 2 2 5 1 1507 1510 525
1877 2 2 5 1 526 1511 1510
1878 2 2 5 1 1511 1512 1510
1879 2 2 5 1 1511 527 1512
1880 2 2 5 1 1510 1512 525
1881 2 2 5 1 526 1513 1511
1882 2 2 5 1 1513 1514 1511
1883 2 2 5 1 1513 279 1514
1884 2 2 5 1 1511 1514 527
1885 2 2 5 1 525 1512 1508
1886 2 2 5 1 1512 1515 1508
1887 2 2 5 1 1512 527 1515
1888 2 2 5 1 1508 1515 181
1889 2 2 5 1 278 1516 1509
1890 2 2 5 1 1516 1517 1509
1891 2 2 5 1 1516 528 1517
1892 2 2 5 1 1509 1517 526
1893 2 2 5 1 528 1518 1517
1894 2 2 5 1 1518 1519 1517
1895 2 2 5 1 1518 529 1519
1896 2 2 5 1 1517 1519 526
1897 2 2 5 1 528 1520 1518
1898 2 2 5 1 1520 1521 1518
1899 2 2 5 1 1520 200 1521
1900 2 2 5 1 1518 1521 529
1901 2 2 5 1 526 1519 1513
1902 2 2 5 1 1519 1522 1513
1903 2 2 5 1 1519 529 1522
1904 2 2 5 1 1513 1522 279
1905 2 2 5 1 181 1515 180
1906 2 2 5 1 1515 1523 180
1907 2 2 5 1 1515 527 1523
1908 2 2 5 1 180 1523 179
1909 2 2 5 1 527 1524 1523
1910 2 2 5 1 1524 1525 1523
1911 2 2 5 1 1524 530 1525
1912 2 2 5 1 1523 1525 179
1913 2 2 5 1 527 1514 1524
1914 2 2 5 1 1514 1526 1524
1915 2 2 5 1 1514 279 1526
1916 2 2 5 1 1524 1526 530
1917 2 2 5 1 179 1525 178
1918 2 2 5 1 1525 1527 178
1919 2 2 5 1 1525 530 1527
1920 2 2 5 1 178 1527 177
1921 2 2 5 1 201 1528 1283
1922 2 2 5 1 1528 1529 1283
1923 2 2 5 1 1528 531 1529
1924 2 2 5 1 1283 1529 470
1925 2 2 5 1 531 1530 1529
1926 2 2 5 1 1530 1531 1529
1927 2 2 5 1 1530 532 1531
1928 2 2 5 1 1529 1531 470
1929 2 2 5 1 531 1532 1530
1930 2 2 5 1 1532 1533 1530
1931 2 2 5 1 1532 280 1533
1932 2 2 5 1 1530 1533 532
1933 2 2 5 1 470 1531 1284
1934 2 2 5 1 1531 1534 1284
1935 2 2 5 1 1531 532 1534
1936 2 2 5 1 1284 1534 264
1937 2 2 5 1 280 1535 1533
1938 2 2 5 1 1535 1536 1533
1939 2 2 5 1 1535 533 1536
1940 2 2 5 1 1533 1536 532
1941 2 2 5 1 533 1537 1536
1942 2 2 5 1 1537 1538 1536
1943 2 2 5 1 1537 534 1538
1944 2 2 5 1 1536 1538 532
1945 2 2 5 1 533 1539 1537
1946 2 2 5 1 1539 1540 1537
1947 2 2 5 1 1539 256 1540
1948 2 2 5 1 1537 1540 534
1949 2 2 5 1 532 1538 1534
1950 2 2 5 1 1538 1541 1534
1951 2 2 5 1 1538 534 1541
1952 2 2 5 1 1534 1541 264
1953 2 2 5 1 280 1542 1535
1954 2 2 5 1 1542 1543 1535
1955 2 2 5 1 1542 535 1543
1956 2 2 5 1 1535 1543 533
1957 2 2 5 1 535 1544 1543
1958 2 2 5 1 1544 1545 1543
1959 2 2 5 1 1544 439 1545
1960 2 2 5 1 1543 1545 533
1961 2 2 5 1 535 1546 1544
1962 2 2 5 1 1546 1174 1544
1963 2 2 5 1 1546 202 1174
1964 2 2 5 1 1544 1174 439
1965 2 2 5 1 533 1545 1539
1966 2 2 5 1 1545 1180 1539
1967 2 2 5 1 1545 439 1180
1968 2 2 5 1 1539 1180 256
1969 2 2 5 1 264 1541 1289
1970 2 2 5 1 1541 1547 1289
1971 2 2 5 1 1541 534 1547
1972 2 2 5 1 1289 1547 471
1973 2 2 5 1 534 1548 1547
1974 2 2 5 1 1548 1549 1547
1975 2 2 5 1 1548 445 1549
1976 2 2 5 1 1547 1549 471
1977 2 2 5 1 534 1540 1548
1978 2 2 5 1 1540 1196 1548
1979 2 2 5 1 1540 256 1196
1980 2 2 5 1 1548 1196 445
1981 2 2 5 1 471 1549 1290
1982 2 2 5 1 1549 1201 1290
1983 2 2 5 1 1549 445 1201
1984 2 2 5 1 1290 1201 193
1985 2 2 5 1 194 1550 1292
1986 2 2 5 1 1550 1551 1292
1987 2 2 5 1 1550 536 1551
1988 2 2 5 1 1292 1551 473
1989 2 2 5 1 536 1552 1551
1990 2 2 5 1 1552 1553 1551
1991 2 2 5 1 1552 537 1553
1992 2 2 5 1 1551 1553 473
1993 2 2 5 1 536 1554 1552
1994 2 2 5 1 1554 1555 1552
1995 2 2 5 1 1554 281 1555
1996 2 2 5 1 1552 1555 537
1997 2 2 5 1 473 1553 1297
1998 2 2 5 1 1553 1556 1297
1999 2 2 5 1 1553 537 1556
2000 2 2 5 1 1297 1556 266
2001 2 2 5 1 281 1557 1555
2002 2 2 5 1 1557 1558 1555
2003 2 2 5 1 1557 538 1558
2004 2 2 5 1 1555 1558 537
2005 2 2 5 1 538 1559 1558
2006 2 2 5 1 1559 1560 1558
2007 2 2 5 1 1559 539 1560
2008 2 2 5 1 1558 1560 537
2009 2 2 5 1 538 1561 1559
2010 2 2 5 1 1561 1562 1559
2011 2 2 5 1 1561 282 1562
2012 2 2 5 1 1559 1562 539
2013 2 2 5 1 537 1560 1556
2014 2 2 5 1 1560 1563 1556
2015 2 2 5 1 1560 539 1563
2016 2 2 5 1 1556 1563 266
2017 2 2 5 1 281 1564 1557
2018 2 2 5 1 1564 1565 1557
2019 2 2 5 1 1564 540 1565
2020 2 2 5 1 1557 1565 538
2021 2 2 5 1 540 1566 1565
2022 2 2 5 1 1566 1567 1565
2023 2 2 5 1 1566 541 1567
2024 2 2 5 1 1565 1567 538
2025 2 2 5 1 540 1568 1566
2026 2 2 5 1 1568 1569 1566
2027 2 2 5 1 1568 207 1569
2028 2 2 5 1 1566 1569 541
2029 2 2 5 1 538 1567 1561
2030 2 2 5 1 1567 1570 1561
2031 2 2 5 1 1567 541 1570
2032 2 2 5 1 1561 1570 282
2033 2 2 5 1 266 1563 1308
2034 2 2 5 1 1563 1571 1308
2035 2 2 5 1 1563 539 1571
2036 2 2 5 1 1308 1571 478
2037 2 2 5 1 539 1572 1571
2038 2 2 5 1 1572 1573 1571
2039 2 2 5 1 1572 542 1573
2040 2 2 5 1 1571 1573 478
2041 2 2 5 1 539 1562 1572
2042 2 2 5 1 1562 1574 1572
2043 2 2 5 1 1562 282 1574
2044 2 2 5 1 1572 1574 542
2045 2 2 5 1 478 1573 1312
2046 2 2 5 1 1573 1575 1312
2047 2 2 5 1 1573 542 1575
2048 2 2 5 1 1312 1575 201
2049 2 2 5 1 205 1204 1163
2050 2 2 5 1 1204 1576 1163
2051 2 2 5 1 1204 448 1576
2052 2 2 5 1 1163 1576 434
2053 2 2 5 1 448 1577 1576
2054 2 2 5 1 1577 1578 1576
2055 2 2 5 1 1577 543 1578
2056 2 2 5 1 1576 1578 434
2057 2 2 5 1 448 1210 1577
2058 2 2 5 1 1210 1579 1577
2059 2 2 5 1 1210 259 1579
2060 2 2 5 1 1577 1579 543
2061 2 2 5 1 434 1578 1164
2062 2 2 5 1 1578 1580 1164
2063 2 2 5 1 1578 543 1580
2064 2 2 5 1 1164 1580 252
2065 2 2 5 1 259 1581 1579
2066 2 2 5 1 1581 1582 1579
2067 2 2 5 1 1581 544 1582
2068 2 2 5 1 1579 1582 543
2069 2 2 5 1 544 1583 1582
2070 2 2 5 1 1583 1584 1582
2071 2 2 5 1 1583 545 1584
2072 2 2 5 1 1582 1584 543
2073 2 2 5 1 544 1585 1583
2074 2 2 5 1 1585 1586 1583
2075 2 2 5 1 1585 283 1586
2076 2 2 5 1 1583 1586 545
2077 2 2 5 1 543 1584 1580
2078 2 2 5 1 1584 1587 1580
2079 2 2 5 1 1584 545 1587
2080 2 2 5 1 1580 1587 252
2081 2 2 5 1 259 1226 1581
2082 2 2 5 1 1226 1588 1581
2083 2 2 5 1 1226 454 1588
2084 2 2 5 1 1581 1588 544
2085 2 2 5 1 454 1589 1588
2086 2 2 5 1 1589 1590 1588
2087 2 2 5 1 1589 546 1590
2088 2 2 5 1 1588 1590 544
2089 2 2 5 1 454 1231 1589
2090 2 2 5 1 1231 1591 1589
2091 2 2 5 1 1231 206 1591
2092 2 2 5 1 1589 1591 546
2093 2 2 5 1 544 1590 1585
2094 2 2 5 1 1590 1592 1585
2095 2 2 5 1 1590 546 1592
2096 2 2 5 1 1585 1592 283
2097 2 2 5 1 252 1587 1169
2098 2 2 5 1 1587 1593 1169
2099 2 2 5 1 1587 545 1593
2100 2 2 5 1 1169 1593 435
2101 2 2 5 1 545 1594 1593
2102 2 2 5 1 1594 1595 1593
2103 2 2 5 1 1594 547 1595
2104 2 2 5 1 1593 1595 435
2105 2 2 5 1 545 1586 1594
2106 2 2 5 1 1586 1596 1594
2107 2 2 5 1 1586 283 1596
2108 2 2 5 1 1594 1596 547
2109 2 2 5 1 435 1595 1170
2110 2 2 5 1 1595 1597 1170
2111 2 2 5 1 1595 547 1597
2112 2 2 5 1 1170 1597 194
2113 2 2 5 1 201 1575 1528
2114 2 2 5 1 1575 1598 1528
2115 2 2 5 1 1575 542 1598
2116 2 2 5 1 1528 1598 531
2117 2 2 5 1 542 1599 1598
2118 2 2 5 1 1599 1600 1598
2119 2 2 5 1 1599 548 1600
2120 2 2 5 1 1598 1600 531
2121 2 2 5 1 542 1574 1599
2122 2 2 5 1 1574 1601 1599
2123 2 2 5 1 1574 282 1601
2124 2 2 5 1 1599 1601 548
2125 2 2 5 1 531 1600 1532
2126 2 2 5 1 1600 1602 1532
2127 2 2 5 1 1600 548 1602
2128 2 2 5 1 1532 1602 280
2129 2 2 5 1 282 1603 1601
2130 2 2 5 1 1603 1604 1601
2131 2 2 5 1 1603 549 1604
2132 2 2 5 1 1601 1604 548
2133 2 2 5 1 549 1605 1604
2134 2 2 5 1 1605 1606 1604
2135 2 2 5 1 1605 550 1606
2136 2 2 5 1 1604 1606 548
2137 2 2 5 1 549 1607 1605
2138 2 2 5 1 1607 1608 1605
2139 2 2 5 1 1607 284 1608
2140 2 2 5 1 1605 1608 550
2141 2 2 5 1 548 1606 1602
2142 2 2 5 1 1606 1609 1602
2143 2 2 5 1 1606 550 1609
2144 2 2 5 1 1602 1609 280
2145 2 2 5 1 282 1570 1603
2146 2 2 5 1 1570 1610 1603
2147 2 2 5 1 1570 541 1610
2148 2 2 5 1 1603 1610 549
2149 2 2 5 1 541 1611 1610
2150 2 2 5 1 1611 1612 1610
2151 2 2 5 1 1611 551 1612
2152 2 2 5 1 1610 1612 549
2153 2 2 5 1 541 1569 1611
2154 2 2 5 1 1569 1613 1611
2155 2 2 5 1 1569 207 1613
2156 2 2 5 1 1611 1613 551
2157 2 2 5 1 549 1612 1607
2158 2 2 5 1 1612 1614 1607
2159 2 2 5 1 1612 551 1614
2160 2 2 5 1 1607 1614 284
2161 2 2 5 1 280 1609 1542
2162 2 2 5 1 1609 1615 1542
2163 2 2 5 1 1609 550 1615
2164 2 2 5 1 1542 1615 535
2165 2 2 5 1 550 1616 1615
2166 2 2 5 1 1616 1617 1615
2167 2 2 5 1 1616 552 1617
2168 2 2 5 1 1615 1617 535
2169 2 2 5 1 550 1608 1616
2170 2 2 5 1 1608 1618 1616
2171 2 2 5 1 1608 284 1618
2172 2 2 5 1 1616 1618 552
2173 2 2 5 1 535 1617 1546
2174 2 2 5 1 1617 1619 1546
2175 2 2 5 1 1617 552 1619
2176 2 2 5 1 1546 1619 202
2177 2 2 5 1 122 1620 121
2178 2 2 5 1 1620 1621 121
2179 2 2 5 1 1620 553 1621
2180 2 2 5 1 121 1621 120
2181 2 2 5 1 553 1622 1621
2182 2 2 5 1 1622 1623 1621
2183 2 2 5 1 1622 554 1623
2184 2 2 5 1 1621 1623 120
2185 2 2 5 1 553 1624 1622
2186 2 2 5 1 1624 1625 1622
2187 2 2 5 1 1624 285 1625
2188 2 2 5 1 1622 1625 554
2189 2 2 5 1 120 1623 119
2190 2 2 5 1 1623 1626 119
2191 2 2 5 1 1623 554 1626
2192 2 2 5 1 119 1626 118
2193 2 2 5 1 285 1627 1625
2194 2 2 5 1 1627 1628 1625
2195 2 2 5 1 1627 555 1628
2196 2 2 5 1 1625 1628 554
2197 2 2 5 1 555 1629 1628
2198 2 2 5 1 1629 1630 1628
2199 2 2 5 1 1629 556 1630
2200 2 2 5 1 1628 1630 554
2201 2 2 5 1 555 1631 1629
2202 2 2 5 1 1631 1632 1629
2203 2 2 5 1 1631 286 1632
2204 2 2 5 1 1629 1632 556
2205 2 2 5 1 554 1630 1626
2206 2 2 5 1 1630 1633 1626
2207 2 2 5 1 1630 556 1633
2208 2 2 5 1 1626 1633 118
2209 2 2 5 1 285 1634 1627
2210 2 2 5 1 1634 1635 1627
2211 2 2 5 1 1634 557 1635
2212 2 2 5 1 1627 1635 555
2213 2 2 5 1 557 1636 1635
2214 2 2 5 1 1636 1637 1635
2215 2 2 5 1 1636 558 1637
2216 2 2 5 1 1635 1637 555
2217 2 2 5 1 557 1638 1636
2218 2 2 5 1 1638 1639 1636
2219 2 2 5 1 1638 195 1639
2220 2 2 5 1 1636 1639 558
2221 2 2 5 1 555 1637 1631
2222 2 2 5 1 1637 1640 1631
2223 2 2 5 1 1637 558 1640
2224 2 2 5 1 1631 1640 286
2225 2 2 5 1 118 1633 117
2226 2 2 5 1 1633 1641 117
2227 2 2 5 1 1633 556 1641
2228 2 2 5 1 117 1641 116
2229 2 2 5 1 556 1642 1641
2230 2 2 5 1 1642 1643 1641
2231 2 2 5 1 1642 559 1643
2232 2 2 5 1 1641 1643 116
2233 2 2 5 1 556 1632 1642
2234 2 2 5 1 1632 1644 1642
2235 2 2 5 1 1632 286 1644
2236 2 2 5 1 1642 1644 559
2237 2 2 5 1 116 1643 115
2238 2 2 5 1 1643 1645 115
2239 2 2 5 1 1643 559 1645
2240 2 2 5 1 115 1645 114
2241 2 2 5 1 138 1646 137
2242 2 2 5 1 1646 1647 137
2243 2 2 5 1 1646 560 1647
2244 2 2 5 1 137 1647 136
2245 2 2 5 1 560 1648 1647
2246 2 2 5 1 1648 1649 1647
2247 2 2 5 1 1648 561 1649
2248 2 2 5 1 1647 1649 136
2249 2 2 5 1 560 1650 1648
2250 2 2 5 1 1650 1651 1648
2251 2 2 5 1 1650 287 1651
2252 2 2 5 1 1648 1651 561
2253 2 2 5 1 136 1649 135
2254 2 2 5 1 1649 1652 135
2255 2 2 5 1 1649 561 1652
2256 2 2 5 1 135 1652 134
2257 2 2 5 1 287 1653 1651
2258 2 2 5 1 1653 1654 1651
2259 2 2 5 1 1653 562 1654
2260 2 2 5 1 1651 1654 561
2261 2 2 5 1 562 1655 1654
2262 2 2 5 1 1655 1656 1654
2263 2 2 5 1 1655 563 1656
2264 2 2 5 1 1654 1656 561
2265 2 2 5 1 562 1657 1655
2266 2 2 5 1 1657 1658 1655
2267 2 2 5 1 1657 288 1658
2268 2 2 5 1 1655 1658 563
2269 2 2 5 1 561 1656 1652
2270 2 2 5 1 1656 1659 1652
2271 2 2 5 1 1656 563 1659
2272 2 2 5 1 1652 1659 134
2273 2 2 5 1 287 1660 1653
2274 2 2 5 1 1660 1661 1653
2275 2 2 5 1 1660 564 1661
2276 2 2 5 1 1653 1661 562
2277 2 2 5 1 564 1662 1661
2278 2 2 5 1 1662 1663 1661
2279 2 2 5 1 1662 565 1663
2280 2 2 5 1 1661 1663 562
2281 2 2 5 1 564 1664 1662
2282 2 2 5 1 1664 1665 1662
2283 2 2 5 1 1664 196 1665
2284 2 2 5 1 1662 1665 565
2285 2 2 5 1 562 1663 1657
2286 2 2 5 1 1663 1666 1657
2287 2 2 5 1 1663 565 1666
2288 2 2 5 1 1657 1666 288
2289 2 2 5 1 134 1659 133
2290 2 2 5 1 1659 1667 133
2291 2 2 5 1 1659 563 1667
2292 2 2 5 1 133 1667 132
2293 2 2 5 1 563 1668 1667
2294 2 2 5 1 1668 1669 1667
2295 2 2 5 1 1668 566 1669
2296 2 2 5 1 1667 1669 132
2297 2 2 5 1 563 1658 1668
2298 2 2 5 1 1658 1670 1668
2299 2 2 5 1 1658 288 1670
2300 2 2 5 1 1668 1670 566
2301 2 2 5 1 132 1669 131
2302 2 2 5 1 1669 1671 131
2303 2 2 5 1 1669 566 1671
2304 2 2 5 1 131 1671 130
2305 2 2 5 1 154 1672 153
2306 2 2 5 1 1672 1673 153
2307 2 2 5 1 1672 567 1673
2308 2 2 5 1 153 1673 152
2309 2 2 5 1 567 1674 1673
2310 2 2 5 1 1674 1675 1673
2311 2 2 5 1 1674 568 1675
2312 2 2 5 1 1673 1675 152
2313 2 2 5 1 567 1676 1674
2314 2 2 5 1 1676 1677 1674
2315 2 2 5 1 1676 289 1677
2316 2 2 5 1 1674 1677 568
2317 2 2 5 1 152 1675 151
2318 2 2 5 1 1675 1678 151
2319 2 2 5 1 1675 568 1678
2320 2 2 5 1 151 1678 150
2321 2 2 5 1 289 1679 1677
2322 2 2 5 1 1679 1680 1677
2323 2 2 5 1 1679 569 1680
2324 2 2 5 1 1677 1680 568
2325 2 2 5 1 569 1681 1680
2326 2 2 5 1 1681 1682 1680
2327 2 2 5 1 1681 570 1682
2328 2 2 5 1 1680 1682 568
2329 2 2 5 1 569 1683 1681
2330 2 2 5 1 1683 1684 1681
2331 2 2 5 1 1683 290 1684
2332 2 2 5 1 1681 1684 570
2333 2 2 5 1 568 1682 1678
2334 2 2 5 1 1682 1685 1678
2335 2 2 5 1 1682 570 1685
2336 2 2 5 1 1678 1685 150
2337 2 2 5 1 289 1686 1679
2338 2 2 5 1 1686 1687 1679
2339 2 2 5 1 1686 571 1687
2340 2 2 5 1 1679 1687 569
2341 2 2 5 1 571 1688 1687
2342 2 2 5 1 1688 1689 1687
2343 2 2 5 1 1688 572 1689
2344 2 2 5 1 1687 1689 569
2345 2 2 5 1 571 1690 1688
2346 2 2 5 1 1690 1691 1688
2347 2 2 5 1 1690 198 1691
2348 2 2 5 1 1688 1691 572
2349 2 2 5 1 569 1689 1683
2350 2 2 5 1 1689 1692 1683
2351 2 2 5 1 1689 572 1692
2352 2 2 5 1 1683 1692 290
2353 2 2 5 1 150 1685 149
2354 2 2 5 1 1685 1693 149
2355 2 2 5 1 1685 570 1693
2356 2 2 5 1 149 1693 148
2357 2 2 5 1 570 1694 1693
2358 2 2 5 1 1694 1695 1693
2359 2 2 5 1 1694 573 1695
2360 2 2 5 1 1693 1695 148
2361 2 2 5 1 570 1684 1694
2362 2 2 5 1 1684 1696 1694
2363 2 2 5 1 1684 290 1696
2364 2 2 5 1 1694 1696 573
2365 2 2 5 1 148 1695 147
2366 2 2 5 1 1695 1697 147
2367 2 2 5 1 1695 573 1697
2368 2 2 5 1 147 1697 146
2369 2 2 5 1 206 1234 1591
2370 2 2 5 1 1234 1698 1591
2371 2 2 5 1 1234 457 1698
2372 2 2 5 1 1591 1698 546
2373 2 2 5 1 457 1699 1698
2374 2 2 5 1 1699 1700 1698
2375 2 2 5 1 1699 574 1700
2376 2 2 5 1 1698 1700 546
2377 2 2 5 1 457 1240 1699
2378 2 2 5 1 1240 1701 1699
2379 2 2 5 1 1240 262 1701
2380 2 2 5 1 1699 1701 574
2381 2 2 5 1 546 1700 1592
2382 2 2 5 1 1700 1702 1592
2383 2 2 5 1 1700 574 1702
2384 2 2 5 1 1592 1702 283
2385 2 2 5 1 262 1703 1701
2386 2 2 5 1 1703 1704 1701
2387 2 2 5 1 1703 575 1704
2388 2 2 5 1 1701 1704 574
2389 2 2 5 1 575 1705 1704
2390 2 2 5 1 1705 1706 1704
2391 2 2 5 1 1705 576 1706
2392 2 2 5 1 1704 1706 574
2393 2 2 5 1 575 1707 1705
2394 2 2 5 1 1707 1708 1705
2395 2 2 5 1 1707 281 1708
2396 2 2 5 1 1705 1708 576
2397 2 2 5 1 574 1706 1702
2398 2 2 5 1 1706 1709 1702
2399 2 2 5 1 1706 576 1709
2400 2 2 5 1 1702 1709 283
2401 2 2 5 1 262 1256 1703
2402 2 2 5 1 1256 1710 1703
2403 2 2 5 1 1256 463 1710
2404 2 2 5 1 1703 1710 575
2405 2 2 5 1 463 1711 1710
2406 2 2 5 1 1711 1712 1710
2407 2 2 5 1 1711 540 1712
2408 2 2 5 1 1710 1712 575
2409 2 2 5 1 463 1261 1711
2410 2 2 5 1 1261 1568 1711
2411 2 2 5 1 1261 207 1568
2412 2 2 5 1 1711 1568 540
2413 2 2 5 1 575 1712 1707
2414 2 2 5 1 1712 1564 1707
2415 2 2 5 1 1712 540 1564
2416 2 2 5 1 1707 1564 281
2417 2 2 5 1 283 1709 1596
2418 2 2 5 1 1709 1713 1596
2419 2 2 5 1 1709 576 1713
2420 2 2 5 1 1596 1713 547
2421 2 2 5 1 576 1714 1713
2422 2 2 5 1 1714 1715 1713
2423 2 2 5 1 1714 536 1715
2424 2 2 5 1 1713 1715 547
2425 2 2 5 1 576 1708 1714
2426 2 2 5 1 1708 1554 1714
2427 2 2 5 1 1708 281 1554
2428 2 2 5 1 1714 1554 536
2429 2 2 5 1 547 1715 1597
2430 2 2 5 1 1715 1550 1597
2431 2 2 5 1 1715 536 1550
2432 2 2 5 1 1597 1550 194
2433 2 2 5 1 197 850 1322
2434 2 2 5 1 850 1716 1322
2435 2 2 5 1 850 349 1716
2436 2 2 5 1 1322 1716 482
2437 2 2 5 1 349 1717 1716
2438 2 2 5 1 1717 1718 1716
2439 2 2 5 1 1717 577 1718
2440 2 2 5 1 1716 1718 482
2441 2 2 5 1 349 856 1717
2442 2 2 5 1 856 1719 1717
2443 2 2 5 1 856 228 1719
2444 2 2 5 1 1717 1719 577
2445 2 2 5 1 482 1718 1327
2446 2 2 5 1 1718 1720 1327
2447 2 2 5 1 1718 577 1720
2448 2 2 5 1 1327 1720 269
2449 2 2 5 1 228 1721 1719
2450 2 2 5 1 1721 1722 1719
2451 2 2 5 1 1721 578 1722
2452 2 2 5 1 1719 1722 577
2453 2 2 5 1 578 1723 1722
2454 2 2 5 1 1723 1724 1722
2455 2 2 5 1 1723 579 1724
2456 2 2 5 1 1722 1724 577
2457 2 2 5 1 578 1725 1723
2458 2 2 5 1 1725 1726 1723
2459 2 2 5 1 1725 257 1726
2460 2 2 5 1 1723 1726 579
2461 2 2 5 1 577 1724 1720
2462 2 2 5 1 1724 1727 1720
2463 2 2 5 1 1724 579 1727
2464 2 2 5 1 1720 1727 269
2465 2 2 5 1 228 870 1721
2466 2 2 5 1 870 1728 1721
2467 2 2 5 1 870 353 1728
2468 2 2 5 1 1721 1728 578
2469 2 2 5 1 353 1729 1728
2470 2 2 5 1 1729 1730 1728
2471 2 2 5 1 1729 451 1730
2472 2 2 5 1 1728 1730 578
2473 2 2 5 1 353 873 1729
2474 2 2 5 1 873 1222 1729
2475 2 2 5 1 873 209 1222
2476 2 2 5 1 1729 1222 451
2477 2 2 5 1 578 1730 1725
2478 2 2 5 1 1730 1218 1725
2479 2 2 5 1 1730 451 1218
2480 2 2 5 1 1725 1218 257
2481 2 2 5 1 269 1727 1338
2482 2 2 5 1 1727 1731 1338
2483 2 2 5 1 1727 579 1731
2484 2 2 5 1 1338 1731 487
2485 2 2 5 1 579 1732 1731
2486 2 2 5 1 1732 1733 1731
2487 2 2 5 1 1732 446 1733
2488 2 2 5 1 1731 1733 487
2489 2 2 5 1 579 1726 1732
2490 2 2 5 1 1726 1207 1732
2491 2 2 5 1 1726 257 1207
2492 2 2 5 1 1732 1207 446
2493 2 2 5 1 487 1733 1342
2494 2 2 5 1 1733 1202 1342
2495 2 2 5 1 1733 446 1202
2496 2 2 5 1 1342 1202 205
2497 2 2 5 1 195 1734 1736
2498 2 2 5 1 1734 1735 1736
2499 2 2 5 1 1734 580 1735
2500 2 2 5 1 1736 1735 582
2501 2 2 5 1 580 1737 1735
2502 2 2 5 1 1737 1738 1735
2503 2 2 5 1 1737 581 1738
2504 2 2 5 1 1735 1738 582
2505 2 2 5 1 580 1739 1737
2506 2 2 5 1 1739 1740 1737
2507 2 2 5 1 1739 291 1740
2508 2 2 5 1 1737 1740 581
2509 2 2 5 1 582 1738 1742
2510 2 2 5 1 1738 1741 1742
2511 2 2 5 1 1738 581 1741
2512 2 2 5 1 1742 1741 293
2513 2 2 5 1 291 1743 1740
2514 2 2 5 1 1743 1744 1740
2515 2 2 5 1 1743 583 1744
2516 2 2 5 1 1740 1744 581
2517 2 2 5 1 583 1745 1744
2518 2 2 5 1 1745 1746 1744
2519 2 2 5 1 1745 584 1746
2520 2 2 5 1 1744 1746 581
2521 2 2 5 1 583 1747 1745
2522 2 2 5 1 1747 1748 1745
2523 2 2 5 1 1747 292 1748
2524 2 2 5 1 1745 1748 584
2525 2 2 5 1 581 1746 1741
2526 2 2 5 1 1746 1749 1741
2527 2 2 5 1 1746 584 1749
2528 2 2 5 1 1741 1749 293
2529 2 2 5 1 291 1750 1743
2530 2 2 5 1 1750 1751 1743
2531 2 2 5 1 1750 585 1751
2532 2 2 5 1 1743 1751 583
2533 2 2 5 1 585 1752 1751
2534 2 2 5 1 1752 1753 1751
2535 2 2 5 1 1752 586 1753
2536 2 2 5 1 1751 1753 583
2537 2 2 5 1 585 1754 1752
2538 2 2 5 1 1754 1755 1752
2539 2 2 5 1 1754 222 1755
2540 2 2 5 1 1752 1755 586
2541 2 2 5 1 583 1753 1747
2542 2 2 5 1 1753 1756 1747
2543 2 2 5 1 1753 586 1756
2544 2 2 5 1 1747 1756 292
2545 2 2 5 1 293 1749 1758
2546 2 2 5 1 1749 1757 1758
2547 2 2 5 1 1749 584 1757
2548 2 2 5 1 1758 1757 588
2549 2 2 5 1 584 1759 1757
2550 2 2 5 1 1759 1760 1757
2551 2 2 5 1 1759 587 1760
2552 2 2 5 1 1757 1760 588
2553 2 2 5 1 584 1748 1759
2554 2 2 5 1 1748 1761 1759
2555 2 2 5 1 1748 292 1761
2556 2 2 5 1 1759 1761 587
2557 2 2 5 1 588 1760 1763
2558 2 2 5 1 1760 1762 1763
2559 2 2 5 1 1760 587 1762
2560 2 2 5 1 1763 1762 213
2561 2 2 5 1 200 902 1765
2562 2 2 5 1 902 1764 1765
2563 2 2 5 1 902 361 1764
2564 2 2 5 1 1765 1764 590
2565 2 2 5 1 361 1766 1764
2566 2 2 5 1 1766 1767 1764
2567 2 2 5 1 1766 589 1767
2568 2 2 5 1 1764 1767 590
2569 2 2 5 1 361 901 1766
2570 2 2 5 1 901 1768 1766
2571 2 2 5 1 901 230 1768
2572 2 2 5 1 1766 1768 589
2573 2 2 5 1 590 1767 1770
2574 2 2 5 1 1767 1769 1770
2575 2 2 5 1 1767 589 1769
2576 2 2 5 1 1770 1769 295
2577 2 2 5 1 230 1771 1768
2578 2 2 5 1 1771 1772 1768
2579 2 2 5 1 1771 591 1772
2580 2 2 5 1 1768 1772 589
2581 2 2 5 1 591 1773 1772
2582 2 2 5 1 1773 1774 1772
2583 2 2 5 1 1773 592 1774
2584 2 2 5 1 1772 1774 589
2585 2 2 5 1 591 1775 1773
2586 2 2 5 1 1775 1776 1773
2587 2 2 5 1 1775 294 1776
2588 2 2 5 1 1773 1776 592
2589 2 2 5 1 589 1774 1769
2590 2 2 5 1 1774 1777 1769
2591 2 2 5 1 1774 592 1777
2592 2 2 5 1 1769 1777 295
2593 2 2 5 1 230 896 1771
2594 2 2 5 1 896 1778 1771
2595 2 2 5 1 896 360 1778
2596 2 2 5 1 1771 1778 591
2597 2 2 5 1 360 1779 1778
2598 2 2 5 1 1779 1780 1778
2599 2 2 5 1 1779 593 1780
2600 2 2 5 1 1778 1780 591
2601 2 2 5 1 360 895 1779
2602 2 2 5 1 895 1781 1779
2603 2 2 5 1 895 223 1781
2604 2 2 5 1 1779 1781 593
2605 2 2 5 1 591 1780 1775
2606 2 2 5 1 1780 1782 1775
2607 2 2 5 1 1780 593 1782
2608 2 2 5 1 1775 1782 294
2609 2 2 5 1 295 1777 1784
2610 2 2 5 1 1777 1783 1784
2611 2 2 5 1 1777 592 1783
2612 2 2 5 1 1784 1783 595
2613 2 2 5 1 592 1785 1783
2614 2 2 5 1 1785 1786 1783
2615 2 2 5 1 1785 594 1786
2616 2 2 5 1 1783 1786 595
2617 2 2 5 1 592 1776 1785
2618 2 2 5 1 1776 1787 1785
2619 2 2 5 1 1776 294 1787
2620 2 2 5 1 1785 1787 594
2621 2 2 5 1 595 1786 1789
2622 2 2 5 1 1786 1788 1789
2623 2 2 5 1 1786 594 1788
2624 2 2 5 1 1789 1788 212
2625 2 2 5 1 214 1790 1037
2626 2 2 5 1 1790 1791 1037
2627 2 2 5 1 1790 596 1791
2628 2 2 5 1 1037 1791 401
2629 2 2 5 1 596 1792 1791
2630 2 2 5 1 1792 1793 1791
2631 2 2 5 1 1792 597 1793
2632 2 2 5 1 1791 1793 401
2633 2 2 5 1 596 1794 1792
2634 2 2 5 1 1794 1795 1792
2635 2 2 5 1 1794 296 1795
2636 2 2 5 1 1792 1795 597
2637 2 2 5 1 401 1793 1038
2638 2 2 5 1 1793 1796 1038
2639 2 2 5 1 1793 597 1796
2640 2 2 5 1 1038 1796 243
2641 2 2 5 1 296 1797 1795
2642 2 2 5 1 1797 1798 1795
2643 2 2 5 1 1797 598 1798
2644 2 2 5 1 1795 1798 597
2645 2 2 5 1 598 1799 1798
2646 2 2 5 1 1799 1800 1798
2647 2 2 5 1 1799 599 1800
2648 2 2 5 1 1798 1800 597
2649 2 2 5 1 598 1801 1799
2650 2 2 5 1 1801 1802 1799
2651 2 2 5 1 1801 291 1802
2652 2 2 5 1 1799 1802 599
2653 2 2 5 1 597 1800 1796
2654 2 2 5 1 1800 1803 1796
2655 2 2 5 1 1800 599 1803
2656 2 2 5 1 1796 1803 243
2657 2 2 5 1 296 1804 1797
2658 2 2 5 1 1804 1805 1797
2659 2 2 5 1 1804 600 1805
2660 2 2 5 1 1797 1805 598
2661 2 2 5 1 600 1806 1805
2662 2 2 5 1 1806 1807 1805
2663 2 2 5 1 1806 585 1807
2664 2 2 5 1 1805 1807 598
2665 2 2 5 1 600 1808 1806
2666 2 2 5 1 1808 1754 1806
2667 2 2 5 1 1808 222 1754
2668 2 2 5 1 1806 1754 585
2669 2 2 5 1 598 1807 1801
2670 2 2 5 1 1807 1750 1801
2671 2 2 5 1 1807 585 1750
2672 2 2 5 1 1801 1750 291
2673 2 2 5 1 243 1803 1043
2674 2 2 5 1 1803 1809 1043
2675 2 2 5 1 1803 599 1809
2676 2 2 5 1 1043 1809 402
2677 2 2 5 1 599 1810 1809
2678 2 2 5 1 1810 1811 1809
2679 2 2 5 1 1810 580 1811
2680 2 2 5 1 1809 1811 402
2681 2 2 5 1 599 1802 1810
2682 2 2 5 1 1802 1739 1810
2683 2 2 5 1 1802 291 1739
2684 2 2 5 1 1810 1739 580
2685 2 2 5 1 402 1811 1044
2686 2 2 5 1 1811 1734 1044
2687 2 2 5 1 1811 580 1734
2688 2 2 5 1 1044 1734 195
2689 2 2 5 1 198 1812 989
2690 2 2 5 1 1812 1813 989
2691 2 2 5 1 1812 601 1813
2692 2 2 5 1 989 1813 387
2693 2 2 5 1 601 1814 1813
2694 2 2 5 1 1814 1815 1813
2695 2 2 5 1 1814 602 1815
2696 2 2 5 1 1813 1815 387
2697 2 2 5 1 601 1816 1814
2698 2 2 5 1 1816 1817 1814
2699 2 2 5 1 1816 297 1817
2700 2 2 5 1 1814 1817 602
2701 2 2 5 1 387 1815 984
2702 2 2 5 1 1815 1818 984
2703 2 2 5 1 1815 602 1818
2704 2 2 5 1 984 1818 239
2705 2 2 5 1 297 1819 1817
2706 2 2 5 1 1819 1820 1817
2707 2 2 5 1 1819 603 1820
2708 2 2 5 1 1817 1820 602
2709 2 2 5 1 603 1821 1820
2710 2 2 5 1 1821 1822 1820
2711 2 2 5 1 1821 604 1822
2712 2 2 5 1 1820 1822 602
2713 2 2 5 1 603 1823 1821
2714 2 2 5 1 1823 1824 1821
2715 2 2 5 1 1823 298 1824
2716 2 2 5 1 1821 1824 604
2717 2 2 5 1 602 1822 1818
2718 2 2 5 1 1822 1825 1818
2719 2 2 5 1 1822 604 1825
2720 2 2 5 1 1818 1825 239
2721 2 2 5 1 297 1826 1819
2722 2 2 5 1 1826 1827 1819
2723 2 2 5 1 1826 605 1827
2724 2 2 5 1 1819 1827 603
2725 2 2 5 1 605 1828 1827
2726 2 2 5 1 1828 1829 1827
2727 2 2 5 1 1828 606 1829
2728 2 2 5 1 1827 1829 603
2729 2 2 5 1 605 1830 1828
2730 2 2 5 1 1830 1831 1828
2731 2 2 5 1 1830 223 1831
2732 2 2 5 1 1828 1831 606
2733 2 2 5 1 603 1829 1823
2734 2 2 5 1 1829 1832 1823
2735 2 2 5 1 1829 606 1832
2736 2 2 5 1 1823 1832 298
2737 2 2 5 1 239 1825 968
2738 2 2 5 1 1825 1833 968
2739 2 2 5 1 1825 604 1833
2740 2 2 5 1 968 1833 381
2741 2 2 5 1 604 1834 1833
2742 2 2 5 1 1834 1835 1833
2743 2 2 5 1 1834 607 1835
2744 2 2 5 1 1833 1835 381
2745 2 2 5 1 604 1824 1834
2746 2 2 5 1 1824 1836 1834
2747 2 2 5 1 1824 298 1836
2748 2 2 5 1 1834 1836 607
2749 2 2 5 1 381 1835 962
2750 2 2 5 1 1835 1837 962
2751 2 2 5 1 1835 607 1837
2752 2 2 5 1 962 1837 204
2753 2 2 5 1 177 1838 176
2754 2 2 5 1 1838 1839 176
2755 2 2 5 1 1838 608 1839
2756 2 2 5 1 176 1839 175
2757 2 2 5 1 608 1840 1839
2758 2 2 5 1 1840 1841 1839
2759 2 2 5 1 1840 609 1841
2760 2 2 5 1 1839 1841 175
2761 2 2 5 1 608 1842 1840
2762 2 2 5 1 1842 1843 1840
2763 2 2 5 1 1842 299 1843
2764 2 2 5 1 1840 1843 609
2765 2 2 5 1 175 1841 174
2766 2 2 5 1 1841 1844 174
2767 2 2 5 1 1841 609 1844
2768 2 2 5 1 174 1844 173
2769 2 2 5 1 299 1845 1843
2770 2 2 5 1 1845 1846 1843
2771 2 2 5 1 1845 610 1846
2772 2 2 5 1 1843 1846 609
2773 2 2 5 1 610 1847 1846
2774 2 2 5 1 1847 1848 1846
2775 2 2 5 1 1847 611 1848
2776 2 2 5 1 1846 1848 609
2777 2 2 5 1 610 1849 1847
2778 2 2 5 1 1849 1850 1847
2779 2 2 5 1 1849 300 1850
2780 2 2 5 1 1847 1850 611
2781 2 2 5 1 609 1848 1844
2782 2 2 5 1 1848 1851 1844
2783 2 2 5 1 1848 611 1851
2784 2 2 5 1 1844 1851 173
2785 2 2 5 1 299 1852 1845
2786 2 2 5 1 1852 1853 1845
2787 2 2 5 1 1852 612 1853
2788 2 2 5 1 1845 1853 610
2789 2 2 5 1 612 1854 1853
2790 2 2 5 1 1854 1855 1853
2791 2 2 5 1 1854 613 1855
2792 2 2 5 1 1853 1855 610
2793 2 2 5 1 612 1856 1854
2794 2 2 5 1 1856 1857 1854
2795 2 2 5 1 1856 212 1857
2796 2 2 5 1 1854 1857 613
2797 2 2 5 1 610 1855 1849
2798 2 2 5 1 1855 1858 1849
2799 2 2 5 1 1855 613 1858
2800 2 2 5 1 1849 1858 300
2801 2 2 5 1 173 1851 172
2802 2 2 5 1 1851 1859 172
2803 2 2 5 1 1851 611 1859
2804 2 2 5 1 172 1859 171
2805 2 2 5 1 611 1860 1859
2806 2 2 5 1 1860 1861 1859
2807 2 2 5 1 1860 614 1861
2808 2 2 5 1 1859 1861 171
2809 2 2 5 1 611 1850 1860
2810 2 2 5 1 1850 1862 1860
2811 2 2 5 1 1850 300 1862
2812 2 2 5 1 1860 1862 614
2813 2 2 5 1 171 1861 170
2814 2 2 5 1 1861 1863 170
2815 2 2 5 1 1861 614 1863
2816 2 2 5 1 170 1863 169
2817 2 2 5 1 83 1864 82
2818 2 2 5 1 1864 1865 82
2819 2 2 5 1 1864 615 1865
2820 2 2 5 1 82 1865 81
2821 2 2 5 1 615 1866 1865
2822 2 2 5 1 1866 1867 1865
2823 2 2 5 1 1866 616 1867
2824 2 2 5 1 1865 1867 81
2825 2 2 5 1 615 1868 1866
2826 2 2 5 1 1868 1869 1866
2827 2 2 5 1 1868 301 1869
2828 2 2 5 1 1866 1869 616
2829 2 2 5 1 81 1867 80
2830 2 2 5 1 1867 1870 80
2831 2 2 5 1 1867 616 1870
2832 2 2 5 1 80 1870 79
2833 2 2 5 1 301 1871 1869
2834 2 2 5 1 1871 1872 1869
2835 2 2 5 1 1871 617 1872
2836 2 2 5 1 1869 1872 616
2837 2 2 5 1 617 1873 1872
2838 2 2 5 1 1873 1874 1872
2839 2 2 5 1 1873 618 1874
2840 2 2 5 1 1872 1874 616
2841 2 2 5 1 617 1875 1873
2842 2 2 5 1 1875 1876 1873
2843 2 2 5 1 1875 302 1876
2844 2 2 5 1 1873 1876 618
2845 2 2 5 1 616 1874 1870
2846 2 2 5 1 1874 1877 1870
2847 2 2 5 1 1874 618 1877
2848 2 2 5 1 1870 1877 79
2849 2 2 5 1 301 1878 1871
2850 2 2 5 1 1878 1879 1871
2851 2 2 5 1 1878 619 1879
2852 2 2 5 1 1871 1879 617
2853 2 2 5 1 619 1880 1879
2854 2 2 5 1 1880 1881 1879
2855 2 2 5 1 1880 620 1881
2856 2 2 5 1 1879 1881 617
2857 2 2 5 1 619 1882 1880
2858 2 2 5 1 1882 1883 1880
2859 2 2 5 1 1882 210 1883
2860 2 2 5 1 1880 1883 620
2861 2 2 5 1 617 1881 1875
2862 2 2 5 1 1881 1884 1875
2863 2 2 5 1 1881 620 1884
2864 2 2 5 1 1875 1884 302
2865 2 2 5 1 79 1877 78
2866 2 2 5 1 1877 1885 78
2867 2 2 5 1 1877 618 1885
2868 2 2 5 1 78 1885 77
2869 2 2 5 1 618 1886 1885
2870 2 2 5 1 1886 1887 1885
2871 2 2 5 1 1886 621 1887
2872 2 2 5 1 1885 1887 77
2873 2 2 5 1 618 1876 1886
2874 2 2 5 1 1876 1888 1886
2875 2 2 5 1 1876 302 1888
2876 2 2 5 1 1886 1888 621
2877 2 2 5 1 77 1887 76
2878 2 2 5 1 1887 1889 76
2879 2 2 5 1 1887 621 1889
2880 2 2 5 1 76 1889 75
2881 2 2 5 1 20 1890 19
2882 2 2 5 1 1890 1891 19
2883 2 2 5 1 1890 622 1891
2884 2 2 5 1 19 1891 18
2885 2 2 5 1 622 1892 1891
2886 2 2 5 1 1892 1893 1891
2887 2 2 5 1 1892 623 1893
2888 2 2 5 1 1891 1893 18
2889 2 2 5 1 622 1894 1892
2890 2 2 5 1 1894 1895 1892
2891 2 2 5 1 1894 303 1895
2892 2 2 5 1 1892 1895 623
2893 2 2 5 1 18 1893 17
2894 2 2 5 1 1893 1896 17
2895 2 2 5 1 1893 623 1896
2896 2 2 5 1 17 1896 16
2897 2 2 5 1 303 1897 1895
2898 2 2 5 1 1897 1898 1895
2899 2 2 5 1 1897 624 1898
2900 2 2 5 1 1895 1898 623
2901 2 2 5 1 624 1899 1898
2902 2 2 5 1 1899 1900 1898
2903 2 2 5 1 1899 625 1900
2904 2 2 5 1 1898 1900 623
2905 2 2 5 1 624 1901 1899
2906 2 2 5 1 1901 1902 1899
2907 2 2 5 1 1901 304 1902
2908 2 2 5 1 1899 1902 625
2909 2 2 5 1 623 1900 1896
2910 2 2 5 1 1900 1903 1896
2911 2 2 5 1 1900 625 1903
2912 2 2 5 1 1896 1903 16
2913 2 2 5 1 303 1904 1897
2914 2 2 5 1 1904 1905 1897
2915 2 2 5 1 1904 626 1905
2916 2 2 5 1 1897 1905 624
2917 2 2 5 1 626 1906 1905
2918 2 2 5 1 1906 1907 1905
2919 2 2 5 1 1906 627 1907
2920 2 2 5 1 1905 1907 624
2921 2 2 5 1 626 1908 1906
2922 2 2 5 1 1908 1909 1906
2923 2 2 5 1 1908 211 1909
2924 2 2 5 1 1906 1909 627
2925 2 2 5 1 624 1907 1901
2926 2 2 5 1 1907 1910 1901
2927 2 2 5 1 1907 627 1910
2928 2 2 5 1 1901 1910 304
2929 2 2 5 1 16 1903 15
2930 2 2 5 1 1903 1911 15
2931 2 2 5 1 1903 625 1911
2932 2 2 5 1 15 1911 14
2933 2 2 5 1 625 1912 1911
2934 2 2 5 1 1912 1913 1911
2935 2 2 5 1 1912 628 1913
2936 2 2 5 1 1911 1913 14
2937 2 2 5 1 625 1902 1912
2938 2 2 5 1 1902 1914 1912
2939 2 2 5 1 1902 304 1914
2940 2 2 5 1 1912 1914 628
2941 2 2 5 1 14 1913 13
2942 2 2 5 1 1913 1915 13
2943 2 2 5 1 1913 628 1915
2944 2 2 5 1 13 1915 12
2945 2 2 5 1 114 1916 113
2946 2 2 5 1 1916 1917 113
2947 2 2 5 1 1916 629 1917
2948 2 2 5 1 113 1917 112
2949 2 2 5 1 629 1918 1917
2950 2 2 5 1 1918 1919 1917
2951 2 2 5 1 1918 630 1919
2952 2 2 5 1 1917 1919 112
2953 2 2 5 1 629 1920 1918
2954 2 2 5 1 1920 1921 1918
2955 2 2 5 1 1920 305 1921
2956 2 2 5 1 1918 1921 630
2957 2 2 5 1 112 1919 111
2958 2 2 5 1 1919 1922 111
2959 2 2 5 1 1919 630 1922
2960 2 2 5 1 111 1922 110
2961 2 2 5 1 305 1923 1921
2962 2 2 5 1 1923 1924 1921
2963 2 2 5 1 1923 631 1924
2964 2 2 5 1 1921 1924 630
2965 2 2 5 1 631 1925 1924
2966 2 2 5 1 1925 1926 1924
2967 2 2 5 1 1925 632 1926
2968 2 2 5 1 1924 1926 630
2969 2 2 5 1 631 1927 1925
2970 2 2 5 1 1927 1928 1925
2971 2 2 5 1 1927 306 1928
2972 2 2 5 1 1925 1928 632
2973 2 2 5 1 630 1926 1922
2974 2 2 5 1 1926 1929 1922
2975 2 2 5 1 1926 632 1929
2976 2 2 5 1 1922 1929 110
2977 2 2 5 1 305 1930 1923
2978 2 2 5 1 1930 1931 1923
2979 2 2 5 1 1930 633 1931
2980 2 2 5 1 1923 1931 631
2981 2 2 5 1 633 1932 1931
2982 2 2 5 1 1932 1933 1931
2983 2 2 5 1 1932 634 1933
2984 2 2 5 1 1931 1933 631
2985 2 2 5 1 633 1934 1932
2986 2 2 5 1 1934 1935 1932
2987 2 2 5 1 1934 213 1935
2988 2 2 5 1 1932 1935 634
2989 2 2 5 1 631 1933 1927
2990 2 2 5 1 1933 1936 1927
2991 2 2 5 1 1933 634 1936
2992 2 2 5 1 1927 1936 306
2993 2 2 5 1 110 1929 109
2994 2 2 5 1 1929 1937 109
2995 2 2 5 1 1929 632 1937
2996 2 2 5 1 109 1937 108
2997 2 2 5 1 632 1938 1937
2998 2 2 5 1 1938 1939 1937
2999 2 2 5 1 1938 635 1939
3000 2 2 5 1 1937 1939 108
3001 2 2 5 1 632 1928 1938
3002 2 2 5 1 1928 1940 1938
3003 2 2 5 1 1928 306 1940
3004 2 2 5 1 1938 1940 635
3005 2 2 5 1 108 1939 107
3006 2 2 5 1 1939 1941 107
3007 2 2 5 1 1939 635 1941
3008 2 2 5 1 107 1941 106
3009 2 2 5 1 203 929 1193
3010 2 2 5 1 929 1942 1193
3011 2 2 5 1 929 369 1942
3012 2 2 5 1 1193 1942 443
3013 2 2 5 1 369 1943 1942
3014 2 2 5 1 1943 1944 1942
3015 2 2 5 1 1943 636 1944
3016 2 2 5 1 1942 1944 443
3017 2 2 5 1 369 928 1943
3018 2 2 5 1 928 1945 1943
3019 2 2 5 1 928 233 1945
3020 2 2 5 1 1943 1945 636
3021 2 2 5 1 443 1944 1194
3022 2 2 5 1 1944 1946 1194
3023 2 2 5 1 1944 636 1946
3024 2 2 5 1 1194 1946 255
3025 2 2 5 1 233 1947 1945
3026 2 2 5 1 1947 1948 1945
3027 2 2 5 1 1947 637 1948
3028 2 2 5 1 1945 1948 636
3029 2 2 5 1 637 1949 1948
3030 2 2 5 1 1949 1950 1948
3031 2 2 5 1 1949 638 1950
3032 2 2 5 1 1948 1950 636
3033 2 2 5 1 637 1951 1949
3034 2 2 5 1 1951 1952 1949
3035 2 2 5 1 1951 307 1952
3036 2 2 5 1 1949 1952 638
3037 2 2 5 1 636 1950 1946
3038 2 2 5 1 1950 1953 1946
3039 2 2 5 1 1950 638 1953
3040 2 2 5 1 1946 1953 255
3041 2 2 5 1 233 924 1947
3042 2 2 5 1 924 1954 1947
3043 2 2 5 1 924 368 1954
3044 2 2 5 1 1947 1954 637
3045 2 2 5 1 368 1955 1954
3046 2 2 5 1 1955 1956 1954
3047 2 2 5 1 1955 639 1956
3048 2 2 5 1 1954 1956 637
3049 2 2 5 1 368 923 1955
3050 2 2 5 1 923 1957 1955
3051 2 2 5 1 923 211 1957
3052 2 2 5 1 1955 1957 639
3053 2 2 5 1 637 1956 1951
3054 2 2 5 1 1956 1958 1951
3055 2 2 5 1 1956 639 1958
3056 2 2 5 1 1951 1958 307
3057 2 2 5 1 255 1953 1199
3058 2 2 5 1 1953 1959 1199
3059 2 2 5 1 1953 638 1959
3060 2 2 5 1 1199 1959 444
3061 2 2 5 1 638 1960 1959
3062 2 2 5 1 1960 1961 1959
3063 2 2 5 1 1960 640 1961
3064 2 2 5 1 1959 1961 444
3065 2 2 5 1 638 1952 1960
3066 2 2 5 1 1952 1962 1960
3067 2 2 5 1 1952 307 1962
3068 2 2 5 1 1960 1962 640
3069 2 2 5 1 444 1961 1200
3070 2 2 5 1 1961 1963 1200
3071 2 2 5 1 1961 640 1963
3072 2 2 5 1 1200 1963 193
3073 2 2 5 1 199 1118 1371
3074 2 2 5 1 1118 1964 1371
3075 2 2 5 1 1118 423 1964
3076 2 2 5 1 1371 1964 496
3077 2 2 5 1 423 1965 1964
3078 2 2 5 1 1965 1966 1964
3079 2 2 5 1 1965 641 1966
3080 2 2 5 1 1964 1966 496
3081 2 2 5 1 423 1124 1965
3082 2 2 5 1 1124 1967 1965
3083 2 2 5 1 1124 250 1967
3084 2 2 5 1 1965 1967 641
3085 2 2 5 1 496 1966 1372
3086 2 2 5 1 1966 1968 1372
3087 2 2 5 1 1966 641 1968
3088 2 2 5 1 1372 1968 273
3089 2 2 5 1 250 1969 1967
3090 2 2 5 1 1969 1970 1967
3091 2 2 5 1 1969 642 1970
3092 2 2 5 1 1967 1970 641
3093 2 2 5 1 642 1971 1970
3094 2 2 5 1 1971 1972 1970
3095 2 2 5 1 1971 643 1972
3096 2 2 5 1 1970 1972 641
3097 2 2 5 1 642 1973 1971
3098 2 2 5 1 1973 1974 1971
3099 2 2 5 1 1973 301 1974
3100 2 2 5 1 1971 1974 643
3101 2 2 5 1 641 1972 1968
3102 2 2 5 1 1972 1975 1968
3103 2 2 5 1 1972 643 1975
3104 2 2 5 1 1968 1975 273
3105 2 2 5 1 250 1138 1969
3106 2 2 5 1 1138 1976 1969
3107 2 2 5 1 1138 427 1976
3108 2 2 5 1 1969 1976 642
3109 2 2 5 1 427 1977 1976
3110 2 2 5 1 1977 1978 1976
3111 2 2 5 1 1977 619 1978
3112 2 2 5 1 1976 1978 642
3113 2 2 5 1 427 1141 1977
3114 2 2 5 1 1141 1882 1977
3115 2 2 5 1 1141 210 1882
3116 2 2 5 1 1977 1882 619
3117 2 2 5 1 642 1978 1973
3118 2 2 5 1 1978 1878 1973
3119 2 2 5 1 1978 619 1878
3120 2 2 5 1 1973 1878 301
3121 2 2 5 1 273 1975 1376
3122 2 2 5 1 1975 1979 1376
3123 2 2 5 1 1975 643 1979
3124 2 2 5 1 1376 1979 497
3125 2 2 5 1 643 1980 1979
3126 2 2 5 1 1980 1981 1979
3127 2 2 5 1 1980 615 1981
3128 2 2 5 1 1979 1981 497
3129 2 2 5 1 643 1974 1980
3130 2 2 5 1 1974 1868 1980
3131 2 2 5 1 1974 301 1868
3132 2 2 5 1 1980 1868 615
3133 2 2 5 1 497 1981 1377
3134 2 2 5 1 1981 1864 1377
3135 2 2 5 1 1981 615 1864
3136 2 2 5 1 1377 1864 83
3137 2 2 5 1 200 1765 1521
3138 2 2 5 1 1765 1982 1521
3139 2 2 5 1 1765 590 1982
3140 2 2 5 1 1521 1982 529
3141 2 2 5 1 590 1983 1982
3142 2 2 5 1 1983 1984 1982
3143 2 2 5 1 1983 644 1984
3144 2 2 5 1 1982 1984 529
3145 2 2 5 1 590 1770 1983
3146 2 2 5 1 1770 1985 1983
3147 2 2 5 1 1770 295 1985
3148 2 2 5 1 1983 1985 644
3149 2 2 5 1 529 1984 1522
3150 2 2 5 1 1984 1986 1522
3151 2 2 5 1 1984 644 1986
3152 2 2 5 1 1522 1986 279
3153 2 2 5 1 295 1987 1985
3154 2 2 5 1 1987 1988 1985
3155 2 2 5 1 1987 645 1988
3156 2 2 5 1 1985 1988 644
3157 2 2 5 1 645 1989 1988
3158 2 2 5 1 1989 1990 1988
3159 2 2 5 1 1989 646 1990
3160 2 2 5 1 1988 1990 644
3161 2 2 5 1 645 1991 1989
3162 2 2 5 1 1991 1992 1989
3163 2 2 5 1 1991 299 1992
3164 2 2 5 1 1989 1992 646
3165 2 2 5 1 644 1990 1986
3166 2 2 5 1 1990 1993 1986
3167 2 2 5 1 1990 646 1993
3168 2 2 5 1 1986 1993 279
3169 2 2 5 1 295 1784 1987
3170 2 2 5 1 1784 1994 1987
3171 2 2 5 1 1784 595 1994
3172 2 2 5 1 1987 1994 645
3173 2 2 5 1 595 1995 1994
3174 2 2 5 1 1995 1996 1994
3175 2 2 5 1 1995 612 1996
3176 2 2 5 1 1994 1996 645
3177 2 2 5 1 595 1789 1995
3178 2 2 5 1 1789 1856 1995
3179 2 2 5 1 1789 212 1856
3180 2 2 5 1 1995 1856 612
3181 2 2 5 1 645 1996 1991
3182 2 2 5 1 1996 1852 1991
3183 2 2 5 1 1996 612 1852
3184 2 2 5 1 1991 1852 299
3185 2 2 5 1 279 1993 1526
3186 2 2 5 1 1993 1997 1526
3187 2 2 5 1 1993 646 1997
3188 2 2 5 1 1526 1997 530
3189 2 2 5 1 646 1998 1997
3190 2 2 5 1 1998 1999 1997
3191 2 2 5 1 1998 608 1999
3192 2 2 5 1 1997 1999 530
3193 2 2 5 1 646 1992 1998
3194 2 2 5 1 1992 1842 1998
3195 2 2 5 1 1992 299 1842
3196 2 2 5 1 1998 1842 608
3197 2 2 5 1 530 1999 1527
3198 2 2 5 1 1999 1838 1527
3199 2 2 5 1 1999 608 1838
3200 2 2 5 1 1527 1838 177
3201 2 2 5 1 193 1963 1419
3202 2 2 5 1 1963 2000 1419
3203 2 2 5 1 1963 640 2000
3204 2 2 5 1 1419 2000 508
3205 2 2 5 1 640 2001 2000
3206 2 2 5 1 2001 2002 2000
3207 2 2 5 1 2001 647 2002
3208 2 2 5 1 2000 2002 508
3209 2 2 5 1 640 1962 2001
3210 2 2 5 1 1962 2003 2001
3211 2 2 5 1 1962 307 2003
3212 2 2 5 1 2001 2003 647
3213 2 2 5 1 508 2002 1420
3214 2 2 5 1 2002 2004 1420
3215 2 2 5 1 2002 647 2004
3216 2 2 5 1 1420 2004 276
3217 2 2 5 1 307 2005 2003
3218 2 2 5 1 2005 2006 2003
3219 2 2 5 1 2005 648 2006
3220 2 2 5 1 2003 2006 647
3221 2 2 5 1 648 2007 2006
3222 2 2 5 1 2007 2008 2006
3223 2 2 5 1 2007 649 2008
3224 2 2 5 1 2006 2008 647
3225 2 2 5 1 648 2009 2007
3226 2 2 5 1 2009 2010 2007
3227 2 2 5 1 2009 303 2010
3228 2 2 5 1 2007 2010 649
3229 2 2 5 1 647 2008 2004
3230 2 2 5 1 2008 2011 2004
3231 2 2 5 1 2008 649 2011
3232 2 2 5 1 2004 2011 276
3233 2 2 5 1 307 1958 2005
3234 2 2 5 1 1958 2012 2005
3235 2 2 5 1 1958 639 2012
3236 2 2 5 1 2005 2012 648
3237 2 2 5 1 639 2013 2012
3238 2 2 5 1 2013 2014 2012
3239 2 2 5 1 2013 626 2014
3240 2 2 5 1 2012 2014 648
3241 2 2 5 1 639 1957 2013
3242 2 2 5 1 1957 1908 2013
3243 2 2 5 1 1957 211 1908
3244 2 2 5 1 2013 1908 626
3245 2 2 5 1 648 2014 2009
3246 2 2 5 1 2014 1904 2009
3247 2 2 5 1 2014 626 1904
3248 2 2 5 1 2009 1904 303
3249 2 2 5 1 276 2011 1424
3250 2 2 5 1 2011 2015 1424
3251 2 2 5 1 2011 649 2015
3252 2 2 5 1 1424 2015 509
3253 2 2 5 1 649 2016 2015
3254 2 2 5 1 2016 2017 2015
3255 2 2 5 1 2016 622 2017
3256 2 2 5 1 2015 2017 509
3257 2 2 5 1 649 2010 2016
3258 2 2 5 1 2010 1894 2016
3259 2 2 5 1 2010 303 1894
3260 2 2 5 1 2016 1894 622
3261 2 2 5 1 509 2017 1425
3262 2 2 5 1 2017 1890 1425
3263 2 2 5 1 2017 622 1890
3264 2 2 5 1 1425 1890 20
3265 2 2 5 1 195 1736 1639
3266 2 2 5 1 1736 2018 1639
3267 2 2 5 1 1736 582 2018
3268 2 2 5 1 1639 2018 558
3269 2 2 5 1 582 2019 2018
3270 2 2 5 1 2019 2020 2018
3271 2 2 5 1 2019 650 2020
3272 2 2 5 1 2018 2020 558
3273 2 2 5 1 582 1742 2019
3274 2 2 5 1 1742 2021 2019
3275 2 2 5 1 1742 293 2021
3276 2 2 5 1 2019 2021 650
3277 2 2 5 1 558 2020 1640
3278 2 2 5 1 2020 2022 1640
3279 2 2 5 1 2020 650 2022
3280 2 2 5 1 1640 2022 286
3281 2 2 5 1 293 2023 2021
3282 2 2 5 1 2023 2024 2021
3283 2 2 5 1 2023 651 2024
3284 2 2 5 1 2021 2024 650
3285 2 2 5 1 651 2025 2024
3286 2 2 5 1 2025 2026 2024
3287 2 2 5 1 2025 652 2026
3288 2 2 5 1 2024 2026 650
3289 2 2 5 1 651 2027 2025
3290 2 2 5 1 2027 2028 2025
3291 2 2 5 1 2027 305 2028
3292 2 2 5 1 2025 2028 652
3293 2 2 5 1 650 2026 2022
3294 2 2 5 1 2026 2029 2022
3295 2 2 5 1 2026 652 2029
3296 2 2 5 1 2022 2029 286
3297 2 2 5 1 293 1758 2023
3298 2 2 5 1 1758 2030 2023
3299 2 2 5 1 1758 588 2030
3300 2 2 5 1 2023 2030 651
3301 2 2 5 1 588 2031 2030
3302 2 2 5 1 2031 2032 2030
3303 2 2 5 1 2031 633 2032
3304 2 2 5 1 2030 2032 651
3305 2 2 5 1 588 1763 2031
3306 2 2 5 1 1763 1934 2031
3307 2 2 5 1 1763 213 1934
3308 2 2 5 1 2031 1934 633
3309 2 2 5 1 651 2032 2027
3310 2 2 5 1 2032 1930 2027
3311 2 2 5 1 2032 633 1930
3312 2 2 5 1 2027 1930 305
3313 2 2 5 1 286 2029 1644
3314 2 2 5 1 2029 2033 1644
3315 2 2 5 1 2029 652 2033
3316 2 2 5 1 1644 2033 559
3317 2 2 5 1 652 2034 2033
3318 2 2 5 1 2034 2035 2033
3319 2 2 5 1 2034 629 2035
3320 2 2 5 1 2033 2035 559
3321 2 2 5 1 652 2028 2034
3322 2 2 5 1 2028 1920 2034
3323 2 2 5 1 2028 305 1920
3324 2 2 5 1 2034 1920 629
3325 2 2 5 1 559 2035 1645
3326 2 2 5 1 2035 1916 1645
3327 2 2 5 1 2035 629 1916
3328 2 2 5 1 1645 1916 114
3329 2 2 5 1 122 2036 1620
3330 2 2 5 1 2036 2037 1620
3331 2 2 5 1 2036 653 2037
3332 2 2 5 1 1620 2037 553
3333 2 2 5 1 653 2038 2037
3334 2 2 5 1 2038 2039 2037
3335 2 2 5 1 2038 654 2039
3336 2 2 5 1 2037 2039 553
3337 2 2 5 1 653 2040 2038
3338 2 2 5 1 2040 2041 2038
3339 2 2 5 1 2040 308 2041
3340 2 2 5 1 2038 2041 654
3341 2 2 5 1 553 2039 1624
3342 2 2 5 1 2039 2042 1624
3343 2 2 5 1 2039 654 2042
3344 2 2 5 1 1624 2042 285
3345 2 2 5 1 308 2043 2041
3346 2 2 5 1 2043 2044 2041
3347 2 2 5 1 2043 655 2044
3348 2 2 5 1 2041 2044 654
3349 2 2 5 1 655 2045 2044
3350 2 2 5 1 2045 2046 2044
3351 2 2 5 1 2045 656 2046
3352 2 2 5 1 2044 2046 654
3353 2 2 5 1 655 2047 2045
3354 2 2 5 1 2047 2048 2045
3355 2 2 5 1 2047 245 2048
3356 2 2 5 1 2045 2048 656
3357 2 2 5 1 654 2046 2042
3358 2 2 5 1 2046 2049 2042
3359 2 2 5 1 2046 656 2049
3360 2 2 5 1 2042 2049 285
3361 2 2 5 1 308 2050 2043
3362 2 2 5 1 2050 2051 2043
3363 2 2 5 1 2050 657 2051
3364 2 2 5 1 2043 2051 655
3365 2 2 5 1 657 2052 2051
3366 2 2 5 1 2052 2053 2051
3367 2 2 5 1 2052 408 2053
3368 2 2 5 1 2051 2053 655
3369 2 2 5 1 657 2054 2052
3370 2 2 5 1 2054 1064 2052
3371 2 2 5 1 2054 215 1064
3372 2 2 5 1 2052 1064 408
3373 2 2 5 1 655 2053 2047
3374 2 2 5 1 2053 1060 2047
3375 2 2 5 1 2053 408 1060
3376 2 2 5 1 2047 1060 245
3377 2 2 5 1 285 2049 1634
3378 2 2 5 1 2049 2055 1634
3379 2 2 5 1 2049 656 2055
3380 2 2 5 1 1634 2055 557
3381 2 2 5 1 656 2056 2055
3382 2 2 5 1 2056 2057 2055
3383 2 2 5 1 2056 404 2057
3384 2 2 5 1 2055 2057 557
3385 2 2 5 1 656 2048 2056
3386 2 2 5 1 2048 1050 2056
3387 2 2 5 1 2048 245 1050
3388 2 2 5 1 2056 1050 404
3389 2 2 5 1 557 2057 1638
3390 2 2 5 1 2057 1046 1638
3391 2 2 5 1 2057 404 1046
3392 2 2 5 1 1638 1046 195
3393 2 2 5 1 196 1115 1665
3394 2 2 5 1 1115 2058 1665
3395 2 2 5 1 1115 420 2058
3396 2 2 5 1 1665 2058 565
3397 2 2 5 1 420 2059 2058
3398 2 2 5 1 2059 2060 2058
3399 2 2 5 1 2059 658 2060
3400 2 2 5 1 2058 2060 565
3401 2 2 5 1 420 1114 2059
3402 2 2 5 1 1114 2061 2059
3403 2 2 5 1 1114 248 2061
3404 2 2 5 1 2059 2061 658
3405 2 2 5 1 565 2060 1666
3406 2 2 5 1 2060 2062 1666
3407 2 2 5 1 2060 658 2062
3408 2 2 5 1 1666 2062 288
3409 2 2 5 1 248 2063 2061
3410 2 2 5 1 2063 2064 2061
3411 2 2 5 1 2063 659 2064
3412 2 2 5 1 2061 2064 658
3413 2 2 5 1 659 2065 2064
3414 2 2 5 1 2065 2066 2064
3415 2 2 5 1 2065 660 2066
3416 2 2 5 1 2064 2066 658
3417 2 2 5 1 659 2067 2065
3418 2 2 5 1 2067 2068 2065
3419 2 2 5 1 2067 309 2068
3420 2 2 5 1 2065 2068 660
3421 2 2 5 1 658 2066 2062
3422 2 2 5 1 2066 2069 2062
3423 2 2 5 1 2066 660 2069
3424 2 2 5 1 2062 2069 288
3425 2 2 5 1 248 1110 2063
3426 2 2 5 1 1110 2070 2063
3427 2 2 5 1 1110 419 2070
3428 2 2 5 1 2063 2070 659
3429 2 2 5 1 419 2071 2070
3430 2 2 5 1 2071 2072 2070
3431 2 2 5 1 2071 661 2072
3432 2 2 5 1 2070 2072 659
3433 2 2 5 1 419 1109 2071
3434 2 2 5 1 1109 2073 2071
3435 2 2 5 1 1109 215 2073
3436 2 2 5 1 2071 2073 661
3437 2 2 5 1 659 2072 2067
3438 2 2 5 1 2072 2074 2067
3439 2 2 5 1 2072 661 2074
3440 2 2 5 1 2067 2074 309
3441 2 2 5 1 288 2069 1670
3442 2 2 5 1 2069 2075 1670
3443 2 2 5 1 2069 660 2075
3444 2 2 5 1 1670 2075 566
3445 2 2 5 1 660 2076 2075
3446 2 2 5 1 2076 2077 2075
3447 2 2 5 1 2076 662 2077
3448 2 2 5 1 2075 2077 566
3449 2 2 5 1 660 2068 2076
3450 2 2 5 1 2068 2078 2076
3451 2 2 5 1 2068 309 2078
3452 2 2 5 1 2076 2078 662
3453 2 2 5 1 566 2077 1671
3454 2 2 5 1 2077 2079 1671
3455 2 2 5 1 2077 662 2079
3456 2 2 5 1 1671 2079 130
3457 2 2 5 1 138 2080 1646
3458 2 2 5 1 2080 2081 1646
3459 2 2 5 1 2080 663 2081
3460 2 2 5 1 1646 2081 560
3461 2 2 5 1 663 2082 2081
3462 2 2 5 1 2082 2083 2081
3463 2 2 5 1 2082 664 2083
3464 2 2 5 1 2081 2083 560
3465 2 2 5 1 663 2084 2082
3466 2 2 5 1 2084 2085 2082
3467 2 2 5 1 2084 310 2085
3468 2 2 5 1 2082 2085 664
3469 2 2 5 1 560 2083 1650
3470 2 2 5 1 2083 2086 1650
3471 2 2 5 1 2083 664 2086
3472 2 2 5 1 1650 2086 287
3473 2 2 5 1 310 2087 2085
3474 2 2 5 1 2087 2088 2085
3475 2 2 5 1 2087 665 2088
3476 2 2 5 1 2085 2088 664
3477 2 2 5 1 665 2089 2088
3478 2 2 5 1 2089 2090 2088
3479 2 2 5 1 2089 666 2090
3480 2 2 5 1 2088 2090 664
3481 2 2 5 1 665 2091 2089
3482 2 2 5 1 2091 2092 2089
3483 2 2 5 1 2091 247 2092
3484 2 2 5 1 2089 2092 666
3485 2 2 5 1 664 2090 2086
3486 2 2 5 1 2090 2093 2086
3487 2 2 5 1 2090 666 2093
3488 2 2 5 1 2086 2093 287
3489 2 2 5 1 310 2094 2087
3490 2 2 5 1 2094 2095 2087
3491 2 2 5 1 2094 667 2095
3492 2 2 5 1 2087 2095 665
3493 2 2 5 1 667 2096 2095
3494 2 2 5 1 2096 2097 2095
3495 2 2 5 1 2096 415 2097
3496 2 2 5 1 2095 2097 665
3497 2 2 5 1 667 2098 2096
3498 2 2 5 1 2098 1090 2096
3499 2 2 5 1 2098 216 1090
3500 2 2 5 1 2096 1090 415
3501 2 2 5 1 665 2097 2091
3502 2 2 5 1 2097 1086 2091
3503 2 2 5 1 2097 415 1086
3504 2 2 5 1 2091 1086 247
3505 2 2 5 1 287 2093 1660
3506 2 2 5 1 2093 2099 1660
3507 2 2 5 1 2093 666 2099
3508 2 2 5 1 1660 2099 564
3509 2 2 5 1 666 2100 2099
3510 2 2 5 1 2100 2101 2099
3511 2 2 5 1 2100 411 2101
3512 2 2 5 1 2099 2101 564
3513 2 2 5 1 666 2092 2100
3514 2 2 5 1 2092 1076 2100
3515 2 2 5 1 2092 247 1076
3516 2 2 5 1 2100 1076 411
3517 2 2 5 1 564 2101 1664
3518 2 2 5 1 2101 1072 1664
3519 2 2 5 1 2101 411 1072
3520 2 2 5 1 1664 1072 196
3521 2 2 5 1 198 988 1691
3522 2 2 5 1 988 2102 1691
3523 2 2 5 1 988 386 2102
3524 2 2 5 1 1691 2102 572
3525 2 2 5 1 386 2103 2102
3526 2 2 5 1 2103 2104 2102
3527 2 2 5 1 2103 668 2104
3528 2 2 5 1 2102 2104 572
3529 2 2 5 1 386 987 2103
3530 2 2 5 1 987 2105 2103
3531 2 2 5 1 987 238 2105
3532 2 2 5 1 2103 2105 668
3533 2 2 5 1 572 2104 1692
3534 2 2 5 1 2104 2106 1692
3535 2 2 5 1 2104 668 2106
3536 2 2 5 1 1692 2106 290
3537 2 2 5 1 238 2107 2105
3538 2 2 5 1 2107 2108 2105
3539 2 2 5 1 2107 669 2108
3540 2 2 5 1 2105 2108 668
3541 2 2 5 1 669 2109 2108
3542 2 2 5 1 2109 2110 2108
3543 2 2 5 1 2109 670 2110
3544 2 2 5 1 2108 2110 668
3545 2 2 5 1 669 2111 2109
3546 2 2 5 1 2111 2112 2109
3547 2 2 5 1 2111 311 2112
3548 2 2 5 1 2109 2112 670
3549 2 2 5 1 668 2110 2106
3550 2 2 5 1 2110 2113 2106
3551 2 2 5 1 2110 670 2113
3552 2 2 5 1 2106 2113 290
3553 2 2 5 1 238 982 2107
3554 2 2 5 1 982 2114 2107
3555 2 2 5 1 982 385 2114
3556 2 2 5 1 2107 2114 669
3557 2 2 5 1 385 2115 2114
3558 2 2 5 1 2115 2116 2114
3559 2 2 5 1 2115 671 2116
3560 2 2 5 1 2114 2116 669
3561 2 2 5 1 385 981 2115
3562 2 2 5 1 981 2117 2115
3563 2 2 5 1 981 216 2117
3564 2 2 5 1 2115 2117 671
3565 2 2 5 1 669 2116 2111
3566 2 2 5 1 2116 2118 2111
3567 2 2 5 1 2116 671 2118
3568 2 2 5 1 2111 2118 311
3569 2 2 5 1 290 2113 1696
3570 2 2 5 1 2113 2119 1696
3571 2 2 5 1 2113 670 2119
3572 2 2 5 1 1696 2119 573
3573 2 2 5 1 670 2120 2119
3574 2 2 5 1 2120 2121 2119
3575 2 2 5 1 2120 672 2121
3576 2 2 5 1 2119 2121 573
3577 2 2 5 1 670 2112 2120
3578 2 2 5 1 2112 2122 2120
3579 2 2 5 1 2112 311 2122
3580 2 2 5 1 2120 2122 672
3581 2 2 5 1 573 2121 1697
3582 2 2 5 1 2121 2123 1697
3583 2 2 5 1 2121 672 2123
3584 2 2 5 1 1697 2123 146
3585 2 2 5 1 206 2124 1232
3586 2 2 5 1 2124 2125 1232
3587 2 2 5 1 2124 673 2125
3588 2 2 5 1 1232 2125 455
3589 2 2 5 1 673 2126 2125
3590 2 2 5 1 2126 2127 2125
3591 2 2 5 1 2126 674 2127
3592 2 2 5 1 2125 2127 455
3593 2 2 5 1 673 2128 2126
3594 2 2 5 1 2128 2129 2126
3595 2 2 5 1 2128 312 2129
3596 2 2 5 1 2126 2129 674
3597 2 2 5 1 455 2127 1237
3598 2 2 5 1 2127 2130 1237
3599 2 2 5 1 2127 674 2130
3600 2 2 5 1 1237 2130 260
3601 2 2 5 1 312 2131 2129
3602 2 2 5 1 2131 2132 2129
3603 2 2 5 1 2131 675 2132
3604 2 2 5 1 2129 2132 674
3605 2 2 5 1 675 2133 2132
3606 2 2 5 1 2133 2134 2132
3607 2 2 5 1 2133 676 2134
3608 2 2 5 1 2132 2134 674
3609 2 2 5 1 675 2135 2133
3610 2 2 5 1 2135 2136 2133
3611 2 2 5 1 2135 242 2136
3612 2 2 5 1 2133 2136 676
3613 2 2 5 1 674 2134 2130
3614 2 2 5 1 2134 2137 2130
3615 2 2 5 1 2134 676 2137
3616 2 2 5 1 2130 2137 260
3617 2 2 5 1 312 2138 2131
3618 2 2 5 1 2138 2139 2131
3619 2 2 5 1 2138 677 2139
3620 2 2 5 1 2131 2139 675
3621 2 2 5 1 677 2140 2139
3622 2 2 5 1 2140 2141 2139
3623 2 2 5 1 2140 400 2141
3624 2 2 5 1 2139 2141 675
3625 2 2 5 1 677 2142 2140
3626 2 2 5 1 2142 1036 2140
3627 2 2 5 1 2142 214 1036
3628 2 2 5 1 2140 1036 400
3629 2 2 5 1 675 2141 2135
3630 2 2 5 1 2141 1032 2135
3631 2 2 5 1 2141 400 1032
3632 2 2 5 1 2135 1032 242
3633 2 2 5 1 260 2137 1248
3634 2 2 5 1 2137 2143 1248
3635 2 2 5 1 2137 676 2143
3636 2 2 5 1 1248 2143 460
3637 2 2 5 1 676 2144 2143
3638 2 2 5 1 2144 2145 2143
3639 2 2 5 1 2144 395 2145
3640 2 2 5 1 2143 2145 460
3641 2 2 5 1 676 2136 2144
3642 2 2 5 1 2136 1021 2144
3643 2 2 5 1 2136 242 1021
3644 2 2 5 1 2144 1021 395
3645 2 2 5 1 460 2145 1252
3646 2 2 5 1 2145 1016 1252
3647 2 2 5 1 2145 395 1016
3648 2 2 5 1 1252 1016 208
3649 2 2 5 1 208 1014 1253
3650 2 2 5 1 1014 2146 1253
3651 2 2 5 1 1014 393 2146
3652 2 2 5 1 1253 2146 461
3653 2 2 5 1 393 2147 2146
3654 2 2 5 1 2147 2148 2146
3655 2 2 5 1 2147 678 2148
3656 2 2 5 1 2146 2148 461
3657 2 2 5 1 393 1013 2147
3658 2 2 5 1 1013 2149 2147
3659 2 2 5 1 1013 240 2149
3660 2 2 5 1 2147 2149 678
3661 2 2 5 1 461 2148 1254
3662 2 2 5 1 2148 2150 1254
3663 2 2 5 1 2148 678 2150
3664 2 2 5 1 1254 2150 261
3665 2 2 5 1 240 2151 2149
3666 2 2 5 1 2151 2152 2149
3667 2 2 5 1 2151 679 2152
3668 2 2 5 1 2149 2152 678
3669 2 2 5 1 679 2153 2152
3670 2 2 5 1 2153 2154 2152
3671 2 2 5 1 2153 680 2154
3672 2 2 5 1 2152 2154 678
3673 2 2 5 1 679 2155 2153
3674 2 2 5 1 2155 2156 2153
3675 2 2 5 1 2155 313 2156
3676 2 2 5 1 2153 2156 680
3677 2 2 5 1 678 2154 2150
3678 2 2 5 1 2154 2157 2150
3679 2 2 5 1 2154 680 2157
3680 2 2 5 1 2150 2157 261
3681 2 2 5 1 240 1008 2151
3682 2 2 5 1 1008 2158 2151
3683 2 2 5 1 1008 392 2158
3684 2 2 5 1 2151 2158 679
3685 2 2 5 1 392 2159 2158
3686 2 2 5 1 2159 2160 2158
3687 2 2 5 1 2159 681 2160
3688 2 2 5 1 2158 2160 679
3689 2 2 5 1 392 1007 2159
3690 2 2 5 1 1007 2161 2159
3691 2 2 5 1 1007 217 2161
3692 2 2 5 1 2159 2161 681
3693 2 2 5 1 679 2160 2155
3694 2 2 5 1 2160 2162 2155
3695 2 2 5 1 2160 681 2162
3696 2 2 5 1 2155 2162 313
3697 2 2 5 1 261 2157 1259
3698 2 2 5 1 2157 2163 1259
3699 2 2 5 1 2157 680 2163
3700 2 2 5 1 1259 2163 462
3701 2 2 5 1 680 2164 2163
3702 2 2 5 1 2164 2165 2163
3703 2 2 5 1 2164 682 2165
3704 2 2 5 1 2163 2165 462
3705 2 2 5 1 680 2156 2164
3706 2 2 5 1 2156 2166 2164
3707 2 2 5 1 2156 313 2166
3708 2 2 5 1 2164 2166 682
3709 2 2 5 1 462 2165 1260
3710 2 2 5 1 2165 2167 1260
3711 2 2 5 1 2165 682 2167
3712 2 2 5 1 1260 2167 207
3713 2 2 5 1 202 2168 1378
3714 2 2 5 1 2168 2169 1378
3715 2 2 5 1 2168 683 2169
3716 2 2 5 1 1378 2169 498
3717 2 2 5 1 683 2170 2169
3718 2 2 5 1 2170 2171 2169
3719 2 2 5 1 2170 684 2171
3720 2 2 5 1 2169 2171 498
3721 2 2 5 1 683 2172 2170
3722 2 2 5 1 2172 2173 2170
3723 2 2 5 1 2172 314 2173
3724 2 2 5 1 2170 2173 684
3725 2 2 5 1 498 2171 1382
3726 2 2 5 1 2171 2174 1382
3727 2 2 5 1 2171 684 2174
3728 2 2 5 1 1382 2174 274
3729 2 2 5 1 314 2175 2173
3730 2 2 5 1 2175 2176 2173
3731 2 2 5 1 2175 685 2176
3732 2 2 5 1 2173 2176 684
3733 2 2 5 1 685 2177 2176
3734 2 2 5 1 2177 2178 2176
3735 2 2 5 1 2177 686 2178
3736 2 2 5 1 2176 2178 684
3737 2 2 5 1 685 2179 2177
3738 2 2 5 1 2179 2180 2177
3739 2 2 5 1 2179 234 2180
3740 2 2 5 1 2177 2180 686
3741 2 2 5 1 684 2178 2174
3742 2 2 5 1 2178 2181 2174
3743 2 2 5 1 2178 686 2181
3744 2 2 5 1 2174 2181 274
3745 2 2 5 1 314 2182 2175
3746 2 2 5 1 2182 2183 2175
3747 2 2 5 1 2182 687 2183
3748 2 2 5 1 2175 2183 685
3749 2 2 5 1 687 2184 2183
3750 2 2 5 1 2184 2185 2183
3751 2 2 5 1 2184 375 2185
3752 2 2 5 1 2183 2185 685
3753 2 2 5 1 687 2186 2184
3754 2 2 5 1 2186 950 2184
3755 2 2 5 1 2186 217 950
3756 2 2 5 1 2184 950 375
3757 2 2 5 1 685 2185 2179
3758 2 2 5 1 2185 946 2179
3759 2 2 5 1 2185 375 946
3760 2 2 5 1 2179 946 234
3761 2 2 5 1 274 2181 1392
3762 2 2 5 1 2181 2187 1392
3763 2 2 5 1 2181 686 2187
3764 2 2 5 1 1392 2187 502
3765 2 2 5 1 686 2188 2187
3766 2 2 5 1 2188 2189 2187
3767 2 2 5 1 2188 370 2189
3768 2 2 5 1 2187 2189 502
3769 2 2 5 1 686 2180 2188
3770 2 2 5 1 2180 935 2188
3771 2 2 5 1 2180 234 935
3772 2 2 5 1 2188 935 370
3773 2 2 5 1 502 2189 1396
3774 2 2 5 1 2189 930 1396
3775 2 2 5 1 2189 370 930
3776 2 2 5 1 1396 930 204
3777 2 2 5 1 75 2190 74
3778 2 2 5 1 2190 2191 74
3779 2 2 5 1 2190 688 2191
3780 2 2 5 1 74 2191 73
3781 2 2 5 1 688 2192 2191
3782 2 2 5 1 2192 2193 2191
3783 2 2 5 1 2192 689 2193
3784 2 2 5 1 2191 2193 73
3785 2 2 5 1 688 2194 2192
3786 2 2 5 1 2194 2195 2192
3787 2 2 5 1 2194 315 2195
3788 2 2 5 1 2192 2195 689
3789 2 2 5 1 73 2193 72
3790 2 2 5 1 2193 2196 72
3791 2 2 5 1 2193 689 2196
3792 2 2 5 1 72 2196 71
3793 2 2 5 1 315 2197 2195
3794 2 2 5 1 2197 2198 2195
3795 2 2 5 1 2197 690 2198
3796 2 2 5 1 2195 2198 689
3797 2 2 5 1 690 2199 2198
3798 2 2 5 1 2199 2200 2198
3799 2 2 5 1 2199 691 2200
3800 2 2 5 1 2198 2200 689
3801 2 2 5 1 690 2201 2199
3802 2 2 5 1 2201 2202 2199
3803 2 2 5 1 2201 316 2202
3804 2 2 5 1 2199 2202 691
3805 2 2 5 1 689 2200 2196
3806 2 2 5 1 2200 2203 2196
3807 2 2 5 1 2200 691 2203
3808 2 2 5 1 2196 2203 71
3809 2 2 5 1 315 2204 2197
3810 2 2 5 1 2204 2205 2197
3811 2 2 5 1 2204 692 2205
3812 2 2 5 1 2197 2205 690
3813 2 2 5 1 692 2206 2205
3814 2 2 5 1 2206 2207 2205
3815 2 2 5 1 2206 693 2207
3816 2 2 5 1 2205 2207 690
3817 2 2 5 1 692 2208 2206
3818 2 2 5 1 2208 2209 2206
3819 2 2 5 1 2208 218 2209
3820 2 2 5 1 2206 2209 693
3821 2 2 5 1 690 2207 2201
3822 2 2 5 1 2207 2210 2201
3823 2 2 5 1 2207 693 2210
3824 2 2 5 1 2201 2210 316
3825 2 2 5 1 71 2203 70
3826 2 2 5 1 2203 2211 70
3827 2 2 5 1 2203 691 2211
3828 2 2 5 1 70 2211 69
3829 2 2 5 1 691 2212 2211
3830 2 2 5 1 2212 2213 2211
3831 2 2 5 1 2212 694 2213
3832 2 2 5 1 2211 2213 69
3833 2 2 5 1 691 2202 2212
3834 2 2 5 1 2202 2214 2212
3835 2 2 5 1 2202 316 2214
3836 2 2 5 1 2212 2214 694
3837 2 2 5 1 69 2213 68
3838 2 2 5 1 2213 2215 68
3839 2 2 5 1 2213 694 2215
3840 2 2 5 1 68 2215 2
3841 2 2 5 1 2 2215 67
3842 2 2 5 1 2215 2216 67
3843 2 2 5 1 2215 694 2216
3844 2 2 5 1 67 2216 66
3845 2 2 5 1 694 2217 2216
3846 2 2 5 1 2217 2218 2216
3847 2 2 5 1 2217 695 2218
3848 2 2 5 1 2216 2218 66
3849 2 2 5 1 694 2214 2217
3850 2 2 5 1 2214 2219 2217
3851 2 2 5 1 2214 316 2219
3852 2 2 5 1 2217 2219 695
3853 2 2 5 1 66 2218 65
3854 2 2 5 1 2218 2220 65
3855 2 2 5 1 2218 695 2220
3856 2 2 5 1 65 2220 64
3857 2 2 5 1 316 2221 2219
3858 2 2 5 1 2221 2222 2219
3859 2 2 5 1 2221 696 2222
3860 2 2 5 1 2219 2222 695
3861 2 2 5 1 696 2223 2222
3862 2 2 5 1 2223 2224 2222
3863 2 2 5 1 2223 697 2224
3864 2 2 5 1 2222 2224 695
3865 2 2 5 1 696 2225 2223
3866 2 2 5 1 2225 2226 2223
3867 2 2 5 1 2225 317 2226
3868 2 2 5 1 2223 2226 697
3869 2 2 5 1 695 2224 2220
3870 2 2 5 1 2224 2227 2220
3871 2 2 5 1 2224 697 2227
3872 2 2 5 1 2220 2227 64
3873 2 2 5 1 316 2210 2221
3874 2 2 5 1 2210 2228 2221
3875 2 2 5 1 2210 693 2228
3876 2 2 5 1 2221 2228 696
3877 2 2 5 1 693 2229 2228
3878 2 2 5 1 2229 2230 2228
3879 2 2 5 1 2229 698 2230
3880 2 2 5 1 2228 2230 696
3881 2 2 5 1 693 2209 2229
3882 2 2 5 1 2209 2231 2229
3883 2 2 5 1 2209 218 2231
3884 2 2 5 1 2229 2231 698
3885 2 2 5 1 696 2230 2225
3886 2 2 5 1 2230 2232 2225
3887 2 2 5 1 2230 698 2232
3888 2 2 5 1 2225 2232 317
3889 2 2 5 1 64 2227 63
3890 2 2 5 1 2227 2233 63
3891 2 2 5 1 2227 697 2233
3892 2 2 5 1 63 2233 62
3893 2 2 5 1 697 2234 2233
3894 2 2 5 1 2234 2235 2233
3895 2 2 5 1 2234 699 2235
3896 2 2 5 1 2233 2235 62
3897 2 2 5 1 697 2226 2234
3898 2 2 5 1 2226 2236 2234
3899 2 2 5 1 2226 317 2236
3900 2 2 5 1 2234 2236 699
3901 2 2 5 1 62 2235 61
3902 2 2 5 1 2235 2237 61
3903 2 2 5 1 2235 699 2237
3904 2 2 5 1 61 2237 60
3905 2 2 5 1 169 2238 168
3906 2 2 5 1 2238 2239 168
3907 2 2 5 1 2238 700 2239
3908 2 2 5 1 168 2239 167
3909 2 2 5 1 700 2240 2239
3910 2 2 5 1 2240 2241 2239
3911 2 2 5 1 2240 701 2241
3912 2 2 5 1 2239 2241 167
3913 2 2 5 1 700 2242 2240
3914 2 2 5 1 2242 2243 2240
3915 2 2 5 1 2242 318 2243
3916 2 2 5 1 2240 2243 701
3917 2 2 5 1 167 2241 166
3918 2 2 5 1 2241 2244 166
3919 2 2 5 1 2241 701 2244
3920 2 2 5 1 166 2244 165
3921 2 2 5 1 318 2245 2243
3922 2 2 5 1 2245 2246 2243
3923 2 2 5 1 2245 702 2246
3924 2 2 5 1 2243 2246 701
3925 2 2 5 1 702 2247 2246
3926 2 2 5 1 2247 2248 2246
3927 2 2 5 1 2247 703 2248
3928 2 2 5 1 2246 2248 701
3929 2 2 5 1 702 2249 2247
3930 2 2 5 1 2249 2250 2247
3931 2 2 5 1 2249 319 2250
3932 2 2 5 1 2247 2250 703
3933 2 2 5 1 701 2248 2244
3934 2 2 5 1 2248 2251 2244
3935 2 2 5 1 2248 703 2251
3936 2 2 5 1 2244 2251 165
3937 2 2 5 1 318 2252 2245
3938 2 2 5 1 2252 2253 2245
3939 2 2 5 1 2252 704 2253
3940 2 2 5 1 2245 2253 702
3941 2 2 5 1 704 2254 2253
3942 2 2 5 1 2254 2255 2253
3943 2 2 5 1 2254 705 2255
3944 2 2 5 1 2253 2255 702
3945 2 2 5 1 704 2256 2254
3946 2 2 5 1 2256 2257 2254
3947 2 2 5 1 2256 221 2257
3948 2 2 5 1 2254 2257 705
3949 2 2 5 1 702 2255 2249
3950 2 2 5 1 2255 2258 2249
3951 2 2 5 1 2255 705 2258
3952 2 2 5 1 2249 2258 319
3953 2 2 5 1 165 2251 164
3954 2 2 5 1 2251 2259 164
3955 2 2 5 1 2251 703 2259
3956 2 2 5 1 164 2259 163
3957 2 2 5 1 703 2260 2259
3958 2 2 5 1 2260 2261 2259
3959 2 2 5 1 2260 706 2261
3960 2 2 5 1 2259 2261 163
3961 2 2 5 1 703 2250 2260
3962 2 2 5 1 2250 2262 2260
3963 2 2 5 1 2250 319 2262
3964 2 2 5 1 2260 2262 706
3965 2 2 5 1 163 2261 162
3966 2 2 5 1 2261 2263 162
3967 2 2 5 1 2261 706 2263
3968 2 2 5 1 162 2263 4
3969 2 2 5 1 3 2264 98
3970 2 2 5 1 2264 2265 98
3971 2 2 5 1 2264 707 2265
3972 2 2 5 1 98 2265 97
3973 2 2 5 1 707 2266 2265
3974 2 2 5 1 2266 2267 2265
3975 2 2 5 1 2266 708 2267
3976 2 2 5 1 2265 2267 97
3977 2 2 5 1 707 2268 2266
3978 2 2 5 1 2268 2269 2266
3979 2 2 5 1 2268 320 2269
3980 2 2 5 1 2266 2269 708
3981 2 2 5 1 97 2267 96
3982 2 2 5 1 2267 2270 96
3983 2 2 5 1 2267 708 2270
3984 2 2 5 1 96 2270 95
3985 2 2 5 1 320 2271 2269
3986 2 2 5 1 2271 2272 2269
3987 2 2 5 1 2271 709 2272
3988 2 2 5 1 2269 2272 708
3989 2 2 5 1 709 2273 2272
3990 2 2 5 1 2273 2274 2272
3991 2 2 5 1 2273 710 2274
3992 2 2 5 1 2272 2274 708
3993 2 2 5 1 709 2275 2273
3994 2 2 5 1 2275 2276 2273
3995 2 2 5 1 2275 321 2276
3996 2 2 5 1 2273 2276 710
3997 2 2 5 1 708 2274 2270
3998 2 2 5 1 2274 2277 2270
3999 2 2 5 1 2274 710 2277
4000 2 2 5 1 2270 2277 95
4001 2 2 5 1 320 2278 2271
4002 2 2 5 1 2278 2279 2271
4003 2 2 5 1 2278 711 2279
4004 2 2 5 1 2271 2279 709
4005 2 2 5 1 711 2280 2279
4006 2 2 5 1 2280 2281 2279
4007 2 2 5 1 2280 712 2281
4008 2 2 5 1 2279 2281 709
4009 2 2 5 1 711 2282 2280
4010 2 2 5 1 2282 2283 2280
4011 2 2 5 1 2282 220 2283
4012 2 2 5 1 2280 2283 712
4013 2 2 5 1 709 2281 2275
4014 2 2 5 1 2281 2284 2275
4015 2 2 5 1 2281 712 2284
4016 2 2 5 1 2275 2284 321
4017 2 2 5 1 95 2277 94
4018 2 2 5 1 2277 2285 94
4019 2 2 5 1 2277 710 2285
4020 2 2 5 1 94 2285 93
4021 2 2 5 1 710 2286 2285
4022 2 2 5 1 2286 2287 2285
4023 2 2 5 1 2286 713 2287
4024 2 2 5 1 2285 2287 93
4025 2 2 5 1 710 2276 2286
4026 2 2 5 1 2276 2288 2286
4027 2 2 5 1 2276 321 2288
4028 2 2 5 1 2286 2288 713
4029 2 2 5 1 93 2287 92
4030 2 2 5 1 2287 2289 92
4031 2 2 5 1 2287 713 2289
4032 2 2 5 1 92 2289 91
4033 2 2 5 1 4 2263 161
4034 2 2 5 1 2263 2290 161
4035 2 2 5 1 2263 706 2290
4036 2 2 5 1 161 2290 160
4037 2 2 5 1 706 2291 2290
4038 2 2 5 1 2291 2292 2290
4039 2 2 5 1 2291 714 2292
4040 2 2 5 1 2290 2292 160
4041 2 2 5 1 706 2262 2291
4042 2 2 5 1 2262 2293 2291
4043 2 2 5 1 2262 319 2293
4044 2 2 5 1 2291 2293 714
4045 2 2 5 1 160 2292 159
4046 2 2 5 1 2292 2294 159
4047 2 2 5 1 2292 714 2294
4048 2 2 5 1 159 2294 158
4049 2 2 5 1 319 2295 2293
4050 2 2 5 1 2295 2296 2293
4051 2 2 5 1 2295 715 2296
4052 2 2 5 1 2293 2296 714
4053 2 2 5 1 715 2297 2296
4054 2 2 5 1 2297 2298 2296
4055 2 2 5 1 2297 716 2298
4056 2 2 5 1 2296 2298 714
4057 2 2 5 1 715 2299 2297
4058 2 2 5 1 2299 2300 2297
4059 2 2 5 1 2299 322 2300
4060 2 2 5 1 2297 2300 716
4061 2 2 5 1 714 2298 2294
4062 2 2 5 1 2298 2301 2294
4063 2 2 5 1 2298 716 2301
4064 2 2 5 1 2294 2301 158
4065 2 2 5 1 319 2258 2295
4066 2 2 5 1 2258 2302 2295
4067 2 2 5 1 2258 705 2302
4068 2 2 5 1 2295 2302 715
4069 2 2 5 1 705 2303 2302
4070 2 2 5 1 2303 2304 2302
4071 2 2 5 1 2303 717 2304
4072 2 2 5 1 2302 2304 715
4073 2 2 5 1 705 2257 2303
4074 2 2 5 1 2257 2305 2303
4075 2 2 5 1 2257 221 2305
4076 2 2 5 1 2303 2305 717
4077 2 2 5 1 715 2304 2299
4078 2 2 5 1 2304 2306 2299
4079 2 2 5 1 2304 717 2306
4080 2 2 5 1 2299 2306 322
4081 2 2 5 1 158 2301 157
4082 2 2 5 1 2301 2307 157
4083 2 2 5 1 2301 716 2307
4084 2 2 5 1 157 2307 156
4085 2 2 5 1 716 2308 2307
4086 2 2 5 1 2308 2309 2307
4087 2 2 5 1 2308 718 2309
4088 2 2 5 1 2307 2309 156
4089 2 2 5 1 716 2300 2308
4090 2 2 5 1 2300 2310 2308
4091 2 2 5 1 2300 322 2310
4092 2 2 5 1 2308 2310 718
4093 2 2 5 1 156 2309 155
4094 2 2 5 1 2309 2311 155
4095 2 2 5 1 2309 718 2311
4096 2 2 5 1 155 2311 154
4097 2 2 5 1 12 2312 11
4098 2 2 5 1 2312 2313 11
4099 2 2 5 1 2312 719 2313
4100 2 2 5 1 11 2313 10
4101 2 2 5 1 719 2314 2313
4102 2 2 5 1 2314 2315 2313
4103 2 2 5 1 2314 720 2315
4104 2 2 5 1 2313 2315 10
4105 2 2 5 1 719 2316 2314
4106 2 2 5 1 2316 2317 2314
4107 2 2 5 1 2316 323 2317
4108 2 2 5 1 2314 2317 720
4109 2 2 5 1 10 2315 9
4110 2 2 5 1 2315 2318 9
4111 2 2 5 1 2315 720 2318
4112 2 2 5 1 9 2318 8
4113 2 2 5 1 323 2319 2317
4114 2 2 5 1 2319 2320 2317
4115 2 2 5 1 2319 721 2320
4116 2 2 5 1 2317 2320 720
4117 2 2 5 1 721 2321 2320
4118 2 2 5 1 2321 2322 2320
4119 2 2 5 1 2321 722 2322
4120 2 2 5 1 2320 2322 720
4121 2 2 5 1 721 2323 2321
4122 2 2 5 1 2323 2324 2321
4123 2 2 5 1 2323 324 2324
4124 2 2 5 1 2321 2324 722
4125 2 2 5 1 720 2322 2318
4126 2 2 5 1 2322 2325 2318
4127 2 2 5 1 2322 722 2325
4128 2 2 5 1 2318 2325 8
4129 2 2 5 1 323 2326 2319
4130 2 2 5 1 2326 2327 2319
4131 2 2 5 1 2326 723 2327
4132 2 2 5 1 2319 2327 721
4133 2 2 5 1 723 2328 2327
4134 2 2 5 1 2328 2329 2327
4135 2 2 5 1 2328 724 2329
4136 2 2 5 1 2327 2329 721
4137 2 2 5 1 723 2330 2328
4138 2 2 5 1 2330 2331 2328
4139 2 2 5 1 2330 219 2331
4140 2 2 5 1 2328 2331 724
4141 2 2 5 1 721 2329 2323
4142 2 2 5 1 2329 2332 2323
4143 2 2 5 1 2329 724 2332
4144 2 2 5 1 2323 2332 324
4145 2 2 5 1 8 2325 7
4146 2 2 5 1 2325 2333 7
4147 2 2 5 1 2325 722 2333
4148 2 2 5 1 7 2333 6
4149 2 2 5 1 722 2334 2333
4150 2 2 5 1 2334 2335 2333
4151 2 2 5 1 2334 725 2335
4152 2 2 5 1 2333 2335 6
4153 2 2 5 1 722 2324 2334
4154 2 2 5 1 2324 2336 2334
4155 2 2 5 1 2324 324 2336
4156 2 2 5 1 2334 2336 725
4157 2 2 5 1 6 2335 5
4158 2 2 5 1 2335 2337 5
4159 2 2 5 1 2335 725 2337
4160 2 2 5 1 5 2337 1
4161 2 2 5 1 1 2337 192
4162 2 2 5 1 2337 2338 192
4163 2 2 5 1 2337 725 2338
4164 2 2 5 1 192 2338 191
4165 2 2 5 1 725 2339 2338
4166 2 2 5 1 2339 2340 2338
4167 2 2 5 1 2339 726 2340
4168 2 2 5 1 2338 2340 191
4169 2 2 5 1 725 2336 2339
4170 2 2 5 1 2336 2341 2339
4171 2 2 5 1 2336 324 2341
4172 2 2 5 1 2339 2341 726
4173 2 2 5 1 191 2340 190
4174 2 2 5 1 2340 2342 190
4175 2 2 5 1 2340 726 2342
4176 2 2 5 1 190 2342 189
4177 2 2 5 1 324 2343 2341
4178 2 2 5 1 2343 2344 2341
4179 2 2 5 1 2343 727 2344
4180 2 2 5 1 2341 2344 726
4181 2 2 5 1 727 2345 2344
4182 2 2 5 1 2345 2346 2344
4183 2 2 5 1 2345 728 2346
4184 2 2 5 1 2344 2346 726
4185 2 2 5 1 727 2347 2345
4186 2 2 5 1 2347 2348 2345
4187 2 2 5 1 2347 325 2348
4188 2 2 5 1 2345 2348 728
4189 2 2 5 1 726 2346 2342
4190 2 2 5 1 2346 2349 2342
4191 2 2 5 1 2346 728 2349
4192 2 2 5 1 2342 2349 189
4193 2 2 5 1 324 2332 2343
4194 2 2 5 1 2332 2350 2343
4195 2 2 5 1 2332 724 2350
4196 2 2 5 1 2343 2350 727
4197 2 2 5 1 724 2351 2350
4198 2 2 5 1 2351 2352 2350
4199 2 2 5 1 2351 729 2352
4200 2 2 5 1 2350 2352 727
4201 2 2 5 1 724 2331 2351
4202 2 2 5 1 2331 2353 2351
4203 2 2 5 1 2331 219 2353
4204 2 2 5 1 2351 2353 729
4205 2 2 5 1 727 2352 2347
4206 2 2 5 1 2352 2354 2347
4207 2 2 5 1 2352 729 2354
4208 2 2 5 1 2347 2354 325
4209 2 2 5 1 189 2349 188
4210 2 2 5 1 2349 2355 188
4211 2 2 5 1 2349 728 2355
4212 2 2 5 1 188 2355 187
4213 2 2 5 1 728 2356 2355
4214 2 2 5 1 2356 2357 2355
4215 2 2 5 1 2356 730 2357
4216 2 2 5 1 2355 2357 187
4217 2 2 5 1 728 2348 2356
4218 2 2 5 1 2348 2358 2356
4219 2 2 5 1 2348 325 2358
4220 2 2 5 1 2356 2358 730
4221 2 2 5 1 187 2357 186
4222 2 2 5 1 2357 2359 186
4223 2 2 5 1 2357 730 2359
4224 2 2 5 1 186 2359 185
4225 2 2 5 1 106 2360 105
4226 2 2 5 1 2360 2361 105
4227 2 2 5 1 2360 731 2361
4228 2 2 5 1 105 2361 104
4229 2 2 5 1 731 2362 2361
4230 2 2 5 1 2362 2363 2361
4231 2 2 5 1 2362 732 2363
4232 2 2 5 1 2361 2363 104
4233 2 2 5 1 731 2364 2362
4234 2 2 5 1 2364 2365 2362
4235 2 2 5 1 2364 326 2365
4236 2 2 5 1 2362 2365 732
4237 2 2 5 1 104 2363 103
4238 2 2 5 1 2363 2366 103
4239 2 2 5 1 2363 732 2366
4240 2 2 5 1 103 2366 102
4241 2 2 5 1 326 2367 2365
4242 2 2 5 1 2367 2368 2365
4243 2 2 5 1 2367 733 2368
4244 2 2 5 1 2365 2368 732
4245 2 2 5 1 733 2369 2368
4246 2 2 5 1 2369 2370 2368
4247 2 2 5 1 2369 734 2370
4248 2 2 5 1 2368 2370 732
4249 2 2 5 1 733 2371 2369
4250 2 2 5 1 2371 2372 2369
4251 2 2 5 1 2371 320 2372
4252 2 2 5 1 2369 2372 734
4253 2 2 5 1 732 2370 2366
4254 2 2 5 1 2370 2373 2366
4255 2 2 5 1 2370 734 2373
4256 2 2 5 1 2366 2373 102
4257 2 2 5 1 326 2374 2367
4258 2 2 5 1 2374 2375 2367
4259 2 2 5 1 2374 735 2375
4260 2 2 5 1 2367 2375 733
4261 2 2 5 1 735 2376 2375
4262 2 2 5 1 2376 2377 2375
4263 2 2 5 1 2376 711 2377
4264 2 2 5 1 2375 2377 733
4265 2 2 5 1 735 2378 2376
4266 2 2 5 1 2378 2282 2376
4267 2 2 5 1 2378 220 2282
4268 2 2 5 1 2376 2282 711
4269 2 2 5 1 733 2377 2371
4270 2 2 5 1 2377 2278 2371
4271 2 2 5 1 2377 711 2278
4272 2 2 5 1 2371 2278 320
4273 2 2 5 1 102 2373 101
4274 2 2 5 1 2373 2379 101
4275 2 2 5 1 2373 734 2379
4276 2 2 5 1 101 2379 100
4277 2 2 5 1 734 2380 2379
4278 2 2 5 1 2380 2381 2379
4279 2 2 5 1 2380 707 2381
4280 2 2 5 1 2379 2381 100
4281 2 2 5 1 734 2372 2380
4282 2 2 5 1 2372 2268 2380
4283 2 2 5 1 2372 320 2268
4284 2 2 5 1 2380 2268 707
4285 2 2 5 1 100 2381 99
4286 2 2 5 1 2381 2264 99
4287 2 2 5 1 2381 707 2264
4288 2 2 5 1 99 2264 3
4289 2 2 5 1 204 1837 1397
4290 2 2 5 1 1837 2382 1397
4291 2 2 5 1 1837 607 2382
4292 2 2 5 1 1397 2382 503
4293 2 2 5 1 607 2383 2382
4294 2 2 5 1 2383 2384 2382
4295 2 2 5 1 2383 736 2384
4296 2 2 5 1 2382 2384 503
4297 2 2 5 1 607 1836 2383
4298 2 2 5 1 1836 2385 2383
4299 2 2 5 1 1836 298 2385
4300 2 2 5 1 2383 2385 736
4301 2 2 5 1 503 2384 1398
4302 2 2 5 1 2384 2386 1398
4303 2 2 5 1 2384 736 2386
4304 2 2 5 1 1398 2386 275
4305 2 2 5 1 298 2387 2385
4306 2 2 5 1 2387 2388 2385
4307 2 2 5 1 2387 737 2388
4308 2 2 5 1 2385 2388 736
4309 2 2 5 1 737 2389 2388
4310 2 2 5 1 2389 2390 2388
4311 2 2 5 1 2389 738 2390
4312 2 2 5 1 2388 2390 736
4313 2 2 5 1 737 2391 2389
4314 2 2 5 1 2391 2392 2389
4315 2 2 5 1 2391 229 2392
4316 2 2 5 1 2389 2392 738
4317 2 2 5 1 736 2390 2386
4318 2 2 5 1 2390 2393 2386
4319 2 2 5 1 2390 738 2393
4320 2 2 5 1 2386 2393 275
4321 2 2 5 1 298 1832 2387
4322 2 2 5 1 1832 2394 2387
4323 2 2 5 1 1832 606 2394
4324 2 2 5 1 2387 2394 737
4325 2 2 5 1 606 2395 2394
4326 2 2 5 1 2395 2396 2394
4327 2 2 5 1 2395 359 2396
4328 2 2 5 1 2394 2396 737
4329 2 2 5 1 606 1831 2395
4330 2 2 5 1 1831 894 2395
4331 2 2 5 1 1831 223 894
4332 2 2 5 1 2395 894 359
4333 2 2 5 1 737 2396 2391
4334 2 2 5 1 2396 890 2391
4335 2 2 5 1 2396 359 890
4336 2 2 5 1 2391 890 229
4337 2 2 5 1 275 2393 1402
4338 2 2 5 1 2393 2397 1402
4339 2 2 5 1 2393 738 2397
4340 2 2 5 1 1402 2397 504
4341 2 2 5 1 738 2398 2397
4342 2 2 5 1 2398 2399 2397
4343 2 2 5 1 2398 354 2399
4344 2 2 5 1 2397 2399 504
4345 2 2 5 1 738 2392 2398
4346 2 2 5 1 2392 879 2398
4347 2 2 5 1 2392 229 879
4348 2 2 5 1 2398 879 354
4349 2 2 5 1 504 2399 1403
4350 2 2 5 1 2399 874 1403
4351 2 2 5 1 2399 354 874
4352 2 2 5 1 1403 874 203
4353 2 2 5 1 210 2400 1883
4354 2 2 5 1 2400 2401 1883
4355 2 2 5 1 2400 739 2401
4356 2 2 5 1 1883 2401 620
4357 2 2 5 1 739 2402 2401
4358 2 2 5 1 2402 2403 2401
4359 2 2 5 1 2402 740 2403
4360 2 2 5 1 2401 2403 620
4361 2 2 5 1 739 2404 2402
4362 2 2 5 1 2404 2405 2402
4363 2 2 5 1 2404 327 2405
4364 2 2 5 1 2402 2405 740
4365 2 2 5 1 620 2403 1884
4366 2 2 5 1 2403 2406 1884
4367 2 2 5 1 2403 740 2406
4368 2 2 5 1 1884 2406 302
4369 2 2 5 1 327 2407 2405
4370 2 2 5 1 2407 2408 2405
4371 2 2 5 1 2407 741 2408
4372 2 2 5 1 2405 2408 740
4373 2 2 5 1 741 2409 2408
4374 2 2 5 1 2409 2410 2408
4375 2 2 5 1 2409 742 2410
4376 2 2 5 1 2408 2410 740
4377 2 2 5 1 741 2411 2409
4378 2 2 5 1 2411 2412 2409
4379 2 2 5 1 2411 315 2412
4380 2 2 5 1 2409 2412 742
4381 2 2 5 1 740 2410 2406
4382 2 2 5 1 2410 2413 2406
4383 2 2 5 1 2410 742 2413
4384 2 2 5 1 2406 2413 302
4385 2 2 5 1 327 2414 2407
4386 2 2 5 1 2414 2415 2407
4387 2 2 5 1 2414 743 2415
4388 2 2 5 1 2407 2415 741
4389 2 2 5 1 743 2416 2415
4390 2 2 5 1 2416 2417 2415
4391 2 2 5 1 2416 692 2417
4392 2 2 5 1 2415 2417 741
4393 2 2 5 1 743 2418 2416
4394 2 2 5 1 2418 2208 2416
4395 2 2 5 1 2418 218 2208
4396 2 2 5 1 2416 2208 692
4397 2 2 5 1 741 2417 2411
4398 2 2 5 1 2417 2204 2411
4399 2 2 5 1 2417 692 2204
4400 2 2 5 1 2411 2204 315
4401 2 2 5 1 302 2413 1888
4402 2 2 5 1 2413 2419 1888
4403 2 2 5 1 2413 742 2419
4404 2 2 5 1 1888 2419 621
4405 2 2 5 1 742 2420 2419
4406 2 2 5 1 2420 2421 2419
4407 2 2 5 1 2420 688 2421
4408 2 2 5 1 2419 2421 621
4409 2 2 5 1 742 2412 2420
4410 2 2 5 1 2412 2194 2420
4411 2 2 5 1 2412 315 2194
4412 2 2 5 1 2420 2194 688
4413 2 2 5 1 621 2421 1889
4414 2 2 5 1 2421 2190 1889
4415 2 2 5 1 2421 688 2190
4416 2 2 5 1 1889 2190 75
4417 2 2 5 1 212 2422 1857
4418 2 2 5 1 2422 2423 1857
4419 2 2 5 1 2422 744 2423
4420 2 2 5 1 1857 2423 613
4421 2 2 5 1 744 2424 2423
4422 2 2 5 1 2424 2425 2423
4423 2 2 5 1 2424 745 2425
4424 2 2 5 1 2423 2425 613
4425 2 2 5 1 744 2426 2424
4426 2 2 5 1 2426 2427 2424
4427 2 2 5 1 2426 328 2427
4428 2 2 5 1 2424 2427 745
4429 2 2 5 1 613 2425 1858
4430 2 2 5 1 2425 2428 1858
4431 2 2 5 1 2425 745 2428
4432 2 2 5 1 1858 2428 300
4433 2 2 5 1 328 2429 2427
4434 2 2 5 1 2429 2430 2427
4435 2 2 5 1 2429 746 2430
4436 2 2 5 1 2427 2430 745
4437 2 2 5 1 746 2431 2430
4438 2 2 5 1 2431 2432 2430
4439 2 2 5 1 2431 747 2432
4440 2 2 5 1 2430 2432 745
4441 2 2 5 1 746 2433 2431
4442 2 2 5 1 2433 2434 2431
4443 2 2 5 1 2433 318 2434
4444 2 2 5 1 2431 2434 747
4445 2 2 5 1 745 2432 2428
4446 2 2 5 1 2432 2435 2428
4447 2 2 5 1 2432 747 2435
4448 2 2 5 1 2428 2435 300
4449 2 2 5 1 328 2436 2429
4450 2 2 5 1 2436 2437 2429
4451 2 2 5 1 2436 748 2437
4452 2 2 5 1 2429 2437 746
4453 2 2 5 1 748 2438 2437
4454 2 2 5 1 2438 2439 2437
4455 2 2 5 1 2438 704 2439
4456 2 2 5 1 2437 2439 746
4457 2 2 5 1 748 2440 2438
4458 2 2 5 1 2440 2256 2438
4459 2 2 5 1 2440 221 2256
4460 2 2 5 1 2438 2256 704
4461 2 2 5 1 746 2439 2433
4462 2 2 5 1 2439 2252 2433
4463 2 2 5 1 2439 704 2252
4464 2 2 5 1 2433 2252 318
4465 2 2 5 1 300 2435 1862
4466 2 2 5 1 2435 2441 1862
4467 2 2 5 1 2435 747 2441
4468 2 2 5 1 1862 2441 614
4469 2 2 5 1 747 2442 2441
4470 2 2 5 1 2442 2443 2441
4471 2 2 5 1 2442 700 2443
4472 2 2 5 1 2441 2443 614
4473 2 2 5 1 747 2434 2442
4474 2 2 5 1 2434 2242 2442
4475 2 2 5 1 2434 318 2242
4476 2 2 5 1 2442 2242 700
4477 2 2 5 1 614 2443 1863
4478 2 2 5 1 2443 2238 1863
4479 2 2 5 1 2443 700 2238
4480 2 2 5 1 1863 2238 169
4481 2 2 5 1 211 2444 1909
4482 2 2 5 1 2444 2445 1909
4483 2 2 5 1 2444 749 2445
4484 2 2 5 1 1909 2445 627
4485 2 2 5 1 749 2446 2445
4486 2 2 5 1 2446 2447 2445
4487 2 2 5 1 2446 750 2447
4488 2 2 5 1 2445 2447 627
4489 2 2 5 1 749 2448 2446
4490 2 2 5 1 2448 2449 2446
4491 2 2 5 1 2448 329 2449
4492 2 2 5 1 2446 2449 750
4493 2 2 5 1 627 2447 1910
4494 2 2 5 1 2447 2450 1910
4495 2 2 5 1 2447 750 2450
4496 2 2 5 1 1910 2450 304
4497 2 2 5 1 329 2451 2449
4498 2 2 5 1 2451 2452 2449
4499 2 2 5 1 2451 751 2452
4500 2 2 5 1 2449 2452 750
4501 2 2 5 1 751 2453 2452
4502 2 2 5 1 2453 2454 2452
4503 2 2 5 1 2453 752 2454
4504 2 2 5 1 2452 2454 750
4505 2 2 5 1 751 2455 2453
4506 2 2 5 1 2455 2456 2453
4507 2 2 5 1 2455 323 2456
4508 2 2 5 1 2453 2456 752
4509 2 2 5 1 750 2454 2450
4510 2 2 5 1 2454 2457 2450
4511 2 2 5 1 2454 752 2457
4512 2 2 5 1 2450 2457 304
4513 2 2 5 1 329 2458 2451
4514 2 2 5 1 2458 2459 2451
4515 2 2 5 1 2458 753 2459
4516 2 2 5 1 2451 2459 751
4517 2 2 5 1 753 2460 2459
4518 2 2 5 1 2460 2461 2459
4519 2 2 5 1 2460 723 2461
4520 2 2 5 1 2459 2461 751
4521 2 2 5 1 753 2462 2460
4522 2 2 5 1 2462 2330 2460
4523 2 2 5 1 2462 219 2330
4524 2 2 5 1 2460 2330 723
4525 2 2 5 1 751 2461 2455
4526 2 2 5 1 2461 2326 2455
4527 2 2 5 1 2461 723 2326
4528 2 2 5 1 2455 2326 323
4529 2 2 5 1 304 2457 1914
4530 2 2 5 1 2457 2463 1914
4531 2 2 5 1 2457 752 2463
4532 2 2 5 1 1914 2463 628
4533 2 2 5 1 752 2464 2463
4534 2 2 5 1 2464 2465 2463
4535 2 2 5 1 2464 719 2465
4536 2 2 5 1 2463 2465 628
4537 2 2 5 1 752 2456 2464
4538 2 2 5 1 2456 2316 2464
4539 2 2 5 1 2456 323 2316
4540 2 2 5 1 2464 2316 719
4541 2 2 5 1 628 2465 1915
4542 2 2 5 1 2465 2312 1915
4543 2 2 5 1 2465 719 2312
4544 2 2 5 1 1915 2312 12
4545 2 2 5 1 213 2466 1935
4546 2 2 5 1 2466 2467 1935
4547 2 2 5 1 2466 754 2467
4548 2 2 5 1 1935 2467 634
4549 2 2 5 1 754 2468 2467
4550 2 2 5 1 2468 2469 2467
4551 2 2 5 1 2468 755 2469
4552 2 2 5 1 2467 2469 634
4553 2 2 5 1 754 2470 2468
4554 2 2 5 1 2470 2471 2468
4555 2 2 5 1 2470 330 2471
4556 2 2 5 1 2468 2471 755
4557 2 2 5 1 634 2469 1936
4558 2 2 5 1 2469 2472 1936
4559 2 2 5 1 2469 755 2472
4560 2 2 5 1 1936 2472 306
4561 2 2 5 1 330 2473 2471
4562 2 2 5 1 2473 2474 2471
4563 2 2 5 1 2473 756 2474
4564 2 2 5 1 2471 2474 755
4565 2 2 5 1 756 2475 2474
4566 2 2 5 1 2475 2476 2474
4567 2 2 5 1 2475 757 2476
4568 2 2 5 1 2474 2476 755
4569 2 2 5 1 756 2477 2475
4570 2 2 5 1 2477 2478 2475
4571 2 2 5 1 2477 326 2478
4572 2 2 5 1 2475 2478 757
4573 2 2 5 1 755 2476 2472
4574 2 2 5 1 2476 2479 2472
4575 2 2 5 1 2476 757 2479
4576 2 2 5 1 2472 2479 306
4577 2 2 5 1 330 2480 2473
4578 2 2 5 1 2480 2481 2473
4579 2 2 5 1 2480 758 2481
4580 2 2 5 1 2473 2481 756
4581 2 2 5 1 758 2482 2481
4582 2 2 5 1 2482 2483 2481
4583 2 2 5 1 2482 735 2483
4584 2 2 5 1 2481 2483 756
4585 2 2 5 1 758 2484 2482
4586 2 2 5 1 2484 2378 2482
4587 2 2 5 1 2484 220 2378
4588 2 2 5 1 2482 2378 735
4589 2 2 5 1 756 2483 2477
4590 2 2 5 1 2483 2374 2477
4591 2 2 5 1 2483 735 2374
4592 2 2 5 1 2477 2374 326
4593 2 2 5 1 306 2479 1940
4594 2 2 5 1 2479 2485 1940
4595 2 2 5 1 2479 757 2485
4596 2 2 5 1 1940 2485 635
4597 2 2 5 1 757 2486 2485
4598 2 2 5 1 2486 2487 2485
4599 2 2 5 1 2486 731 2487
4600 2 2 5 1 2485 2487 635
4601 2 2 5 1 757 2478 2486
4602 2 2 5 1 2478 2364 2486
4603 2 2 5 1 2478 326 2364
4604 2 2 5 1 2486 2364 731
4605 2 2 5 1 635 2487 1941
4606 2 2 5 1 2487 2360 1941
4607 2 2 5 1 2487 731 2360
4608 2 2 5 1 1941 2360 106
4609 2 2 5 1 209 2488 1223
4610 2 2 5 1 2488 2489 1223
4611 2 2 5 1 2488 759 2489
4612 2 2 5 1 1223 2489 452
4613 2 2 5 1 759 2490 2489
4614 2 2 5 1 2490 2491 2489
4615 2 2 5 1 2490 760 2491
4616 2 2 5 1 2489 2491 452
4617 2 2 5 1 759 2492 2490
4618 2 2 5 1 2492 2493 2490
4619 2 2 5 1 2492 331 2493
4620 2 2 5 1 2490 2493 760
4621 2 2 5 1 452 2491 1224
4622 2 2 5 1 2491 2494 1224
4623 2 2 5 1 2491 760 2494
4624 2 2 5 1 1224 2494 258
4625 2 2 5 1 331 2495 2493
4626 2 2 5 1 2495 2496 2493
4627 2 2 5 1 2495 761 2496
4628 2 2 5 1 2493 2496 760
4629 2 2 5 1 761 2497 2496
4630 2 2 5 1 2497 2498 2496
4631 2 2 5 1 2497 762 2498
4632 2 2 5 1 2496 2498 760
4633 2 2 5 1 761 2499 2497
4634 2 2 5 1 2499 2500 2497
4635 2 2 5 1 2499 312 2500
4636 2 2 5 1 2497 2500 762
4637 2 2 5 1 760 2498 2494
4638 2 2 5 1 2498 2501 2494
4639 2 2 5 1 2498 762 2501
4640 2 2 5 1 2494 2501 258
4641 2 2 5 1 331 2502 2495
4642 2 2 5 1 2502 2503 2495
4643 2 2 5 1 2502 763 2503
4644 2 2 5 1 2495 2503 761
4645 2 2 5 1 763 2504 2503
4646 2 2 5 1 2504 2505 2503
4647 2 2 5 1 2504 677 2505
4648 2 2 5 1 2503 2505 761
4649 2 2 5 1 763 2506 2504
4650 2 2 5 1 2506 2142 2504
4651 2 2 5 1 2506 214 2142
4652 2 2 5 1 2504 2142 677
4653 2 2 5 1 761 2505 2499
4654 2 2 5 1 2505 2138 2499
4655 2 2 5 1 2505 677 2138
4656 2 2 5 1 2499 2138 312
4657 2 2 5 1 258 2501 1229
4658 2 2 5 1 2501 2507 1229
4659 2 2 5 1 2501 762 2507
4660 2 2 5 1 1229 2507 453
4661 2 2 5 1 762 2508 2507
4662 2 2 5 1 2508 2509 2507
4663 2 2 5 1 2508 673 2509
4664 2 2 5 1 2507 2509 453
4665 2 2 5 1 762 2500 2508
4666 2 2 5 1 2500 2128 2508
4667 2 2 5 1 2500 312 2128
4668 2 2 5 1 2508 2128 673
4669 2 2 5 1 453 2509 1230
4670 2 2 5 1 2509 2124 1230
4671 2 2 5 1 2509 673 2124
4672 2 2 5 1 1230 2124 206
4673 2 2 5 1 130 2079 129
4674 2 2 5 1 2079 2510 129
4675 2 2 5 1 2079 662 2510
4676 2 2 5 1 129 2510 128
4677 2 2 5 1 662 2511 2510
4678 2 2 5 1 2511 2512 2510
4679 2 2 5 1 2511 764 2512
4680 2 2 5 1 2510 2512 128
4681 2 2 5 1 662 2078 2511
4682 2 2 5 1 2078 2513 2511
4683 2 2 5 1 2078 309 2513
4684 2 2 5 1 2511 2513 764
4685 2 2 5 1 128 2512 127
4686 2 2 5 1 2512 2514 127
4687 2 2 5 1 2512 764 2514
4688 2 2 5 1 127 2514 126
4689 2 2 5 1 309 2515 2513
4690 2 2 5 1 2515 2516 2513
4691 2 2 5 1 2515 765 2516
4692 2 2 5 1 2513 2516 764
4693 2 2 5 1 765 2517 2516
4694 2 2 5 1 2517 2518 2516
4695 2 2 5 1 2517 766 2518
4696 2 2 5 1 2516 2518 764
4697 2 2 5 1 765 2519 2517
4698 2 2 5 1 2519 2520 2517
4699 2 2 5 1 2519 308 2520
4700 2 2 5 1 2517 2520 766
4701 2 2 5 1 764 2518 2514
4702 2 2 5 1 2518 2521 2514
4703 2 2 5 1 2518 766 2521
4704 2 2 5 1 2514 2521 126
4705 2 2 5 1 309 2074 2515
4706 2 2 5 1 2074 2522 2515
4707 2 2 5 1 2074 661 2522
4708 2 2 5 1 2515 2522 765
4709 2 2 5 1 661 2523 2522
4710 2 2 5 1 2523 2524 2522
4711 2 2 5 1 2523 657 2524
4712 2 2 5 1 2522 2524 765
4713 2 2 5 1 661 2073 2523
4714 2 2 5 1 2073 2054 2523
4715 2 2 5 1 2073 215 2054
4716 2 2 5 1 2523 2054 657
4717 2 2 5 1 765 2524 2519
4718 2 2 5 1 2524 2050 2519
4719 2 2 5 1 2524 657 2050
4720 2 2 5 1 2519 2050 308
4721 2 2 5 1 126 2521 125
4722 2 2 5 1 2521 2525 125
4723 2 2 5 1 2521 766 2525
4724 2 2 5 1 125 2525 124
4725 2 2 5 1 766 2526 2525
4726 2 2 5 1 2526 2527 2525
4727 2 2 5 1 2526 653 2527
4728 2 2 5 1 2525 2527 124
4729 2 2 5 1 766 2520 2526
4730 2 2 5 1 2520 2040 2526
4731 2 2 5 1 2520 308 2040
4732 2 2 5 1 2526 2040 653
4733 2 2 5 1 124 2527 123
4734 2 2 5 1 2527 2036 123
4735 2 2 5 1 2527 653 2036
4736 2 2 5 1 123 2036 122
4737 2 2 5 1 146 2123 145
4738 2 2 5 1 2123 2528 145
4739 2 2 5 1 2123 672 2528
4740 2 2 5 1 145 2528 144
4741 2 2 5 1 672 2529 2528
4742 2 2 5 1 2529 2530 2528
4743 2 2 5 1 2529 767 2530
4744 2 2 5 1 2528 2530 144
4745 2 2 5 1 672 2122 2529
4746 2 2 5 1 2122 2531 2529
4747 2 2 5 1 2122 311 2531
4748 2 2 5 1 2529 2531 767
4749 2 2 5 1 144 2530 143
4750 2 2 5 1 2530 2532 143
4751 2 2 5 1 2530 767 2532
4752 2 2 5 1 143 2532 142
4753 2 2 5 1 311 2533 2531
4754 2 2 5 1 2533 2534 2531
4755 2 2 5 1 2533 768 2534
4756 2 2 5 1 2531 2534 767
4757 2 2 5 1 768 2535 2534
4758 2 2 5 1 2535 2536 2534
4759 2 2 5 1 2535 769 2536
4760 2 2 5 1 2534 2536 767
4761 2 2 5 1 768 2537 2535
4762 2 2 5 1 2537 2538 2535
4763 2 2 5 1 2537 310 2538
4764 2 2 5 1 2535 2538 769
4765 2 2 5 1 767 2536 2532
4766 2 2 5 1 2536 2539 2532
4767 2 2 5 1 2536 769 2539
4768 2 2 5 1 2532 2539 142
4769 2 2 5 1 311 2118 2533
4770 2 2 5 1 2118 2540 2533
4771 2 2 5 1 2118 671 2540
4772 2 2 5 1 2533 2540 768
4773 2 2 5 1 671 2541 2540
4774 2 2 5 1 2541 2542 2540
4775 2 2 5 1 2541 667 2542
4776 2 2 5 1 2540 2542 768
4777 2 2 5 1 671 2117 2541
4778 2 2 5 1 2117 2098 2541
4779 2 2 5 1 2117 216 2098
4780 2 2 5 1 2541 2098 667
4781 2 2 5 1 768 2542 2537
4782 2 2 5 1 2542 2094 2537
4783 2 2 5 1 2542 667 2094
4784 2 2 5 1 2537 2094 310
4785 2 2 5 1 142 2539 141
4786 2 2 5 1 2539 2543 141
4787 2 2 5 1 2539 769 2543
4788 2 2 5 1 141 2543 140
4789 2 2 5 1 769 2544 2543
4790 2 2 5 1 2544 2545 2543
4791 2 2 5 1 2544 663 2545
4792 2 2 5 1 2543 2545 140
4793 2 2 5 1 769 2538 2544
4794 2 2 5 1 2538 2084 2544
4795 2 2 5 1 2538 310 2084
4796 2 2 5 1 2544 2084 663
4797 2 2 5 1 140 2545 139
4798 2 2 5 1 2545 2080 139
4799 2 2 5 1 2545 663 2080
4800 2 2 5 1 139 2080 138
4801 2 2 5 1 207 2167 1613
4802 2 2 5 1 2167 2546 1613
4803 2 2 5 1 2167 682 2546
4804 2 2 5 1 1613 2546 551
4805 2 2 5 1 682 2547 2546
4806 2 2 5 1 2547 2548 2546
4807 2 2 5 1 2547 770 2548
4808 2 2 5 1 2546 2548 551
4809 2 2 5 1 682 2166 2547
4810 2 2 5 1 2166 2549 2547
4811 2 2 5 1 2166 313 2549
4812 2 2 5 1 2547 2549 770
4813 2 2 5 1 551 2548 1614
4814 2 2 5 1 2548 2550 1614
4815 2 2 5 1 2548 770 2550
4816 2 2 5 1 1614 2550 284
4817 2 2 5 1 313 2551 2549
4818 2 2 5 1 2551 2552 2549
4819 2 2 5 1 2551 771 2552
4820 2 2 5 1 2549 2552 770
4821 2 2 5 1 771 2553 2552
4822 2 2 5 1 2553 2554 2552
4823 2 2 5 1 2553 772 2554
4824 2 2 5 1 2552 2554 770
4825 2 2 5 1 771 2555 2553
4826 2 2 5 1 2555 2556 2553
4827 2 2 5 1 2555 314 2556
4828 2 2 5 1 2553 2556 772
4829 2 2 5 1 770 2554 2550
4830 2 2 5 1 2554 2557 2550
4831 2 2 5 1 2554 772 2557
4832 2 2 5 1 2550 2557 284
4833 2 2 5 1 313 2162 2551
4834 2 2 5 1 2162 2558 2551
4835 2 2 5 1 2162 681 2558
4836 2 2 5 1 2551 2558 771
4837 2 2 5 1 681 2559 2558
4838 2 2 5 1 2559 2560 2558
4839 2 2 5 1 2559 687 2560
4840 2 2 5 1 2558 2560 771
4841 2 2 5 1 681 2161 2559
4842 2 2 5 1 2161 2186 2559
4843 2 2 5 1 2161 217 2186
4844 2 2 5 1 2559 2186 687
4845 2 2 5 1 771 2560 2555
4846 2 2 5 1 2560 2182 2555
4847 2 2 5 1 2560 687 2182
4848 2 2 5 1 2555 2182 314
4849 2 2 5 1 284 2557 1618
4850 2 2 5 1 2557 2561 1618
4851 2 2 5 1 2557 772 2561
4852 2 2 5 1 1618 2561 552
4853 2 2 5 1 772 2562 2561
4854 2 2 5 1 2562 2563 2561
4855 2 2 5 1 2562 683 2563
4856 2 2 5 1 2561 2563 552
4857 2 2 5 1 772 2556 2562
4858 2 2 5 1 2556 2172 2562
4859 2 2 5 1 2556 314 2172
4860 2 2 5 1 2562 2172 683
4861 2 2 5 1 552 2563 1619
4862 2 2 5 1 2563 2168 1619
4863 2 2 5 1 2563 683 2168
4864 2 2 5 1 1619 2168 202
4865 2 2 5 1 60 2237 1480
4866 2 2 5 1 2237 2564 1480
4867 2 2 5 1 2237 699 2564
4868 2 2 5 1 1480 2564 519
4869 2 2 5 1 699 2565 2564
4870 2 2 5 1 2565 2566 2564
4871 2 2 5 1 2565 773 2566
4872 2 2 5 1 2564 2566 519
4873 2 2 5 1 699 2236 2565
4874 2 2 5 1 2236 2567 2565
4875 2 2 5 1 2236 317 2567
4876 2 2 5 1 2565 2567 773
4877 2 2 5 1 519 2566 1484
4878 2 2 5 1 2566 2568 1484
4879 2 2 5 1 2566 773 2568
4880 2 2 5 1 1484 2568 277
4881 2 2 5 1 317 2569 2567
4882 2 2 5 1 2569 2570 2567
4883 2 2 5 1 2569 774 2570
4884 2 2 5 1 2567 2570 773
4885 2 2 5 1 774 2571 2570
4886 2 2 5 1 2571 2572 2570
4887 2 2 5 1 2571 775 2572
4888 2 2 5 1 2570 2572 773
4889 2 2 5 1 774 2573 2571
4890 2 2 5 1 2573 2574 2571
4891 2 2 5 1 2573 332 2574
4892 2 2 5 1 2571 2574 775
4893 2 2 5 1 773 2572 2568
4894 2 2 5 1 2572 2575 2568
4895 2 2 5 1 2572 775 2575
4896 2 2 5 1 2568 2575 277
4897 2 2 5 1 317 2232 2569
4898 2 2 5 1 2232 2576 2569
4899 2 2 5 1 2232 698 2576
4900 2 2 5 1 2569 2576 774
4901 2 2 5 1 698 2577 2576
4902 2 2 5 1 2577 2578 2576
4903 2 2 5 1 2577 776 2578
4904 2 2 5 1 2576 2578 774
4905 2 2 5 1 698 2231 2577
4906 2 2 5 1 2231 2579 2577
4907 2 2 5 1 2231 218 2579
4908 2 2 5 1 2577 2579 776
4909 2 2 5 1 774 2578 2573
4910 2 2 5 1 2578 2580 2573
4911 2 2 5 1 2578 776 2580
4912 2 2 5 1 2573 2580 332
4913 2 2 5 1 277 2575 1494
4914 2 2 5 1 2575 2581 1494
4915 2 2 5 1 2575 775 2581
4916 2 2 5 1 1494 2581 523
4917 2 2 5 1 775 2582 2581
4918 2 2 5 1 2582 2583 2581
4919 2 2 5 1 2582 777 2583
4920 2 2 5 1 2581 2583 523
4921 2 2 5 1 775 2574 2582
4922 2 2 5 1 2574 2584 2582
4923 2 2 5 1 2574 332 2584
4924 2 2 5 1 2582 2584 777
4925 2 2 5 1 523 2583 1498
4926 2 2 5 1 2583 2585 1498
4927 2 2 5 1 2583 777 2585
4928 2 2 5 1 1498 2585 197
4929 2 2 5 1 91 2289 1352
4930 2 2 5 1 2289 2586 1352
4931 2 2 5 1 2289 713 2586
4932 2 2 5 1 1352 2586 491
4933 2 2 5 1 713 2587 2586
4934 2 2 5 1 2587 2588 2586
4935 2 2 5 1 2587 778 2588
4936 2 2 5 1 2586 2588 491
4937 2 2 5 1 713 2288 2587
4938 2 2 5 1 2288 2589 2587
4939 2 2 5 1 2288 321 2589
4940 2 2 5 1 2587 2589 778
4941 2 2 5 1 491 2588 1356
4942 2 2 5 1 2588 2590 1356
4943 2 2 5 1 2588 778 2590
4944 2 2 5 1 1356 2590 272
4945 2 2 5 1 321 2591 2589
4946 2 2 5 1 2591 2592 2589
4947 2 2 5 1 2591 779 2592
4948 2 2 5 1 2589 2592 778
4949 2 2 5 1 779 2593 2592
4950 2 2 5 1 2593 2594 2592
4951 2 2 5 1 2593 780 2594
4952 2 2 5 1 2592 2594 778
4953 2 2 5 1 779 2595 2593
4954 2 2 5 1 2595 2596 2593
4955 2 2 5 1 2595 333 2596
4956 2 2 5 1 2593 2596 780
4957 2 2 5 1 778 2594 2590
4958 2 2 5 1 2594 2597 2590
4959 2 2 5 1 2594 780 2597
4960 2 2 5 1 2590 2597 272
4961 2 2 5 1 321 2284 2591
4962 2 2 5 1 2284 2598 2591
4963 2 2 5 1 2284 712 2598
4964 2 2 5 1 2591 2598 779
4965 2 2 5 1 712 2599 2598
4966 2 2 5 1 2599 2600 2598
4967 2 2 5 1 2599 781 2600
4968 2 2 5 1 2598 2600 779
4969 2 2 5 1 712 2283 2599
4970 2 2 5 1 2283 2601 2599
4971 2 2 5 1 2283 220 2601
4972 2 2 5 1 2599 2601 781
4973 2 2 5 1 779 2600 2595
4974 2 2 5 1 2600 2602 2595
4975 2 2 5 1 2600 781 2602
4976 2 2 5 1 2595 2602 333
4977 2 2 5 1 272 2597 1366
4978 2 2 5 1 2597 2603 1366
4979 2 2 5 1 2597 780 2603
4980 2 2 5 1 1366 2603 495
4981 2 2 5 1 780 2604 2603
4982 2 2 5 1 2604 2605 2603
4983 2 2 5 1 2604 782 2605
4984 2 2 5 1 2603 2605 495
4985 2 2 5 1 780 2596 2604
4986 2 2 5 1 2596 2606 2604
4987 2 2 5 1 2596 333 2606
4988 2 2 5 1 2604 2606 782
4989 2 2 5 1 495 2605 1370
4990 2 2 5 1 2605 2607 1370
4991 2 2 5 1 2605 782 2607
4992 2 2 5 1 1370 2607 199
4993 2 2 5 1 185 2359 1502
4994 2 2 5 1 2359 2608 1502
4995 2 2 5 1 2359 730 2608
4996 2 2 5 1 1502 2608 524
4997 2 2 5 1 730 2609 2608
4998 2 2 5 1 2609 2610 2608
4999 2 2 5 1 2609 783 2610
5000 2 2 5 1 2608 2610 524
5001 2 2 5 1 730 2358 2609
5002 2 2 5 1 2358 2611 2609
5003 2 2 5 1 2358 325 2611
5004 2 2 5 1 2609 2611 783
5005 2 2 5 1 524 2610 1506
5006 2 2 5 1 2610 2612 1506
5007 2 2 5 1 2610 783 2612
5008 2 2 5 1 1506 2612 278
5009 2 2 5 1 325 2613 2611
5010 2 2 5 1 2613 2614 2611
5011 2 2 5 1 2613 784 2614
5012 2 2 5 1 2611 2614 783
5013 2 2 5 1 784 2615 2614
5014 2 2 5 1 2615 2616 2614
5015 2 2 5 1 2615 785 2616
5016 2 2 5 1 2614 2616 783
5017 2 2 5 1 784 2617 2615
5018 2 2 5 1 2617 2618 2615
5019 2 2 5 1 2617 334 2618
5020 2 2 5 1 2615 2618 785
5021 2 2 5 1 783 2616 2612
5022 2 2 5 1 2616 2619 2612
5023 2 2 5 1 2616 785 2619
5024 2 2 5 1 2612 2619 278
5025 2 2 5 1 325 2354 2613
5026 2 2 5 1 2354 2620 2613
5027 2 2 5 1 2354 729 2620
5028 2 2 5 1 2613 2620 784
5029 2 2 5 1 729 2621 2620
5030 2 2 5 1 2621 2622 2620
5031 2 2 5 1 2621 786 2622
5032 2 2 5 1 2620 2622 784
5033 2 2 5 1 729 2353 2621
5034 2 2 5 1 2353 2623 2621
5035 2 2 5 1 2353 219 2623
5036 2 2 5 1 2621 2623 786
5037 2 2 5 1 784 2622 2617
5038 2 2 5 1 2622 2624 2617
5039 2 2 5 1 2622 786 2624
5040 2 2 5 1 2617 2624 334
5041 2 2 5 1 278 2619 1516
5042 2 2 5 1 2619 2625 1516
5043 2 2 5 1 2619 785 2625
5044 2 2 5 1 1516 2625 528
5045 2 2 5 1 785 2626 2625
5046 2 2 5 1 2626 2627 2625
5047 2 2 5 1 2626 787 2627
5048 2 2 5 1 2625 2627 528
5049 2 2 5 1 785 2618 2626
5050 2 2 5 1 2618 2628 2626
5051 2 2 5 1 2618 334 2628
5052 2 2 5 1 2626 2628 787
5053 2 2 5 1 528 2627 1520
5054 2 2 5 1 2627 2629 1520
5055 2 2 5 1 2627 787 2629
5056 2 2 5 1 1520 2629 200
5057 2 2 5 1 154 2311 1672
5058 2 2 5 1 2311 2630 1672
5059 2 2 5 1 2311 718 2630
5060 2 2 5 1 1672 2630 567
5061 2 2 5 1 718 2631 2630
5062 2 2 5 1 2631 2632 2630
5063 2 2 5 1 2631 788 2632
5064 2 2 5 1 2630 2632 567
5065 2 2 5 1 718 2310 2631
5066 2 2 5 1 2310 2633 2631
5067 2 2 5 1 2310 322 2633
5068 2 2 5 1 2631 2633 788
5069 2 2 5 1 567 2632 1676
5070 2 2 5 1 2632 2634 1676
5071 2 2 5 1 2632 788 2634
5072 2 2 5 1 1676 2634 289
5073 2 2 5 1 322 2635 2633
5074 2 2 5 1 2635 2636 2633
5075 2 2 5 1 2635 789 2636
5076 2 2 5 1 2633 2636 788
5077 2 2 5 1 789 2637 2636
5078 2 2 5 1 2637 2638 2636
5079 2 2 5 1 2637 790 2638
5080 2 2 5 1 2636 2638 788
5081 2 2 5 1 789 2639 2637
5082 2 2 5 1 2639 2640 2637
5083 2 2 5 1 2639 335 2640
5084 2 2 5 1 2637 2640 790
5085 2 2 5 1 788 2638 2634
5086 2 2 5 1 2638 2641 2634
5087 2 2 5 1 2638 790 2641
5088 2 2 5 1 2634 2641 289
5089 2 2 5 1 322 2306 2635
5090 2 2 5 1 2306 2642 2635
5091 2 2 5 1 2306 717 2642
5092 2 2 5 1 2635 2642 789
5093 2 2 5 1 717 2643 2642
5094 2 2 5 1 2643 2644 2642
5095 2 2 5 1 2643 791 2644
5096 2 2 5 1 2642 2644 789
5097 2 2 5 1 717 2305 2643
5098 2 2 5 1 2305 2645 2643
5099 2 2 5 1 2305 221 2645
5100 2 2 5 1 2643 2645 791
5101 2 2 5 1 789 2644 2639
5102 2 2 5 1 2644 2646 2639
5103 2 2 5 1 2644 791 2646
5104 2 2 5 1 2639 2646 335
5105 2 2 5 1 289 2641 1686
5106 2 2 5 1 2641 2647 1686
5107 2 2 5 1 2641 790 2647
5108 2 2 5 1 1686 2647 571
5109 2 2 5 1 790 2648 2647
5110 2 2 5 1 2648 2649 2647
5111 2 2 5 1 2648 792 2649
5112 2 2 5 1 2647 2649 571
5113 2 2 5 1 790 2640 2648
5114 2 2 5 1 2640 2650 2648
5115 2 2 5 1 2640 335 2650
5116 2 2 5 1 2648 2650 792
5117 2 2 5 1 571 2649 1690
5118 2 2 5 1 2649 2651 1690
5119 2 2 5 1 2649 792 2651
5120 2 2 5 1 1690 2651 198
5121 2 2 5 1 199 2607 2653
5122 2 2 5 1 2607 2652 2653
5123 2 2 5 1 2607 782 2652
5124 2 2 5 1 2653 2652 794
5125 2 2 5 1 782 2654 2652
5126 2 2 5 1 2654 2655 2652
5127 2 2 5 1 2654 793 2655
5128 2 2 5 1 2652 2655 794
5129 2 2 5 1 782 2606 2654
5130 2 2 5 1 2606 2656 2654
5131 2 2 5 1 2606 333 2656
5132 2 2 5 1 2654 2656 793
5133 2 2 5 1 794 2655 2658
5134 2 2 5 1 2655 2657 2658
5135 2 2 5 1 2655 793 2657
5136 2 2 5 1 2658 2657 336
5137 2 2 5 1 333 2659 2656
5138 2 2 5 1 2659 2660 2656
5139 2 2 5 1 2659 795 2660
5140 2 2 5 1 2656 2660 793
5141 2 2 5 1 795 2661 2660
5142 2 2 5 1 2661 2662 2660
5143 2 2 5 1 2661 796 2662
5144 2 2 5 1 2660 2662 793
5145 2 2 5 1 795 2663 2661
5146 2 2 5 1 2663 2664 2661
5147 2 2 5 1 2663 330 2664
5148 2 2 5 1 2661 2664 796
5149 2 2 5 1 793 2662 2657
5150 2 2 5 1 2662 2665 2657
5151 2 2 5 1 2662 796 2665
5152 2 2 5 1 2657 2665 336
5153 2 2 5 1 333 2602 2659
5154 2 2 5 1 2602 2666 2659
5155 2 2 5 1 2602 781 2666
5156 2 2 5 1 2659 2666 795
5157 2 2 5 1 781 2667 2666
5158 2 2 5 1 2667 2668 2666
5159 2 2 5 1 2667 758 2668
5160 2 2 5 1 2666 2668 795
5161 2 2 5 1 781 2601 2667
5162 2 2 5 1 2601 2484 2667
5163 2 2 5 1 2601 220 2484
5164 2 2 5 1 2667 2484 758
5165 2 2 5 1 795 2668 2663
5166 2 2 5 1 2668 2480 2663
5167 2 2 5 1 2668 758 2480
5168 2 2 5 1 2663 2480 330
5169 2 2 5 1 336 2665 2670
5170 2 2 5 1 2665 2669 2670
5171 2 2 5 1 2665 796 2669
5172 2 2 5 1 2670 2669 797
5173 2 2 5 1 796 2671 2669
5174 2 2 5 1 2671 2672 2669
5175 2 2 5 1 2671 754 2672
5176 2 2 5 1 2669 2672 797
5177 2 2 5 1 796 2664 2671
5178 2 2 5 1 2664 2470 2671
5179 2 2 5 1 2664 330 2470
5180 2 2 5 1 2671 2470 754
5181 2 2 5 1 797 2672 2673
5182 2 2 5 1 2672 2466 2673
5183 2 2 5 1 2672 754 2466
5184 2 2 5 1 2673 2466 213
5185 2 2 5 1 200 2629 904
5186 2 2 5 1 2629 2674 904
5187 2 2 5 1 2629 787 2674
5188 2 2 5 1 904 2674 363
5189 2 2 5 1 787 2675 2674
5190 2 2 5 1 2675 2676 2674
5191 2 2 5 1 2675 798 2676
5192 2 2 5 1 2674 2676 363
5193 2 2 5 1 787 2628 2675
5194 2 2 5 1 2628 2677 2675
5195 2 2 5 1 2628 334 2677
5196 2 2 5 1 2675 2677 798
5197 2 2 5 1 363 2676 908
5198 2 2 5 1 2676 2678 908
5199 2 2 5 1 2676 798 2678
5200 2 2 5 1 908 2678 232
5201 2 2 5 1 334 2679 2677
5202 2 2 5 1 2679 2680 2677
5203 2 2 5 1 2679 799 2680
5204 2 2 5 1 2677 2680 798
5205 2 2 5 1 799 2681 2680
5206 2 2 5 1 2681 2682 2680
5207 2 2 5 1 2681 800 2682
5208 2 2 5 1 2680 2682 798
5209 2 2 5 1 799 2683 2681
5210 2 2 5 1 2683 2684 2681
5211 2 2 5 1 2683 329 2684
5212 2 2 5 1 2681 2684 800
5213 2 2 5 1 798 2682 2678
5214 2 2 5 1 2682 2685 2678
5215 2 2 5 1 2682 800 2685
5216 2 2 5 1 2678 2685 232
5217 2 2 5 1 334 2624 2679
5218 2 2 5 1 2624 2686 2679
5219 2 2 5 1 2624 786 2686
5220 2 2 5 1 2679 2686 799
5221 2 2 5 1 786 2687 2686
5222 2 2 5 1 2687 2688 2686
5223 2 2 5 1 2687 753 2688
5224 2 2 5 1 2686 2688 799
5225 2 2 5 1 786 2623 2687
5226 2 2 5 1 2623 2462 2687
5227 2 2 5 1 2623 219 2462
5228 2 2 5 1 2687 2462 753
5229 2 2 5 1 799 2688 2683
5230 2 2 5 1 2688 2458 2683
5231 2 2 5 1 2688 753 2458
5232 2 2 5 1 2683 2458 329
5233 2 2 5 1 232 2685 918
5234 2 2 5 1 2685 2689 918
5235 2 2 5 1 2685 800 2689
5236 2 2 5 1 918 2689 367
5237 2 2 5 1 800 2690 2689
5238 2 2 5 1 2690 2691 2689
5239 2 2 5 1 2690 749 2691
5240 2 2 5 1 2689 2691 367
5241 2 2 5 1 800 2684 2690
5242 2 2 5 1 2684 2448 2690
5243 2 2 5 1 2684 329 2448
5244 2 2 5 1 2690 2448 749
5245 2 2 5 1 367 2691 922
5246 2 2 5 1 2691 2444 922
5247 2 2 5 1 2691 749 2444
5248 2 2 5 1 922 2444 211
5249 2 2 5 1 198 2651 2693
5250 2 2 5 1 2651 2692 2693
5251 2 2 5 1 2651 792 2692
5252 2 2 5 1 2693 2692 802
5253 2 2 5 1 792 2694 2692
5254 2 2 5 1 2694 2695 2692
5255 2 2 5 1 2694 801 2695
5256 2 2 5 1 2692 2695 802
5257 2 2 5 1 792 2650 2694
5258 2 2 5 1 2650 2696 2694
5259 2 2 5 1 2650 335 2696
5260 2 2 5 1 2694 2696 801
5261 2 2 5 1 802 2695 2698
5262 2 2 5 1 2695 2697 2698
5263 2 2 5 1 2695 801 2697
5264 2 2 5 1 2698 2697 337
5265 2 2 5 1 335 2699 2696
5266 2 2 5 1 2699 2700 2696
5267 2 2 5 1 2699 803 2700
5268 2 2 5 1 2696 2700 801
5269 2 2 5 1 803 2701 2700
5270 2 2 5 1 2701 2702 2700
5271 2 2 5 1 2701 804 2702
5272 2 2 5 1 2700 2702 801
5273 2 2 5 1 803 2703 2701
5274 2 2 5 1 2703 2704 2701
5275 2 2 5 1 2703 328 2704
5276 2 2 5 1 2701 2704 804
5277 2 2 5 1 801 2702 2697
5278 2 2 5 1 2702 2705 2697
5279 2 2 5 1 2702 804 2705
5280 2 2 5 1 2697 2705 337
5281 2 2 5 1 335 2646 2699
5282 2 2 5 1 2646 2706 2699
5283 2 2 5 1 2646 791 2706
5284 2 2 5 1 2699 2706 803
5285 2 2 5 1 791 2707 2706
5286 2 2 5 1 2707 2708 2706
5287 2 2 5 1 2707 748 2708
5288 2 2 5 1 2706 2708 803
5289 2 2 5 1 791 2645 2707
5290 2 2 5 1 2645 2440 2707
5291 2 2 5 1 2645 221 2440
5292 2 2 5 1 2707 2440 748
5293 2 2 5 1 803 2708 2703
5294 2 2 5 1 2708 2436 2703
5295 2 2 5 1 2708 748 2436
5296 2 2 5 1 2703 2436 328
5297 2 2 5 1 337 2705 2710
5298 2 2 5 1 2705 2709 2710
5299 2 2 5 1 2705 804 2709
5300 2 2 5 1 2710 2709 805
5301 2 2 5 1 804 2711 2709
5302 2 2 5 1 2711 2712 2709
5303 2 2 5 1 2711 744 2712
5304 2 2 5 1 2709 2712 805
5305 2 2 5 1 804 2704 2711
5306 2 2 5 1 2704 2426 2711
5307 2 2 5 1 2704 328 2426
5308 2 2 5 1 2711 2426 744
5309 2 2 5 1 805 2712 2713
5310 2 2 5 1 2712 2422 2713
5311 2 2 5 1 2712 744 2422
5312 2 2 5 1 2713 2422 212
5313 2 2 5 1 197 2585 848
5314 2 2 5 1 2585 2714 848
5315 2 2 5 1 2585 777 2714
5316 2 2 5 1 848 2714 347
5317 2 2 5 1 777 2715 2714
5318 2 2 5 1 2715 2716 2714
5319 2 2 5 1 2715 806 2716
5320 2 2 5 1 2714 2716 347
5321 2 2 5 1 777 2584 2715
5322 2 2 5 1 2584 2717 2715
5323 2 2 5 1 2584 332 2717
5324 2 2 5 1 2715 2717 806
5325 2 2 5 1 347 2716 853
5326 2 2 5 1 2716 2718 853
5327 2 2 5 1 2716 806 2718
5328 2 2 5 1 853 2718 227
5329 2 2 5 1 332 2719 2717
5330 2 2 5 1 2719 2720 2717
5331 2 2 5 1 2719 807 2720
5332 2 2 5 1 2717 2720 806
5333 2 2 5 1 807 2721 2720
5334 2 2 5 1 2721 2722 2720
5335 2 2 5 1 2721 808 2722
5336 2 2 5 1 2720 2722 806
5337 2 2 5 1 807 2723 2721
5338 2 2 5 1 2723 2724 2721
5339 2 2 5 1 2723 327 2724
5340 2 2 5 1 2721 2724 808
5341 2 2 5 1 806 2722 2718
5342 2 2 5 1 2722 2725 2718
5343 2 2 5 1 2722 808 2725
5344 2 2 5 1 2718 2725 227
5345 2 2 5 1 332 2580 2719
5346 2 2 5 1 2580 2726 2719
5347 2 2 5 1 2580 776 2726
5348 2 2 5 1 2719 2726 807
5349 2 2 5 1 776 2727 2726
5350 2 2 5 1 2727 2728 2726
5351 2 2 5 1 2727 743 2728
5352 2 2 5 1 2726 2728 807
5353 2 2 5 1 776 2579 2727
5354 2 2 5 1 2579 2418 2727
5355 2 2 5 1 2579 218 2418
5356 2 2 5 1 2727 2418 743
5357 2 2 5 1 807 2728 2723
5358 2 2 5 1 2728 2414 2723
5359 2 2 5 1 2728 743 2414
5360 2 2 5 1 2723 2414 327
5361 2 2 5 1 227 2725 864
5362 2 2 5 1 2725 2729 864
5363 2 2 5 1 2725 808 2729
5364 2 2 5 1 864 2729 352
5365 2 2 5 1 808 2730 2729
5366 2 2 5 1 2730 2731 2729
5367 2 2 5 1 2730 739 2731
5368 2 2 5 1 2729 2731 352
5369 2 2 5 1 808 2724 2730
5370 2 2 5 1 2724 2404 2730
5371 2 2 5 1 2724 327 2404
5372 2 2 5 1 2730 2404 739
5373 2 2 5 1 352 2731 868
5374 2 2 5 1 2731 2400 868
5375 2 2 5 1 2731 739 2400
5376 2 2 5 1 868 2400 210
5377 2 2 5 1 213 1762 2673
5378 2 2 5 1 1762 2732 2673
5379 2 2 5 1 1762 587 2732
5380 2 2 5 1 2673 2732 797
5381 2 2 5 1 587 2733 2732
5382 2 2 5 1 2733 2734 2732
5383 2 2 5 1 2733 809 2734
5384 2 2 5 1 2732 2734 797
5385 2 2 5 1 587 1761 2733
5386 2 2 5 1 1761 2735 2733
5387 2 2 5 1 1761 292 2735
5388 2 2 5 1 2733 2735 809
5389 2 2 5 1 797 2734 2670
5390 2 2 5 1 2734 2736 2670
5391 2 2 5 1 2734 809 2736
5392 2 2 5 1 2670 2736 336
5393 2 2 5 1 292 2737 2735
5394 2 2 5 1 2737 2738 2735
5395 2 2 5 1 2737 810 2738
5396 2 2 5 1 2735 2738 809
5397 2 2 5 1 810 2739 2738
5398 2 2 5 1 2739 2740 2738
5399 2 2 5 1 2739 811 2740
5400 2 2 5 1 2738 2740 809
5401 2 2 5 1 810 2741 2739
5402 2 2 5 1 2741 2742 2739
5403 2 2 5 1 2741 249 2742
5404 2 2 5 1 2739 2742 811
5405 2 2 5 1 809 2740 2736
5406 2 2 5 1 2740 2743 2736
5407 2 2 5 1 2740 811 2743
5408 2 2 5 1 2736 2743 336
5409 2 2 5 1 292 1756 2737
5410 2 2 5 1 1756 2744 2737
5411 2 2 5 1 1756 586 2744
5412 2 2 5 1 2737 2744 810
5413 2 2 5 1 586 2745 2744
5414 2 2 5 1 2745 2746 2744
5415 2 2 5 1 2745 426 2746
5416 2 2 5 1 2744 2746 810
5417 2 2 5 1 586 1755 2745
5418 2 2 5 1 1755 1136 2745
5419 2 2 5 1 1755 222 1136
5420 2 2 5 1 2745 1136 426
5421 2 2 5 1 810 2746 2741
5422 2 2 5 1 2746 1132 2741
5423 2 2 5 1 2746 426 1132
5424 2 2 5 1 2741 1132 249
5425 2 2 5 1 336 2743 2658
5426 2 2 5 1 2743 2747 2658
5427 2 2 5 1 2743 811 2747
5428 2 2 5 1 2658 2747 794
5429 2 2 5 1 811 2748 2747
5430 2 2 5 1 2748 2749 2747
5431 2 2 5 1 2748 421 2749
5432 2 2 5 1 2747 2749 794
5433 2 2 5 1 811 2742 2748
5434 2 2 5 1 2742 1121 2748
5435 2 2 5 1 2742 249 1121
5436 2 2 5 1 2748 1121 421
5437 2 2 5 1 794 2749 2653
5438 2 2 5 1 2749 1116 2653
5439 2 2 5 1 2749 421 1116
5440 2 2 5 1 2653 1116 199
5441 2 2 5 1 212 1788 2713
5442 2 2 5 1 1788 2750 2713
5443 2 2 5 1 1788 594 2750
5444 2 2 5 1 2713 2750 805
5445 2 2 5 1 594 2751 2750
5446 2 2 5 1 2751 2752 2750
5447 2 2 5 1 2751 812 2752
5448 2 2 5 1 2750 2752 805
5449 2 2 5 1 594 1787 2751
5450 2 2 5 1 1787 2753 2751
5451 2 2 5 1 1787 294 2753
5452 2 2 5 1 2751 2753 812
5453 2 2 5 1 805 2752 2710
5454 2 2 5 1 2752 2754 2710
5455 2 2 5 1 2752 812 2754
5456 2 2 5 1 2710 2754 337
5457 2 2 5 1 294 2755 2753
5458 2 2 5 1 2755 2756 2753
5459 2 2 5 1 2755 813 2756
5460 2 2 5 1 2753 2756 812
5461 2 2 5 1 813 2757 2756
5462 2 2 5 1 2757 2758 2756
5463 2 2 5 1 2757 814 2758
5464 2 2 5 1 2756 2758 812
5465 2 2 5 1 813 2759 2757
5466 2 2 5 1 2759 2760 2757
5467 2 2 5 1 2759 297 2760
5468 2 2 5 1 2757 2760 814
5469 2 2 5 1 812 2758 2754
5470 2 2 5 1 2758 2761 2754
5471 2 2 5 1 2758 814 2761
5472 2 2 5 1 2754 2761 337
5473 2 2 5 1 294 1782 2755
5474 2 2 5 1 1782 2762 2755
5475 2 2 5 1 1782 593 2762
5476 2 2 5 1 2755 2762 813
5477 2 2 5 1 593 2763 2762
5478 2 2 5 1 2763 2764 2762
5479 2 2 5 1 2763 605 2764
5480 2 2 5 1 2762 2764 813
5481 2 2 5 1 593 1781 2763
5482 2 2 5 1 1781 1830 2763
5483 2 2 5 1 1781 223 1830
5484 2 2 5 1 2763 1830 605
5485 2 2 5 1 813 2764 2759
5486 2 2 5 1 2764 1826 2759
5487 2 2 5 1 2764 605 1826
5488 2 2 5 1 2759 1826 297
5489 2 2 5 1 337 2761 2698
5490 2 2 5 1 2761 2765 2698
5491 2 2 5 1 2761 814 2765
5492 2 2 5 1 2698 2765 802
5493 2 2 5 1 814 2766 2765
5494 2 2 5 1 2766 2767 2765
5495 2 2 5 1 2766 601 2767
5496 2 2 5 1 2765 2767 802
5497 2 2 5 1 814 2760 2766
5498 2 2 5 1 2760 1816 2766
5499 2 2 5 1 2760 297 1816
5500 2 2 5 1 2766 1816 601
5501 2 2 5 1 802 2767 2693
5502 2 2 5 1 2767 1812 2693
5503 2 2 5 1 2767 601 1812
5504 2 2 5 1 2693 1812 198
5505 2 2 5 1 209 846 2488
5506 2 2 5 1 846 2768 2488
5507 2 2 5 1 846 345 2768
5508 2 2 5 1 2488 2768 759
5509 2 2 5 1 345 2769 2768
5510 2 2 5 1 2769 2770 2768
5511 2 2 5 1 2769 815 2770
5512 2 2 5 1 2768 2770 759
5513 2 2 5 1 345 845 2769
5514 2 2 5 1 845 2771 2769
5515 2 2 5 1 845 225 2771
5516 2 2 5 1 2769 2771 815
5517 2 2 5 1 759 2770 2492
5518 2 2 5 1 2770 2772 2492
5519 2 2 5 1 2770 815 2772
5520 2 2 5 1 2492 2772 331
5521 2 2 5 1 225 2773 2771
5522 2 2 5 1 2773 2774 2771
5523 2 2 5 1 2773 816 2774
5524 2 2 5 1 2771 2774 815
5525 2 2 5 1 816 2775 2774
5526 2 2 5 1 2775 2776 2774
5527 2 2 5 1 2775 817 2776
5528 2 2 5 1 2774 2776 815
5529 2 2 5 1 816 2777 2775
5530 2 2 5 1 2777 2778 2775
5531 2 2 5 1 2777 296 2778
5532 2 2 5 1 2775 2778 817
5533 2 2 5 1 815 2776 2772
5534 2 2 5 1 2776 2779 2772
5535 2 2 5 1 2776 817 2779
5536 2 2 5 1 2772 2779 331
5537 2 2 5 1 225 840 2773
5538 2 2 5 1 840 2780 2773
5539 2 2 5 1 840 344 2780
5540 2 2 5 1 2773 2780 816
5541 2 2 5 1 344 2781 2780
5542 2 2 5 1 2781 2782 2780
5543 2 2 5 1 2781 600 2782
5544 2 2 5 1 2780 2782 816
5545 2 2 5 1 344 839 2781
5546 2 2 5 1 839 1808 2781
5547 2 2 5 1 839 222 1808
5548 2 2 5 1 2781 1808 600
5549 2 2 5 1 816 2782 2777
5550 2 2 5 1 2782 1804 2777
5551 2 2 5 1 2782 600 1804
5552 2 2 5 1 2777 1804 296
5553 2 2 5 1 331 2779 2502
5554 2 2 5 1 2779 2783 2502
5555 2 2 5 1 2779 817 2783
5556 2 2 5 1 2502 2783 763
5557 2 2 5 1 817 2784 2783
5558 2 2 5 1 2784 2785 2783
5559 2 2 5 1 2784 596 2785
5560 2 2 5 1 2783 2785 763
5561 2 2 5 1 817 2778 2784
5562 2 2 5 1 2778 1794 2784
5563 2 2 5 1 2778 296 1794
5564 2 2 5 1 2784 1794 596
5565 2 2 5 1 763 2785 2506
5566 2 2 5 1 2785 1790 2506
5567 2 2 5 1 2785 596 1790
5568 2 2 5 1 2506 1790 214
$EndElements
